"id","age","female","educ","educ3","marital","union","ses","income","relig","bornswe","foreignpar","urban","county","land","polint","inteff","dem_pref","dem_courts","dem_strong","dem_women","run_business","run_experts","run_referenda","demlevel","tr_parl","tr_govt","tr_court","tr_sci","tr_party","tr_media","tr_socmed","govperf","govcovid","econ","satvote","satchoice","satdem","fair","exteff","fairgroups","health","pand_unity","pand_dem","pand_fin","covid","news_tv","news_web","news_soc","like_s","like_sd","like_m","like_v","like_c","like_kd","like_mp","like_l","lead_andersson","lead_akesson","lead_kristersson","lead_dadgostar","lead_loof","lead_busch","lead_stenevi","lead_pehrson","lr_s","lr_sd","lr_m","lr_v","lr_c","lr_kd","lr_mp","lr_l","lr_self","turnout","vote","prevvote","switched","bloc","vote_sd","vote_right","vote_inc","pid","pid_close","wt"
"0000000658",50,0,8,"Postgraduate","Married",1,"White collar",5,2,1,0,4,"Stockholm","Svealand",2,4,5,5,1,3,2,3,4,8,2,2,3,2,2,2,1,4,3,2,,2,3,5,3,2,3,1,1,4,,4,5,4,8,0,1,5,8,0,5,2,9,2,1,10,9,0,2,2,2,4,9,1,4,10,3,6,3,1,,,,,,,,0,,0.7712
"0000000656",31,0,7,"Bachelor","Single",,"Worker",5,1,1,0,2,"Västra Götaland","Götaland",3,4,5,4,3,3,2,4,1,10,4,3,4,3,3,2,1,3,3,2,,3,3,5,4,,3,2,3,4,1,1,1,1,8,3,9,5,8,5,8,6,8,5,8,5,8,7,6,6,3,7,7,3,4,7,4,8,7,1,,"M",,,,,,0,,1.275
"0000002341",40,0,6,"No degree","Married",1,"White collar",4,2,1,1,2,"Västra Götaland","Götaland",3,5,5,5,1,1,1,1,1,10,4,3,3,4,2,4,2,3,3,2,4,3,3,5,4,3,4,3,2,3,1,2,2,7,8,0,6,2,6,1,3,7,9,0,6,6,6,1,1,5,3,10,8,2,5,9,3,6,6,1,"S","S",0,"Left",0,0,1,0,1,1.275
"0000000170",51,0,9,"Postgraduate","Married",1,"White collar",,1,1,1,3,"Stockholm","Svealand",3,4,5,4,1,3,1,1,5,9,4,4,4,3,3,3,1,3,3,2,3,3,4,5,4,3,3,3,5,3,1,2,7,0,7,0,8,2,3,4,3,6,6,3,7,4,5,5,4,5,6,4,7,3,5,7,3,6,6,1,"M","M",0,"Right",0,1,0,0,2,0.7896
"0000000641",47,0,4,"No degree","Single",0,"Worker",5,1,1,0,3,"Stockholm","Svealand",3,4,5,5,2,3,2,4,1,7,3,3,3,4,2,3,2,2,2,2,3,2,3,4,4,2,1,3,3,4,1,2,7,3,3,2,8,0,3,5,0,7,5,5,8,0,0,3,0,7,3,6,8,0,7,7,1,6,8,1,"M","M",0,"Right",0,1,0,1,,1.1984
"0000000969",37,1,7,"Bachelor","Single",1,"Worker",5,4,1,0,3,"Västra Götaland","Götaland",4,4,5,5,2,3,4,4,1,9,3,3,3,2,3,3,2,3,4,2,4,4,4,5,5,3,4,4,5,3,1,5,1,3,6,1,8,0,8,9,0,10,6,8,3,7,6,8,2,9,4,10,8,0,5,9,1,7,7,1,"L","L",0,"Right",0,1,0,1,3,1.073
"0000000455",49,1,7,"Bachelor","Married",1,"Worker",5,2,1,0,2,"Skåne","Götaland",2,4,5,3,2,1,1,1,1,10,4,4,4,4,2,3,1,3,3,2,4,4,4,5,5,2,2,4,3,3,1,5,0,7,10,0,5,9,6,5,10,7,10,0,4,9,6,1,8,7,1,10,9,0,5,9,5,5,1,1,"S","S",0,"Left",0,0,1,1,3,0.9037
"0000000918",61,1,3,"No degree","Single",0,"Worker",1,1,1,0,1,"Gävleborg","Norrland",1,2,3,3,3,3,3,3,3,8,2,2,2,2,2,2,2,3,3,1,,3,3,3,2,3,2,1,3,1,0,5,2,7,7,0,7,7,7,6,1,7,9,0,7,7,7,6,5,7,5,5,5,5,5,5,5,5,5,,,,,,,,,0,,1.1901
"0000001004",52,1,7,"Bachelor","Married",0,"White collar",5,2,1,0,2,"Västerbotten","Norrland",3,4,5,5,3,3,2,2,1,7,4,4,4,3,,3,2,3,3,2,4,4,4,5,4,3,3,4,4,3,0,4,7,7,10,0,8,7,8,4,7,7,10,0,8,5,9,4,5,5,3,7,8,2,5,8,4,6,3,1,"S","S",0,"Left",0,0,1,1,2,0.7658
"0000000623",48,0,5,"No degree","Single",0,"Self-employed",5,1,1,0,3,"Stockholm","Svealand",3,5,5,5,4,5,4,4,3,6,2,2,2,3,2,2,1,1,2,1,3,2,2,3,2,3,2,3,3,3,1,6,7,0,1,6,4,2,0,5,0,3,2,8,5,2,0,6,0,6,1,5,8,0,6,7,0,7,5,1,"SD","SD",0,"Right",1,1,0,0,1,1.1984
"0000002840",19,0,,,"Single",,,,,1,0,,"Gävleborg","Norrland",3,,,,,,,,,,,,,,,,,,,,,,,,,,,,,,,,,,,,,,,,,,,,,,,,,,,,,,,,,,,,,,,,,,,,,1.7851
"0000000677",34,0,8,"Postgraduate","Married",0,"White collar",5,1,1,1,3,"Stockholm","Svealand",3,5,4,5,2,3,4,3,4,6,3,3,4,3,2,2,1,2,3,1,3,1,2,3,2,3,3,3,3,5,1,7,7,1,5,5,7,2,2,6,0,5,4,2,4,6,1,6,0,7,4,5,8,1,4,9,1,7,7,1,"M","M",0,"Right",0,1,0,1,2,1.0805
"0000000617",63,0,4,"No degree","Married",1,"White collar",1,1,1,0,3,"Stockholm","Svealand",4,5,5,5,1,3,2,4,2,9,4,4,4,3,2,3,2,4,4,2,4,3,4,5,5,3,4,3,5,3,,7,5,5,10,0,1,1,8,1,1,0,10,0,2,1,9,0,0,0,4,10,10,0,4,9,4,9,4,1,"S","S",0,"Left",0,0,1,1,3,1.1984
"0000000615",52,0,6,"No degree","Single",1,"White collar",5,1,1,0,2,"Östergötland","Götaland",3,5,4,4,4,3,3,4,5,7,3,2,3,3,2,2,2,2,3,1,3,2,2,4,4,3,2,3,3,4,,0,5,5,,,,,,,,,3,9,8,0,2,9,1,6,3,9,8,0,4,9,3,6,8,1,"SD","SD",0,"Right",1,1,0,0,2,0.91
"0000000943",55,1,9,"Postgraduate","Single",1,"White collar",4,1,1,0,2,"Uppsala","Svealand",4,4,5,5,1,1,1,1,1,9,4,4,4,4,3,4,3,4,4,2,4,4,4,5,5,3,3,4,5,4,0,5,5,0,9,0,1,10,5,1,10,2,9,0,0,10,8,0,9,2,3,10,9,0,7,9,1,7,1,1,"MP","MP",0,"Left",0,0,0,1,3,0.7658
"0000002220",47,1,7,"Bachelor","Married",0,,4,1,1,0,2,"Södermanland","Svealand",3,5,5,5,1,1,1,1,1,7,3,3,3,4,2,4,2,3,3,2,4,1,3,5,5,1,1,4,4,2,1,6,7,7,9,0,1,9,5,1,9,1,9,0,0,9,7,1,8,1,2,10,10,1,6,9,2,7,2,1,"S","S",0,"Left",0,0,1,1,2,0.7658
"0000001057",56,1,7,"Bachelor","Single",1,,3,1,1,0,2,"Gävleborg","Norrland",2,4,4,3,4,2,1,4,5,4,3,3,4,3,2,2,2,2,2,1,4,4,2,4,4,2,2,3,2,3,1,2,1,7,,,,,,,,,3,9,10,8,3,10,3,,3,7,8,3,4,6,3,7,5,1,"KD","KD",0,"Right",0,1,0,0,2,0.9037
"0000001381",20,1,4,"No degree","Single",0,,5,1,1,0,1,"Västra Götaland","Götaland",3,4,5,4,4,3,1,1,1,8,3,3,2,2,3,2,2,1,3,1,,3,3,4,5,2,3,4,3,5,1,2,7,7,3,8,10,0,0,10,0,6,9,8,9,0,0,10,0,0,3,10,10,0,2,10,0,4,10,1,,,,,,,,0,2,1.7726
"0000000713",35,0,8,"Postgraduate","Married",1,"White collar",1,1,1,0,3,"Stockholm","Svealand",3,4,5,5,1,2,1,2,2,8,3,3,3,4,2,4,2,3,3,1,3,2,3,5,3,1,3,3,3,3,1,2,7,7,8,0,1,10,5,0,7,3,8,0,2,8,7,0,5,1,5,9,9,1,7,9,3,7,1,1,"V","V",0,"Left",0,0,0,1,2,1.0805
"0000002418",85,1,2,"No degree","Widowed",0,"Farmer",,2,1,0,1,"Gotland","Götaland",2,3,3,3,3,3,3,4,3,5,2,2,3,2,2,2,2,3,3,,3,2,2,,3,2,,,,,,2,0,0,,,,,,,,,,0,,0,,,,,,,,,,,,,,1,"C",,,"Left",0,0,0,0,,0.7489
"0000000606",39,1,8,"Postgraduate","Single",1,"White collar",2,3,1,0,,"Västmanland","Svealand",4,5,5,3,1,1,1,4,4,4,2,2,2,4,2,2,2,2,4,3,3,2,1,4,5,1,1,3,4,5,0,0,0,7,2,0,0,8,4,0,6,0,5,0,0,3,4,0,9,0,7,10,10,4,8,10,5,10,0,1,"V","V",0,"Left",0,0,0,1,3,1.073
"0000002678",79,0,5,"No degree","Married",0,"White collar",2,3,1,0,1,"Stockholm","Svealand",3,4,5,5,2,2,2,2,2,9,3,3,3,3,2,3,2,3,3,2,4,3,3,5,5,2,3,4,3,3,0,4,1,2,1,5,,0,,7,1,7,3,5,9,0,1,5,0,6,1,6,10,0,2,8,1,8,8,1,"M","M",0,"Right",0,1,0,1,2,0.821
"0000000604",46,1,8,"Postgraduate","Single",1,"White collar",3,1,1,0,4,"Stockholm","Svealand",4,4,5,5,1,1,1,4,2,10,,3,3,3,3,4,1,3,3,2,4,2,4,5,5,1,2,2,3,3,0,2,7,7,6,0,3,5,9,0,6,7,6,0,4,6,10,0,8,5,5,8,8,1,6,9,4,7,6,1,"C","L",1,"Left",0,0,0,0,2,0.7658
"0000000598",22,0,5,"No degree","Single",0,"Worker",1,2,1,0,2,"Västra Götaland","Götaland",3,3,3,4,2,3,1,3,2,7,2,2,2,3,1,3,1,2,2,3,,2,2,4,3,3,4,2,3,1,1,0,,,,3,3,0,1,3,2,1,1,3,3,0,2,3,0,0,0,5,10,0,2,9,0,2,5,0,,"KD",,,,,,0,1,1.7851
"0000001615",54,0,3,"No degree","Single",0,"Worker",3,2,0,1,2,"Blekinge","Götaland",3,4,5,5,4,3,4,3,1,10,3,2,3,4,2,3,1,3,2,3,3,3,3,5,3,3,3,3,3,3,1,3,,,9,2,8,5,5,1,5,5,6,1,2,1,3,1,5,1,5,5,5,5,5,5,5,5,5,1,"S","M",1,"Left",0,0,1,0,1,1.1008
"0000000594",40,0,8,"Postgraduate","Married",1,"White collar",5,1,1,0,2,"Örebro","Svealand",3,4,5,5,2,1,1,4,3,8,4,3,3,4,2,3,1,3,3,1,3,3,3,5,5,2,3,2,2,3,1,2,7,7,9,0,1,8,5,0,9,3,9,0,1,7,6,0,5,3,2,9,9,0,4,10,2,7,2,1,"S","S",0,"Left",0,0,1,1,2,1.0805
"0000002008",18,1,4,"No degree","Single",0,"Worker",3,4,1,1,2,"Uppsala","Svealand",4,4,5,2,2,4,2,4,5,10,1,3,3,4,2,4,2,3,1,1,4,4,4,5,5,2,3,4,3,2,1,5,7,7,9,0,1,5,7,3,3,3,10,0,0,5,7,0,3,2,3,9,10,0,5,,,7,4,1,"S",,,"Left",0,0,1,1,2,2.2604
"0000000775",41,0,5,"No degree","Divorced",1,,5,2,0,,1,"Västernorrland","Norrland",2,4,4,4,5,4,4,4,3,7,3,3,2,2,2,2,2,2,2,2,,3,3,5,4,3,2,3,3,3,1,4,6,6,5,9,8,1,1,7,0,6,6,9,8,1,1,7,0,7,3,8,8,0,4,7,3,6,8,,,,,,,,,0,2,1.5282
"0000000589",55,1,4,"No degree","Married",1,"White collar",5,1,1,0,3,"Stockholm","Svealand",3,4,5,4,4,4,2,4,2,8,3,3,3,3,2,2,1,3,3,3,3,3,4,5,4,2,3,1,3,3,1,7,7,7,9,1,5,3,8,2,2,2,9,2,5,2,7,2,1,1,3,10,8,1,5,5,2,5,5,1,"S","M",1,"Left",0,0,1,0,1,1.1901
"0000000583",34,1,7,"Bachelor","Single",0,"White collar",4,1,1,0,3,"Halland","Götaland",1,4,5,4,4,2,3,3,3,10,3,3,3,3,2,3,2,2,2,1,4,3,3,5,5,2,4,3,3,2,1,1,7,7,7,0,8,1,4,7,5,7,8,5,9,1,3,8,3,5,4,9,8,0,4,8,5,6,7,1,"M","KD",1,"Right",0,1,0,0,,1.073
"0000000579",35,1,8,"Postgraduate","Married",1,"White collar",1,3,0,,2,"Jönköping","Götaland",2,4,4,1,2,1,2,2,4,9,3,3,3,2,3,2,1,3,3,3,,3,3,4,4,3,2,3,3,4,,,4,0,7,7,7,6,6,7,5,6,5,5,5,5,5,5,5,5,,,,,,,,,,1,,,,,,,,0,,1.073
"0000000576",36,1,7,"Bachelor","Married",,"White collar",2,1,1,0,3,"Stockholm","Svealand",4,4,5,3,1,1,1,1,1,8,3,3,3,4,3,4,2,3,3,2,4,3,3,5,5,2,1,3,3,3,1,6,6,7,8,0,1,9,7,1,8,1,8,0,0,7,8,0,9,0,7,9,9,2,9,10,4,8,3,1,"V","V",0,"Left",0,0,0,1,2,1.073
"0000002197",19,0,4,"No degree","Single",0,,5,1,1,0,2,"Skåne","Götaland",4,5,4,5,5,1,1,1,2,8,3,1,3,3,1,4,2,2,2,1,,3,2,5,5,2,2,2,3,4,1,7,3,7,4,0,0,10,4,0,7,6,2,0,0,3,8,0,5,1,3,8,8,0,6,10,3,6,1,1,"V",,,"Left",0,0,0,1,2,1.6396
"0000000569",52,0,7,"Bachelor","Married",1,"White collar",4,1,1,1,1,"Skåne","Götaland",3,4,5,4,1,2,1,1,2,7,3,3,3,3,3,3,2,3,4,2,2,4,3,5,5,2,2,3,3,3,1,7,6,7,6,0,5,7,10,5,0,1,9,0,6,6,10,0,0,5,2,10,8,0,5,9,2,7,4,1,"C","C",0,"Left",0,0,0,1,3,0.7712
"0000000566",39,1,8,"Postgraduate","Married",1,"White collar",5,1,1,0,2,"Västernorrland","Norrland",3,4,5,3,2,2,1,1,1,9,4,4,4,4,3,3,2,3,3,1,4,4,3,5,4,2,3,2,3,3,1,3,3,7,8,0,5,4,9,5,7,7,8,0,7,4,9,4,5,5,2,10,8,1,5,7,3,6,4,1,"C","C",0,"Left",0,0,0,0,2,1.073
"0000000560",32,1,7,"Bachelor","Married",1,"White collar",5,1,1,0,1,"Östergötland","Götaland",1,3,3,3,3,3,4,4,3,5,2,3,3,3,2,2,2,3,2,2,3,2,2,3,3,3,3,3,3,2,1,0,0,0,5,5,9,5,5,5,5,5,5,5,5,5,5,5,5,5,5,6,9,3,5,5,5,5,5,1,"M","M",0,"Right",0,1,0,0,,1.073
"0000000547",41,1,,,"Divorced",,,,,1,0,,"Östergötland","Götaland",3,,,,,,,,,,,,,,,,,,,,,,,,,,,,,,,,,,,,,,,,,,,,,,,,,,,,,,,,,,,,,,,,,,,,,0.7658
"0000000546",66,0,4,"No degree","Married",1,"White collar",4,2,1,0,1,"Västerbotten","Norrland",3,4,5,2,4,1,1,1,3,9,3,3,4,3,3,2,1,4,3,3,4,4,4,5,5,3,3,4,4,4,0,1,5,6,7,0,6,5,10,0,0,4,10,0,6,6,9,0,1,6,0,6,10,0,5,10,2,10,7,1,"C","C",0,"Left",0,0,0,1,2,0.821
"0000000545",27,0,7,"Bachelor","Single",1,"White collar",2,3,1,0,2,"Norrbotten","Norrland",4,5,5,4,1,1,1,1,1,9,4,4,4,4,3,4,2,2,4,2,2,1,3,5,4,3,3,3,3,4,1,7,7,7,5,1,2,4,7,2,6,3,6,2,2,5,6,2,5,3,6,6,7,3,7,7,4,7,7,1,"C","C",0,"Left",0,0,0,0,,1.0805
"0000000543",60,1,8,"Postgraduate","Single",1,"White collar",3,2,1,0,1,"Kronoberg","Götaland",4,5,5,3,1,1,1,1,1,8,4,3,4,4,3,4,1,3,3,2,4,3,3,5,4,3,1,4,4,4,0,7,7,1,5,4,6,5,4,6,4,8,6,6,6,5,4,5,4,6,5,5,8,3,5,8,3,6,6,1,"L","M",1,"Right",0,1,0,1,2,0.7658
"0000000540",47,0,4,"No degree","Married",1,"White collar",5,1,1,0,1,"Stockholm","Svealand",4,5,5,5,1,2,1,2,2,7,2,3,3,4,2,3,3,3,3,4,3,3,3,4,5,2,1,2,3,4,1,7,4,7,6,0,2,9,6,1,7,4,7,0,1,7,7,0,8,2,4,7,8,2,5,9,4,7,3,1,"V","V",0,"Left",0,0,0,0,2,1.1008
"0000000538",54,0,7,"Bachelor","Married",1,"White collar",5,2,1,0,2,"Västra Götaland","Götaland",4,5,5,4,1,3,1,1,1,9,3,3,3,4,3,3,2,3,3,2,4,4,4,5,5,3,4,4,4,4,1,7,7,7,9,2,6,2,8,2,3,9,9,2,6,1,8,2,2,9,6,2,8,1,6,9,4,7,7,1,"L","L",0,"Right",0,1,0,1,2,0.7712
"0000002755",95,0,3,"No degree","Married",0,,2,2,1,,2,"Östergötland","Götaland",3,5,5,5,3,3,1,1,3,10,4,4,3,3,3,3,3,3,3,3,4,4,3,5,5,3,4,3,3,3,0,7,0,0,8,5,5,5,5,5,5,5,8,5,5,5,5,5,5,5,0,5,10,0,5,5,5,5,0,1,"S","S",0,"Left",0,0,1,1,2,0.7541
"0000001417",69,1,6,"No degree","Divorced",0,"White collar",2,2,1,0,2,"Värmland","Svealand",3,5,5,5,4,1,4,4,3,8,,,,,1,3,2,3,3,2,2,2,3,5,4,2,2,5,4,3,0,3,,,8,9,7,7,8,7,1,6,7,9,7,6,7,8,1,6,6,9,9,2,6,9,1,8,7,1,"S","S",0,"Left",0,0,1,0,2,1.0396
"0000001630",62,1,6,"No degree","Divorced",1,,2,1,1,0,3,"Stockholm","Svealand",3,4,5,2,1,1,1,,,6,3,2,3,2,2,1,1,3,3,3,3,2,,4,5,2,2,1,3,2,1,4,1,0,9,0,3,5,8,0,9,1,9,0,3,8,10,0,5,1,3,10,9,0,5,9,3,8,5,1,"S","MP",1,"Left",0,0,1,1,2,1.5176
"0000000541",45,1,7,"Bachelor","Single",1,"White collar",2,1,0,,3,"Stockholm","Svealand",3,4,5,4,3,1,1,3,2,9,3,4,3,4,3,4,2,3,3,2,4,4,4,5,5,2,3,3,3,3,1,2,7,7,9,0,1,10,5,1,10,5,9,2,5,8,9,2,10,4,1,10,9,0,5,9,2,6,1,1,"MP","V",1,"Left",0,0,0,0,2,0.7658
"0000001592",25,0,5,"No degree","Single",0,"Worker",1,1,1,0,2,"Kalmar","Götaland",2,3,4,,,,1,1,4,9,2,2,3,4,2,3,2,3,3,1,3,3,3,4,4,4,3,2,3,3,1,,4,2,5,0,5,8,5,1,5,3,7,0,2,8,5,1,5,5,5,10,7,0,5,8,2,8,1,1,"V","MP",1,"Left",0,0,0,1,2,1.3555
"0000002373",55,1,,,"Divorced",,,,,1,1,,"Blekinge","Götaland",1,3,,,,,,,,,,,,,,,,,,,,,,,,,,,,,,0,0,4,,,,,,,,,,,,,,,,,,,,,,,,,,,,,,,,,,,,1.5176
"0000000533",73,1,8,"Postgraduate","Widowed",1,"White collar",2,3,1,0,1,"Uppsala","Svealand",3,3,5,3,3,3,1,1,1,8,3,3,3,3,2,2,2,3,3,2,,3,3,4,3,2,3,2,4,3,1,6,4,0,5,0,5,5,5,0,5,5,5,4,5,4,5,4,5,5,1,10,10,1,6,6,5,7,5,1,,,,,,,,0,,0.5247
"0000000511",62,1,7,"Bachelor","Single",0,"White collar",3,1,1,0,3,"Stockholm","Svealand",4,4,5,2,3,1,1,1,1,9,3,3,3,3,2,3,1,2,2,1,,4,4,5,4,3,3,,,,0,7,7,0,6,0,8,0,6,5,1,8,10,1,8,5,5,5,5,7,4,10,8,0,6,8,1,7,8,1,,,,,,,,1,2,0.7658
"0000001134",59,1,4,"No degree","Married",1,"Worker",2,1,1,0,1,"Västra Götaland","Götaland",4,5,5,1,1,1,1,4,2,10,4,,2,4,,3,1,4,3,4,,4,3,5,5,2,1,3,4,3,1,7,7,0,10,0,0,9,8,0,10,5,10,0,0,8,8,0,10,1,2,10,10,0,4,10,1,9,1,1,,"MP",,,,,,1,3,1.1901
"0000000500",34,0,,,"Married",,,,,1,1,,"Stockholm","Svealand",3,,,,,,,,,,,,,,,,,,,,,,,,,,,,,,,3,7,4,,,,,,,,,,,,,,,,,,,,,,,,,,,,,,,,,,,,1.275
"0000002750",69,0,2,"No degree","Single",1,,1,,1,0,2,"Västernorrland","Norrland",2,5,,,,5,1,,,9,1,,,,,,,3,3,4,2,1,1,4,5,3,4,4,,,0,1,,,7,,,,,,,,8,,,,,,,,7,,,,,,,,,1,"S","S",0,"Left",0,0,1,0,2,1.0469
"0000001297",37,1,4,"No degree","Single",1,"Worker",4,1,1,0,2,"Gävleborg","Norrland",3,4,5,4,3,3,3,3,3,8,3,3,4,3,3,3,2,2,3,1,4,3,3,4,4,3,3,4,4,3,1,4,7,7,6,7,8,1,4,9,1,5,7,7,8,2,1,9,5,6,3,10,7,1,3,9,0,6,7,1,"KD","KD",0,"Right",0,1,0,0,2,1.6674
"0000001973",81,1,3,"No degree","Married",0,"Worker",2,2,1,0,1,"Halland","Götaland",3,4,5,1,4,3,1,1,1,5,2,2,1,3,2,3,2,3,3,2,3,3,3,4,3,3,3,4,4,3,1,6,7,6,5,0,4,0,7,4,5,6,6,0,5,,7,0,0,,,,,,,,,,,1,"C","C",0,"Left",0,0,0,1,2,0.7489
"0000002611",66,1,4,"No degree","Single",,"White collar",2,1,1,0,1,"Kalmar","Götaland",2,4,5,4,2,1,1,5,4,8,4,4,3,4,2,3,1,4,4,4,3,3,3,5,4,3,3,5,4,3,0,6,1,1,10,0,6,10,7,1,9,3,10,0,1,9,0,0,10,8,2,10,9,0,5,8,2,8,1,1,"S","V",1,"Left",0,0,1,0,2,0.8153
"0000001823",68,0,3,"No degree","Divorced",0,"Worker",3,2,1,0,2,"Skåne","Götaland",2,4,5,5,4,4,1,1,4,10,4,3,3,4,3,2,2,2,2,2,,3,3,5,5,3,3,3,3,2,0,2,0,1,4,9,9,2,1,4,0,2,4,9,9,2,1,4,0,2,2,8,10,0,2,7,0,6,7,,,,,,,,,0,,1.1092
"0000002323",21,1,4,"No degree","Single",0,,5,1,1,1,3,"Halland","Götaland",3,4,5,4,1,1,1,4,4,6,4,3,1,4,3,3,2,2,2,2,4,4,2,4,5,2,2,2,2,3,1,7,0,7,4,0,1,9,5,0,7,5,7,0,1,10,6,0,7,4,5,10,9,1,7,9,1,8,2,1,"V",,,"Left",0,0,0,1,3,1.7726
"0000000126",60,1,8,"Postgraduate","Married",1,"White collar",5,1,1,0,2,"Skåne","Götaland",3,4,5,5,1,1,1,2,1,9,3,2,4,4,2,4,1,3,3,2,2,4,3,5,5,3,1,1,3,3,,7,7,0,6,0,7,2,7,0,2,7,7,0,5,2,7,0,2,6,4,9,10,0,5,10,3,7,7,1,"C","M",1,"Left",0,0,0,0,1,0.7658
"0000002747",81,1,7,"Bachelor","Married",0,"White collar",2,3,1,0,2,"Skåne","Götaland",3,4,5,1,1,1,1,2,2,9,3,3,3,3,3,3,1,3,3,2,,3,3,5,4,3,3,3,3,3,0,7,6,7,3,1,8,1,7,8,1,8,6,6,6,3,3,8,3,6,3,10,9,0,5,8,1,7,7,1,,,,,,,,0,2,0.5247
"0000002806",70,1,8,"Postgraduate","Married",1,"White collar",3,1,1,0,2,"Örebro","Svealand",4,5,5,5,4,1,1,1,4,8,3,3,3,3,3,2,,3,2,2,,3,3,4,4,2,3,4,2,3,1,7,6,7,9,0,1,3,7,4,6,9,10,0,1,7,3,1,7,7,5,9,10,1,6,9,3,7,6,1,"S","C",1,"Left",0,0,1,1,2,0.5247
"0000000479",46,1,8,"Postgraduate","Married",1,"Worker",3,1,1,0,2,"Norrbotten","Norrland",2,4,4,3,2,3,1,1,4,8,3,3,2,3,2,3,3,3,3,2,,3,3,4,3,2,2,3,3,3,1,7,0,7,5,3,2,4,3,3,1,2,4,3,1,3,3,3,2,3,3,8,10,0,3,9,1,9,5,1,,,,,,,,1,2,0.7658
"0000001601",20,0,4,"No degree","Single",0,"Worker",5,2,1,1,1,"Södermanland","Svealand",3,4,5,3,2,1,1,1,1,10,4,4,4,4,3,4,3,3,4,2,4,4,4,5,5,4,4,2,3,3,1,3,7,7,5,5,9,2,6,6,4,7,9,9,10,5,7,8,5,8,4,10,9,0,5,9,2,8,8,1,"M",,,"Right",0,1,0,1,3,1.7851
"0000000477",39,1,8,"Postgraduate","Married",1,"Worker",3,1,1,0,2,"Skåne","Götaland",3,4,5,5,2,1,1,2,2,8,2,3,2,4,2,2,1,3,3,1,2,2,3,5,4,2,1,2,4,2,1,1,7,7,8,0,6,4,6,6,6,5,8,0,0,2,5,2,5,5,2,8,10,0,4,8,3,6,4,1,"S","S",0,"Left",0,0,1,0,,1.073
"0000000743",23,0,,,"Single",,,,,1,1,,"Halland","Götaland",2,2,5,3,4,3,1,2,1,10,3,2,2,4,2,3,3,1,4,,,,,,,,,,,,,0,0,7,,,,,,,,,,,,,,,,,,,,,,,,,,,,,,,,,,,,1.1487
"0000001791",72,0,6,"No degree","Married",1,"White collar",2,1,1,0,2,"Stockholm","Svealand",3,5,5,4,1,2,1,1,1,8,3,3,3,3,2,4,2,3,3,1,4,4,3,5,5,3,3,2,4,4,1,7,0,4,10,0,0,10,2,2,7,2,10,0,2,7,7,2,6,2,3,10,10,0,4,8,4,7,2,1,"S","V",1,"Left",0,0,1,1,2,0.821
"0000000460",56,1,6,"No degree","Married",0,"White collar",5,1,1,0,1,"Jönköping","Götaland",1,5,5,5,1,1,1,1,1,9,4,4,3,4,3,3,2,3,3,2,4,3,3,5,4,2,3,3,4,2,1,3,3,0,9,0,7,5,6,4,4,8,9,3,8,5,8,4,5,6,4,10,8,1,6,10,4,7,5,1,"S","S",0,"Left",0,0,1,0,1,0.9037
"0000000127",61,1,7,"Bachelor","Married",1,"White collar",5,2,1,0,2,"Västra Götaland","Götaland",3,5,5,4,1,3,1,1,1,9,4,3,4,4,3,3,1,2,3,2,4,4,3,5,5,3,3,3,5,5,0,7,0,0,2,0,10,0,2,9,0,6,0,5,10,5,0,9,0,8,3,10,8,0,3,8,0,7,8,1,"M","M",0,"Right",0,1,0,1,3,0.9037
"0000002158",65,1,6,"No degree","Married",1,"White collar",2,3,1,1,2,"Östergötland","Götaland",4,5,5,4,1,1,1,1,2,9,3,3,3,4,3,3,2,3,4,4,4,4,3,4,5,2,2,2,4,3,1,7,5,0,7,0,1,10,6,0,8,2,7,0,1,10,6,0,8,2,3,10,10,1,6,10,2,7,1,1,"V","V",0,"Left",0,0,0,1,2,0.7489
"0000000450",33,1,7,"Bachelor","Married",1,"White collar",3,1,1,0,2,"Stockholm","Svealand",3,5,5,5,2,3,1,1,4,7,3,2,3,4,3,3,3,3,3,3,4,3,3,5,4,2,2,4,5,3,1,3,1,3,10,1,1,9,5,0,10,5,10,0,0,5,7,0,6,5,,,,,,,,,,1,"S","V",1,"Left",0,0,1,1,3,1.073
"0000000448",42,1,5,"No degree","Married",1,"Worker",2,2,1,0,1,"Jönköping","Götaland",2,3,4,4,4,4,3,4,4,6,3,3,3,4,2,3,3,3,3,3,3,3,3,4,4,3,3,4,4,4,1,3,7,7,8,5,9,3,4,7,5,4,6,3,8,3,4,6,4,3,5,5,5,5,5,5,5,5,6,1,"M","S",1,"Right",0,1,0,0,,0.9037
"0000000447",30,1,7,"Bachelor","Single",1,,1,1,1,1,2,"Skåne","Götaland",2,2,5,5,5,2,4,3,5,7,1,2,1,3,2,3,2,2,1,1,3,2,2,4,1,2,1,2,2,1,1,0,0,6,5,7,6,9,9,6,10,6,5,5,7,9,9,5,5,5,7,8,7,1,3,7,5,5,3,1,"KD",,,"Right",0,1,0,0,2,1.073
"0000000443",30,0,5,"No degree","Single",1,"Worker",1,2,1,0,2,"Västerbotten","Norrland",4,4,5,5,1,1,1,3,5,7,2,2,3,4,2,3,1,2,3,2,4,3,3,5,5,1,2,4,3,3,1,0,7,7,3,0,1,7,2,1,5,2,5,0,0,7,2,1,5,1,5,10,10,2,6,9,5,7,0,1,"V","V",0,"Left",0,0,0,0,2,1.275
"0000001075",68,1,3,"No degree","Married",0,"White collar",5,1,1,1,2,"Västra Götaland","Götaland",2,3,5,5,2,3,5,5,1,10,3,3,3,3,2,2,1,2,2,2,3,3,3,4,4,3,3,3,3,3,0,4,4,0,3,3,9,3,5,3,3,3,1,3,8,2,2,3,1,2,2,7,8,0,4,9,1,7,7,1,"M","C",1,"Right",0,1,0,0,,0.7489
"0000000435",51,1,6,"No degree","Single",0,"White collar",1,3,1,0,3,"Stockholm","Svealand",3,4,5,5,1,1,1,1,3,9,3,2,3,3,2,3,1,2,2,2,3,2,3,5,5,4,,3,3,3,1,5,0,0,1,7,7,1,4,7,4,5,3,5,8,2,4,5,5,5,1,7,8,0,3,7,3,4,7,1,"M","L",1,"Right",0,1,0,0,,0.9037
"0000002352",66,0,7,"Bachelor","Married",1,"White collar",5,2,1,1,2,"Stockholm","Svealand",4,5,5,5,1,3,1,1,2,8,3,3,2,3,3,4,2,3,3,1,,4,3,4,4,3,3,4,4,3,,7,3,0,7,2,9,6,8,7,2,8,9,2,9,3,9,8,2,8,3,10,9,2,7,7,2,7,8,1,,"M",,,,,,0,,0.5283
"0000000278",31,1,,,"Single",,,,,1,0,,"Dalarna","Svealand",3,4,,,,,,,,,,,,,,,,,,,,,,,,,,,,,,0,7,,,,,,,,,,,,,,,,,,,,,,,,,,,,,,,,,,,,,1.073
"0000002706",18,0,3,"No degree","Single",0,,1,1,1,1,2,"Skåne","Götaland",2,2,5,5,1,5,3,1,5,8,4,4,2,4,3,3,3,3,4,1,,3,3,4,3,2,4,3,4,3,0,0,2,7,5,5,6,2,4,5,5,9,8,5,10,3,5,10,1,10,2,10,8,0,4,6,4,7,6,1,,,,,,,,1,2,2.2763
"0000001967",81,1,3,"No degree","Married",1,,3,3,1,0,2,"Uppsala","Svealand",3,5,5,4,4,1,1,1,5,10,3,4,2,3,3,3,1,3,2,2,4,4,3,5,4,2,4,2,3,2,0,7,0,0,6,10,9,0,6,6,0,6,8,9,9,0,0,8,0,10,1,10,10,0,2,6,0,6,8,1,"M","KD",1,"Right",0,1,0,1,2,0.5247
"0000000423",48,1,6,"No degree","Divorced",1,"Worker",5,1,0,,2,"Västernorrland","Norrland",3,4,5,,3,4,2,4,4,6,3,3,3,4,2,2,2,3,3,2,2,3,3,5,4,2,3,2,3,3,1,4,,7,8,4,3,7,7,5,5,5,9,5,2,5,,,,,2,10,9,0,,,,,3,0,"S","S",0,"Left",0,0,1,0,1,0.9037
"0000000422",66,1,,,"Married",1,"Worker",3,,1,0,2,"Stockholm","Svealand",3,4,5,4,3,5,5,3,3,5,2,2,1,3,2,2,2,3,3,3,4,2,3,5,5,3,4,3,3,2,1,3,0,7,10,0,0,7,5,2,2,2,10,0,5,7,2,5,5,5,0,5,10,0,10,5,5,10,10,1,"S","S",0,"Left",0,0,1,1,2,0.6191
"0000001083",26,1,6,"No degree","Single",0,"White collar",2,6,0,1,2,"Södermanland","Svealand",4,4,4,5,4,2,1,2,2,10,3,3,3,3,2,2,1,2,3,2,3,2,3,5,3,3,1,,3,3,1,7,7,,10,5,5,5,8,5,8,5,10,5,10,8,10,5,8,8,4,10,8,1,4,10,3,7,,1,"S","S",0,"Left",0,0,1,1,2,1.2661
"0000000420",57,1,7,"Bachelor","Married",1,"White collar",5,1,1,0,2,"Västra Götaland","Götaland",2,4,5,5,1,1,1,1,1,8,4,4,3,3,3,4,2,3,4,3,4,4,3,5,4,3,2,3,3,3,0,7,7,0,9,0,2,7,7,0,8,5,10,0,2,4,10,2,5,5,2,10,9,0,4,9,3,6,2,1,"S","S",0,"Left",0,0,1,1,2,0.7658
"0000000419",77,1,7,"Bachelor","Married",1,"Worker",1,2,1,0,1,"Västerbotten","Norrland",3,5,5,5,4,3,3,3,3,5,3,3,3,3,2,3,1,3,3,2,3,3,3,5,4,2,3,4,4,3,1,5,2,0,7,0,6,6,8,6,6,7,9,5,7,7,8,7,7,7,4,10,10,4,7,7,7,5,5,1,"C","C",0,"Left",0,0,0,1,2,0.5247
"0000001513",57,0,3,"No degree","Married",0,"Self-employed",4,1,1,0,2,"Värmland","Svealand",2,5,5,3,3,3,1,1,5,10,4,4,4,4,3,3,1,3,3,2,2,3,3,5,3,4,4,3,4,3,1,2,0,0,5,5,6,5,5,5,5,5,6,5,4,5,5,5,5,5,3,10,8,1,4,9,1,6,6,1,"M","L",1,"Right",0,1,0,0,,1.1008
"0000002094",65,1,8,"Postgraduate","Married",1,"White collar",3,1,1,0,2,"Värmland","Svealand",3,4,5,2,2,1,1,1,1,6,3,3,2,3,2,2,3,2,2,1,3,3,3,4,4,2,3,2,3,3,1,1,5,5,5,8,9,1,4,8,3,5,9,8,8,3,5,7,0,5,4,10,9,0,4,8,2,6,9,1,"M","M",0,"Right",0,1,0,1,2,0.5247
"0000002465",77,1,5,"No degree","Married",0,"Worker",2,3,1,0,2,"Södermanland","Svealand",2,3,5,1,1,2,1,1,1,9,3,3,2,3,2,3,1,2,3,1,,3,3,4,3,3,3,5,5,4,1,7,0,0,8,0,8,0,2,0,0,2,10,0,7,2,0,0,0,8,3,10,9,0,4,10,0,9,7,1,,,,,,,,0,,0.7489
"0000000414",30,1,8,"Postgraduate","Single",1,"Worker",4,3,1,0,1,"Gävleborg","Norrland",2,4,5,,,,1,1,3,9,3,3,2,3,2,3,2,3,3,2,3,3,3,4,3,2,3,3,3,3,1,0,5,7,8,0,1,5,7,1,3,2,8,0,1,4,7,1,3,5,3,10,8,0,4,8,3,7,3,1,"S",,,"Left",0,0,1,0,,1.073
"0000001697",64,0,5,"No degree","Single",1,"Worker",2,3,1,0,2,"Norrbotten","Norrland",3,5,5,1,4,1,,,5,5,2,2,2,3,3,4,1,1,1,3,4,4,2,3,5,1,2,2,3,4,0,4,0,0,0,10,9,7,0,10,5,8,5,10,8,3,0,10,0,7,0,10,10,0,0,10,0,8,10,1,"SD","SD",0,"Right",1,1,0,1,3,1.1008
"0000002001",85,0,2,"No degree","Married",,"Worker",1,1,1,0,3,"Stockholm","Svealand",3,3,5,3,2,1,2,1,4,10,3,3,2,4,3,3,2,3,3,3,4,3,3,5,3,3,4,4,4,4,0,7,4,2,9,6,7,0,5,1,2,4,9,7,7,0,7,1,3,2,5,5,10,1,5,10,6,6,3,1,"S","S",0,"Left",0,0,1,1,2,0.7541
"0000002041",81,1,3,"No degree","Married",0,"White collar",2,2,1,0,2,"Västra Götaland","Götaland",3,4,5,3,1,1,1,1,2,9,4,4,3,3,3,3,1,4,4,2,,4,4,5,5,3,2,3,4,3,0,7,0,0,,,,,,,,,,,,,,,,,,,,,,,,,,1,,,,,,,,1,3,0.8153
"0000002409",66,0,3,"No degree","Married",,"Worker",2,2,1,0,1,"Skåne","Götaland",3,4,5,1,1,1,3,2,2,8,3,3,2,3,3,3,2,3,3,2,,3,3,5,4,3,3,3,4,4,1,5,0,0,8,10,1,1,1,2,0,0,8,10,1,1,1,2,0,0,,,,,,,,,,1,,"SD",,,,,,1,2,0.7541
"0000001010",62,1,4,"No degree","Single",0,"White collar",3,1,1,1,2,"Skåne","Götaland",,,,,,,,5,,6,2,1,2,4,1,3,1,1,1,1,,1,2,3,,2,2,4,3,2,0,,,,,,,,,,,,,,,,,,,,2,10,10,1,5,5,3,5,5,,,,,,,,,0,,1.1901
"0000000409",26,1,7,"Bachelor","Single",0,,2,1,1,0,3,"Västra Götaland","Götaland",2,4,5,3,1,4,1,5,2,7,2,2,2,4,2,3,1,3,3,2,3,3,3,4,4,3,2,3,3,3,1,0,1,7,8,0,5,4,5,0,8,7,8,2,5,4,4,2,5,5,3,10,8,0,7,10,5,7,6,1,"S","S",0,"Left",0,0,1,0,,1.073
"0000002437",78,1,6,"No degree","Widowed",,"White collar",1,1,1,0,4,"Uppsala","Svealand",4,5,5,4,1,1,1,2,1,6,3,3,3,3,3,1,2,1,1,1,4,4,3,5,5,4,,3,3,3,0,7,7,7,4,10,8,0,3,9,0,5,2,10,8,5,0,9,0,6,3,10,9,0,7,9,0,5,,1,"SD","SD",0,"Right",1,1,0,1,3,0.6191
"0000000832",53,1,6,"No degree","Divorced",0,"White collar",3,1,1,0,2,"Västernorrland","Norrland",3,4,5,5,4,,2,2,2,8,2,2,3,3,2,4,2,2,2,2,3,2,3,5,5,3,2,2,3,3,1,,,7,7,0,9,0,7,0,0,8,8,0,9,2,8,0,0,8,5,10,9,0,5,10,4,8,8,1,"M","M",0,"Right",0,1,0,0,2,1.1901
"0000001758",20,0,4,"No degree","Single",1,,1,2,1,1,3,"Västra Götaland","Götaland",1,3,5,5,4,3,1,3,4,10,4,2,4,3,2,3,2,3,3,4,,4,4,5,5,3,3,1,3,3,1,0,1,7,7,3,4,4,4,3,4,3,6,5,5,6,5,6,5,5,2,8,8,0,4,6,3,7,3,0,,,,,,,,0,2,1.7851
"0000000402",35,0,8,"Postgraduate","Single",,,,1,1,0,,"Skåne","Götaland",4,5,4,4,3,3,4,4,4,8,3,3,3,3,3,3,3,2,3,,4,3,3,4,4,3,,3,3,3,1,5,7,7,2,9,6,3,0,7,1,3,3,10,9,7,0,8,0,6,3,5,9,1,9,9,3,8,5,1,"SD","SD",0,"Right",1,1,0,1,3,1.0805
"0000000395",57,1,6,"No degree","Single",1,"White collar",1,2,1,0,1,"Jämtland","Norrland",3,4,5,1,1,1,1,2,2,8,4,4,3,4,3,4,2,3,3,2,,4,3,5,4,3,3,3,3,2,1,5,7,6,8,0,4,7,8,3,5,4,9,0,2,8,10,0,5,5,4,10,9,1,6,9,5,8,4,,,,,,,,,0,2,0.9037
"0000000582",45,1,7,"Bachelor","Single",1,"White collar",3,2,1,0,2,"Östergötland","Götaland",2,5,5,3,1,1,1,4,2,8,3,3,3,4,,,,3,3,2,4,4,4,5,4,3,2,4,3,4,1,7,7,7,6,2,6,2,5,8,2,8,6,7,5,6,5,7,3,7,3,9,8,0,5,8,1,7,6,1,"L","KD",1,"Right",0,1,0,0,,0.7658
"0000000375",40,1,8,"Postgraduate","Married",,"White collar",5,2,1,0,2,"Kronoberg","Götaland",3,5,5,5,2,1,2,4,3,8,3,3,3,3,3,3,1,3,3,2,3,2,4,5,4,2,3,2,3,3,1,0,7,7,8,0,6,5,8,2,4,8,10,0,7,7,9,0,5,8,3,8,10,0,5,10,4,6,5,1,"C","S",1,"Left",0,0,0,0,2,1.073
"0000002564",77,0,2,"No degree","Divorced",0,"White collar",2,1,1,,1,"Gävleborg","Norrland",4,5,5,5,4,3,1,1,1,10,3,3,2,3,2,3,2,2,3,4,3,3,3,5,5,3,2,3,4,3,0,7,7,7,2,7,8,0,0,7,0,6,7,7,7,0,0,7,0,7,6,9,8,2,4,6,4,6,8,1,"M","M",0,"Right",0,1,0,0,1,0.7541
"0000001234",52,0,8,"Postgraduate","Single",1,"Worker",1,1,1,0,3,"Stockholm","Svealand",3,4,5,3,3,3,1,1,3,5,2,2,2,3,2,1,2,1,1,1,4,3,2,3,3,3,3,3,2,3,1,0,7,0,0,10,7,0,0,7,0,5,0,10,9,0,0,7,0,5,3,6,7,0,3,7,0,4,6,1,"SD","SD",0,"Right",1,1,0,1,2,0.7712
"0000000457",32,1,7,"Bachelor","Single",1,"Worker",2,1,1,0,2,"Västernorrland","Norrland",2,4,5,5,2,2,1,1,1,6,2,2,2,3,2,2,2,3,2,2,2,3,3,4,2,2,3,2,3,3,1,2,3,3,8,0,8,2,2,2,0,2,6,0,6,1,0,2,1,1,3,6,6,3,4,7,1,6,,1,"M","M",0,"Right",0,1,0,0,,1.073
"0000000363",37,0,7,"Bachelor","Married",1,"White collar",4,2,1,1,4,"Västra Götaland","Götaland",2,5,5,5,1,1,1,2,5,10,4,4,3,3,2,4,1,3,4,3,3,3,3,5,5,2,1,3,3,4,1,6,7,7,5,0,5,3,5,3,5,5,8,0,2,2,8,3,4,5,4,10,8,0,6,9,2,6,5,1,"S","S",0,"Left",0,0,1,0,,1.0805
"0000000890",62,0,3,"No degree","Married",1,"White collar",2,1,1,0,4,"Skåne","Götaland",3,5,5,3,3,3,3,3,3,9,3,3,2,3,2,3,3,2,3,3,4,4,3,5,5,3,4,3,3,,1,4,6,6,5,8,9,2,3,0,0,3,8,7,9,5,5,5,1,,4,6,9,0,7,4,2,7,7,1,"M","S",1,"Right",0,1,0,0,,1.5282
"0000000329",70,1,8,"Postgraduate","Divorced",1,"White collar",3,1,1,0,3,"Stockholm","Svealand",3,4,5,5,1,1,1,4,2,7,3,3,3,3,2,3,1,3,3,2,4,3,3,3,4,3,2,3,3,3,1,7,0,0,9,0,3,5,5,0,10,5,9,0,0,3,7,0,9,3,4,10,9,1,5,9,5,7,5,1,"MP","S",1,"Left",0,0,0,1,,0.5247
"0000001227",43,0,4,"No degree","Married",0,"Worker",3,2,1,1,1,"Jämtland","Norrland",3,4,5,4,4,3,2,1,4,8,3,3,2,2,2,3,2,2,3,1,3,3,3,5,5,2,2,3,3,3,1,6,7,0,6,9,9,3,1,9,0,7,4,9,9,7,1,10,0,6,3,9,8,2,3,7,2,6,7,1,"SD","SD",0,"Right",1,1,0,1,2,1.1984
"0000002716",75,1,2,"No degree","Divorced",0,"Worker",1,2,0,,2,"Dalarna","Svealand",2,2,3,3,3,3,1,1,1,7,1,1,1,1,1,1,1,2,1,3,,3,3,4,1,3,4,1,3,3,1,4,6,6,5,0,5,5,5,5,5,5,5,0,5,5,5,5,5,5,3,10,10,0,6,5,5,8,5,1,,,,,,,,0,,1.0396
"0000000445",59,1,,,"Divorced",,,,,1,0,,"Västra Götaland","Götaland",2,,,,,,,,,,,,,,,,,,,,,,,,,,,,,,,,,,,,,,,,,,,,,,,,,,,,,,,,,,,,,,,,,,,,,0.9037
"0000001777",85,0,8,"Postgraduate","Married",0,"White collar",2,1,1,0,2,"Södermanland","Svealand",3,4,5,5,2,,1,2,1,8,3,3,3,3,2,3,,2,3,2,3,4,2,5,5,3,2,3,4,3,0,7,0,0,7,7,7,6,5,7,5,8,9,7,7,7,3,6,5,8,5,6,8,3,5,8,2,6,6,1,"L","KD",1,"Right",0,1,0,0,,0.5283
"0000000346",48,1,7,"Bachelor","Married",1,"White collar",2,1,1,0,2,"Halland","Götaland",2,4,5,3,2,4,1,4,4,8,3,3,3,4,3,4,2,3,3,1,4,4,3,5,4,2,3,2,3,3,1,4,7,7,9,0,3,5,7,3,9,3,10,1,3,9,4,2,10,2,3,9,10,1,6,7,4,7,3,1,"MP","MP",0,"Left",0,0,0,1,1,0.7658
"0000000343",51,1,8,"Postgraduate","Single",1,"Worker",5,2,1,0,1,"Skåne","Götaland",4,4,5,4,2,3,4,5,1,7,3,2,3,4,1,2,1,3,4,1,3,3,2,3,3,1,2,2,4,4,0,1,1,0,8,5,6,3,8,6,1,5,10,9,2,5,10,6,1,5,3,9,8,0,5,8,1,6,5,1,"C","C",0,"Left",0,0,0,0,,0.7658
"0000002105",75,1,7,"Bachelor","Married",0,"Worker",1,6,1,0,2,"Östergötland","Götaland",2,4,5,4,1,4,1,1,1,9,3,3,3,3,3,3,,1,2,1,,3,3,4,4,2,3,4,3,3,1,3,1,7,3,0,9,0,5,9,5,5,2,0,10,0,3,,0,8,0,5,10,0,5,8,1,5,9,1,,,,,,,,0,2,0.5247
"0000000596",30,1,8,"Postgraduate","Single",1,"White collar",2,1,1,0,3,"Stockholm","Svealand",3,4,5,5,1,1,1,5,4,7,3,3,3,4,2,3,2,3,3,1,3,2,3,4,5,1,2,3,3,3,1,0,7,7,7,0,1,10,6,0,9,3,9,0,2,10,6,0,7,2,5,10,9,1,6,9,3,7,2,1,"MP","MP",0,"Left",0,0,0,1,2,1.073
"0000000813",26,0,7,"Bachelor","Single",0,"White collar",3,1,1,0,4,"Västra Götaland","Götaland",2,3,5,5,3,3,3,4,3,8,3,3,2,,3,2,2,3,3,3,4,3,3,4,3,3,3,3,3,3,1,3,7,7,4,3,9,0,4,8,4,5,7,4,8,0,2,9,5,5,1,9,10,0,2,9,3,7,8,1,"M",,,"Right",0,1,0,0,2,1.275
"0000001277",43,0,,,"Married",,,,,0,,,"Kronoberg","Götaland",1,,,,,,,,,,,,,,,,,,,,,,,,,4,,,,,,1,1,3,8,2,,,,0,,0,6,,7,0,,0,,0,,,,,,,,,8,,,,,,,,,,,1.1008
"0000000335",58,1,4,"No degree","Divorced",1,"Worker",2,1,1,1,2,"Skåne","Götaland",2,4,4,4,2,3,1,4,4,9,3,3,3,4,2,2,1,2,4,3,3,2,3,4,4,3,3,3,3,3,1,0,2,2,7,4,4,7,7,5,7,5,5,6,4,8,4,5,5,5,2,10,7,1,6,7,4,7,3,1,"MP",,,"Left",0,0,0,0,2,0.7658
"0000002030",72,0,3,"No degree","Single",1,"Worker",4,1,0,,1,"Västra Götaland","Götaland",2,3,5,4,2,3,2,2,2,7,3,3,3,2,2,2,2,3,3,2,3,3,3,4,3,2,3,2,3,4,0,2,7,5,10,0,4,0,3,2,4,0,10,0,3,0,3,0,5,0,2,10,10,0,3,6,4,6,4,1,"S","S",0,"Left",0,0,1,0,1,0.7541
"0000001054",21,1,4,"No degree","Single",0,,1,1,1,0,4,"Västra Götaland","Götaland",3,5,5,,4,4,5,3,3,9,4,4,4,,,4,3,3,4,2,3,4,4,5,4,2,3,3,5,5,1,3,3,7,9,0,6,6,10,0,8,7,10,0,6,8,10,0,8,7,2,10,9,0,5,10,2,7,5,1,"C",,,"Left",0,0,0,0,1,1.346
"0000002737",21,1,,,"Single",0,,1,,1,0,2,"Östergötland","Götaland",2,2,5,5,2,2,1,3,4,10,3,3,3,3,3,4,3,3,3,3,3,3,4,5,5,2,3,,,3,1,0,2,6,8,0,3,9,8,4,6,5,6,0,4,10,7,4,6,5,3,8,9,0,4,9,3,6,1,1,"V",,,"Left",0,0,0,0,2,1.7726
"0000002270",71,0,,,"Married",1,"Worker",1,,0,,2,"Stockholm","Svealand",4,1,4,5,2,4,4,5,5,5,2,1,3,4,1,2,4,1,3,1,,2,2,5,1,2,3,1,2,3,,7,7,7,0,0,0,5,0,0,0,0,3,0,0,3,3,0,3,0,5,10,10,5,5,10,5,10,5,1,,,,,,,,0,2,0.821
"0000000305",70,1,7,"Bachelor","Divorced",0,"White collar",1,1,0,,4,"Skåne","Götaland",3,4,5,5,2,2,1,3,4,8,3,3,4,4,3,,,3,3,2,3,2,2,3,5,3,3,2,4,4,0,6,,7,8,0,5,9,7,4,10,4,7,0,2,8,7,2,9,2,6,10,10,0,7,9,1,8,2,1,"MP",,,"Left",0,0,0,0,1,0.5247
"0000001160",20,0,4,"No degree","Single",0,"White collar",4,2,1,0,2,"Jönköping","Götaland",2,5,4,3,4,3,1,1,5,3,3,3,3,3,2,3,2,3,4,3,3,3,2,4,4,2,2,1,3,3,1,2,7,7,9,4,0,1,8,1,7,1,9,8,0,2,9,3,5,1,0,3,8,0,4,8,0,4,,1,"S","C",1,"Left",0,0,1,0,2,1.7851
"0000001005",59,0,8,"Postgraduate","Divorced",0,"Self-employed",3,1,1,0,1,"Norrbotten","Norrland",2,3,5,4,5,3,3,4,2,4,2,3,3,4,2,2,2,1,3,1,3,3,3,5,4,3,2,3,3,3,1,1,2,3,2,9,,3,2,9,0,5,2,10,9,5,0,10,0,6,3,8,8,1,3,8,1,6,8,1,"SD","M",1,"Right",1,1,0,1,2,0.7712
"0000000275",37,1,7,"Bachelor","Married",1,"White collar",5,1,1,0,3,"Stockholm","Svealand",2,,5,5,1,3,3,3,3,10,3,4,4,4,3,3,2,3,3,2,4,2,4,5,5,2,4,3,5,5,1,3,5,0,9,0,5,1,9,0,10,7,10,0,3,3,9,0,8,7,5,10,9,1,8,10,3,8,5,1,"MP","L",1,"Left",0,0,0,0,1,1.073
"0000000295",57,1,8,"Postgraduate","Single",1,"White collar",5,2,1,0,1,"Skåne","Götaland",1,3,5,5,2,3,2,4,2,9,3,3,3,3,2,3,1,3,3,2,4,4,3,5,5,3,3,2,3,2,0,5,5,0,8,2,7,1,6,8,4,5,9,2,5,2,4,7,4,5,3,3,8,0,5,8,3,7,6,1,"S","KD",1,"Left",0,0,1,0,,0.7658
"0000000883",56,0,5,"No degree","Married",0,"White collar",5,1,1,0,3,"Stockholm","Svealand",3,4,5,4,3,4,4,5,3,9,3,2,2,3,2,3,2,1,1,2,3,3,3,5,4,3,,3,3,3,1,7,7,7,2,7,9,0,0,,,5,2,6,5,0,0,,0,7,2,7,9,0,3,10,0,5,9,1,"M","M",0,"Right",0,1,0,1,2,1.1984
"0000000291",42,1,8,"Postgraduate","Married",1,"White collar",5,1,1,0,2,"Kronoberg","Götaland",3,4,5,5,1,1,1,1,1,10,3,3,3,4,3,4,1,3,3,3,3,3,4,5,5,3,2,2,3,3,1,3,7,7,10,0,2,1,9,1,5,6,10,0,1,1,10,0,1,6,4,10,10,0,6,10,2,8,5,1,"S","C",1,"Left",0,0,1,0,2,0.7658
"0000000413",38,1,7,"Bachelor","Single",1,"White collar",5,3,1,0,3,"Stockholm","Svealand",2,4,5,5,2,3,1,2,2,9,3,3,2,3,2,3,2,2,2,2,4,3,3,4,3,3,1,3,2,3,1,4,6,7,4,6,9,3,3,8,2,6,4,7,10,4,1,9,1,6,4,10,8,0,5,8,2,7,8,1,"M","M",0,"Right",0,1,0,1,2,1.073
"0000001878",73,0,3,"No degree","Married",0,"White collar",2,2,1,0,2,"Västra Götaland","Götaland",4,5,5,5,4,3,4,4,2,9,3,3,2,3,3,3,2,3,3,3,4,3,3,5,4,3,3,2,3,3,1,7,7,0,4,7,10,0,6,9,0,7,7,9,9,6,6,6,1,7,4,10,9,0,5,9,1,6,9,1,"M","M",0,"Right",0,1,0,1,2,0.7541
"0000001994",72,1,3,"No degree","Married",0,"Worker",1,2,1,0,2,"Västmanland","Svealand",2,4,5,3,1,3,,,,,,,,,,,,,,2,,,3,5,3,2,3,3,4,3,1,0,0,7,10,0,5,8,5,5,5,5,10,0,3,5,5,3,5,5,2,10,10,0,5,8,2,8,2,,,"S",,,,,,0,1,0.7489
"0000001517",54,0,3,"No degree","Single",0,"Self-employed",1,1,1,0,2,"Kalmar","Götaland",,4,2,4,4,2,1,1,3,7,3,3,3,3,2,3,2,3,3,2,3,4,3,5,4,2,3,3,4,3,,7,0,0,6,2,8,2,8,7,2,6,7,3,8,5,9,7,4,5,3,10,8,0,5,7,2,5,,1,"M","C",1,"Right",0,1,0,0,2,1.1008
"0000002168",66,0,6,"No degree","Married",1,"Worker",1,1,0,,4,"Skåne","Götaland",4,5,3,5,1,2,1,5,5,3,1,1,3,4,2,4,1,3,1,1,4,2,1,2,1,1,3,3,3,3,1,3,0,0,10,0,0,8,8,0,9,0,10,0,0,9,10,0,9,0,0,10,10,0,5,10,2,10,0,1,"S","S",0,"Left",0,0,1,1,2,0.6234
"0000000056",59,0,3,"No degree","Single",0,"White collar",4,1,1,0,2,"Jönköping","Götaland",,,,,,,2,3,4,7,3,2,2,3,2,3,2,2,4,2,4,4,3,5,3,2,3,3,2,4,1,,,,5,1,9,3,2,9,1,6,6,2,8,2,2,8,0,3,3,9,10,0,3,8,2,8,8,1,"KD","L",1,"Right",0,1,0,0,2,1.1008
"0000002563",90,0,3,"No degree","Widowed",0,"White collar",2,2,1,0,1,"Skåne","Götaland",3,4,5,5,5,2,4,5,2,8,3,3,3,3,2,1,1,3,3,1,3,4,3,5,,,3,4,4,3,0,7,0,0,,,,,,,,,,,,,,,,,0,9,10,0,1,8,1,,8,1,"SD",,,"Right",1,1,0,0,,0.821
"0000000272",72,1,7,"Bachelor","Divorced",0,"White collar",2,1,1,0,2,"Värmland","Svealand",3,4,5,4,4,4,3,3,3,8,3,3,2,3,2,2,2,3,3,3,3,3,3,5,5,3,3,3,4,3,1,5,6,0,5,8,9,3,6,4,2,6,8,8,9,1,5,6,1,4,4,9,9,4,2,9,1,7,,1,"M","M",0,"Right",0,1,0,1,2,0.6191
"0000002788",22,0,6,"No degree","Single",0,,1,1,1,0,1,"Värmland","Svealand",3,5,3,2,1,3,1,3,5,7,2,1,3,4,1,1,2,1,3,3,,1,1,3,1,3,4,3,3,2,0,0,1,5,0,1,5,7,3,0,8,1,2,0,4,3,3,0,3,0,9,0,9,1,6,7,2,4,3,1,,"MP",,,,,,0,,1.7851
"0000001390",56,1,6,"No degree","Married",0,"Self-employed",4,2,1,0,1,"Jönköping","Götaland",3,4,2,4,5,4,4,4,4,4,2,2,2,2,2,2,1,2,3,3,4,3,3,5,4,2,2,3,3,2,1,5,0,7,3,10,9,0,0,1,3,3,3,8,9,0,0,5,1,1,1,9,9,0,0,1,1,5,9,1,"SD","M",1,"Right",1,1,0,0,2,1.1901
"0000000268",31,1,7,"Bachelor","Single",1,"White collar",4,3,1,0,1,"Västernorrland","Norrland",3,4,5,3,3,1,1,1,1,8,3,3,2,3,3,3,3,3,3,2,3,4,3,4,5,2,2,2,3,2,1,6,5,5,10,0,3,6,10,0,6,5,10,0,3,6,10,0,3,4,2,8,10,0,4,10,4,5,4,1,"C","S",1,"Left",0,0,0,1,2,1.073
"0000001669",53,1,6,"No degree","Married",1,"Worker",4,4,1,0,2,"Västernorrland","Norrland",2,3,5,3,2,3,1,3,3,8,3,4,4,4,2,3,2,3,4,3,4,3,3,4,3,3,4,3,4,3,1,5,4,0,5,5,5,5,5,5,5,5,8,0,3,3,7,2,5,5,2,10,9,0,5,8,4,5,3,1,"S","S",0,"Left",0,0,1,0,,0.9037
"0000002395",74,1,4,"No degree","Married",1,"White collar",2,1,1,0,1,"Västerbotten","Norrland",2,4,5,3,2,3,1,1,3,8,3,3,3,3,,3,1,3,3,4,,3,3,5,3,2,3,4,4,3,1,7,7,0,8,0,4,5,8,2,5,5,7,0,5,5,9,2,4,5,,,,,,,,,,1,,,,,,,,1,2,0.8153
"0000000252",36,1,8,"Postgraduate","Married",1,"Worker",5,1,1,0,1,"Kalmar","Götaland",3,4,5,4,2,4,1,5,2,8,2,3,3,3,3,2,2,3,4,2,4,4,3,4,4,2,1,1,2,2,0,7,7,7,8,0,0,10,7,1,7,3,8,0,0,10,10,0,7,1,5,10,9,1,6,8,4,8,2,1,"V","V",0,"Left",0,0,0,1,2,1.073
"0000001238",54,0,3,"No degree","Single",1,"Self-employed",2,1,1,0,2,"Västerbotten","Norrland",2,4,5,4,4,3,1,1,3,9,3,3,3,3,3,3,2,3,4,2,3,3,3,5,4,3,3,3,3,,1,1,1,4,7,5,7,5,5,5,5,5,5,5,5,5,5,5,5,5,2,8,8,2,2,3,3,3,6,1,"M",,,"Right",0,1,0,0,,1.1008
"0000000025",31,0,8,"Postgraduate","Married",1,"White collar",5,2,1,0,2,"Västra Götaland","Götaland",3,4,5,5,2,1,1,2,1,8,3,,3,4,2,3,2,3,3,2,4,3,4,5,5,3,3,3,3,3,1,0,0,0,9,0,4,3,8,2,3,2,10,2,6,3,8,2,3,1,4,5,6,2,5,7,3,7,4,1,"S","S",0,"Left",0,0,1,1,3,1.0805
"0000000249",49,1,8,"Postgraduate","Single",1,"White collar",5,1,1,0,4,"Stockholm","Svealand",2,4,5,5,1,1,1,1,1,9,3,3,4,3,2,4,1,2,2,2,3,2,3,5,5,3,3,3,3,3,1,7,0,6,7,0,3,1,6,1,6,5,9,0,3,2,6,2,5,5,5,6,8,1,6,9,2,7,5,1,"MP","L",1,"Left",0,0,0,0,,0.7658
"0000000247",37,1,8,"Postgraduate","Single",1,"White collar",5,2,1,0,2,"Västernorrland","Norrland",4,5,4,5,2,2,1,2,1,7,4,4,2,3,2,2,2,2,3,2,3,3,3,4,4,3,2,2,3,3,0,5,7,7,7,8,8,0,0,6,6,5,10,9,9,0,0,5,0,5,5,6,8,0,5,6,3,5,5,1,"SD","SD",0,"Right",1,1,0,0,1,1.073
"0000000358",53,0,9,"Postgraduate","Married",1,"White collar",5,2,1,0,2,"Uppsala","Svealand",3,5,5,5,2,1,1,2,1,10,4,4,4,4,3,4,2,2,3,2,3,4,4,5,3,3,4,3,3,3,1,7,7,7,3,0,6,4,7,0,3,9,8,0,6,8,9,0,5,8,4,6,8,0,7,9,2,6,6,1,"C","L",1,"Left",0,0,0,1,3,0.7896
"0000000245",65,1,8,"Postgraduate","Married",1,"White collar",5,6,1,0,2,"Värmland","Svealand",3,4,5,4,2,3,2,3,2,9,4,4,4,4,3,3,2,3,3,2,4,4,4,5,5,3,4,4,4,3,1,6,5,5,6,5,5,5,5,6,5,5,6,5,4,3,4,5,5,5,4,8,7,3,5,7,4,6,5,1,"S","KD",1,"Left",0,0,1,1,2,0.5247
"0000001608",31,0,4,"No degree","Single",0,"Worker",2,1,1,0,1,"Västra Götaland","Götaland",2,1,5,1,5,1,1,1,1,9,1,1,1,1,1,1,1,2,3,3,,3,3,3,3,3,1,3,3,3,0,5,0,0,3,5,5,0,5,5,0,4,0,5,5,0,0,5,0,4,5,5,5,5,5,5,5,5,5,1,,,,,,,,0,,1.6791
"0000001718",39,0,,,"Single",,,,,1,0,,"Västra Götaland","Götaland",3,,,,,,,,,,,,,,,,,,,,,,,,,,,,,,,,,,,,,,,,,,,,,,,,,,,,,,,,,,,,,,,,,,,,,1.6791
"0000001639",47,1,5,"No degree","Married",1,"Worker",5,2,1,1,2,"Stockholm","Svealand",2,4,5,5,2,4,4,5,2,8,3,3,3,4,2,2,1,3,3,2,2,2,3,4,4,3,3,3,4,3,1,0,7,5,9,0,9,0,1,2,1,1,9,8,0,0,2,5,2,2,8,5,8,1,10,6,4,7,8,1,"S","S",0,"Left",0,0,1,1,1,1.0931
"0000002845",66,0,5,"No degree","Married",0,"Worker",2,1,0,,2,"Västra Götaland","Götaland",3,5,5,5,3,3,1,3,5,10,4,4,4,3,2,2,1,4,3,3,3,4,4,5,5,3,3,4,5,3,1,6,5,0,10,0,2,9,3,1,8,2,10,0,2,9,3,1,,2,2,10,9,1,4,9,4,7,,1,"S","S",0,"Left",0,0,1,1,2,0.6234
"0000002831",77,0,8,"Postgraduate","Married",0,"Self-employed",4,2,1,0,2,"Skåne","Götaland",2,5,5,5,5,3,2,4,4,8,3,2,3,3,2,2,2,1,3,2,3,3,3,4,5,3,4,4,3,1,0,7,7,7,4,0,7,3,4,3,0,8,8,0,4,9,7,2,0,10,3,10,9,0,5,10,2,6,5,1,"L",,,"Right",0,1,0,0,2,0.5283
"0000000232",42,1,8,"Postgraduate","Single",1,"White collar",5,1,1,0,2,"Västerbotten","Norrland",4,5,4,4,4,1,1,4,2,8,3,3,3,3,3,3,2,3,3,3,4,4,3,5,5,2,2,2,4,3,1,2,7,7,9,0,5,5,9,0,9,5,10,0,3,4,10,0,8,5,5,5,9,1,7,10,5,7,5,1,"S","S",0,"Left",0,0,1,1,3,0.7658
"0000000231",48,1,8,"Postgraduate","Divorced",1,"White collar",3,1,1,1,2,"Örebro","Svealand",3,5,5,5,1,3,1,1,1,9,3,3,3,3,2,3,2,3,3,3,4,3,3,5,4,2,2,4,3,3,0,0,7,7,8,0,3,4,6,1,6,3,8,1,6,6,7,1,7,5,4,10,8,1,6,9,3,7,5,1,"S","C",1,"Left",0,0,1,0,,0.7658
"0000000506",29,1,7,"Bachelor","Single",1,"White collar",2,1,1,1,2,"Kalmar","Götaland",3,3,4,3,3,1,1,4,3,6,3,3,3,3,2,4,2,3,3,5,3,3,1,4,5,1,1,3,2,3,1,1,7,7,8,0,0,9,6,0,9,2,9,0,0,9,8,0,9,0,5,8,10,1,8,10,1,8,1,1,"V","V",0,"Left",0,0,0,1,2,1.073
"0000002781",70,0,,,"Married",1,"Worker",1,,0,1,3,"Stockholm","Svealand",3,5,5,5,5,3,1,1,3,8,2,2,3,2,3,1,1,1,2,1,4,4,3,3,5,3,,2,3,2,,5,5,6,0,5,10,0,5,5,0,5,0,5,10,0,5,5,0,5,0,10,8,0,3,7,3,7,8,1,"M","M",0,"Right",0,1,0,1,3,0.7541
"0000000218",40,1,8,"Postgraduate","Single",1,"White collar",5,1,1,0,1,"Skåne","Götaland",3,4,5,5,2,1,1,3,3,10,4,4,4,4,3,4,1,4,3,2,4,3,3,5,5,2,3,3,3,3,0,2,,,10,0,2,7,7,0,10,3,10,0,1,5,7,0,9,1,5,8,10,0,5,10,4,6,4,1,"S","MP",1,"Left",0,0,1,0,2,1.073
"0000002188",68,1,7,"Bachelor","Married",0,,,1,1,0,2,"Kalmar","Götaland",3,4,5,4,5,3,1,4,3,7,3,3,3,3,3,3,2,3,2,1,3,3,3,4,2,2,3,2,3,2,1,6,6,0,5,5,5,5,5,8,5,5,8,7,2,1,2,8,0,7,,,,,,,,,,1,"KD","S",1,"Right",0,1,0,0,1,0.5247
"0000002667",91,1,2,"No degree","Widowed",1,,1,2,1,,2,"Stockholm","Svealand",2,2,5,,,,1,1,3,6,2,3,1,2,3,3,,2,2,1,4,3,3,4,4,,3,2,,,1,7,0,0,8,,,,,,,,10,,,,,,,,,,,,,,,,,1,"S","S",0,"Left",0,0,1,1,2,0.7489
"0000000214",56,1,8,"Postgraduate","Divorced",1,"White collar",4,2,1,1,4,"Skåne","Götaland",3,4,5,5,1,2,1,,1,8,3,3,3,3,2,4,1,3,3,1,3,3,3,4,5,2,2,2,2,4,0,5,0,0,8,0,2,6,7,1,8,5,,,,,,,,,3,9,9,1,5,10,3,5,2,1,"MP","MP",0,"Left",0,0,0,1,2,0.7658
"0000000210",63,0,7,"Bachelor","Married",0,"Self-employed",5,1,1,1,3,"Stockholm","Svealand",3,5,5,5,1,2,1,1,1,10,3,3,3,4,3,3,1,4,3,1,4,3,4,5,4,2,2,4,3,3,1,3,3,0,9,0,1,5,5,0,8,3,9,0,1,3,7,0,7,0,4,10,8,0,7,10,4,7,4,1,"S","S",0,"Left",0,0,1,1,2,0.7712
"0000001534",44,0,5,"No degree","Single",1,"Worker",3,1,1,0,1,"Örebro","Svealand",3,5,5,5,4,3,4,4,4,5,2,2,2,3,2,2,2,1,2,1,4,4,3,4,4,2,3,2,3,3,1,3,1,5,2,9,8,0,3,8,0,7,2,9,9,0,2,9,0,8,4,9,8,0,3,8,1,7,8,1,"SD","SD",0,"Right",1,1,0,1,2,1.1008
"0000000208",31,1,,,"Married",,,,,1,0,,"Västra Götaland","Götaland",3,4,,,,,,,,,,,,,,,,,,,,,,,,,,,,,,1,2,7,,,,,,,,,,,,,,,,,,,,,,,,,,,,,,,,,,,,1.6674
"0000001047",55,1,5,"No degree","Single",1,,2,2,1,1,1,"Halland","Götaland",4,5,5,5,2,1,1,4,4,7,3,3,2,3,2,3,2,3,3,1,,2,3,5,5,2,1,3,3,3,1,5,2,7,7,0,0,10,2,0,7,3,9,0,0,8,2,0,6,1,6,10,10,1,7,10,7,8,0,1,,,,,,,,0,2,0.9037
"0000002780",73,1,3,"No degree","Widowed",0,"Worker",2,1,1,0,,"Gävleborg","Norrland",2,3,5,5,1,1,1,4,2,8,2,2,2,3,1,2,1,,,2,,2,3,4,3,2,2,4,4,2,0,7,0,0,5,5,0,2,1,0,1,0,8,5,0,0,0,0,0,0,,,,,,,,,,0,,,,,,,,1,2,0.7489
"0000000406",31,1,,,"Single",,,,,1,0,,"Gävleborg","Norrland",3,4,5,3,2,1,,,,,,,,,,,,,,,,,,,,,,,,,,0,7,5,,,,,,,,,,,,,,,,,,,,,,,,,,,,,,,,,,,,1.073
"0000000202",27,0,6,"No degree","Single",1,"White collar",5,2,1,0,2,"Västra Götaland","Götaland",3,5,5,5,5,3,4,4,5,10,2,2,1,4,2,3,3,1,3,1,4,2,2,4,4,3,2,3,3,3,1,6,7,7,6,6,8,2,5,6,1,7,8,8,8,7,1,5,0,4,4,8,8,0,4,7,2,6,5,1,"M","L",1,"Right",0,1,0,0,1,1.275
"0000001405",74,1,2,"No degree","Divorced",0,"Worker",1,3,1,1,2,"Halland","Götaland",2,3,3,3,3,3,3,4,5,9,3,3,2,2,2,3,2,3,,1,3,4,3,5,3,3,4,3,3,2,1,4,0,0,,,,,,,,,,,,,,,,,,,,,,,,,,1,"S","S",0,"Left",0,0,1,0,2,0.7489
"0000000897",54,1,6,"No degree","Married",1,"White collar",5,1,1,0,4,"Uppsala","Svealand",2,4,5,5,2,2,1,1,3,10,4,4,3,3,3,3,2,3,3,2,3,3,3,5,5,3,2,3,3,3,1,5,2,6,8,2,8,2,9,6,5,9,8,5,8,1,8,7,2,7,5,10,9,0,6,9,4,7,7,1,"L",,,"Right",0,1,0,0,,0.9037
"0000002641",78,1,3,"No degree","Single",1,"White collar",1,1,0,,4,"Stockholm","Svealand",3,3,5,5,4,1,2,,,8,3,4,4,3,3,4,2,3,3,1,3,3,3,4,3,3,2,3,3,3,1,7,,,9,0,0,9,4,0,7,5,9,0,1,6,1,2,6,5,5,10,8,1,6,10,5,5,2,1,"V","S",1,"Left",0,0,0,0,2,0.7489
"0000000196",55,0,7,"Bachelor","Single",1,"White collar",4,1,1,0,2,"Skåne","Götaland",3,5,5,4,1,2,1,2,1,9,4,3,3,3,2,3,1,3,3,2,3,2,3,4,4,2,3,4,4,3,0,3,0,0,7,0,2,6,6,1,6,5,8,0,1,8,8,0,7,6,3,10,8,1,8,9,2,6,4,1,"S","L",1,"Left",0,0,1,,1,0.7712
"0000000195",47,0,7,"Bachelor","Married",1,"White collar",3,1,1,0,1,"Uppsala","Svealand",,4,5,4,2,1,1,1,1,9,4,4,3,4,3,3,1,4,4,3,4,3,3,5,5,,3,3,4,3,,4,3,0,8,0,4,1,5,1,,7,8,3,7,8,9,2,5,5,4,9,7,3,5,7,4,6,4,1,"S","S",0,"Left",0,0,1,0,,0.91
"0000000194",39,1,8,"Postgraduate","Married",1,"White collar",4,1,1,0,2,"Västernorrland","Norrland",3,4,5,4,4,3,4,4,4,9,2,3,4,3,3,3,2,2,2,2,3,3,4,4,4,3,2,2,3,4,1,0,7,7,2,0,7,0,8,6,4,6,4,8,0,2,10,9,2,5,4,6,9,1,5,8,3,7,7,1,"C","C",0,"Left",0,0,0,0,2,1.073
"0000000193",59,0,6,"No degree","Married",0,"Self-employed",5,1,1,0,3,"Södermanland","Svealand",4,5,5,5,4,4,4,5,4,8,3,3,2,3,2,3,1,1,2,4,4,4,3,5,5,3,3,4,4,3,1,7,7,0,,,,,,,,,5,10,10,5,3,10,0,7,3,7,9,0,3,8,0,5,9,1,"M","M",0,"Right",0,1,0,1,2,0.91
"0000001432",31,0,5,"No degree","Single",0,"Worker",5,1,1,0,2,"Skåne","Götaland",3,4,5,5,2,1,1,4,1,9,3,3,4,3,2,3,1,3,3,2,4,3,3,3,5,2,2,3,3,2,0,3,7,7,9,3,1,0,5,4,4,7,10,8,0,0,6,0,6,10,3,5,10,0,6,7,1,7,3,1,"S","M",1,"Left",0,0,1,1,2,1.275
"0000000191",35,0,8,"Postgraduate","Married",1,,5,1,1,0,2,"Östergötland","Götaland",3,4,5,5,3,4,5,5,3,9,3,3,3,4,2,3,1,1,1,2,3,4,4,5,5,3,3,1,3,3,,5,7,7,2,8,9,0,3,,,9,5,6,8,4,5,10,0,10,3,5,8,0,3,8,1,6,8,1,"L","L",0,"Right",0,1,0,1,2,1.0805
"0000000188",57,0,8,"Postgraduate","Single",0,"White collar",5,1,1,0,3,"Stockholm","Svealand",3,4,4,5,2,1,2,4,2,8,2,2,3,3,2,3,2,2,2,1,3,2,3,4,5,3,3,2,3,3,0,2,7,0,2,1,9,1,3,4,1,8,7,2,5,5,2,2,1,6,3,5,7,2,4,8,3,6,6,1,"M","M",0,"Right",0,1,0,0,2,0.7712
"0000000668",42,0,7,"Bachelor","Married",1,"White collar",5,1,1,0,2,"Skåne","Götaland",3,4,4,2,3,4,2,3,2,8,2,3,2,3,2,3,1,3,3,1,3,2,3,5,3,3,2,2,3,3,0,1,5,3,8,5,8,2,7,3,5,,6,6,7,1,8,3,2,1,3,9,8,1,5,7,4,7,6,1,"M","C",1,"Right",0,1,0,0,1,0.7712
"0000002201",74,1,5,"No degree","Divorced",,,2,2,1,0,1,"Östergötland","Götaland",2,3,,3,3,3,3,3,3,,3,3,3,3,3,3,3,4,3,1,,4,3,5,3,3,3,3,3,3,1,7,0,,,,,7,,,,,,,,,,,,,,,,,,,,,,1,,,,,,,,,,0.8153
"0000001939",84,0,8,"Postgraduate","Married",0,"White collar",3,1,1,0,1,"Östergötland","Götaland",3,4,5,4,3,3,3,3,3,10,3,3,3,2,3,3,1,3,3,1,3,3,3,5,4,3,3,3,3,3,0,7,0,0,5,2,9,1,5,5,0,3,7,5,9,1,5,5,1,5,5,4,8,2,3,8,1,6,9,1,"M","M",0,"Right",0,1,0,0,2,0.5283
"0000000178",58,0,8,"Postgraduate","Married",1,"White collar",5,1,1,0,3,"Stockholm","Svealand",3,5,5,5,1,1,1,1,2,8,3,2,4,4,3,4,1,2,3,4,4,4,4,5,4,4,3,3,3,3,1,7,7,0,5,0,8,0,3,5,0,7,5,0,7,0,3,7,0,7,3,4,8,0,3,9,0,8,7,1,"M","C",1,"Right",0,1,0,0,2,0.7712
"0000000176",62,0,8,"Postgraduate","Married",1,"White collar",5,1,1,0,1,"Skåne","Götaland",3,5,5,3,3,3,1,1,1,5,4,3,3,2,2,2,1,2,4,2,,2,2,4,5,1,1,4,4,3,1,5,0,0,10,10,7,2,2,7,0,5,10,10,5,2,2,8,0,6,6,6,7,0,5,7,0,5,6,1,,,,,,,,0,2,0.7712
"0000000187",58,0,4,"No degree","Married",1,"White collar",5,2,1,0,3,"Stockholm","Svealand",3,4,5,4,1,1,1,2,3,9,3,3,4,3,3,3,2,3,3,3,4,4,4,5,4,3,3,2,4,3,1,3,7,2,9,3,7,8,8,6,8,8,9,3,7,5,8,4,8,7,2,10,8,0,5,8,3,5,2,1,"S","S",0,"Left",0,0,1,0,2,0.91
"0000000164",44,1,8,"Postgraduate","Single",1,"White collar",5,2,1,0,2,"Östergötland","Götaland",3,4,5,5,1,3,1,2,4,9,3,3,4,4,3,3,2,3,4,2,4,4,4,5,4,2,3,4,3,4,1,0,,3,8,1,2,5,6,2,10,5,10,5,4,6,10,3,7,5,4,5,8,1,5,8,3,6,3,1,"MP","MP",0,"Left",0,0,0,1,3,0.7658
"0000002257",85,1,3,"No degree","Widowed",0,,1,2,1,0,2,"Västmanland","Svealand",,3,5,3,3,1,1,1,1,8,3,3,3,3,3,3,3,3,3,2,3,3,3,5,4,3,3,4,4,4,0,7,7,7,9,5,7,7,8,6,8,7,9,5,7,7,8,6,7,7,2,9,9,0,5,9,1,7,3,1,"S","S",0,"Left",0,0,1,,2,0.7489
"0000001789",102,1,6,"No degree","Widowed",,,,1,1,,4,"Stockholm","Svealand",3,4,5,5,1,2,1,3,1,10,4,3,4,2,,3,,3,,,4,1,3,3,3,,2,4,4,3,0,7,0,0,9,0,2,2,5,2,7,5,9,0,0,5,7,0,5,6,2,10,9,1,5,9,5,6,4,1,"S","S",0,"Left",0,0,1,1,2,0.5247
"0000000592",30,1,8,"Postgraduate","Single",0,"White collar",3,1,1,0,3,"Stockholm","Svealand",3,5,5,5,1,1,2,3,3,9,3,3,4,4,3,2,1,3,4,2,4,3,4,5,5,2,4,3,3,3,1,0,7,7,8,0,3,3,10,1,3,6,9,0,0,0,10,0,5,6,3,10,8,0,5,9,3,6,5,1,"C","C",0,"Left",0,0,0,1,2,1.073
"0000001133",44,1,7,"Bachelor","Married",1,"White collar",3,2,1,0,2,"Kronoberg","Götaland",3,4,5,5,1,2,1,2,3,9,3,3,3,3,2,3,2,3,3,2,2,1,3,5,4,3,2,4,3,3,1,0,7,7,5,0,6,5,6,8,6,6,7,2,5,9,3,3,6,6,3,7,8,1,,7,1,7,5,1,"KD","KD",0,"Right",0,1,0,0,1,0.7658
"0000000609",43,0,8,"Postgraduate","Married",1,"White collar",5,1,1,0,4,"Västra Götaland","Götaland",3,5,5,5,1,1,1,2,1,9,4,4,4,4,3,4,2,4,4,2,4,4,4,5,5,3,4,4,3,2,1,7,7,0,9,0,5,4,9,3,7,6,8,0,3,5,8,3,5,5,2,8,8,0,5,10,2,6,3,1,"S","S",0,"Left",0,0,1,0,2,0.7712
"0000000811",36,1,7,"Bachelor","Married",1,"Worker",4,1,1,0,2,"Östergötland","Götaland",3,4,4,5,2,1,1,4,2,7,3,4,4,3,2,3,1,2,3,1,3,2,3,4,5,2,2,2,3,3,1,,,,9,0,2,2,5,1,8,2,10,0,2,1,7,4,6,5,3,10,8,0,6,9,2,,,1,"S","S",0,"Left",0,0,1,1,3,1.073
"0000000122",56,1,7,"Bachelor","Single",1,"White collar",4,1,1,0,2,"Dalarna","Svealand",3,5,5,1,1,1,1,1,2,9,4,4,4,3,3,3,2,3,3,2,3,3,3,4,5,3,3,3,4,3,1,3,7,7,8,0,6,2,8,4,2,8,9,0,2,2,8,3,2,7,4,10,8,0,7,8,2,6,5,1,"S","M",1,"Left",0,0,1,0,2,0.7658
"0000000293",65,1,8,"Postgraduate","Divorced",1,"White collar",1,3,1,0,2,"Östergötland","Götaland",3,5,5,5,4,1,5,5,3,6,2,2,2,2,2,4,4,2,3,1,4,4,3,5,3,2,3,3,4,1,1,1,2,2,3,0,9,0,6,3,3,5,3,0,9,0,6,0,0,1,0,10,10,0,5,5,0,5,10,1,"M","M",0,"Right",0,1,0,,,0.6191
"0000002147",84,0,3,"No degree","Married",0,"White collar",1,1,1,,2,"Gävleborg","Norrland",3,5,5,4,2,3,2,3,5,8,2,2,1,3,2,2,1,2,3,2,3,3,2,3,2,3,2,3,4,3,0,4,3,0,8,0,1,0,0,0,0,0,6,0,0,0,0,0,0,0,0,10,10,0,5,10,0,10,2,1,"S","S",0,"Left",0,0,1,1,2,0.821
"0000002123",18,0,3,"No degree","Single",0,,5,1,1,0,2,"Örebro","Svealand",3,4,5,4,2,1,1,3,3,7,3,3,3,4,2,3,3,3,1,3,4,3,,2,5,2,3,2,3,3,1,3,4,7,8,0,,10,5,1,9,1,9,0,0,10,8,0,9,1,,10,10,1,6,9,2,8,1,1,"V",,,"Left",0,0,0,1,2,2.2763
"0000000721",33,1,7,"Bachelor","Single",1,"White collar",4,1,1,0,4,"Västra Götaland","Götaland",3,5,5,5,3,1,1,3,5,5,2,2,2,3,1,2,2,2,2,2,3,3,3,5,2,2,1,2,3,2,,0,3,6,9,0,2,9,8,0,9,8,5,0,3,7,5,0,1,3,3,10,6,0,4,9,1,5,2,1,"S","S",0,"Left",0,0,1,1,2,1.073
"0000000117",58,1,8,"Postgraduate","Married",1,"Worker",4,3,1,0,1,"Skåne","Götaland",2,4,5,4,4,1,1,1,2,8,3,3,3,4,3,4,2,2,2,1,2,3,3,4,4,2,2,3,3,3,1,6,6,0,6,5,8,0,5,4,2,9,7,6,8,0,5,3,0,9,5,6,10,0,7,6,5,8,8,1,"L","L",0,"Right",0,1,0,0,2,0.7658
"0000000888",61,0,,,"Married",,,,,1,0,,"Stockholm","Svealand",3,4,5,,,,1,,,9,3,,,,,,,3,3,,,3,,,4,,,,,,,2,,,,,,,,,,,,,,,,,,,,,,,,,,,,1,,,,,,,,,,1.1008
"0000000114",37,1,8,"Postgraduate","Married",1,"Worker",5,6,1,0,4,"Västra Götaland","Götaland",3,4,4,3,1,3,1,1,1,9,3,3,4,4,3,4,2,2,3,1,4,4,3,5,5,3,2,3,3,4,1,3,0,7,,,,,,,,,8,0,5,1,5,10,0,4,4,10,10,0,6,9,1,9,8,1,"KD","KD",0,"Right",0,1,0,1,2,1.073
"0000000113",41,0,8,"Postgraduate","Divorced",1,"White collar",3,1,1,0,2,"Skåne","Götaland",3,5,5,5,2,4,1,4,3,10,4,4,4,4,4,4,1,4,4,2,4,4,4,5,5,4,2,4,4,,1,6,,,8,0,2,6,4,1,5,4,10,0,1,2,9,0,5,5,2,10,8,0,7,10,4,7,2,1,"S","S",0,"Left",0,0,1,1,3,0.7712
"0000002385",83,0,2,"No degree","Single",1,"Farmer",2,1,1,0,1,"Södermanland","Svealand",3,4,5,5,1,3,1,1,1,10,4,4,4,4,2,2,2,3,3,2,3,3,3,5,5,2,4,4,5,5,0,1,0,0,0,0,0,0,6,0,0,6,6,0,1,0,6,0,6,6,0,0,7,0,,7,4,4,9,1,"C",,,"Left",0,0,0,0,1,0.7541
"0000002343",39,0,8,"Postgraduate","Single",0,"Worker",5,1,1,0,1,"Skåne","Götaland",4,1,5,5,1,1,1,5,1,7,2,2,4,4,,3,1,3,3,2,3,2,3,5,3,2,3,3,3,3,1,0,0,0,8,0,2,9,7,0,8,3,5,5,5,5,5,5,5,5,4,7,7,0,4,8,2,5,2,1,"V",,,"Left",0,0,0,0,2,1.275
"0000000107",51,1,8,"Postgraduate","Single",,"White collar",3,2,1,0,4,"Östergötland","Götaland",3,4,5,5,1,1,1,1,1,8,3,3,3,3,3,2,2,3,3,2,3,4,3,4,4,2,3,3,3,3,0,3,1,7,9,0,1,6,4,0,6,1,8,0,0,6,7,0,6,1,3,10,10,1,6,10,2,9,3,1,"S","S",0,"Left",0,0,1,0,1,0.7658
"0000000106",50,1,8,"Postgraduate","Married",1,"White collar",5,1,1,0,2,"Halland","Götaland",3,5,5,5,1,1,1,1,1,10,4,4,4,4,3,4,2,4,4,2,4,4,4,5,5,3,4,3,5,5,1,5,7,7,10,0,3,8,8,1,8,3,10,0,1,6,10,0,5,5,3,10,9,2,,10,4,6,4,1,"S","S",0,"Left",0,0,1,1,2,0.7658
"0000002815",86,0,2,"No degree","Married",0,"Self-employed",1,6,1,,2,"Jönköping","Götaland",3,4,5,4,3,4,3,,,10,2,3,2,2,3,3,3,2,2,4,,3,3,4,5,3,4,4,4,4,0,7,5,5,2,7,10,1,8,10,1,9,3,8,8,4,6,9,2,7,0,8,9,0,8,9,1,8,10,1,,,,,,,,1,2,1.1092
"0000000528",48,0,8,"Postgraduate","Single",0,,5,1,1,0,4,"Stockholm","Svealand",3,4,5,5,2,5,4,2,1,10,2,2,2,2,2,2,1,1,3,2,,3,4,5,2,4,2,2,5,5,1,1,4,3,2,6,6,0,1,6,0,6,3,6,5,1,1,6,0,5,5,5,7,0,2,7,0,5,7,1,,,,,,,,0,1,0.7712
"0000000103",42,0,4,"No degree","Married",1,"White collar",5,2,1,0,3,"Uppsala","Svealand",3,4,4,5,2,3,4,4,4,7,3,3,2,3,3,3,2,4,4,1,3,2,4,4,4,2,1,2,3,1,1,1,5,7,7,0,8,0,5,8,,6,8,0,9,5,9,9,5,5,4,8,7,1,5,7,1,5,7,1,"KD","M",1,"Right",0,1,0,0,1,1.1984
"0000000101",37,0,5,"No degree","Single",0,"Self-employed",4,1,1,0,1,"Uppsala","Svealand",3,4,5,1,5,3,5,3,4,6,2,2,2,2,2,2,2,1,2,3,,4,2,3,5,3,2,2,2,3,1,1,1,3,0,10,10,0,0,10,0,5,0,10,10,0,0,10,0,5,0,7,7,0,4,7,0,3,8,1,,,,,,,,1,2,1.6791
"0000001175",67,0,5,"No degree","Married",1,"White collar",3,4,1,0,2,"Jönköping","Götaland",3,5,5,5,1,3,1,1,4,3,3,3,2,2,3,2,2,1,1,2,4,4,3,4,5,2,3,2,2,3,1,6,7,0,3,10,7,0,0,8,0,3,5,10,7,5,0,8,0,5,3,9,7,1,4,8,1,5,9,1,"SD","SD",0,"Right",1,1,0,1,3,0.7541
"0000000096",48,0,5,"No degree","Single",0,"White collar",5,1,1,0,3,"Stockholm","Svealand",3,5,5,5,3,3,2,2,2,10,4,4,4,4,3,3,2,3,3,2,3,3,4,5,4,3,3,3,5,4,1,5,7,3,4,5,9,2,5,8,3,9,7,5,9,2,3,8,1,9,5,10,9,2,6,9,2,8,8,1,"L","M",1,"Right",0,1,0,0,,0.91
"0000002206",75,1,5,"No degree","Married",0,"White collar",1,1,1,,1,"Västernorrland","Norrland",3,4,5,5,1,1,1,1,1,9,3,3,4,2,2,2,1,1,3,2,,4,3,4,4,2,3,3,4,3,0,6,4,2,5,5,5,0,5,5,5,0,5,5,5,5,5,5,0,5,5,5,5,5,5,5,5,5,5,1,,,,,,,,0,,0.5247
"0000000095",48,0,6,"No degree","Married",1,"White collar",4,4,1,0,1,"Blekinge","Götaland",3,4,5,5,2,3,1,1,1,9,2,3,3,4,2,3,2,3,3,4,3,3,4,4,4,3,2,3,4,3,1,5,,,8,2,2,6,4,1,1,4,8,1,1,3,6,1,2,3,4,8,8,1,7,8,2,6,4,1,"S","S",0,"Left",0,0,1,0,2,0.91
"0000002718",54,0,3,"No degree","Single",0,"Worker",,1,1,0,1,"Jönköping","Götaland",2,3,5,3,4,3,1,1,1,7,2,3,3,3,2,3,1,4,4,2,4,3,3,3,3,3,4,4,4,2,0,7,4,0,10,0,0,8,8,0,7,0,10,0,0,0,8,0,7,0,0,10,10,0,0,10,0,10,0,1,"S","S",0,"Left",0,0,1,1,2,1.5282
"0000000695",52,1,3,"No degree","Single",1,"Self-employed",4,2,1,0,3,"Stockholm","Svealand",3,5,5,1,1,1,1,1,1,9,4,3,4,3,3,3,2,3,2,2,2,2,4,5,4,3,2,3,3,1,1,4,4,5,9,0,3,4,8,0,6,7,8,2,5,6,9,2,10,7,2,10,8,0,5,10,2,7,3,1,"S","S",0,"Left",0,0,1,0,2,1.0931
"0000000086",44,1,7,"Bachelor","Married",1,"White collar",5,1,1,0,3,"Västra Götaland","Götaland",3,4,5,5,3,2,1,2,2,9,3,3,3,4,2,3,1,3,3,2,3,3,3,5,5,3,3,2,3,2,1,0,7,1,7,0,9,2,7,5,4,8,9,0,7,5,9,5,4,3,3,10,8,0,4,7,2,6,6,1,"M",,,"Right",0,1,0,0,2,0.7658
"0000000892",59,0,4,"No degree","Single",1,"White collar",3,1,1,0,4,"Västra Götaland","Götaland",2,4,5,5,2,2,2,4,3,9,3,2,4,4,2,3,2,3,3,1,3,3,4,5,3,3,3,3,4,3,0,5,7,5,4,0,5,3,5,3,3,8,6,3,5,7,8,3,3,5,5,7,8,1,4,9,2,6,6,1,"L","L",0,"Right",0,1,0,0,,0.91
"0000000078",41,0,4,"No degree","Single",1,"White collar",4,1,1,0,3,"Västra Götaland","Götaland",3,5,5,5,3,3,4,4,4,5,2,3,2,3,2,2,2,1,1,2,4,2,3,4,4,,1,2,2,3,1,0,7,7,3,9,8,0,0,6,0,4,4,9,7,0,0,7,0,8,4,7,7,0,3,8,0,6,8,1,"SD","SD",0,"Right",1,1,0,0,2,1.1008
"0000000619",29,0,8,"Postgraduate","Single",1,"White collar",3,1,1,0,1,"Västra Götaland","Götaland",2,4,5,5,1,1,1,4,4,9,3,3,3,4,2,2,2,3,3,1,3,2,3,5,3,3,3,2,3,3,1,1,1,7,7,0,2,4,6,2,3,7,8,0,6,1,5,0,3,8,2,10,9,0,4,9,3,4,4,1,"L","V",1,"Right",0,1,0,0,2,1.0805
"0000001843",20,0,3,"No degree","Single",1,"White collar",1,4,1,0,1,"Uppsala","Svealand",1,2,5,1,,1,,1,4,9,2,2,2,3,1,3,2,2,3,2,2,3,3,5,3,1,1,4,4,1,1,0,,7,0,,8,8,8,10,6,,6,0,9,6,10,10,5,5,0,9,,0,7,7,7,0,5,1,"KD","KD",0,"Right",0,1,0,,2,2.2763
"0000000463",31,0,7,"Bachelor","Married",,,2,2,1,0,2,"Västra Götaland","Götaland",1,4,5,5,1,,1,5,5,6,3,3,3,3,1,2,1,3,4,1,4,2,3,5,5,3,3,2,3,2,1,0,0,7,10,0,5,10,2,2,2,1,5,0,5,5,5,5,5,5,2,10,8,2,5,5,5,5,2,1,"V","S",1,"Left",0,0,0,0,,1.0805
"0000001199",36,1,4,"No degree","Single",1,"Worker",3,1,1,1,1,"Västernorrland","Norrland",1,3,4,3,2,3,1,4,4,6,3,3,3,4,2,3,1,2,3,3,2,3,3,5,5,3,3,2,3,2,1,0,7,7,9,6,8,1,1,7,0,3,10,8,9,1,1,6,0,6,,,,,,,,,,1,"M","S",1,"Right",0,1,0,0,,1.6674
"0000000065",45,0,8,"Postgraduate","Married",0,"White collar",5,2,1,1,3,"Västra Götaland","Götaland",2,4,5,5,4,2,4,4,4,8,2,2,2,3,2,1,2,2,3,2,2,2,3,4,1,3,3,2,2,2,1,2,2,0,8,0,6,7,5,4,5,6,4,0,1,7,6,2,5,3,4,6,7,3,6,7,5,6,6,1,"S","S",0,"Left",0,0,1,0,,0.7712
"0000000064",37,1,,,"Married",,,,,1,0,,"Halland","Götaland",1,,,,,,,,,,,,,,,,,,,,,,,,,,,,,,,,,,,,,,,,,,,,,,,,,,,,,,,,,,,,,,,,,,,,,2.1262
"0000000862",60,0,3,"No degree","Married",1,"White collar",4,1,1,0,1,"Västra Götaland","Götaland",4,5,5,5,2,1,1,1,1,9,4,4,3,4,3,3,1,4,4,2,4,2,4,5,5,2,4,3,4,4,1,6,7,0,10,0,5,7,5,0,7,3,10,0,1,7,7,0,5,0,1,10,10,0,5,10,4,7,0,1,"S","V",1,"Left",0,0,1,1,2,1.1008
"0000000019",38,1,6,"No degree","Single",0,"Self-employed",5,1,1,0,1,"Västra Götaland","Götaland",2,2,4,4,4,4,4,4,4,2,2,2,2,3,2,2,2,1,4,2,3,2,1,5,1,1,1,3,3,4,1,0,0,7,2,9,9,0,0,9,0,5,0,10,7,0,0,10,0,9,0,10,10,0,0,10,0,5,10,1,"SD","M",1,"Right",1,1,0,0,,1.6674
"0000000053",48,0,7,"Bachelor","Married",1,"White collar",1,1,0,,1,"Östergötland","Götaland",3,3,3,4,3,3,1,1,1,10,3,3,4,3,3,2,1,3,3,2,,3,3,5,5,3,3,2,3,3,1,7,7,7,7,7,9,5,7,5,5,2,8,7,7,5,5,5,5,5,,,,,,,,,7,1,"M","M",0,"Right",0,1,0,1,2,1.1008
"0000001349",20,1,4,"No degree","Single",0,"Worker",4,1,1,0,1,"Östergötland","Götaland",2,4,5,4,1,1,1,1,1,10,4,4,4,4,3,4,3,3,3,1,4,4,3,5,5,3,3,3,3,3,1,0,0,7,10,0,2,2,8,2,1,2,10,0,2,5,8,5,5,5,2,10,9,0,4,9,0,8,7,1,"S",,,"Left",0,0,1,1,2,1.7726
"0000000875",37,0,5,"No degree","Single",1,,5,1,1,0,4,"Västra Götaland","Götaland",2,4,5,3,2,3,1,1,1,10,3,3,3,3,2,3,2,3,3,2,4,4,3,5,4,2,3,3,3,3,1,1,4,4,9,0,,,7,0,9,1,9,0,0,7,10,0,8,0,3,9,9,1,5,9,2,8,3,1,"S","S",0,"Left",0,0,1,1,2,1.275
"0000002083",78,0,2,"No degree","Married",0,,1,1,1,0,1,"Västra Götaland","Götaland",3,3,3,3,5,4,5,5,3,2,2,2,1,3,2,2,1,1,2,1,4,4,1,5,3,3,1,3,3,3,1,7,7,0,,10,,,,,,,,10,,,,,,,1,7,7,0,1,5,1,3,7,1,"SD","SD",0,"Right",1,1,0,1,2,1.1092
"0000002078",74,1,3,"No degree","Married",0,"Worker",,,1,0,2,"Skåne","Götaland",2,3,3,3,4,3,1,1,1,5,3,3,2,3,1,3,1,3,4,4,3,2,3,4,4,3,3,4,4,4,0,7,,,8,3,3,3,3,3,3,3,9,4,1,1,3,1,1,4,,,,,,,,,,1,"S","S",0,"Left",0,0,1,0,1,0.7489
"0000000040",59,0,4,"No degree","Married",1,"White collar",1,2,1,0,1,"Skåne","Götaland",2,4,5,5,4,2,5,5,4,9,3,2,3,4,2,2,3,3,4,4,4,4,3,5,4,3,3,4,4,5,1,0,7,7,6,5,9,0,3,8,0,6,8,6,9,7,1,7,5,6,2,10,10,0,3,8,,6,9,1,"M","M",0,"Right",0,1,0,0,3,0.91
"0000000034",25,1,5,"No degree","Single",1,"White collar",1,3,1,0,2,"Kronoberg","Götaland",2,4,5,3,3,2,4,4,4,8,4,3,3,4,2,3,3,3,3,1,2,3,3,5,4,2,2,2,4,3,1,0,7,7,7,0,8,5,5,1,1,4,8,0,8,1,8,1,1,3,0,0,0,0,0,0,0,0,0,1,"M","C",1,"Right",0,1,0,0,,1.346
"0000000032",47,0,6,"No degree","Married",1,"White collar",5,2,1,0,2,"Gotland","Götaland",3,4,5,,1,1,1,2,1,7,4,3,3,3,3,3,2,2,3,,3,4,3,5,3,2,3,4,4,3,0,4,2,3,7,5,8,0,5,8,3,5,6,6,8,0,7,8,2,6,4,9,8,0,5,8,2,6,7,1,"M","M",0,"Right",0,1,0,0,,0.7712
"0000000028",57,1,6,"No degree","Widowed",0,"White collar",5,1,1,1,1,"Stockholm","Svealand",3,4,5,5,4,2,1,4,5,8,3,3,3,4,3,3,2,3,4,1,3,3,4,5,5,2,2,3,4,3,1,3,7,5,8,0,4,5,9,1,6,4,9,0,3,3,9,1,7,3,3,10,9,0,6,9,2,7,6,1,"S","C",1,"Left",0,0,1,1,2,0.9037
"0000000679",58,1,9,"Postgraduate","Married",0,"Self-employed",5,1,1,0,1,"Skåne","Götaland",3,5,4,5,1,4,1,5,1,5,2,2,2,3,2,2,1,1,1,1,2,2,2,4,3,3,2,3,3,3,0,1,7,0,0,2,,1,0,2,0,1,1,7,5,6,0,1,0,5,2,5,10,0,2,7,2,4,5,1,"M",,,"Right",0,1,0,0,,0.7658
"0000000508",29,1,8,"Postgraduate","Single",0,"White collar",3,1,0,,4,"Stockholm","Svealand",4,5,5,5,1,1,1,2,2,9,3,3,3,4,2,4,2,4,3,2,4,3,3,5,,3,3,2,3,3,1,5,5,7,,,,,,,,,,,,,,,,,5,6,9,1,6,9,2,8,1,1,"MP",,,"Left",0,0,0,0,2,1.073
"0000000026",35,1,8,"Postgraduate","Married",1,"White collar",5,1,1,1,1,"Dalarna","Svealand",2,4,5,4,1,1,1,4,4,10,4,4,4,4,3,3,2,3,3,1,3,3,4,5,4,2,2,3,3,3,1,0,7,7,10,0,5,10,9,0,10,3,10,1,8,9,9,2,5,5,2,10,9,0,4,8,1,8,2,1,"MP","MP",0,"Left",0,0,0,1,2,1.073
"0000000022",43,1,8,"Postgraduate","Married",1,"White collar",5,2,1,0,1,"Jönköping","Götaland",3,4,5,3,2,1,1,1,2,10,3,3,3,3,3,3,2,2,3,2,3,3,4,5,5,3,3,2,3,4,1,3,7,7,6,1,8,1,8,7,2,9,7,3,9,3,9,8,3,9,3,10,9,0,6,9,1,7,7,1,"L","L",0,"Right",0,1,0,0,2,0.7658
"0000000698",29,1,8,"Postgraduate","Single",1,"Worker",2,2,1,1,4,"Västra Götaland","Götaland",3,5,5,5,2,1,2,4,3,10,4,4,3,4,3,4,2,3,3,2,3,4,4,5,5,2,3,2,3,3,1,5,5,7,10,0,0,10,5,0,7,2,10,0,0,8,5,0,6,2,1,10,10,0,5,10,2,7,1,1,"V",,,"Left",0,0,0,1,3,2.1262
"0000000016",64,1,5,"No degree","Widowed",1,"White collar",4,2,1,0,2,"Jönköping","Götaland",3,5,5,1,1,1,2,5,1,8,3,3,3,4,2,3,2,2,3,2,4,4,3,5,5,3,3,4,4,3,1,3,7,7,5,7,7,0,6,9,0,10,8,8,8,6,7,8,3,9,6,9,9,0,5,9,3,8,8,1,"L","M",1,"Right",0,1,0,1,2,0.9037
"0000000381",59,1,8,"Postgraduate","Married",1,"White collar",5,1,1,0,1,"Jönköping","Götaland",2,4,5,2,2,1,1,1,4,10,4,3,4,4,2,3,2,3,3,1,3,4,4,5,3,2,4,4,3,3,1,0,7,7,7,0,4,2,2,4,5,3,8,0,4,1,2,6,5,4,2,6,6,0,5,6,3,5,5,1,"S","S",0,"Left",0,0,1,0,2,0.7658
"0000000023",51,0,8,"Postgraduate","Married",1,"White collar",5,1,1,0,1,"Halland","Götaland",2,4,5,5,1,4,3,3,3,7,2,2,3,3,2,3,2,2,3,2,3,2,3,5,2,3,4,2,3,4,1,3,7,7,2,5,8,0,3,6,2,5,6,7,3,0,3,6,0,6,4,5,9,1,4,7,3,6,8,1,"M","M",0,"Right",0,1,0,0,2,0.7712
"0000002152",83,1,2,"No degree","Married",0,"Worker",1,1,1,0,2,"Skåne","Götaland",3,4,5,5,3,5,5,,,8,3,3,3,3,3,2,2,3,2,4,4,3,3,5,3,3,3,3,2,3,1,7,0,0,4,10,4,4,4,4,4,4,6,10,3,0,0,6,0,6,5,5,10,1,4,10,0,10,5,1,"SD","SD",0,"Right",1,1,0,0,1,0.7489
"0000001119",29,0,5,"No degree","Single",1,"White collar",2,1,1,0,3,"Västra Götaland","Götaland",3,4,5,4,1,3,1,4,5,7,3,3,1,4,2,2,2,3,4,2,4,3,3,5,4,1,2,4,4,5,1,4,3,7,10,0,3,9,7,1,9,5,10,0,1,7,6,0,3,4,3,10,7,0,5,8,2,7,,1,"S","S",0,"Left",0,0,1,0,2,1.275
"0000002408",73,1,3,"No degree","Married",0,"White collar",2,1,1,0,2,"Stockholm","Svealand",3,5,5,5,5,5,1,1,2,10,4,4,4,4,3,3,1,3,3,1,3,3,3,5,5,2,3,4,4,3,0,0,0,0,10,0,0,10,9,0,7,6,10,0,0,9,9,0,7,4,0,10,10,0,3,10,3,3,0,1,"S","S",0,"Left",0,0,1,1,3,0.7489
"0000001434",50,1,5,"No degree","Married",1,"White collar",3,3,0,,3,"Västra Götaland","Götaland",3,3,4,5,4,3,1,1,1,8,2,2,,3,1,3,1,1,1,2,4,3,3,4,4,3,2,3,3,3,1,7,7,7,1,8,10,6,6,7,1,4,8,9,9,6,6,7,1,4,2,10,9,2,5,8,1,5,7,1,"M","M",0,"Right",0,1,0,1,2,0.9037
"0000000071",41,1,5,"No degree","Married",0,"White collar",3,2,1,0,2,"Skåne","Götaland",2,4,5,3,4,2,3,4,4,8,3,3,3,3,3,4,3,3,3,1,4,4,3,5,5,3,3,2,3,3,1,0,1,7,5,6,10,0,6,10,1,8,8,5,10,0,5,10,0,1,3,10,9,0,5,9,2,7,8,1,"KD","KD",0,"Right",0,1,0,1,2,1.1901
"0000000159",52,0,9,"Postgraduate","Single",1,"Self-employed",4,1,1,0,2,"Södermanland","Svealand",4,5,5,5,1,1,1,1,1,10,4,4,4,4,3,4,1,4,4,2,4,4,4,5,5,4,4,3,3,3,0,0,7,0,8,0,3,2,10,0,10,5,10,0,2,2,9,0,5,5,2,10,8,1,5,10,3,6,5,1,"MP",,,"Left",0,0,0,0,2,0.7896
"0000001373",54,1,7,"Bachelor","Married",0,"White collar",5,,0,,2,"Stockholm","Svealand",3,5,5,4,2,2,4,4,4,8,3,,2,2,3,3,1,1,2,2,3,3,3,5,5,3,4,2,3,3,1,6,6,0,6,10,10,0,0,10,0,8,7,10,10,0,0,10,1,9,5,6,8,0,4,8,0,5,8,1,"SD","M",1,"Right",1,1,0,0,,1.1901
"0000000038",37,0,4,"No degree","Single",1,"White collar",4,1,1,0,2,"Västernorrland","Norrland",2,4,5,3,2,1,4,4,3,8,3,3,2,3,2,2,2,3,3,2,4,4,3,5,3,2,3,2,3,4,1,1,7,7,8,0,7,5,8,5,5,5,7,0,6,6,6,5,5,5,3,9,7,0,5,8,5,7,4,1,"S",,,"Left",0,0,1,0,,1.6791
"0000001550",78,0,7,"Bachelor","Married",1,"White collar",3,2,1,0,1,"Västra Götaland","Götaland",3,4,5,5,1,1,1,1,1,8,4,3,4,2,2,3,,3,3,4,4,3,3,5,5,3,3,4,4,3,0,7,6,0,9,0,3,7,6,2,5,3,9,1,3,8,8,4,4,5,3,10,9,1,6,9,4,8,3,1,"S","S",0,"Left",0,0,1,1,2,0.5283
"0000002040",79,0,7,"Bachelor","Divorced",0,"Self-employed",2,6,1,0,4,"Stockholm","Svealand",4,5,5,5,1,1,1,1,1,8,4,4,3,3,3,3,2,3,3,3,4,2,4,5,5,2,3,4,4,3,1,7,0,7,9,0,0,4,8,0,9,4,10,0,0,2,7,0,9,4,2,10,10,2,6,10,5,7,3,1,"S","S",0,"Left",0,0,1,1,3,0.5283
"0000001468",65,1,6,"No degree","Married",1,"White collar",2,1,1,0,1,"Norrbotten","Norrland",4,4,5,2,1,3,1,1,1,10,4,4,4,3,3,3,2,4,4,2,4,4,3,4,5,3,3,2,4,3,0,7,2,1,10,0,4,8,8,0,8,6,10,0,4,9,8,0,9,3,4,8,9,1,6,10,5,7,3,1,"S","S",0,"Left",0,0,1,1,3,0.8153
"0000002657",74,1,3,"No degree","Married",0,"Worker",2,1,1,0,1,"Östergötland","Götaland",2,3,5,5,1,3,1,1,2,10,3,2,3,3,3,3,2,2,3,3,3,4,3,5,3,2,2,2,4,3,1,7,0,2,4,0,5,0,8,2,1,6,7,2,4,1,6,1,0,5,3,10,9,0,5,9,0,6,,1,"C","C",0,"Left",0,0,0,0,2,0.7489
"0000002710",77,1,5,"No degree","Divorced",0,"White collar",1,1,1,0,3,"Stockholm","Svealand",2,4,5,4,4,3,1,4,3,10,3,3,3,3,3,4,1,3,3,2,4,3,3,5,5,2,3,1,2,3,,5,0,0,8,0,4,3,8,0,9,3,10,0,0,7,8,0,9,1,6,10,10,0,5,10,5,8,6,1,"S","MP",1,"Left",0,0,1,0,2,0.6191
"0000001926",59,1,8,"Postgraduate","Married",1,"Worker",5,1,1,1,2,"Västra Götaland","Götaland",3,5,5,3,1,1,1,1,1,10,4,4,4,3,2,3,1,3,3,2,4,4,3,5,5,3,3,2,3,3,1,5,0,4,7,0,0,10,2,0,7,2,7,0,0,10,2,0,7,2,3,10,10,0,5,8,4,9,0,1,"V","V",0,"Left",0,0,0,0,2,0.7658
"0000000646",74,0,3,"No degree","Single",1,"White collar",2,1,0,,1,"Kronoberg","Götaland",3,4,5,4,2,1,1,2,3,9,3,3,3,3,3,4,2,3,3,2,4,3,3,5,4,3,3,3,3,3,0,7,6,0,8,0,1,9,5,1,9,5,8,0,3,8,6,1,8,5,4,9,9,1,6,9,3,6,2,1,"MP",,,"Left",0,0,0,0,2,0.821
"0000002107",80,1,6,"No degree","Widowed",0,"White collar",2,3,1,0,3,"Stockholm","Svealand",3,4,5,4,4,3,1,1,1,9,3,3,3,3,3,3,2,3,2,2,3,4,3,5,3,3,3,3,3,3,1,7,3,7,7,2,9,1,5,7,2,5,9,8,8,5,6,8,2,6,1,10,9,0,5,8,2,7,8,1,"M","M",0,"Right",0,1,0,1,2,0.6191
"0000000472",33,1,8,"Postgraduate","Single",1,,1,1,1,0,4,"Uppsala","Svealand",4,5,5,3,1,1,1,4,4,6,3,3,3,4,2,1,2,4,4,2,4,1,3,5,5,1,1,4,3,3,0,7,7,7,8,0,1,10,3,0,8,1,5,0,0,10,10,0,5,0,1,10,10,0,7,10,1,10,0,1,"V","S",1,"Left",0,0,0,1,3,1.073
"0000001145",44,0,7,"Bachelor","Single",0,"Worker",2,2,0,,2,"Värmland","Svealand",3,4,4,5,4,1,2,5,3,6,2,4,3,4,3,4,2,3,3,2,3,2,3,4,3,2,3,5,5,4,,4,7,5,8,0,2,6,6,1,6,4,9,0,2,6,8,0,5,2,5,10,8,2,4,9,1,7,3,1,"S","S",0,"Left",0,0,1,1,2,1.1984
"0000002688",70,1,2,"No degree","Widowed",,,1,1,0,,1,"Värmland","Svealand",2,4,4,3,3,3,3,3,4,,2,2,2,3,1,2,2,3,3,3,3,3,3,3,3,3,2,3,3,4,0,0,0,7,10,0,5,5,5,2,5,5,10,5,5,5,7,6,5,5,0,0,0,0,0,0,0,0,0,1,"S","S",0,"Left",0,0,1,0,2,1.1014
"0000001219",54,1,6,"No degree","Divorced",0,"Worker",4,1,1,0,4,"Västmanland","Svealand",2,3,5,4,3,3,3,3,3,10,3,3,3,3,3,3,3,3,3,3,4,4,3,5,4,3,3,3,4,4,1,1,1,2,5,6,10,2,5,7,5,7,6,6,9,3,5,7,3,6,4,8,10,0,3,6,3,7,10,1,"M","M",0,"Right",0,1,0,0,2,0.9037
"0000000035",57,0,3,"No degree","Married",1,"White collar",5,1,1,0,2,"Skåne","Götaland",3,5,5,3,4,3,1,1,1,8,3,3,2,3,,2,2,3,3,2,,3,3,5,,2,2,3,3,3,1,5,5,2,7,0,6,3,8,3,5,5,9,1,5,5,9,6,5,6,,,,,,,,,,1,,,,,,,,0,,1.1008
"0000002248",74,0,2,"No degree","Married",,"Worker",1,1,1,0,2,"Västra Götaland","Götaland",2,3,5,4,4,5,3,3,4,6,3,3,2,3,2,3,1,3,4,3,3,3,3,4,3,3,2,4,4,3,1,4,2,0,9,0,2,4,3,3,5,1,10,0,0,1,3,2,1,2,,,,,,,,,,1,"S","S",0,"Left",0,0,1,1,2,0.7541
"0000001564",65,1,3,"No degree","Single",,"Worker",2,1,1,0,1,"Skåne","Götaland",2,3,5,5,1,3,1,1,1,10,4,4,4,,2,4,1,4,4,2,4,4,4,5,5,3,3,4,4,3,1,7,7,0,10,0,4,3,6,0,6,4,10,0,4,0,7,0,4,2,5,10,7,0,5,9,5,5,5,1,"S","S",0,"Left",0,0,1,1,3,1.0396
"0000000467",34,1,7,"Bachelor","Married",1,"Worker",3,1,1,0,1,"Uppsala","Svealand",2,4,5,4,4,3,4,4,5,6,3,3,3,4,2,3,2,2,2,2,2,1,2,3,4,1,2,4,3,2,1,1,0,7,7,0,6,2,7,6,6,4,7,5,6,0,8,7,4,4,4,10,6,0,4,7,3,6,5,1,"S","S",0,"Left",0,0,1,0,2,1.073
"0000002091",75,1,,,"Widowed",0,,1,,0,,1,"Östergötland","Götaland",2,4,4,4,4,4,5,5,5,2,2,2,1,1,2,2,2,2,2,5,4,3,3,1,4,3,1,3,3,1,0,,0,0,0,10,7,0,0,6,0,0,0,10,7,0,0,7,0,0,0,10,7,0,0,7,0,0,9,1,"SD",,,"Right",1,1,0,1,2,0.5247
"0000000281",28,1,7,"Bachelor","Married",0,"Worker",4,1,1,0,2,"Kalmar","Götaland",2,4,4,4,4,3,3,3,3,8,3,3,3,3,3,3,3,2,2,3,4,3,3,4,5,3,3,2,3,3,1,2,5,7,3,9,10,0,1,6,0,2,4,7,8,1,0,4,0,1,2,9,9,0,1,8,0,7,7,1,"M","M",0,"Right",0,1,0,0,,1.073
"0000002702",76,0,6,"No degree","Married",,,,,1,0,,"Stockholm","Svealand",4,,5,4,,,1,1,2,,2,3,,2,,3,1,3,3,,,3,,,5,,,,,,,7,,0,10,0,0,5,4,0,10,6,,,,,,,,,,,,,,,,,,1,,,,,,,,,,0.6234
"0000000433",53,1,8,"Postgraduate","Married",1,"White collar",4,3,1,0,1,"Dalarna","Svealand",3,4,5,5,1,1,1,3,2,8,4,3,3,4,3,4,1,3,3,2,3,1,4,5,5,2,4,2,3,3,0,4,0,7,5,0,3,2,6,0,8,0,10,0,0,7,,0,8,8,4,10,9,0,5,10,0,6,6,1,"C","L",1,"Left",0,0,0,1,3,0.7658
"0000000136",41,1,8,"Postgraduate","Married",1,"White collar",5,1,1,0,3,"Stockholm","Svealand",2,3,5,4,1,2,1,2,3,8,4,4,4,4,4,3,2,4,3,2,4,4,4,5,5,3,3,3,3,4,1,1,,0,9,0,6,4,9,1,7,8,7,0,6,3,10,6,5,5,3,8,8,1,6,8,3,7,6,1,"C","S",1,"Left",0,0,0,0,2,0.7658
"0000000348",49,1,8,"Postgraduate","Single",1,"Worker",3,1,1,0,1,"Halland","Götaland",3,4,5,5,1,1,1,1,,10,4,4,3,3,4,4,2,4,4,3,4,4,3,5,5,2,4,4,3,3,1,5,6,7,10,0,5,7,5,5,8,6,10,5,8,8,8,5,8,8,,,,0,,,,,3,1,"S","S",0,"Left",0,0,1,1,3,0.7658
"0000000643",36,1,8,"Postgraduate","Single",1,"White collar",2,1,1,0,4,"Västra Götaland","Götaland",3,4,5,3,4,2,1,3,2,8,3,3,3,3,3,3,2,3,,2,4,3,4,4,4,3,3,3,3,3,,1,1,7,9,1,5,1,7,2,8,5,7,4,3,2,4,3,3,3,5,8,8,1,5,8,4,6,5,1,"S",,,"Left",0,0,1,0,2,1.073
"0000002558",69,0,4,"No degree","Married",1,"White collar",3,2,1,0,1,"Skåne","Götaland",4,5,5,5,1,1,1,1,2,9,4,4,4,3,3,4,1,4,4,2,4,3,3,5,4,2,2,3,3,3,1,0,7,0,9,0,2,5,7,0,9,3,9,0,0,3,5,0,5,0,4,10,9,1,6,10,2,7,3,1,"S","S",0,"Left",0,0,1,1,2,0.6234
"0000000605",47,1,6,"No degree","Single",0,"Worker",2,1,1,0,2,"Västmanland","Svealand",3,3,5,5,5,3,1,4,4,6,2,2,2,2,2,2,2,2,3,1,3,3,3,3,3,2,2,1,3,2,0,0,0,1,3,10,,2,1,3,3,,10,10,3,4,4,,0,4,,10,,0,5,,,6,10,1,"SD","M",1,"Right",1,1,0,1,1,1.5176
"0000001440",80,0,2,"No degree","Single",0,"Farmer",1,1,1,,1,"Västra Götaland","Götaland",,4,5,3,4,3,4,3,5,10,3,3,3,3,2,2,1,3,3,3,4,,4,5,3,3,3,4,5,3,0,6,0,0,1,0,6,1,5,5,0,4,2,2,5,2,5,5,0,2,,,,,,,,,,1,"M","C",1,"Right",0,1,0,0,,1.1092
"0000001251",54,1,5,"No degree","Married",1,"Worker",3,1,1,0,2,"Jönköping","Götaland",2,3,4,4,1,5,1,1,1,6,3,3,3,3,,3,2,4,4,1,4,4,3,5,,3,2,4,4,4,1,0,0,0,,,,,,,,,,,,,,,,,4,10,9,0,5,9,2,7,4,1,"S",,,"Left",0,0,1,0,1,1.0931
"0000001294",61,1,3,"No degree","Married",0,"Worker",3,2,1,0,2,"Gävleborg","Norrland",3,3,3,4,4,3,4,4,4,8,3,3,3,4,2,3,2,2,2,2,3,3,3,5,3,3,3,4,3,2,1,7,7,7,1,8,8,1,6,8,1,6,6,8,8,1,6,8,0,6,4,10,9,0,5,8,1,6,8,1,"M","M",0,"Right",0,1,0,1,2,1.1901
"0000001433",35,0,4,"No degree","Single",1,"Worker",3,1,1,0,2,"Jönköping","Götaland",2,4,5,4,4,1,2,2,2,7,3,3,3,3,2,3,2,2,3,1,3,3,3,5,4,3,3,2,3,2,1,2,6,6,4,4,9,2,1,8,0,8,8,7,9,8,1,8,0,5,4,10,8,0,4,9,0,7,8,1,"M","M",0,"Right",0,1,0,1,2,1.6791
"0000002140",67,0,6,"No degree","Married",1,"White collar",2,4,1,0,1,"Västra Götaland","Götaland",2,,5,4,1,3,1,1,1,8,3,3,3,3,3,3,1,3,3,4,3,4,3,5,4,4,3,4,5,3,0,7,3,0,5,0,5,5,5,6,5,5,5,1,5,3,5,5,5,5,3,10,8,0,5,6,2,6,5,1,"KD","KD",0,"Right",0,1,0,0,,0.6234
"0000000686",55,1,8,"Postgraduate","Single",0,"Self-employed",4,2,1,0,3,"Stockholm","Svealand",3,4,5,5,1,1,1,2,1,8,4,3,4,4,3,4,2,3,2,1,3,3,3,5,4,3,3,3,3,3,1,3,0,4,8,0,2,6,8,0,9,5,9,1,1,5,9,1,8,1,4,7,9,2,6,9,5,7,3,1,"MP","MP",0,"Left",0,0,0,0,1,0.7658
"0000001761",23,0,5,"No degree","Single",1,"Worker",1,3,1,1,2,"Stockholm","Svealand",3,5,5,5,1,2,1,3,5,7,3,2,2,4,1,2,1,2,2,1,,2,3,4,3,1,2,2,2,1,1,3,4,1,6,0,2,3,7,1,6,4,7,2,3,7,7,2,7,5,2,10,8,0,5,9,3,6,4,1,,,,,,,,0,1,1.7851
"0000000516",50,1,8,"Postgraduate","Married",0,"White collar",5,3,1,0,3,"Stockholm","Svealand",3,5,5,5,1,1,1,1,4,10,3,2,2,4,2,3,2,2,3,1,3,3,3,5,4,3,2,2,3,3,1,7,7,7,7,5,10,0,2,6,0,8,9,8,10,3,1,7,0,7,2,9,9,0,3,9,0,7,8,1,"M","M",0,"Right",0,1,0,1,2,0.7658
"0000002297",74,1,7,"Bachelor","Married",0,"White collar",4,1,1,0,1,"Västra Götaland","Götaland",3,5,5,5,1,1,1,1,1,9,3,3,4,4,2,4,1,3,3,3,4,4,3,4,5,3,4,4,4,3,0,5,0,0,8,0,8,6,8,6,5,10,9,0,8,5,8,5,3,9,6,10,10,1,5,9,4,8,8,1,"L","L",0,"Right",0,1,0,0,,0.8153
"0000000595",41,1,8,"Postgraduate","Married",1,"White collar",5,2,1,0,3,"Stockholm","Svealand",4,5,5,4,2,4,2,4,1,9,3,3,2,3,2,3,1,2,1,2,4,3,3,5,5,3,2,3,3,3,1,3,4,7,3,1,8,0,5,9,2,7,3,4,8,0,4,10,0,6,4,5,8,1,5,7,3,6,7,1,"KD","KD",0,"Right",0,1,0,1,3,0.7658
"0000002255",20,1,6,"No degree","Single",0,,5,1,1,1,3,"Västra Götaland","Götaland",2,4,5,3,1,3,1,3,2,9,2,2,2,3,2,2,2,2,1,2,3,4,3,5,5,2,2,3,3,3,,3,3,7,8,0,2,7,5,0,4,5,6,1,7,7,7,1,2,5,3,10,8,0,4,10,1,7,3,1,"S",,,"Left",0,0,1,0,,1.346
"0000001549",50,0,3,"No degree","Married",0,"Self-employed",4,1,1,0,2,"Skåne","Götaland",3,5,5,4,4,3,2,4,4,8,2,2,3,3,2,2,2,2,2,2,4,3,3,4,4,3,2,3,3,3,1,3,7,7,0,7,8,2,2,8,0,5,3,9,8,5,0,8,0,6,3,5,7,1,4,7,1,5,7,1,"M","M",0,"Right",0,1,0,1,2,1.1008
"0000000612",36,0,,,"Single",,,,,1,1,,"Uppsala","Svealand",2,,,,,,,,,,,,,,,,,,,,,,,,,,,,,,,1,1,0,,,,,,,,,,,,,,,,,,,,,,,,,,,,,,,,,,,,1.275
"0000002549",19,1,,,"Single",,,,,1,0,,"Västerbotten","Norrland",3,4,5,5,2,2,1,2,4,8,3,2,2,3,2,3,2,3,3,,3,2,3,4,3,,,4,3,4,1,1,5,3,8,0,4,9,6,0,5,3,8,0,3,9,6,0,3,3,4,10,7,1,5,9,2,7,2,1,"V",,,"Left",0,0,0,0,2,1.7726
"0000001082",36,1,6,"No degree","Single",0,"White collar",2,1,1,0,3,"Skåne","Götaland",3,4,5,4,2,2,2,4,3,8,3,3,3,4,3,3,2,3,2,1,3,3,3,5,4,1,3,2,2,3,1,1,7,7,5,0,2,5,7,0,8,4,3,1,2,5,9,1,4,5,4,9,7,1,5,8,3,6,5,1,"C","C",0,"Left",0,0,0,0,1,1.2661
"0000001751",22,1,4,"No degree","Single",1,"Worker",1,1,1,0,2,"Västerbotten","Norrland",2,5,5,3,2,2,2,2,2,10,3,3,3,4,3,3,2,3,3,2,4,4,4,5,5,2,3,4,5,3,1,1,2,7,10,0,2,9,7,0,8,2,10,0,3,8,9,1,6,2,,10,8,0,4,9,1,8,1,1,"S","S",0,"Left",0,0,1,1,2,1.7726
"0000001472",74,1,4,"No degree","Married",1,"White collar",2,2,1,0,1,"Örebro","Svealand",3,4,5,,,,4,4,5,7,3,2,1,3,3,2,2,1,1,2,4,3,2,4,5,3,2,2,2,3,1,7,7,7,0,10,9,0,1,9,1,1,1,10,8,1,0,10,0,1,1,9,9,0,4,9,1,7,9,1,"SD","SD",0,"Right",1,1,0,1,3,0.7489
"0000002690",92,1,5,"No degree","Widowed",0,"White collar",2,1,1,,3,"Stockholm","Svealand",3,4,4,4,4,4,4,4,3,8,4,2,3,3,2,2,,2,3,2,4,4,3,4,4,2,2,3,3,3,0,7,3,0,2,5,10,0,5,8,1,5,9,6,9,0,5,8,0,6,2,8,10,0,5,8,1,5,9,1,"M","M",0,"Right",0,1,0,1,2,0.8153
"0000001831",75,1,3,"No degree","Married",1,"White collar",3,1,1,0,4,"Stockholm","Svealand",4,4,5,1,1,1,1,1,1,10,4,4,4,3,3,3,2,4,4,4,4,4,4,2,5,,2,2,4,3,0,7,4,7,10,0,0,6,6,0,7,0,10,0,0,5,8,0,8,1,2,10,10,2,3,10,3,8,1,1,"S","S",0,"Left",0,0,1,1,3,0.7489
"0000000825",56,1,4,"No degree","Single",0,"White collar",4,1,1,0,4,"Uppsala","Svealand",2,4,5,5,2,1,3,3,3,7,3,3,3,4,2,2,2,3,3,2,3,3,3,5,3,2,3,4,3,3,,2,0,1,6,0,9,2,7,7,6,10,6,0,9,1,7,6,5,10,0,10,10,0,7,10,2,10,8,1,"L","M",1,"Right",0,1,0,0,1,1.1901
"0000002687",78,1,3,"No degree","Widowed",,"Worker",1,1,1,0,3,"Stockholm","Svealand",3,4,5,,,3,2,2,2,8,3,3,3,3,3,3,,3,3,2,4,3,3,4,4,1,1,4,3,3,0,4,0,0,,,,,,,,,,,,,,,,,,,,,,,,,,1,"S",,,"Left",0,0,1,,2,0.7489
"0000000526",41,1,9,"Postgraduate","Married",1,"White collar",5,1,0,,4,"Stockholm","Svealand",2,4,5,4,4,1,1,4,2,9,3,2,4,4,3,3,1,4,4,3,4,4,3,5,4,3,3,2,2,4,1,0,4,7,9,0,1,9,5,1,10,6,8,0,0,8,5,3,8,5,3,10,9,3,5,9,4,7,3,1,"MP","S",1,"Left",0,0,0,1,2,0.7841
"0000000287",33,1,8,"Postgraduate","Single",1,"White collar",4,1,1,0,1,"Gävleborg","Norrland",3,4,5,3,1,1,1,4,2,8,3,2,3,4,2,3,2,3,3,1,4,4,3,5,5,2,3,2,3,3,0,5,5,7,7,0,0,10,5,0,10,1,7,0,0,10,7,0,9,1,4,10,10,0,6,10,5,9,0,1,"V","V",0,"Left",0,0,0,1,3,1.073
"0000000280",58,1,7,"Bachelor","Single",1,"White collar",2,1,1,0,1,"Västernorrland","Norrland",2,5,5,4,1,3,1,1,1,9,3,3,3,3,3,2,1,3,3,2,4,4,3,5,5,2,1,3,3,3,1,6,7,7,10,7,0,7,5,0,2,5,10,7,0,7,7,0,0,5,1,7,10,0,5,9,2,5,2,1,"S","S",0,"Left",0,0,1,1,3,0.9037
"0000002339",79,1,2,"No degree","Married",0,"Worker",1,1,1,,1,"Gotland","Götaland",2,3,5,,,,,5,,8,3,3,2,3,2,2,2,3,3,2,4,1,3,5,5,2,4,3,4,3,1,,,,10,1,0,6,2,0,6,2,10,5,0,0,5,0,5,0,0,10,10,0,3,10,0,10,1,1,"S","S",0,"Left",0,0,1,1,,0.8153
"0000000685",33,0,8,"Postgraduate","Single",1,"White collar",4,1,1,0,4,"Stockholm","Svealand",3,5,5,3,4,3,1,4,1,9,3,3,3,3,3,3,1,3,3,2,3,3,4,5,4,3,3,3,3,3,1,4,4,5,6,4,9,0,2,9,1,7,8,7,9,3,7,7,5,5,3,6,9,0,4,9,1,7,9,1,"M","M",0,"Right",0,1,0,0,1,1.0805
"0000002258",92,1,2,"No degree","Widowed",1,"Worker",1,1,0,,1,"Jönköping","Götaland",3,3,5,3,4,1,3,4,5,8,3,2,3,3,2,2,1,4,3,1,4,3,3,5,3,,2,,,,,,,,10,8,2,1,8,4,0,0,,,,,,,,,5,5,10,1,9,6,8,10,5,1,"S","S",0,"Left",0,0,1,,2,1.1014
"0000002581",74,1,6,"No degree","Married",0,"White collar",3,1,1,0,2,"Västerbotten","Norrland",3,4,5,,4,3,1,1,1,8,3,3,,3,,3,2,3,3,2,3,3,3,3,4,2,2,4,4,,0,7,,1,7,0,1,,,0,7,,9,0,0,8,5,0,7,5,1,9,10,0,7,9,2,8,5,1,"S","MP",1,"Left",0,0,1,0,1,0.5247
"0000002648",83,0,2,"No degree","Married",1,,2,3,1,0,1,"Norrbotten","Norrland",4,5,5,1,5,3,,,,,,,,,,,,,,4,,,4,5,5,3,2,4,4,4,0,2,,,5,8,10,0,0,8,,3,10,10,10,5,5,10,0,7,0,4,3,4,3,4,0,3,5,,,"S",,,,,,1,3,1.1092
"0000001117",64,1,3,"No degree","Divorced",0,"Worker",4,1,1,0,2,"Halland","Götaland",3,4,5,4,5,,,5,,10,3,3,3,3,2,2,2,1,2,2,4,4,4,5,4,3,3,3,3,3,1,4,7,7,0,1,9,0,3,5,0,2,0,5,9,0,1,8,0,5,2,10,9,0,4,9,0,7,9,1,"M","M",0,"Right",0,1,0,1,2,1.0931
"0000000105",61,0,3,"No degree","Married",1,"Worker",3,1,1,0,1,"Västra Götaland","Götaland",3,4,5,4,1,1,1,2,2,8,3,3,3,3,2,3,2,3,3,2,,3,3,5,5,2,3,4,4,3,1,7,7,1,6,5,7,4,3,8,0,5,6,6,6,5,0,7,1,5,5,5,8,2,5,8,5,7,5,1,,,,,,,,0,2,1.1008
"0000001885",51,0,4,"No degree","Single",1,"Worker",1,1,1,0,3,"Skåne","Götaland",3,4,5,4,5,4,3,4,5,10,4,4,3,4,3,4,2,4,4,2,4,4,4,5,5,3,3,5,5,5,0,7,7,7,10,6,6,6,6,9,1,6,10,6,6,6,7,10,0,6,0,10,10,0,10,10,0,10,0,1,"S","S",0,"Left",0,0,1,1,2,1.1008
"0000000387",33,1,8,"Postgraduate","Single",0,"Worker",5,2,1,0,3,"Stockholm","Svealand",3,5,5,4,1,3,1,1,1,7,3,3,2,3,,2,,1,1,2,4,3,3,5,5,3,2,2,3,3,1,7,7,7,3,9,9,2,0,10,0,1,3,9,10,5,0,10,5,2,1,10,9,0,,9,0,5,9,1,"KD","M",1,"Right",0,1,0,1,3,1.073
"0000002178",76,1,4,"No degree","Married",0,"White collar",2,1,1,0,1,"Kronoberg","Götaland",2,5,4,5,2,3,1,3,4,7,3,2,3,3,2,2,1,1,2,1,4,3,3,5,4,2,2,3,2,2,1,7,0,0,1,10,8,0,0,5,0,4,0,10,6,0,0,5,0,3,3,9,10,0,3,8,0,6,9,1,"SD","SD",0,"Right",1,1,0,1,2,1.0396
"0000001298",38,0,4,"No degree","Single",1,"Worker",3,1,1,0,1,"Västra Götaland","Götaland",3,4,4,5,2,4,1,2,2,10,3,3,3,4,3,4,1,2,3,3,4,4,3,5,4,3,2,2,3,3,0,6,5,0,9,0,1,1,7,0,3,4,10,0,1,1,9,0,1,3,4,10,9,0,8,10,5,6,4,1,"S","MP",1,"Left",0,0,1,1,3,1.6791
"0000000922",52,1,8,"Postgraduate","Divorced",0,"White collar",3,1,1,0,1,"Västra Götaland","Götaland",4,5,4,4,4,3,3,3,2,10,3,3,3,3,3,3,2,2,3,2,4,1,3,5,5,3,3,2,3,4,0,7,6,7,5,10,8,1,0,9,0,6,7,9,8,2,0,9,0,6,4,9,8,0,1,10,0,6,9,1,"SD","SD",0,"Right",1,1,0,1,3,0.7658
"0000002114",73,1,2,"No degree","Married",0,"Worker",1,2,1,0,1,"Värmland","Svealand",3,3,5,4,1,1,2,5,3,7,2,3,3,4,2,3,1,3,4,2,4,4,4,5,4,2,2,4,3,3,0,,0,0,10,6,1,7,2,6,9,3,10,8,5,5,5,7,9,5,5,6,10,1,8,7,2,8,5,1,"S","MP",1,"Left",0,0,1,1,2,0.7489
"0000001629",51,0,3,"No degree","Single",,"White collar",5,2,1,0,1,"Östergötland","Götaland",3,4,5,4,5,4,5,4,5,10,2,2,2,3,1,1,2,1,2,1,4,4,3,5,3,3,1,3,3,2,1,2,0,7,0,10,7,0,0,4,0,2,0,10,8,2,0,6,0,3,0,10,9,0,0,5,0,5,9,1,"SD","SD",0,"Right",1,1,0,1,2,1.1008
"0000000050",31,0,6,"No degree","Married",1,"White collar",5,1,1,0,2,"Västra Götaland","Götaland",3,4,5,4,4,4,1,1,1,8,3,3,2,1,2,2,1,1,3,2,4,4,3,5,4,3,2,3,3,3,1,5,7,7,3,9,9,0,0,6,0,5,7,10,8,0,0,7,0,9,5,9,9,0,2,8,0,8,7,1,"SD","SD",0,"Right",1,1,0,0,,1.6791
"0000000876",33,0,7,"Bachelor","Single",1,"White collar",3,1,1,1,2,"Dalarna","Svealand",3,4,5,5,3,2,1,3,3,8,3,3,3,4,2,3,2,3,3,3,3,2,3,5,3,2,4,2,4,3,1,5,1,0,6,0,0,8,3,0,8,2,6,0,1,8,4,1,7,5,4,7,9,1,6,9,3,7,3,1,"MP","V",1,"Left",0,0,0,1,2,1.0805
"0000000373",38,1,8,"Postgraduate","Married",1,"White collar",5,1,1,0,1,"Västerbotten","Norrland",3,4,5,5,2,1,1,3,2,10,4,3,3,4,2,4,2,3,3,2,3,2,3,5,3,3,1,4,3,3,1,7,7,1,9,0,7,5,5,3,5,5,,,,,,,,,3,10,9,0,6,10,3,7,3,1,"S",,,"Left",0,0,1,0,2,1.073
"0000000318",58,1,8,"Postgraduate","Married",1,"White collar",5,2,1,0,2,"Jämtland","Norrland",3,4,5,3,1,1,1,2,2,9,4,4,4,4,4,4,2,3,3,3,4,3,3,5,4,2,3,3,3,3,,0,1,7,,,,,,,,,6,2,4,8,5,2,7,4,6,10,9,2,7,10,5,8,1,1,"MP","V",1,"Left",0,0,0,1,3,0.7658
"0000002727",76,1,7,"Bachelor","Married",1,"White collar",,3,1,0,1,"Uppsala","Svealand",4,5,5,4,2,2,1,1,1,10,3,3,3,3,3,3,2,3,3,2,,3,3,3,4,3,2,2,2,3,0,5,3,3,4,0,9,0,5,8,1,8,7,5,7,2,7,7,0,7,1,10,9,0,4,9,1,8,8,1,,"C",,,,,,,2,0.6191
"0000001957",75,0,2,"No degree","Single",0,"Self-employed",1,2,1,1,2,"Södermanland","Svealand",2,5,5,5,5,3,,,5,10,4,4,3,3,3,3,1,3,3,3,4,3,3,5,4,3,3,5,5,3,0,1,0,0,7,0,10,0,8,9,0,9,7,0,10,0,8,9,0,9,5,7,10,0,8,9,1,9,9,1,"M","M",0,"Right",0,1,0,1,2,1.1092
"0000000251",61,1,8,"Postgraduate","Married",1,,5,4,1,0,2,"Västmanland","Svealand",4,4,5,5,1,2,1,1,1,8,4,4,4,4,3,,2,3,3,2,4,3,3,5,5,2,3,,3,3,1,7,7,7,6,0,2,6,8,2,10,5,10,0,2,6,10,2,10,5,,,,,,,,,,1,"MP","MP",0,"Left",0,0,0,1,3,0.7658
"0000001713",20,0,4,"No degree","Single",1,"Worker",2,2,1,0,1,"Norrbotten","Norrland",4,5,5,4,4,3,4,4,4,7,3,3,3,3,3,3,3,1,1,2,4,3,3,4,5,3,4,2,2,3,1,2,6,7,2,10,7,0,0,7,0,4,0,10,7,0,0,7,0,4,2,8,7,0,2,7,0,6,8,1,"SD",,,"Right",1,1,0,1,2,1.7851
"0000001488",67,1,5,"No degree","Married",0,"White collar",4,1,1,0,4,"Västra Götaland","Götaland",4,5,5,5,1,1,1,2,3,8,4,3,4,3,2,3,1,2,3,3,3,2,4,5,5,2,2,4,3,3,1,7,0,5,8,1,5,4,7,4,8,8,9,2,4,3,6,4,4,8,4,6,10,2,6,9,3,6,5,1,"S","MP",1,"Left",0,0,1,0,1,0.7489
"0000002551",66,0,4,"No degree","Married",0,"White collar",1,1,1,0,1,"Örebro","Svealand",3,4,,,5,,,4,,8,3,3,3,2,3,3,1,3,2,2,3,3,3,5,3,3,2,2,4,4,1,2,0,0,8,7,3,0,7,1,0,8,10,9,1,1,7,1,1,8,6,6,9,1,6,9,1,5,5,1,"L","SD",1,"Right",0,1,0,1,2,0.821
"0000002566",57,0,3,"No degree","Single",0,"White collar",1,1,1,0,2,"Stockholm","Svealand",2,4,5,3,1,3,1,1,2,6,2,2,2,2,2,3,1,2,3,2,4,3,3,4,3,4,2,3,4,3,,7,3,0,2,8,7,1,2,6,0,5,2,9,8,2,1,7,0,6,2,8,9,0,4,8,2,6,10,1,"SD","SD",0,"Right",1,1,0,0,2,1.1008
"0000001631",36,1,3,"No degree","Single",1,"Worker",1,1,1,0,3,"Stockholm","Svealand",1,1,5,4,3,1,2,3,3,5,2,2,2,3,1,2,2,2,2,1,,1,2,3,1,2,2,2,2,1,1,0,0,7,6,0,0,7,0,0,0,0,5,0,0,5,0,0,5,5,4,10,7,0,5,7,7,6,3,0,,"V",,,,,,0,1,1.6674
"0000000580",57,1,3,"No degree","Married",1,"White collar",5,1,1,0,2,"Västra Götaland","Götaland",3,5,5,2,1,1,1,1,1,10,4,4,4,4,4,3,1,3,2,1,4,4,4,5,4,2,2,3,3,3,0,5,5,0,5,4,10,4,7,9,4,8,9,7,10,7,7,9,4,7,5,10,8,0,7,9,1,7,8,1,"M","KD",1,"Right",0,1,0,0,,1.0931
"0000002679",84,1,3,"No degree","Widowed",0,"White collar",1,,1,0,3,"Stockholm","Svealand",2,3,3,4,3,4,3,5,4,5,2,2,2,2,2,2,2,3,2,3,,2,2,3,3,2,2,3,,,0,1,,,,,,,,,,,,,,,,,,,,,,,,,,,,1,,,,,,,,0,,0.6191
"0000001084",20,0,4,"No degree","Single",0,"Worker",5,1,1,0,1,"Västernorrland","Norrland",3,4,5,4,3,5,1,3,4,8,3,3,2,3,2,3,3,3,3,2,3,3,3,4,4,3,3,2,4,3,1,3,3,4,8,5,8,1,4,2,0,2,9,0,8,0,2,4,5,0,3,10,7,0,5,7,1,8,5,1,"M",,,"Right",0,1,0,0,2,1.7851
"0000001476",82,0,2,"No degree","Married",0,"Farmer",1,1,1,0,2,"Dalarna","Svealand",3,4,4,4,4,3,4,4,4,8,3,3,3,2,2,3,2,2,3,2,4,3,2,4,5,3,3,4,3,3,1,5,0,0,1,10,8,0,0,8,0,5,5,10,8,0,0,8,0,5,2,10,10,0,4,10,0,8,10,1,"SD","SD",0,"Right",1,1,0,1,3,0.821
"0000000607",56,0,7,"Bachelor","Married",1,"White collar",5,1,1,0,4,"Västra Götaland","Götaland",4,5,5,5,1,1,1,1,1,8,4,4,4,4,2,3,1,3,3,1,3,4,4,5,5,3,4,2,3,3,1,6,7,7,3,0,2,2,9,1,3,3,6,0,0,4,10,0,5,3,5,10,10,0,8,10,2,8,7,1,"C","C",0,"Left",0,0,0,0,2,0.7712
"0000001659",38,0,3,"No degree","Single",1,"Worker",2,1,1,0,1,"Västra Götaland","Götaland",1,4,5,3,1,3,1,3,3,8,2,2,1,3,2,2,2,2,2,1,3,3,3,4,4,1,3,2,2,3,1,,6,7,7,0,3,5,5,2,5,5,8,2,2,5,5,2,5,5,3,10,10,0,5,10,5,6,3,1,"S","S",0,"Left",0,0,1,0,2,2.1412
"0000001977",81,0,2,"No degree","Married",0,"Worker",1,4,1,0,1,"Östergötland","Götaland",3,3,5,3,2,3,3,3,3,7,3,3,3,3,2,2,2,3,3,2,3,4,3,5,5,3,4,3,4,3,0,7,0,0,9,0,5,5,7,5,9,5,10,5,5,5,5,5,5,5,3,8,10,0,5,3,3,5,5,1,"S","S",0,"Left",0,0,1,0,,0.7541
"0000000456",27,1,7,"Bachelor","Single",1,"Worker",4,1,1,0,2,"Skåne","Götaland",2,5,5,5,1,1,3,4,4,7,3,2,3,3,2,3,2,1,3,1,3,3,3,3,4,3,4,4,3,1,1,0,7,7,5,5,10,1,5,8,5,5,5,5,10,1,7,8,1,5,0,8,10,0,3,10,0,5,8,1,"M","M",0,"Right",0,1,0,1,3,1.073
"0000002045",72,0,7,"Bachelor","Single",1,"Self-employed",5,1,1,0,1,"Stockholm","Svealand",4,4,5,4,4,1,2,3,4,8,3,2,3,4,2,3,2,2,3,3,3,3,3,5,3,2,2,4,3,3,1,6,4,1,4,10,9,5,2,7,1,6,7,9,8,7,0,7,4,7,4,9,8,2,5,8,3,5,9,1,"SD","SD",0,"Right",1,1,0,1,2,0.6234
"0000001019",57,1,7,"Bachelor","Married",1,"White collar",4,,1,0,2,"Västernorrland","Norrland",3,4,5,4,1,1,1,2,3,9,3,3,3,3,3,3,2,3,3,2,4,4,3,5,4,3,3,3,3,3,1,7,5,6,9,0,3,5,6,1,6,3,9,0,2,4,7,1,5,3,5,8,9,1,7,9,3,8,5,1,"S","S",0,"Left",0,0,1,,2,0.7658
"0000000258",44,0,,,"Married",1,,5,,1,0,3,"Stockholm","Svealand",2,2,5,5,1,1,1,1,2,9,3,3,4,4,2,3,1,3,3,1,3,2,3,5,4,3,4,3,3,3,1,0,1,0,9,0,1,9,6,1,9,1,,,,,,,,,2,10,9,1,7,9,3,9,,1,"S","S",0,"Left",0,0,1,0,2,0.7712
"0000000577",68,0,7,"Bachelor","Married",1,"White collar",3,1,1,0,2,"Norrbotten","Norrland",3,5,5,5,1,3,1,1,2,9,3,4,4,4,3,3,1,4,4,2,4,4,3,4,4,3,2,4,4,2,0,7,0,0,10,0,2,8,5,1,8,5,10,0,2,8,7,1,8,3,0,9,8,0,5,10,2,6,1,1,"S","S",0,"Left",0,0,1,1,3,0.5283
"0000001984",19,0,4,"No degree","Single",0,,5,1,1,1,2,"Västerbotten","Norrland",4,5,5,5,1,1,1,4,3,8,4,4,3,4,2,4,1,4,4,3,4,4,4,5,5,1,3,4,4,3,1,0,0,7,7,0,0,10,4,0,8,0,8,0,0,10,7,0,9,0,4,10,10,0,7,9,4,7,1,1,"V",,,"Left",0,0,0,1,3,1.7851
"0000000744",29,0,8,"Postgraduate","Single",1,"White collar",5,1,1,0,3,"Stockholm","Svealand",4,,5,3,1,4,4,5,5,8,2,2,1,4,3,3,2,1,3,1,4,4,4,5,5,4,4,4,5,5,1,1,7,7,3,7,10,0,0,9,0,6,7,6,8,0,0,10,0,8,6,10,8,0,2,9,0,7,9,1,"M","M",0,"Right",0,1,0,0,2,1.0805
"0000000649",50,0,4,"No degree","Married",0,,,1,1,0,3,"Stockholm","Svealand",2,3,5,3,2,2,1,4,2,8,2,3,3,4,2,3,2,2,3,2,,1,3,4,4,2,3,2,3,3,1,4,1,7,9,0,4,8,7,1,7,3,8,2,3,6,,3,5,,2,10,7,0,5,9,3,6,2,1,,,,,,,,0,1,0.7712
"0000000572",56,1,8,"Postgraduate","Married",1,"White collar",5,1,1,0,4,"Stockholm","Svealand",4,5,5,4,1,1,1,2,1,9,3,3,4,4,2,2,1,2,1,1,,2,3,5,5,,2,2,2,3,1,7,7,7,3,0,3,0,5,0,2,5,4,0,3,1,5,0,3,5,4,10,8,0,4,10,1,5,5,1,,,,,,,,0,2,0.7658
"0000002398",77,1,3,"No degree","Single",0,"White collar",,1,1,0,2,"Stockholm","Svealand",2,3,,,,,3,3,3,5,,2,2,1,2,2,2,2,3,2,,3,3,3,3,2,2,3,3,3,0,3,0,1,7,7,7,,,,,,,7,7,,,7,,7,,,,,,,,,,,,,,,,,,0,,0.7489
"0000002650",23,0,4,"No degree","Single",1,"Worker",2,3,0,1,3,"Stockholm","Svealand",2,4,4,4,3,3,1,5,2,9,2,2,1,3,2,3,1,2,2,1,3,2,4,5,4,2,2,3,3,3,1,1,1,1,3,8,8,1,3,2,0,3,2,9,4,,4,2,,,0,10,8,0,5,5,2,3,9,1,"SD","SD",0,"Right",1,1,0,0,2,1.7851
"0000002759",76,1,7,"Bachelor","Divorced",0,"White collar",2,1,1,0,1,"Halland","Götaland",3,4,5,5,1,5,5,5,5,1,1,1,1,2,1,1,1,1,1,1,4,2,1,1,3,3,1,1,1,2,0,4,4,6,0,9,9,0,0,9,0,5,0,9,7,2,0,9,0,5,1,9,9,0,1,9,0,7,10,1,"SD","SD",0,"Right",1,1,0,1,2,0.5247
"0000002707",26,0,,,"Single",0,,1,,1,0,2,"Västmanland","Svealand",2,5,4,5,2,3,1,4,2,8,3,3,3,4,2,2,1,2,2,1,3,3,3,4,4,3,4,3,3,2,1,0,0,0,5,4,8,3,4,5,3,6,6,6,6,6,3,4,3,6,4,8,8,2,4,6,3,7,7,1,"M",,,"Right",0,1,0,0,2,1.0805
"0000000004",64,0,4,"No degree","Married",1,"Self-employed",5,2,1,0,1,"Skåne","Götaland",4,5,5,5,4,3,5,4,2,9,4,4,4,4,3,3,1,2,3,4,4,4,4,5,4,3,2,4,3,2,0,7,7,3,,,,,,,,,1,9,10,1,2,10,0,7,2,10,9,0,3,10,0,6,10,1,"KD","KD",0,"Right",0,1,0,1,3,0.91
"0000000682",32,0,8,"Postgraduate","Married",0,"White collar",5,2,1,0,4,"Stockholm","Svealand",3,5,5,4,1,4,1,5,1,9,3,3,4,3,2,4,2,3,4,2,3,3,4,5,3,4,3,4,4,3,1,1,7,7,8,0,5,3,7,1,2,8,10,3,2,5,9,2,3,5,4,9,7,2,5,9,2,6,5,1,"S","L",1,"Left",0,0,1,0,,1.0805
"0000000269",58,1,7,"Bachelor","Married",0,"Worker",4,3,1,0,2,"Halland","Götaland",2,5,5,5,1,4,4,2,4,10,3,3,2,3,2,3,2,2,2,1,4,3,3,5,3,2,1,2,3,3,1,7,2,7,7,9,9,8,0,9,0,8,9,9,9,9,0,9,0,8,1,10,10,1,3,10,1,5,7,1,"KD","KD",0,"Right",0,1,0,0,2,0.7658
"0000000709",37,1,7,"Bachelor","Married",1,"Self-employed",4,1,1,1,3,"Västra Götaland","Götaland",2,4,5,4,2,1,3,4,1,6,3,2,3,4,1,2,2,3,3,3,4,2,2,3,4,1,2,3,4,3,0,1,0,1,7,0,0,7,7,1,8,0,10,0,0,8,9,0,6,1,2,10,9,2,4,9,2,7,2,1,"MP","MP",0,"Left",0,0,0,0,1,1.073
"0000000089",57,0,,,"Married",,,,,1,0,,"Stockholm","Svealand",4,,,,,,,,,,,,,,,,,,,,,,,,,,,,,,,2,2,7,,,,,,,,,,,,,,,,,,,,,,,,,,,,,,,,,,,,0.7712
"0000001007",26,1,8,"Postgraduate","Single",0,"Worker",2,1,1,0,1,"Skåne","Götaland",2,4,5,4,4,3,3,3,4,8,3,3,3,3,2,3,3,3,3,3,3,3,3,4,4,3,3,3,3,3,1,0,0,5,6,0,5,5,7,5,8,8,4,3,5,5,7,5,5,5,3,10,8,1,5,6,5,5,5,1,"L","MP",1,"Right",0,1,0,1,2,1.073
"0000001819",86,1,2,"No degree","Widowed",,,1,1,1,0,1,"Norrbotten","Norrland",3,2,1,,4,4,1,2,2,7,2,2,2,1,1,1,1,3,3,2,,2,3,4,4,2,2,3,4,4,,6,0,0,2,4,2,5,2,5,2,4,2,4,5,2,2,5,2,2,8,3,1,4,4,1,5,3,5,1,,,,,,,,0,,0.7489
"0000000818",30,0,7,"Bachelor","Single",1,"Self-employed",4,1,1,0,2,"Södermanland","Svealand",2,4,5,2,1,1,1,4,2,10,2,3,4,4,3,1,1,3,3,2,,3,2,4,5,1,3,2,3,1,1,1,0,0,9,0,3,5,7,0,9,7,10,0,3,3,9,4,7,3,3,10,7,0,4,8,3,1,4,0,,,,,,,,1,2,1.0805
"0000001329",29,1,4,"No degree","Married",1,"Worker",3,1,1,0,2,"Uppsala","Svealand",1,2,4,4,4,3,1,4,4,7,3,3,3,2,3,3,3,2,2,,3,3,3,4,3,3,2,2,3,3,1,1,6,7,6,7,9,0,6,8,3,5,7,6,8,1,7,8,5,5,4,9,8,1,4,7,2,8,7,1,"M",,,"Right",0,1,0,0,,1.6674
"0000000789",71,0,5,"No degree","Divorced",0,"White collar",2,1,1,0,2,"Skåne","Götaland",3,4,5,5,1,3,1,1,1,9,4,3,3,3,3,3,2,3,3,2,3,3,4,5,4,3,2,3,5,3,0,7,7,7,8,10,9,5,4,3,3,5,5,9,9,5,0,2,2,7,,10,9,0,4,5,3,,9,1,"SD","SD",0,"Right",1,1,0,0,2,0.7541
"0000000718",44,1,7,"Bachelor","Single",1,"White collar",4,2,1,0,4,"Västra Götaland","Götaland",3,4,5,3,2,2,1,3,2,10,3,3,3,4,3,3,2,3,4,3,4,4,3,4,4,2,3,4,3,4,1,3,7,7,7,0,1,9,3,0,8,1,8,0,,,8,0,7,2,2,10,10,0,6,8,3,10,1,1,"V","V",0,"Left",0,0,0,1,2,0.7658
"0000002633",69,0,2,"No degree","Single",1,"White collar",,2,0,,,"Stockholm","Svealand",3,5,5,4,4,4,5,4,4,10,4,3,2,,1,,,4,4,5,4,4,4,,,4,4,4,4,4,,1,1,1,,10,,,,,,,,10,,,,,,,,10,,,,,,,,1,"SD","SD",0,"Right",1,1,0,1,2,0.7541
"0000002664",70,1,3,"No degree","Married",0,"Worker",,1,1,0,1,"Värmland","Svealand",2,4,5,5,4,5,1,1,5,9,3,3,2,3,2,3,1,2,3,3,,3,3,4,3,2,3,5,4,4,1,0,2,0,,,,,,,,,,,,,,,,,,,,,,,,,,1,,,,,,,,1,,0.7489
"0000000203",35,0,8,"Postgraduate","Married",0,"White collar",4,3,1,1,2,"Östergötland","Götaland",3,3,5,4,4,3,1,2,2,10,3,3,2,3,2,1,1,1,1,2,4,4,3,5,4,3,1,2,3,3,1,3,6,7,1,6,8,2,1,8,0,4,1,7,9,3,1,10,0,2,3,10,8,0,3,8,0,4,7,1,"KD","KD",0,"Right",0,1,0,0,2,1.0805
"0000000741",59,0,4,"No degree","Married",1,"White collar",5,2,1,1,3,"Stockholm","Svealand",3,4,5,5,2,1,4,4,3,8,3,3,3,4,2,3,2,3,3,2,4,4,3,5,4,3,3,4,4,3,0,7,6,6,9,0,6,5,6,1,2,5,9,0,4,6,8,0,1,5,4,10,9,1,4,9,1,5,3,1,"S","S",0,"Left",0,0,1,0,2,0.91
"0000001438",52,1,5,"No degree","Divorced",0,"Self-employed",1,3,1,0,4,"Skåne","Götaland",3,4,5,5,2,4,1,1,1,8,3,3,2,4,2,2,,3,3,2,3,2,3,5,4,1,1,3,4,3,1,,,,8,0,6,5,8,0,3,5,8,1,6,5,8,1,5,5,,,,,,,,,,1,"C","S",1,"Left",0,0,0,0,1,1.1901
"0000002841",78,0,3,"No degree","Married",0,"Worker",2,1,1,0,1,"Dalarna","Svealand",3,4,5,5,3,4,1,4,1,10,,2,3,3,2,3,2,2,4,2,3,1,3,4,4,3,3,4,4,4,1,7,4,4,8,2,3,0,3,5,3,3,8,3,3,0,3,3,3,3,5,5,7,0,7,7,3,7,5,1,"S","S",0,"Left",0,0,1,0,1,1.1092
"0000000055",41,1,8,"Postgraduate","Single",0,"White collar",5,1,1,0,4,"Stockholm","Svealand",3,4,5,5,1,1,1,4,4,10,3,3,3,3,2,3,2,3,4,2,4,1,4,5,5,1,2,2,4,3,1,2,7,7,7,0,1,10,8,0,7,1,10,0,0,10,7,0,9,0,5,10,10,0,8,10,3,10,2,1,"V","MP",1,"Left",0,0,0,1,3,0.7658
"0000002488",71,0,6,"No degree","Married",1,"White collar",1,,0,,4,"Gävleborg","Norrland",3,4,4,3,4,5,5,2,4,5,3,2,,1,2,2,2,2,3,3,3,3,3,4,5,3,3,4,4,3,1,2,3,6,5,6,5,3,2,,,2,6,7,8,7,3,8,2,5,1,10,9,1,1,,,0,7,1,"KD","KD",0,"Right",0,1,0,1,2,0.6234
"0000000752",30,0,6,"No degree","Single",1,"White collar",2,1,1,0,4,"Skåne","Götaland",4,4,5,4,1,3,4,4,4,9,3,2,2,3,3,2,2,2,2,1,3,3,3,5,5,4,2,3,3,3,1,5,6,6,3,8,7,1,2,7,0,5,6,9,6,5,1,7,1,6,3,7,8,1,4,7,1,6,7,1,"SD","SD",0,"Right",1,1,0,1,2,1.275
"0000000755",59,0,5,"No degree","Single",1,"White collar",4,1,1,0,1,"Jämtland","Norrland",3,4,5,3,2,3,1,1,1,9,3,3,3,2,3,2,1,3,3,2,,3,2,5,5,3,2,2,3,3,1,6,7,0,7,7,7,5,7,6,6,7,9,7,8,5,8,6,6,6,5,9,9,2,6,9,4,7,,1,,,,,,,,0,,1.1008
"0000000762",66,0,4,"No degree","Married",1,"White collar",3,2,1,0,2,"Stockholm","Svealand",2,4,5,4,3,3,1,3,3,8,4,3,3,3,2,3,1,3,3,2,2,3,3,5,3,3,4,4,4,3,1,7,7,0,7,1,5,2,6,1,3,7,8,2,4,4,8,0,2,5,3,9,9,1,5,9,2,5,6,1,"C",,,"Left",0,0,0,0,,0.6234
"0000000766",34,0,5,"No degree","Single",1,"Worker",3,1,1,0,2,"Skåne","Götaland",2,3,5,5,3,1,1,1,1,7,3,3,4,4,2,1,1,1,2,1,3,2,3,5,5,2,4,2,2,3,1,0,5,7,0,4,9,0,7,7,7,2,5,3,8,,5,5,3,5,0,8,10,0,3,5,3,2,7,1,"M","M",0,"Right",0,1,0,0,,1.275
"0000000562",58,0,4,"No degree","Married",1,"White collar",5,2,1,0,1,"Värmland","Svealand",3,4,5,5,1,1,1,1,1,8,3,3,3,3,2,4,1,3,3,2,4,4,3,4,5,2,2,2,2,3,0,3,0,7,9,0,1,9,3,0,7,3,8,0,0,8,8,0,5,1,2,10,10,0,5,10,4,7,1,1,"S","V",1,"Left",0,0,1,1,2,1.1984
"0000000769",34,0,6,"No degree","Single",1,"White collar",3,1,1,1,3,"Västra Götaland","Götaland",3,4,5,5,5,3,4,4,4,9,3,3,3,4,2,3,2,2,3,3,3,3,3,5,2,3,2,3,3,3,1,0,0,7,6,1,7,4,6,4,6,7,6,5,3,3,3,3,5,6,4,7,8,1,4,6,4,6,6,1,"L","M",1,"Right",0,1,0,0,1,1.275
"0000001923",67,0,8,"Postgraduate","Married",1,"White collar",2,1,0,,1,"Kronoberg","Götaland",3,5,5,5,1,1,1,2,2,6,3,2,3,4,2,3,1,3,3,1,,3,2,4,3,2,1,3,2,3,,7,5,0,4,0,0,6,4,0,5,3,6,0,0,,6,0,6,6,7,10,10,2,4,10,5,7,,1,,,,,,,,0,2,0.6234
"0000000772",55,0,4,"No degree","Divorced",1,"White collar",3,4,1,0,1,"Blekinge","Götaland",2,3,5,4,1,2,1,2,4,6,3,2,3,3,1,4,1,3,3,2,2,2,3,5,4,2,3,3,3,3,1,2,5,0,7,3,2,3,5,3,7,2,7,2,2,3,5,2,6,3,3,7,8,2,6,7,5,7,4,1,"SD","S",1,"Right",1,1,0,0,1,0.91
"0000000778",24,0,6,"No degree","Single",1,"White collar",2,1,1,0,2,"Skåne","Götaland",1,1,5,5,3,3,2,4,5,7,1,1,2,3,1,1,1,1,2,1,,1,1,5,2,2,3,1,2,2,0,0,0,2,1,0,4,0,4,1,0,3,3,3,6,5,5,3,5,5,0,10,6,0,1,7,0,3,5,1,,,,,,,,0,,1.3555
"0000000781",34,0,6,"No degree","Married",1,"White collar",3,6,1,0,1,"Skåne","Götaland",3,3,3,3,3,3,3,3,3,8,3,3,2,3,2,3,1,3,3,2,,3,3,3,2,2,3,3,3,3,1,0,7,7,5,5,5,5,5,5,5,5,5,5,5,5,5,5,5,5,2,8,8,1,5,8,2,7,5,0,,,,,,,,0,,1.275
"0000002844",19,1,4,"No degree","Single",1,,5,3,0,1,2,"Skåne","Götaland",2,4,2,3,2,3,1,3,1,6,1,1,1,3,1,2,1,2,3,4,3,3,3,3,1,3,4,3,3,3,0,0,0,7,0,8,9,0,3,10,0,5,0,4,8,0,2,8,5,7,1,10,9,0,4,9,0,5,8,1,"M",,,"Right",0,1,0,0,2,1.7726
"0000002074",18,0,4,"No degree","Single",0,"Worker",5,2,1,0,4,"Stockholm","Svealand",4,4,5,3,1,4,1,2,2,9,4,4,3,4,3,3,2,3,2,3,3,3,3,5,4,3,3,4,5,4,1,5,5,7,,,,,,,,,7,4,10,7,2,7,3,8,3,8,8,1,8,8,3,7,7,1,"L",,,"Right",0,1,0,0,2,2.2763
"0000001109",30,0,7,"Bachelor","Single",0,"Worker",2,2,1,0,1,"Kalmar","Götaland",2,3,5,2,3,4,2,2,3,9,3,3,2,4,3,3,2,2,3,1,4,4,3,4,4,2,3,2,3,3,1,0,0,7,3,,9,1,4,5,5,,8,8,5,9,5,4,8,,3,10,9,0,4,7,4,7,8,1,"M","M",0,"Right",0,1,0,0,2,1.0805
"0000002535",65,1,8,"Postgraduate","Divorced",0,"White collar",5,1,1,0,1,"Dalarna","Svealand",3,5,5,5,1,3,1,3,2,8,4,3,3,3,2,3,2,3,3,1,3,3,3,5,4,1,2,4,4,3,0,4,0,6,9,0,1,7,3,0,4,5,8,0,2,8,5,1,6,6,3,9,8,0,6,9,1,7,2,1,"S","S",0,"Left",0,0,1,1,2,0.5247
"0000001988",21,0,6,"No degree","Single",0,,1,2,1,0,3,"Gävleborg","Norrland",3,5,4,5,1,1,1,5,5,7,3,2,3,4,2,2,1,2,2,1,4,4,2,4,5,1,2,1,2,3,1,0,7,0,5,6,4,6,2,5,5,4,6,7,5,7,2,7,6,5,4,7,6,3,4,6,4,7,2,1,,,,,,,0,1,3,1.7851
"0000000217",37,0,8,"Postgraduate","Single",1,"White collar",3,2,0,,4,"Stockholm","Svealand",3,5,5,5,2,2,1,3,4,9,3,3,4,3,3,3,2,3,3,2,,3,3,5,5,2,3,2,3,3,1,1,7,3,8,2,7,3,8,2,7,4,8,1,6,4,8,2,7,2,3,,8,2,5,7,2,,4,1,,,,,,,,1,2,1.0805
"0000000296",56,1,8,"Postgraduate","Married",1,"Worker",5,1,1,0,4,"Värmland","Svealand",3,5,5,5,4,4,1,4,2,8,2,2,3,3,2,3,1,2,2,1,3,2,3,5,4,2,3,4,3,3,1,7,7,7,7,0,8,6,4,0,0,6,4,1,9,4,6,0,1,8,2,10,9,0,4,7,5,8,6,1,"M","S",1,"Right",0,1,0,0,,0.7658
"0000001625",38,0,4,"No degree","Married",0,"Worker",3,1,1,1,1,"Skåne","Götaland",3,3,5,4,3,3,1,1,3,7,2,3,3,4,2,3,1,1,3,1,3,2,2,3,4,2,3,3,3,2,0,7,0,0,0,10,8,0,0,9,0,8,0,10,9,8,0,8,0,8,2,6,8,0,3,9,0,6,7,1,"SD","SD",0,"Right",1,1,0,1,2,1.6791
"0000001812",27,1,4,"No degree","Single",0,,1,1,1,0,1,"Skåne","Götaland",3,5,5,5,4,3,2,4,4,6,3,2,2,4,2,3,1,3,3,3,3,2,2,5,5,1,3,3,3,3,0,2,0,1,6,1,8,5,6,0,5,6,,,,,,,,,,,,,,,,,,1,"M","C",1,"Right",0,1,0,0,1,1.6674
"0000002412",74,1,7,"Bachelor","Divorced",1,"White collar",3,2,1,,2,"Skåne","Götaland",2,4,5,4,3,1,1,1,1,8,3,3,3,3,2,3,2,3,3,1,,3,3,4,4,2,2,4,4,3,0,7,5,7,7,1,5,3,5,3,2,6,7,2,5,2,6,5,4,6,5,9,7,1,6,8,5,6,5,1,,,,,,,,0,1,0.6191
"0000000807",36,0,8,"Postgraduate","Single",1,"White collar",3,3,1,1,4,"Västra Götaland","Götaland",3,4,5,5,2,3,1,1,1,8,2,3,3,4,2,2,2,3,3,2,3,3,3,4,5,1,1,2,4,2,1,1,2,0,9,0,4,6,8,0,7,0,9,0,3,6,8,0,6,0,3,10,8,0,6,10,4,7,4,1,"S","S",0,"Left",0,0,1,0,1,1.0805
"0000001723",49,1,2,"No degree","Married",1,"Worker",3,1,0,,3,"Västmanland","Svealand",3,4,5,3,3,3,2,2,4,6,2,3,1,3,2,2,2,3,3,1,,3,3,1,3,2,1,3,2,1,1,7,5,3,5,1,5,5,5,1,5,5,5,0,5,5,5,0,5,5,3,10,8,3,5,10,3,5,5,1,,,,,,,,0,1,1.6078
"0000002455",69,0,8,"Postgraduate","Single",0,"Self-employed",3,3,1,0,2,"Västerbotten","Norrland",4,5,5,4,2,4,1,1,1,9,4,2,4,3,2,2,1,1,1,1,4,3,3,5,5,3,2,3,3,3,0,7,7,7,1,6,8,3,1,8,0,6,5,7,9,8,0,9,0,8,3,4,9,1,2,9,0,6,8,1,"M","M",0,"Right",0,1,0,1,2,0.821
"0000001617",44,0,6,"No degree","Single",0,"Self-employed",5,3,1,0,2,"Västernorrland","Norrland",3,3,5,4,4,3,3,4,4,9,3,3,2,3,2,4,2,2,3,2,4,3,3,5,3,3,2,3,3,3,1,7,1,1,5,6,9,1,5,5,0,6,10,10,8,1,5,3,1,4,5,8,9,0,5,9,4,6,8,1,"M","S",1,"Right",0,1,0,0,2,0.91
"0000002731",79,0,6,"No degree","Divorced",0,"Worker",1,1,1,0,2,"Västmanland","Svealand",2,4,5,5,1,2,1,1,2,7,3,3,3,3,2,3,,3,3,2,,,3,5,4,1,3,3,3,3,0,5,0,0,5,10,7,6,0,7,0,1,9,10,10,7,0,9,1,1,6,8,9,3,8,8,7,7,3,0,,"SD",,,,,,1,2,0.6234
"0000000816",36,1,8,"Postgraduate","Married",1,"White collar",5,2,1,0,1,"Östergötland","Götaland",3,5,5,1,1,1,1,1,1,9,3,3,3,4,3,3,2,3,3,2,3,4,3,5,5,2,3,2,3,3,0,,7,7,9,0,1,8,8,0,9,2,10,0,1,8,9,0,7,2,2,7,10,0,6,10,2,7,2,1,"S","S",0,"Left",0,0,1,1,2,1.073
"0000002365",24,1,8,"Postgraduate","Single",1,"Worker",5,1,1,0,4,"Stockholm","Svealand",4,4,5,,1,1,4,5,3,9,3,3,3,4,2,3,2,3,3,2,4,3,4,5,4,2,,3,3,3,1,5,,7,10,5,,,8,5,10,6,10,5,8,,10,7,10,8,2,10,7,,4,8,3,6,,1,"MP","M",1,"Left",0,0,0,1,2,1.7726
"0000000819",50,1,5,"No degree","Married",1,"White collar",5,1,1,0,1,"Skåne","Götaland",3,5,5,5,4,4,3,3,3,9,3,3,3,3,2,2,1,2,4,2,4,3,1,5,5,2,3,2,5,4,1,4,4,0,7,8,8,0,2,5,0,5,8,10,9,5,2,7,5,8,5,10,8,0,5,8,0,6,8,1,"M","M",0,"Right",0,1,0,1,2,1.1901
"0000002427",64,1,6,"No degree","Single",1,"White collar",3,2,1,0,4,"Västra Götaland","Götaland",3,4,5,5,3,3,1,2,2,9,3,3,4,3,2,4,2,3,4,2,4,4,4,5,5,2,3,4,3,1,1,7,7,5,,,,,,,,,,0,1,7,,0,6,2,4,10,10,1,6,10,2,7,,1,"S","V",1,"Left",0,0,1,1,2,0.9037
"0000001441",55,0,5,"No degree","Married",1,"Farmer",3,2,1,0,1,"Västra Götaland","Götaland",4,5,5,5,2,3,1,2,5,9,4,3,4,3,3,4,2,3,3,2,4,4,3,4,5,3,3,2,4,4,1,6,7,4,6,0,6,1,10,4,1,8,,,,,,,,,3,9,7,0,5,10,2,7,5,1,"C","C",0,"Left",0,0,0,1,3,1.1984
"0000000830",62,1,5,"No degree","Married",0,"White collar",2,3,1,0,1,"Gotland","Götaland",2,4,5,5,3,3,4,5,1,10,4,4,4,4,3,2,2,2,3,2,4,4,4,5,5,3,4,4,3,3,1,3,7,1,2,8,10,0,2,8,0,2,5,10,10,2,2,10,0,5,2,10,10,0,2,8,0,8,10,1,"M","KD",1,"Right",0,1,0,0,,1.1901
"0000001838",41,1,5,"No degree","Single",1,"Worker",2,1,1,0,1,"Västra Götaland","Götaland",3,4,4,4,,3,1,3,4,3,2,2,2,2,2,2,2,,,1,3,2,2,3,3,2,,2,2,3,1,1,3,7,3,0,1,9,5,0,8,3,4,0,0,10,6,0,6,5,6,10,9,2,6,9,3,7,0,1,"MP","V",1,"Left",0,0,0,0,1,0.9037
"0000000919",38,0,8,"Postgraduate","Single",0,"White collar",5,1,0,,2,"Östergötland","Götaland",3,3,5,4,2,3,1,2,1,10,4,4,4,3,3,4,1,4,4,4,4,3,4,5,5,3,4,3,3,2,1,1,0,0,9,2,5,4,6,4,8,3,9,4,3,,7,,,,2,9,7,0,5,7,2,7,4,1,"S","S",0,"Left",0,0,1,0,2,1.0805
"0000001586",28,0,4,"No degree","Single",1,"Worker",3,1,1,0,3,"Stockholm","Svealand",2,3,4,5,5,5,1,4,5,8,3,3,3,4,3,2,2,2,2,3,4,3,3,3,4,3,3,3,3,3,1,0,4,1,0,9,9,0,2,6,0,0,0,9,7,0,1,8,0,0,0,10,10,0,6,5,0,4,10,1,"SD","M",1,"Right",1,1,0,0,2,1.6791
"0000002303",69,0,2,"No degree","Single",0,"Worker",1,1,1,1,2,"Stockholm","Svealand",2,3,4,4,4,4,5,4,4,5,2,2,2,2,2,2,2,1,3,2,3,3,2,4,5,3,2,4,4,1,0,2,3,0,0,10,10,0,0,0,0,0,0,10,10,0,0,0,0,0,0,8,8,,0,0,0,0,10,1,"SD","SD",0,"Right",1,1,0,1,3,0.7541
"0000001741",60,0,3,"No degree","Single",1,"Worker",4,1,1,0,2,"Skåne","Götaland",3,5,5,5,4,4,1,2,4,5,3,2,2,3,3,1,1,2,2,1,4,4,2,5,5,3,3,4,2,3,0,5,7,0,2,10,10,5,0,8,0,6,2,10,9,6,0,9,0,3,3,10,10,0,0,8,0,7,10,1,"SD","SD",0,"Right",1,1,0,1,3,1.1008
"0000001026",62,1,3,"No degree","Single",1,"Worker",2,2,1,0,3,"Stockholm","Svealand",3,5,5,2,1,1,1,1,1,9,3,3,3,3,3,3,2,4,3,1,4,3,4,4,5,,3,1,4,4,1,5,5,6,10,0,1,5,8,1,8,6,10,0,1,4,8,1,7,6,,,,,,,,,3,1,"S","M",1,"Left",0,0,1,0,2,1.0931
"0000001952",64,0,4,"No degree","Divorced",1,"Worker",1,1,0,,2,"Skåne","Götaland",3,4,5,5,5,4,4,3,5,10,4,4,3,3,3,3,3,4,3,2,2,3,4,4,4,2,3,4,4,3,1,5,7,0,10,1,7,8,8,5,9,6,10,0,5,3,9,2,8,2,6,10,10,2,5,10,6,9,7,1,"S","S",0,"Left",0,0,1,0,2,0.91
"0000000850",46,0,4,"No degree","Married",1,"White collar",5,1,1,0,2,"Södermanland","Svealand",3,4,5,3,2,1,1,1,5,7,3,3,3,4,2,2,2,2,3,4,,3,3,5,4,3,4,2,4,4,1,1,0,1,7,9,9,7,5,8,1,8,6,9,8,6,5,7,1,7,1,10,10,0,0,10,0,7,7,1,"M","M",0,"Right",0,1,0,1,2,1.1984
"0000002725",76,1,3,"No degree","Married",0,"Worker",2,2,1,0,2,"Halland","Götaland",3,3,5,4,3,3,2,4,1,8,3,4,3,3,2,3,2,3,2,2,2,2,3,4,3,2,2,4,4,4,0,7,,,9,0,7,1,9,6,6,9,10,2,6,1,9,6,3,9,5,10,9,1,5,9,4,6,5,1,"C",,,"Left",0,0,0,0,2,0.7489
"0000002470",29,0,3,"No degree","Single",0,,1,1,1,0,2,"Värmland","Svealand",2,2,2,2,2,2,3,3,3,7,3,3,2,4,2,2,2,2,3,2,,2,3,3,3,1,2,2,4,3,1,3,3,0,5,5,5,5,5,5,5,5,5,5,5,5,5,5,5,5,5,5,5,5,5,5,5,5,8,0,,,,,,,,0,,1
"0000000856",51,0,8,"Postgraduate","Single",0,"White collar",5,1,1,1,2,"Norrbotten","Norrland",4,5,5,5,1,3,2,4,1,9,3,3,4,4,2,4,2,1,2,2,4,3,4,5,5,4,2,3,3,3,1,0,7,7,1,1,10,0,9,7,0,9,1,1,8,0,9,5,0,9,3,3,8,0,9,8,0,8,10,1,"M","C",1,"Right",0,1,0,1,2,0.7712
"0000000857",50,0,3,"No degree","Divorced",1,"White collar",4,1,1,1,2,"Södermanland","Svealand",3,5,5,5,1,4,1,3,4,7,2,2,2,3,2,3,2,2,2,1,2,3,2,4,3,3,3,2,3,3,1,0,7,7,7,2,6,5,0,0,1,6,8,2,5,6,0,0,0,7,3,6,8,0,6,8,2,7,4,1,"S",,,"Left",0,0,1,0,,1.1984
"0000002349",78,1,8,"Postgraduate","Divorced",,"White collar",,3,1,,1,"Skåne","Götaland",3,5,5,,4,1,1,1,1,10,4,4,4,2,3,3,1,4,4,5,4,,4,5,5,3,3,4,4,3,0,7,0,0,10,0,8,8,8,0,8,8,10,4,7,7,8,4,5,5,3,10,10,0,5,10,5,7,4,1,"S","S",0,"Left",0,0,1,1,2,0.5247
"0000000865",35,0,7,"Bachelor","Single",1,"White collar",5,1,1,1,4,"Stockholm","Svealand",2,4,4,5,1,1,1,5,1,4,2,2,3,4,1,2,1,2,3,1,3,2,2,4,3,2,1,1,2,3,1,,7,7,5,0,0,5,9,0,0,0,5,0,0,4,6,0,0,0,7,10,10,0,5,10,1,9,4,1,"C","V",1,"Left",0,0,0,0,2,1.0805
"0000000866",27,1,7,"Bachelor","Single",0,"White collar",2,1,1,0,4,"Västra Götaland","Götaland",3,4,5,2,2,4,2,2,2,8,3,3,2,3,2,3,3,3,3,2,3,3,3,5,3,2,1,3,3,3,1,0,7,7,8,4,7,7,7,5,7,7,10,6,6,5,7,6,5,5,0,8,9,1,5,6,3,7,5,1,"S",,,"Left",0,0,1,0,1,1.073
"0000001929",86,0,2,"No degree","Widowed",0,"White collar",1,2,1,0,2,"Västra Götaland","Götaland",3,4,5,1,3,3,1,1,1,9,4,3,3,3,3,3,1,3,4,1,4,4,3,5,5,2,2,5,4,3,0,7,0,0,9,2,7,7,10,9,7,9,10,6,8,7,10,8,6,8,2,7,10,1,5,8,4,6,5,1,"C","C",0,"Left",0,0,0,1,2,0.6234
"0000000874",62,0,3,"No degree","Married",1,"White collar",3,1,1,1,1,"Västra Götaland","Götaland",3,4,5,5,1,3,1,1,1,9,4,4,3,3,3,3,2,3,3,2,4,3,3,5,4,3,3,4,4,4,1,5,7,3,10,7,7,5,6,6,7,6,10,7,6,6,7,4,5,7,3,6,9,0,5,7,2,6,3,1,"S","S",0,"Left",0,0,1,1,2,1.1008
"0000000478",55,1,7,"Bachelor","Married",1,"Worker",2,2,1,1,2,"Västra Götaland","Götaland",3,4,5,5,2,1,1,1,1,10,4,4,4,4,3,3,2,3,3,2,3,3,4,5,4,3,4,2,3,3,1,5,2,1,9,1,6,8,8,4,9,8,10,1,4,8,8,1,8,6,3,10,9,1,5,10,4,7,4,1,"MP","S",1,"Left",0,0,0,0,2,0.7658
"0000000878",37,0,7,"Bachelor","Single",1,"White collar",2,2,1,1,2,"Skåne","Götaland",2,4,4,4,4,3,5,4,1,3,1,1,3,3,1,1,1,2,1,2,,1,2,1,2,2,3,2,3,2,1,0,0,7,2,2,2,2,2,2,2,2,6,9,4,8,3,10,5,6,6,10,,,5,8,4,8,7,1,,"M",,,,,,0,2,1.0805
"0000000881",37,0,4,"No degree","Single",0,"White collar",5,1,1,0,1,"Stockholm","Svealand",3,5,5,4,3,5,2,1,4,9,2,2,3,2,2,2,2,1,2,1,4,4,2,4,5,3,3,3,2,3,1,3,7,5,0,9,10,0,2,10,0,4,0,10,10,0,0,10,0,1,2,9,8,0,4,8,1,5,8,1,"KD","KD",0,"Right",0,1,0,1,3,1.5423
"0000001696",64,0,3,"No degree","Divorced",0,"Worker",3,1,1,0,2,"Stockholm","Svealand",2,5,2,5,4,4,2,5,4,3,2,2,2,3,1,1,3,2,2,1,,3,2,3,2,2,2,2,2,3,1,4,3,5,5,5,5,5,5,5,5,5,5,5,5,5,5,5,5,5,3,7,10,0,4,7,2,4,5,0,,,,,,,,0,,1.1008
"0000001135",66,1,4,"No degree","Married",0,"White collar",3,2,1,0,1,"Västra Götaland","Götaland",4,4,5,2,2,3,2,4,4,9,3,3,2,3,3,3,2,2,3,1,3,3,3,4,4,3,1,3,3,3,1,6,7,7,5,7,8,0,2,9,0,7,8,7,8,3,3,9,0,6,3,10,10,0,4,9,0,7,9,1,"KD","L",1,"Right",0,1,0,0,1,0.8153
"0000000093",44,1,8,"Postgraduate","Married",1,"White collar",5,1,1,0,1,"Jämtland","Norrland",3,4,4,5,3,1,2,4,2,8,3,3,3,3,2,3,3,3,4,2,4,3,3,4,4,2,2,3,3,4,0,3,7,7,8,0,3,9,7,0,10,2,10,0,0,9,9,0,10,0,3,10,9,1,6,10,1,8,2,1,"MP","MP",0,"Left",0,0,0,1,3,0.7658
"0000000889",52,1,5,"No degree","Divorced",1,"White collar",3,1,1,0,1,"Halland","Götaland",3,5,5,5,5,1,4,4,2,8,3,3,3,3,3,3,3,3,3,1,4,4,3,5,4,2,2,4,4,4,1,0,7,7,9,0,6,0,5,0,0,2,10,0,6,0,7,1,2,5,4,10,10,0,5,1,1,6,6,1,"S","M",1,"Left",0,0,1,1,2,1.1901
"0000000333",33,1,8,"Postgraduate","Single",1,"Worker",4,3,1,0,3,"Stockholm","Svealand",3,4,5,3,1,4,1,1,1,10,4,3,4,3,3,4,1,3,3,1,4,3,3,5,5,3,3,4,3,3,0,5,7,6,10,0,1,8,6,0,9,3,,0,3,6,9,1,8,3,2,10,8,0,5,9,3,7,1,1,"MP",,,"Left",0,0,0,0,2,1.073
"0000002336",71,0,6,"No degree","Single",0,"White collar",3,1,1,0,1,"Stockholm","Svealand",2,3,5,5,5,5,3,4,5,8,2,2,2,3,1,2,1,3,3,1,,3,3,5,3,3,2,3,4,4,0,1,7,0,5,1,1,1,2,2,0,3,5,3,2,1,3,1,0,5,3,9,7,2,5,5,2,5,2,1,"S","S",0,"Left",0,0,1,1,1,0.6234
"0000000891",45,0,8,"Postgraduate","Married",1,"White collar",3,1,1,0,2,"Kalmar","Götaland",3,5,5,1,1,3,1,3,2,9,3,3,3,3,2,4,2,1,3,1,4,3,3,4,4,3,2,3,3,3,1,0,7,3,3,5,10,6,0,10,0,7,3,10,9,7,0,8,0,6,3,3,8,0,10,9,3,7,6,1,"KD","KD",0,"Right",0,1,0,0,,0.7712
"0000001058",60,1,3,"No degree","Married",1,"White collar",3,2,1,0,1,"Västmanland","Svealand",2,4,4,3,3,3,1,1,1,7,3,3,3,4,3,3,3,3,3,1,3,3,3,5,5,2,2,3,3,3,0,7,7,7,10,7,0,0,7,0,0,0,10,7,1,1,6,0,0,1,,,,,,,,,,1,"S","S",0,"Left",0,0,1,0,,1.0931
"0000001480",71,1,7,"Bachelor","Married",1,,2,1,1,0,1,"Dalarna","Svealand",4,5,5,4,1,1,1,1,1,9,4,4,3,3,3,3,1,4,4,2,4,4,4,5,5,2,3,4,5,3,0,7,7,,10,0,3,5,8,0,4,5,10,0,3,4,9,1,5,5,1,10,9,0,6,10,5,6,2,1,"S","S",0,"Left",0,0,1,1,2,0.6191
"0000000900",44,0,4,"No degree","Single",0,"White collar",2,1,1,0,2,"Värmland","Svealand",3,4,5,4,3,3,4,2,2,9,3,3,3,2,2,2,2,3,3,3,4,4,3,5,5,3,3,3,4,4,,6,7,7,2,8,8,3,0,10,0,6,1,9,8,1,0,9,0,9,4,6,9,0,5,8,0,7,8,1,"KD","KD",0,"Right",0,1,0,0,2,1.1984
"0000002764",80,0,3,"No degree","Married",0,"Self-employed",5,1,1,0,2,"Halland","Götaland",,4,5,5,5,4,4,4,5,6,3,3,3,4,2,3,1,2,3,4,3,2,3,4,5,3,2,4,3,5,1,7,0,0,3,6,10,1,5,7,0,5,7,8,9,5,1,9,0,6,1,8,10,1,3,9,1,4,10,1,"M","M",0,"Right",0,1,0,1,2,0.821
"0000000349",71,0,3,"No degree","Married",0,"White collar",2,1,1,0,2,"Örebro","Svealand",3,4,5,5,2,3,1,1,4,10,4,3,3,4,2,3,1,3,3,2,3,4,4,5,5,3,3,3,3,3,0,7,0,0,8,0,8,0,9,8,7,9,8,0,4,0,8,7,5,8,1,10,8,0,7,8,3,4,4,1,"L","L",0,"Right",0,1,0,1,2,0.821
"0000000903",25,1,8,"Postgraduate","Single",1,"White collar",4,1,1,0,2,"Jönköping","Götaland",3,3,5,3,1,1,2,4,4,8,3,3,3,4,3,4,3,3,3,2,4,4,3,5,5,2,2,3,3,3,1,0,3,7,9,0,8,6,10,5,9,7,10,0,8,6,10,8,7,8,8,10,3,1,6,8,6,1,7,1,"C","C",0,"Left",0,0,0,1,,1.1407
"0000001799",77,0,2,"No degree","Single",1,"Farmer",1,2,1,0,1,"Västra Götaland","Götaland",3,4,5,4,4,1,1,1,5,8,3,3,3,3,2,3,2,3,3,2,3,2,3,5,5,3,3,4,4,4,0,7,0,0,9,5,3,5,7,6,6,6,8,6,6,5,7,5,5,6,0,10,10,0,5,8,3,6,3,1,"C","C",0,"Left",0,0,0,1,1,0.7541
"0000000904",65,0,5,"No degree","Married",1,"White collar",5,1,1,0,3,"Västra Götaland","Götaland",4,5,5,1,1,1,1,1,1,9,4,4,4,3,3,3,3,2,2,2,4,4,4,5,5,3,3,2,3,3,1,7,2,1,5,4,10,0,3,9,0,6,6,5,10,1,3,10,0,7,2,5,9,0,4,8,1,6,9,1,"M","M",0,"Right",0,1,0,1,3,0.6234
"0000002487",69,1,3,"No degree","Married",0,"Worker",2,1,1,,2,"Kalmar","Götaland",2,3,5,,,,,,,8,3,3,4,3,3,3,2,3,3,3,3,3,3,5,5,2,3,4,4,3,1,7,4,7,9,0,5,6,5,1,3,5,9,0,5,6,5,1,3,5,3,5,10,0,6,9,4,5,,1,"S","S",0,"Left",0,0,1,1,2,0.7489
"0000000907",27,1,7,"Bachelor","Single",0,"Worker",2,2,1,0,4,"Stockholm","Svealand",2,5,5,4,4,3,2,4,1,8,3,3,3,3,2,3,2,3,3,1,3,2,3,4,4,2,3,2,4,3,1,0,5,7,7,0,7,1,8,4,3,7,4,4,4,0,9,9,0,2,4,8,8,0,5,7,1,7,5,1,"C","C",0,"Left",0,0,0,0,2,1.073
"0000000908",63,0,4,"No degree","Married",0,"White collar",3,1,1,0,2,"Västerbotten","Norrland",,4,5,5,2,2,1,1,2,8,3,3,3,3,2,2,1,3,4,2,4,4,3,5,2,2,3,3,3,3,,6,0,6,8,1,3,4,10,1,4,4,9,1,3,4,10,1,3,4,5,10,9,1,5,6,6,7,6,1,"C","S",1,"Left",0,0,0,1,2,1.1008
"0000002508",74,0,3,"No degree","Married",0,"Worker",1,1,1,0,1,"Stockholm","Svealand",3,2,5,4,4,3,2,2,1,5,2,2,3,3,2,3,2,3,3,1,2,3,3,,4,2,2,4,3,3,0,2,0,0,8,7,5,8,5,5,7,5,7,6,8,9,6,6,5,6,3,6,5,3,5,5,5,5,5,1,"SD","S",1,"Right",1,1,0,0,2,1.0469
"0000002757",68,1,3,"No degree","Married",0,"White collar",2,,1,0,3,"Stockholm","Svealand",2,3,3,,,,1,,,5,2,2,2,,,,,2,2,1,4,4,2,5,5,2,3,3,3,2,0,7,,,5,7,10,5,5,5,0,5,5,8,10,0,5,5,0,5,0,8,10,0,0,8,0,5,10,1,"M","M",0,"Right",0,1,0,1,2,1.0396
"0000001447",74,1,3,"No degree","Widowed",0,,1,3,1,0,1,"Jämtland","Norrland",2,3,5,5,5,3,3,3,3,8,2,2,1,3,2,2,1,2,2,2,3,3,3,5,4,3,3,3,3,3,0,1,2,7,7,0,5,5,7,7,8,6,10,2,5,8,10,5,6,5,4,8,8,3,1,8,1,7,5,1,"C","C",0,"Left",0,0,0,0,2,0.7489
"0000000916",39,1,6,"No degree","Single",0,"White collar",5,2,1,0,1,"Västra Götaland","Götaland",3,4,5,5,1,3,4,4,2,9,3,3,3,3,3,2,2,2,2,1,4,4,4,4,4,2,1,4,3,2,1,2,1,7,4,5,9,0,8,8,3,9,2,10,10,0,8,9,6,5,3,10,8,0,4,8,3,7,7,1,"L","M",1,"Right",0,1,0,0,2,1.2661
"0000000597",48,0,9,"Postgraduate","Married",0,"Self-employed",5,1,1,0,3,"Stockholm","Svealand",4,5,5,4,2,3,1,1,2,8,3,3,3,3,2,3,2,1,1,1,3,1,2,5,5,4,3,2,3,4,1,4,7,7,2,4,8,0,0,7,0,3,6,4,9,3,0,7,0,7,3,6,8,1,3,7,2,6,9,1,"M","KD",1,"Right",0,1,0,0,1,0.7896
"0000002766",72,0,3,"No degree","Married",0,"Worker",2,1,1,0,2,"Östergötland","Götaland",3,4,5,5,4,4,3,3,3,7,2,2,3,3,2,3,1,3,3,1,3,3,3,4,3,2,3,5,3,3,0,7,0,0,7,8,5,5,5,5,2,5,7,8,5,5,5,5,2,5,0,10,10,2,5,7,0,7,7,1,"SD",,,"Right",1,1,0,1,2,0.7541
"0000001636",61,0,3,"No degree","Married",0,"Worker",3,1,1,0,1,"Örebro","Svealand",3,3,5,3,3,3,3,3,3,9,2,2,3,3,1,3,2,2,3,3,2,3,4,5,4,3,4,5,5,5,0,4,0,0,9,6,4,5,5,5,6,6,9,6,4,5,5,5,5,6,3,6,7,4,5,7,4,5,5,1,"S","S",0,"Left",0,0,1,0,,1.5282
"0000001890",72,0,5,"No degree","Single",1,"White collar",1,1,1,0,3,"Stockholm","Svealand",3,5,5,4,3,3,,,,,,,,,,,,,,5,,1,1,4,3,2,2,,,4,1,4,0,0,8,1,2,2,8,1,8,2,,,,,,,,,,,,,,,,,2,1,,,,,,,,0,,0.821
"0000000048",31,1,7,"Bachelor","Single",0,"White collar",5,1,1,0,4,"Stockholm","Svealand",3,5,5,3,4,2,2,3,2,7,4,3,2,4,3,3,1,3,4,4,4,4,3,4,5,,4,2,3,3,1,6,3,7,7,1,9,0,8,9,0,10,8,8,9,0,8,9,0,10,2,10,10,0,4,9,1,6,8,1,"L","L",0,"Right",0,1,0,1,2,1.073
"0000002640",88,0,5,"No degree","Married",0,"White collar",3,1,1,0,3,"Stockholm","Svealand",4,5,4,5,1,1,1,1,1,8,3,3,3,3,2,3,1,3,3,2,3,4,,,5,2,2,3,3,3,0,7,0,0,9,0,0,2,8,0,6,0,9,0,1,2,9,0,7,0,3,6,10,0,7,10,4,7,5,1,"S","L",1,"Left",0,0,1,1,2,0.6234
"0000000929",48,1,8,"Postgraduate","Single",1,"White collar",3,2,1,0,2,"Uppsala","Svealand",4,5,5,4,4,4,1,4,4,10,3,3,3,3,3,3,1,3,4,2,4,4,4,5,4,4,3,3,3,3,0,3,7,7,9,7,8,2,8,2,2,8,10,7,8,0,8,0,0,5,5,10,8,0,6,9,2,7,5,1,"S","S",0,"Left",0,0,1,0,2,0.7658
"0000000931",56,0,3,"No degree","Divorced",1,"White collar",2,1,1,0,2,"Norrbotten","Norrland",2,3,5,3,1,3,1,1,1,9,2,3,2,2,2,2,1,2,3,3,3,3,3,5,4,3,4,4,4,3,0,0,1,1,2,7,9,1,5,4,0,5,3,6,8,5,5,4,3,6,3,9,8,1,5,5,2,6,8,1,"M","M",0,"Right",0,1,0,1,2,1.1008
"0000001689",65,0,,,"Single",,,,,1,0,,"Kalmar","Götaland",3,3,,4,4,4,1,,,5,2,2,2,,,,,2,3,,,3,,,3,,,,,,,2,,,8,10,8,5,6,5,5,5,9,10,7,6,5,5,5,6,,,,,,,,,,0,,,,,,,,,,1.0469
"0000002745",24,1,6,"No degree","Single",0,"Worker",3,1,1,0,2,"Västra Götaland","Götaland",4,5,4,5,4,4,1,5,4,6,3,3,4,3,2,2,3,1,2,1,3,4,3,4,5,4,3,2,4,2,0,2,7,7,3,9,9,2,1,9,0,8,4,10,9,7,0,10,0,7,4,7,10,0,7,8,3,6,8,1,"SD","L",1,"Right",1,1,0,0,2,1.1407
"0000001012",25,1,8,"Postgraduate","Single",0,"White collar",5,2,1,0,3,"Stockholm","Svealand",2,4,5,3,4,1,1,2,4,9,3,3,2,3,2,3,2,3,3,2,4,3,4,5,2,3,2,3,3,3,1,2,0,7,5,0,5,3,9,2,3,7,6,0,5,6,10,2,2,7,3,9,7,0,5,8,3,6,5,1,"C","C",0,"Left",0,0,0,1,2,1.1407
"0000002075",74,0,3,"No degree","Married",0,"White collar",1,1,1,0,1,"Halland","Götaland",3,5,5,5,1,4,1,1,1,9,4,4,3,3,2,3,2,3,3,4,3,3,3,5,4,3,3,4,4,3,1,7,,4,9,0,5,7,6,3,3,6,10,5,5,6,8,0,3,5,3,10,8,1,5,9,2,7,3,1,"S","S",0,"Left",0,0,1,1,2,0.821
"0000000945",55,1,8,"Postgraduate","Single",1,"White collar",4,3,1,0,4,"Stockholm","Svealand",4,5,5,,,,1,2,,9,3,3,3,3,3,3,2,2,2,1,3,4,3,5,4,3,2,3,2,3,0,7,,,0,0,8,0,3,6,0,9,,7,8,4,3,7,0,9,4,5,9,1,6,9,2,8,8,1,"L","C",1,"Right",0,1,0,1,2,0.7658
"0000001663",32,0,4,"No degree","Single",1,"Worker",4,1,1,0,2,"Örebro","Svealand",2,3,5,4,5,3,1,1,4,6,2,2,3,3,3,3,1,1,3,2,3,3,3,5,5,3,3,3,2,3,1,0,7,0,5,5,10,5,5,7,0,8,5,7,10,5,5,7,5,7,0,10,10,0,2,8,2,8,7,1,"M","M",0,"Right",0,1,0,0,1,1.6791
"0000000542",33,1,7,"Bachelor","Single",1,"Worker",5,1,1,1,4,"Västra Götaland","Götaland",4,5,5,2,1,1,1,3,3,8,3,3,2,3,2,3,2,3,3,2,4,4,4,5,5,1,2,3,3,3,1,7,7,7,7,0,1,9,6,0,8,1,7,0,1,10,8,0,5,2,4,6,10,0,6,9,2,9,0,1,"V","V",0,"Left",0,0,0,1,3,1.073
"0000002770",73,1,7,"Bachelor","Married",0,"Self-employed",4,1,1,0,2,"Uppsala","Svealand",4,5,5,3,4,5,4,3,2,5,3,4,2,3,2,3,2,1,2,1,4,3,3,4,3,3,4,3,3,5,0,3,1,5,0,8,10,0,0,9,0,2,0,8,10,0,0,9,0,2,0,10,10,0,2,10,0,4,10,1,"M","M",0,"Right",0,1,0,1,3,0.5247
"0000000950",67,1,8,"Postgraduate","Single",1,,4,1,1,0,4,"Västra Götaland","Götaland",4,4,5,,1,1,1,1,3,8,4,4,3,3,3,3,1,3,3,4,3,3,3,5,5,3,3,2,4,4,1,7,7,0,9,0,2,8,5,5,9,6,8,0,1,10,8,2,7,6,7,10,10,2,8,8,7,8,,1,"S","S",0,"Left",0,0,1,1,2,0.6191
"0000000952",58,0,6,"No degree","Divorced",1,"White collar",2,6,1,0,2,"Stockholm","Svealand",3,4,5,5,2,3,3,5,3,3,2,2,2,3,1,3,1,3,1,1,3,2,2,4,5,1,2,2,2,2,1,3,3,0,8,5,0,7,3,1,8,0,9,8,1,9,3,0,9,6,5,5,9,2,7,8,3,8,4,1,"S","S",0,"Left",0,0,1,1,2,0.91
"0000001261",49,1,3,"No degree","Single",1,"Worker",3,1,1,0,2,"Västerbotten","Norrland",2,3,3,3,3,3,2,4,4,5,2,2,2,4,2,2,2,2,2,1,,3,2,4,2,2,2,2,3,1,1,0,7,7,5,5,5,5,5,5,5,5,5,5,5,5,5,5,5,5,0,10,10,0,10,10,5,10,7,1,,,,,,,,0,2,1.0931
"0000000634",38,0,8,"Postgraduate","Single",0,"White collar",5,1,1,0,3,"Stockholm","Svealand",3,5,4,3,2,1,1,5,4,9,2,3,3,4,2,3,1,3,3,4,3,1,2,4,5,3,2,2,2,3,1,5,3,7,9,0,2,9,6,0,9,2,10,0,0,8,10,0,7,5,3,8,7,2,6,8,3,7,3,1,"S","S",0,"Left",0,0,1,0,2,1.0805
"0000000956",36,1,5,"No degree","Married",0,"Worker",3,1,1,0,1,"Skåne","Götaland",2,2,5,5,4,1,1,4,3,5,3,3,2,4,2,3,1,3,3,1,3,2,3,4,3,2,3,3,3,3,0,0,7,7,8,0,5,7,5,1,9,2,10,0,5,2,6,0,7,5,3,10,9,0,6,9,1,5,1,1,"MP","C",1,"Left",0,0,0,1,2,1.6674
"0000001306",57,1,6,"No degree","Married",1,"Worker",4,3,1,0,2,"Halland","Götaland",3,5,5,3,1,3,,,4,,2,1,1,3,2,2,2,1,1,2,4,3,2,4,3,2,3,3,3,3,1,2,1,7,0,10,8,1,0,8,0,3,2,10,8,2,0,8,0,8,0,9,8,1,0,8,0,2,9,1,"SD","SD",0,"Right",1,1,0,1,3,1.0931
"0000001338",38,0,7,"Bachelor","Married",0,"Worker",5,2,0,1,2,"Stockholm","Svealand",3,5,5,5,1,1,2,3,4,9,3,3,3,3,2,3,1,4,3,5,4,3,3,4,5,2,2,4,4,4,1,2,3,0,7,0,2,5,6,1,6,2,7,0,1,5,9,0,5,3,4,10,8,2,7,10,5,8,3,1,"MP","S",1,"Left",0,0,0,1,2,1.275
"0000002634",18,1,3,"No degree","Single",0,"Worker",5,1,0,,1,"Västra Götaland","Götaland",3,4,5,3,1,1,2,4,2,9,3,3,2,4,2,4,2,3,3,2,4,3,3,4,5,4,2,2,4,4,1,4,0,5,9,1,8,8,9,5,9,8,9,2,8,8,9,5,9,8,2,6,9,0,5,,,6,5,1,"C",,,"Left",0,0,0,0,1,2.2604
"0000000970",30,1,8,"Postgraduate","Single",0,"Worker",2,1,1,0,1,"Uppsala","Svealand",2,2,5,3,3,4,1,1,4,7,3,3,2,4,2,3,2,3,3,1,,1,3,5,4,2,3,4,4,3,1,7,4,7,6,0,6,0,5,0,6,6,8,0,6,5,9,7,5,6,3,7,7,2,5,7,5,6,4,1,,"S",,,,,,0,1,1.073
"0000000708",41,0,6,"No degree","Married",0,"White collar",3,1,1,1,3,"Skåne","Götaland",4,5,5,5,1,2,1,1,5,4,1,2,3,3,2,3,2,2,1,2,4,1,2,3,5,1,1,1,4,3,1,4,7,7,2,0,0,3,5,0,7,1,3,1,3,4,4,1,5,2,6,8,8,2,7,9,6,6,3,1,"C","C",0,"Left",0,0,0,0,,0.91
"0000001971",35,1,4,"No degree","Single",0,"Worker",,1,1,0,2,"Stockholm","Svealand",3,5,5,1,1,1,1,5,4,8,3,2,3,4,3,4,2,4,3,1,4,4,4,5,5,2,3,4,4,3,1,7,7,7,10,0,0,5,0,0,0,0,10,0,0,5,2,0,0,0,4,10,10,2,6,,4,5,0,1,"S","S",0,"Left",0,0,1,1,2,1.5316
"0000002772",74,0,6,"No degree","Married",0,"White collar",3,2,1,0,1,"Västra Götaland","Götaland",3,4,5,4,4,1,1,1,1,7,3,3,4,3,3,2,2,4,4,4,4,3,3,4,4,3,3,3,4,4,0,0,7,3,10,0,5,7,8,3,6,4,10,0,4,4,8,1,6,4,3,10,9,1,4,8,4,7,,1,"S","S",0,"Left",0,0,1,1,,0.6234
"0000000400",44,1,4,"No degree","Married",0,"Worker",4,3,1,1,3,"Stockholm","Svealand",3,4,4,4,5,4,2,1,2,1,2,2,1,2,2,3,3,1,1,1,4,4,2,4,4,2,2,3,3,2,1,1,,,5,4,9,0,0,10,0,0,0,0,8,0,0,10,0,0,0,5,10,0,0,10,0,6,8,1,"KD","KD",0,"Right",0,1,0,1,2,1.1901
"0000002432",82,0,5,"No degree","Widowed",0,"Worker",1,1,1,0,1,"Gävleborg","Norrland",2,4,5,5,4,4,1,3,5,8,3,4,3,4,3,3,2,4,3,3,4,3,3,5,3,3,3,5,4,4,0,4,0,2,10,0,7,7,8,7,9,7,10,0,7,5,9,7,9,5,0,8,8,2,2,8,2,6,0,1,"S","S",0,"Left",0,0,1,1,,0.821
"0000002701",65,0,3,"No degree","Married",1,"White collar",4,1,1,0,1,"Stockholm","Svealand",3,4,5,4,1,3,1,1,2,8,3,3,3,4,2,2,2,3,3,2,3,3,3,5,5,3,2,4,4,3,1,7,2,2,,,,,,,,,10,5,1,7,7,4,5,6,5,10,9,2,7,10,4,7,6,1,"S","S",0,"Left",0,0,1,1,1,0.7541
"0000002773",85,0,2,"No degree","Married",0,"Worker",2,1,1,,2,"Skåne","Götaland",2,3,5,5,4,4,1,1,1,10,2,1,3,2,2,3,,2,2,3,3,3,3,5,5,2,3,1,3,3,0,4,,,7,9,9,5,6,8,5,7,7,9,8,6,6,8,2,6,2,9,8,1,7,8,0,7,6,1,"SD","SD",0,"Right",1,1,0,1,1,1.1092
"0000000224",31,0,8,"Postgraduate","Single",1,"White collar",3,1,1,0,3,"Stockholm","Svealand",2,3,5,5,1,3,3,3,3,8,2,2,2,3,2,2,1,1,3,1,,2,2,3,2,2,1,3,3,3,0,0,3,0,5,0,5,5,5,5,5,5,5,0,5,5,5,5,5,5,5,5,5,5,5,5,5,5,5,1,,,,,,,,0,,1.0805
"0000001970",74,1,5,"No degree","Married",0,"Worker",2,1,0,,1,"Värmland","Svealand",3,4,5,4,1,3,1,3,1,8,3,3,3,3,2,3,1,3,3,2,3,3,3,4,4,2,3,3,4,3,0,6,0,6,8,2,9,4,7,2,2,5,10,6,8,3,7,1,1,6,5,10,8,1,6,10,1,7,7,1,"S",,,"Left",0,0,1,0,1,0.8153
"0000001366",59,1,3,"No degree","Married",1,"Worker",4,1,1,0,1,"Halland","Götaland",2,3,5,4,3,3,1,1,1,10,2,2,2,2,2,2,2,3,3,2,3,3,3,5,4,1,2,2,3,3,1,5,0,0,7,5,5,5,5,5,5,5,7,5,5,5,5,5,5,5,2,7,9,0,5,7,4,6,4,1,"S","S",0,"Left",0,0,1,0,1,1.1901
"0000000518",37,0,7,"Bachelor","Married",1,"White collar",5,1,1,0,1,"Södermanland","Svealand",2,4,5,5,1,1,1,5,4,7,2,2,3,4,2,3,1,3,3,2,3,3,3,5,2,3,3,1,3,4,0,3,0,2,9,0,2,5,8,1,7,3,9,2,3,5,8,1,5,5,3,10,8,0,4,9,0,7,3,1,"S","C",1,"Left",0,0,1,0,,1.0805
"0000001841",79,0,6,"No degree","Married",0,"White collar",2,1,1,0,4,"Västra Götaland","Götaland",2,4,5,5,3,3,2,2,1,9,3,3,3,3,2,3,1,3,3,3,4,3,3,5,5,3,3,4,4,3,0,7,0,0,3,6,9,3,,6,3,5,6,7,8,6,5,7,4,6,2,8,8,0,3,8,3,6,8,1,"M","M",0,"Right",0,1,0,0,,0.6234
"0000001237",24,0,4,"No degree","Single",0,"Worker",1,1,0,1,2,"Västra Götaland","Götaland",3,4,5,4,3,2,2,3,4,8,3,3,3,3,2,3,2,2,2,2,3,3,3,4,3,3,2,4,3,3,1,1,5,7,6,6,8,4,6,5,1,9,5,6,8,0,8,7,1,10,2,10,8,0,5,9,1,6,6,1,"L","L",0,"Right",0,1,0,1,2,1.3555
"0000002033",76,1,2,"No degree","Divorced",0,,1,1,0,,2,"Uppsala","Svealand",2,2,5,4,3,3,3,4,5,3,2,2,2,2,2,2,2,3,3,1,4,2,2,2,3,2,2,3,1,2,1,1,0,0,10,0,0,7,9,0,7,0,10,0,0,6,9,0,3,0,1,10,10,0,3,10,3,10,1,1,"S","S",0,"Left",0,0,1,,3,1.1014
"0000000998",25,1,8,"Postgraduate","Single",1,"White collar",2,1,1,0,3,"Stockholm","Svealand",2,4,5,5,2,4,2,2,2,7,3,3,3,4,2,3,2,3,3,2,3,2,3,4,2,3,2,3,4,3,0,2,1,7,9,0,8,4,8,0,3,5,10,1,5,2,9,1,3,5,2,9,7,0,4,8,1,6,5,1,"S","C",1,"Left",0,0,1,0,2,1.7726
"0000000999",38,1,5,"No degree","Single",1,"White collar",4,2,1,1,2,"Jönköping","Götaland",2,4,5,5,2,1,2,4,5,8,3,2,3,4,2,3,2,3,3,2,3,4,3,4,4,2,3,3,2,3,1,2,0,7,8,0,1,9,8,1,10,1,8,0,1,8,9,0,10,1,5,10,10,0,3,10,1,9,1,1,"MP","MP",0,"Left",0,0,0,1,2,1.2661
"0000001000",45,1,4,"No degree","Married",1,"Worker",2,3,1,0,2,"Halland","Götaland",2,3,5,5,1,2,1,1,1,8,4,2,4,4,4,4,2,3,4,,,4,4,5,5,2,3,3,5,4,1,3,2,7,9,0,5,7,7,1,4,2,10,6,0,0,8,1,5,0,,,,,,,,,,1,,,,,,,,0,,1.1901
"0000001467",67,0,3,"No degree","Married",0,,2,2,1,0,2,"Blekinge","Götaland",3,5,5,,,4,1,4,4,10,4,4,2,4,3,3,2,2,2,1,4,4,4,5,5,3,3,3,4,3,1,7,,,5,10,10,0,6,7,0,7,7,10,10,6,3,8,0,7,4,9,10,0,4,7,0,6,8,1,"SD","M",1,"Right",1,1,0,1,3,1.0469
"0000000939",32,1,4,"No degree","Married",1,"White collar",4,3,1,0,3,"Västra Götaland","Götaland",2,5,4,3,5,3,3,3,4,8,3,3,3,3,3,3,3,2,1,3,4,4,3,5,4,3,2,2,2,1,1,1,2,7,,,,,,,,,8,8,8,0,0,10,2,6,,9,,0,5,8,3,7,8,1,"SD","SD",0,"Right",1,1,0,0,,1.6674
"0000002271",53,1,6,"No degree","Single",1,"White collar",2,1,1,0,2,"Kronoberg","Götaland",2,4,5,5,1,5,1,1,1,10,3,3,3,3,3,3,1,3,3,3,,3,3,3,4,2,3,4,5,5,0,2,2,0,,,,,,,,,,,,,,,,,,,,,,,,,,1,,,,,,,,1,2,1.1901
"0000002451",68,0,5,"No degree","Married",1,"White collar",4,1,1,1,4,"Västra Götaland","Götaland",3,4,5,5,2,1,,,,,,,,,,,,,,2,,,3,4,5,2,3,3,3,2,0,7,5,2,7,0,7,1,6,0,0,8,8,3,5,6,5,0,1,6,5,9,10,0,7,8,3,7,7,,,"L",,,,,,0,,0.6234
"0000002598",90,1,7,"Bachelor","Widowed",0,"White collar",1,3,1,,3,"Västra Götaland","Götaland",3,4,5,4,4,2,,,4,8,3,3,3,3,2,3,1,3,3,3,,3,3,5,5,3,3,3,4,3,0,6,0,0,,,,,,,,,,,,,,,,,,,,,,,,,,0,,,,,,,,1,,0.6191
"0000002560",73,0,3,"No degree","Married",0,"White collar",5,4,1,0,2,"Jönköping","Götaland",3,4,5,4,3,3,1,2,2,9,3,3,3,3,2,2,2,3,3,2,4,3,4,5,4,3,2,4,4,3,0,7,7,,5,5,8,5,4,9,3,7,9,8,8,8,2,9,2,8,3,10,10,0,5,8,1,7,8,1,"KD","KD",0,"Right",0,1,0,1,3,0.821
"0000001014",23,1,7,"Bachelor","Single",0,"White collar",2,1,1,0,2,"Gävleborg","Norrland",3,4,5,5,2,3,1,2,3,7,3,3,3,3,3,3,2,4,4,3,4,4,3,4,4,2,3,3,3,3,1,1,5,7,9,0,4,4,8,1,5,2,8,0,1,6,9,3,5,2,3,9,7,0,4,9,4,8,3,1,"S","S",0,"Left",0,0,1,1,3,1.1407
"0000001076",64,1,3,"No degree","Married",0,"White collar",4,1,1,0,2,"Stockholm","Svealand",2,4,5,5,4,4,3,3,3,7,3,3,3,3,2,3,1,2,3,1,4,3,3,4,3,3,2,3,3,3,1,3,0,0,5,10,9,0,4,1,0,2,5,10,9,0,5,2,,1,4,10,9,1,5,1,1,3,10,1,"SD","SD",0,"Right",1,1,0,1,2,1.0931
"0000001020",72,1,8,"Postgraduate","Widowed",0,"White collar",2,2,1,,4,"Skåne","Götaland",3,4,5,5,2,1,1,1,1,9,4,4,4,3,3,3,2,3,3,2,4,3,3,5,5,3,2,4,3,3,1,4,0,5,9,0,5,6,7,5,9,6,9,0,5,6,9,3,9,4,1,10,8,0,4,8,3,4,2,1,"S","S",0,"Left",0,0,1,0,1,0.5247
"0000000678",65,0,8,"Postgraduate","Married",0,"White collar",4,1,1,0,3,"Västra Götaland","Götaland",4,5,4,4,3,4,4,3,4,7,3,3,3,3,2,3,2,2,3,2,,3,2,3,4,3,3,3,3,3,,7,7,5,5,10,7,5,0,10,0,0,6,10,7,5,0,10,0,3,2,6,9,2,1,7,1,4,6,,,,,,,,,1,3,0.5283
"0000001021",52,1,7,"Bachelor","Single",1,"White collar",5,1,1,1,1,"Västerbotten","Norrland",3,5,5,5,1,1,1,1,1,8,2,3,3,4,3,4,2,3,3,2,4,4,3,5,5,2,4,3,4,4,1,7,2,0,9,0,5,7,7,1,8,6,9,0,5,9,8,0,6,4,3,9,10,0,7,9,5,5,5,1,"S","S",0,"Left",0,0,1,1,2,0.7658
"0000002049",81,0,2,"No degree","Married",0,"White collar",1,,1,1,3,"Stockholm","Svealand",2,3,,,3,,1,,,,2,,,,,,,3,3,3,3,3,2,3,4,3,3,,,,1,7,,,,,6,,,,,,,,6,,,,,,,,5,,,,,,6,1,"M","SD",1,"Right",0,1,0,0,1,0.7541
"0000001198",24,1,4,"No degree","Single",1,"Worker",,2,1,0,1,"Gävleborg","Norrland",2,4,5,4,2,3,1,3,4,7,3,3,2,3,2,2,2,2,2,2,,3,3,4,4,3,2,3,3,2,1,2,,,7,9,10,2,6,9,0,7,9,8,10,6,8,10,5,5,4,7,7,0,5,7,0,5,6,1,,,,,,,,0,,1.7726
"0000000804",66,1,7,"Bachelor","Married",0,"Worker",4,1,1,0,1,"Skåne","Götaland",2,4,5,5,4,2,1,1,4,7,3,3,3,4,3,2,2,3,3,1,4,4,3,5,4,3,4,3,3,3,0,6,2,7,6,8,10,6,5,2,2,2,8,9,10,6,6,4,2,3,2,9,10,2,4,5,4,4,9,1,"M","M",0,"Right",0,1,0,0,1,0.6191
"0000002006",91,1,2,"No degree","Widowed",0,,1,2,1,,2,"Värmland","Svealand",,,,,,,,,3,8,,,,,,3,,3,3,3,2,3,3,5,2,2,3,5,4,3,0,,,,,0,2,4,,1,0,4,0,10,6,9,3,9,4,9,0,10,7,9,7,9,3,,,1,"S","S",0,"Left",0,0,1,,,1.1014
"0000001037",61,1,3,"No degree","Single",1,"White collar",2,3,1,1,1,"Kalmar","Götaland",2,3,5,5,5,3,1,3,5,8,4,3,3,3,2,3,2,3,3,1,3,3,3,5,5,2,3,3,4,4,1,7,0,6,8,9,9,9,3,9,5,9,9,9,5,5,5,8,5,5,0,10,10,0,5,10,1,10,,1,"SD",,,"Right",1,1,0,1,2,1.0931
"0000002285",69,0,7,"Bachelor","Married",1,"White collar",4,2,1,1,3,"Stockholm","Svealand",3,5,5,5,3,1,1,1,2,10,4,2,3,3,3,4,2,2,2,1,4,4,4,5,5,3,1,2,4,5,0,7,7,3,5,5,10,0,2,8,0,5,7,5,7,0,3,8,0,5,3,10,8,0,3,8,1,6,8,1,"M","M",0,"Right",0,1,0,0,1,0.6234
"0000000639",66,0,6,"No degree","Married",0,"White collar",5,1,1,0,1,"Stockholm","Svealand",3,5,5,5,1,1,1,2,1,8,3,3,3,3,2,3,1,3,3,3,3,2,4,5,4,1,2,3,3,3,0,4,2,3,10,0,5,6,9,0,7,6,9,0,6,6,9,2,6,6,2,10,9,1,5,10,3,7,3,1,"S","S",0,"Left",0,0,1,1,2,0.6234
"0000000155",40,0,8,"Postgraduate","Married",1,"White collar",4,3,1,0,1,"Västra Götaland","Götaland",3,5,5,4,1,2,1,1,1,9,4,4,4,4,2,4,2,4,4,1,4,3,3,5,5,2,2,4,4,5,1,0,7,7,9,0,0,9,8,0,10,2,10,0,1,6,9,0,10,5,4,8,10,0,5,9,2,7,3,1,"MP","MP",0,"Left",0,0,0,1,2,1.0805
"0000001865",62,0,3,"No degree","Single",0,"Worker",1,2,1,0,1,"Skåne","Götaland",2,3,3,3,3,3,3,3,3,10,2,2,2,3,3,2,2,2,3,1,4,2,3,5,4,3,3,3,3,3,1,5,0,7,6,10,9,3,0,8,0,3,6,10,9,4,0,9,0,8,5,10,10,0,2,10,2,7,,1,"SD","SD",0,"Right",1,1,0,1,1,1.6191
"0000000548",53,0,8,"Postgraduate","Married",1,"White collar",5,1,1,1,2,"Södermanland","Svealand",3,4,5,4,1,2,1,1,1,9,3,3,3,3,2,3,2,3,3,2,3,3,3,5,5,2,3,3,3,3,1,2,7,3,9,0,2,4,7,1,9,4,9,0,1,4,7,1,4,6,3,6,8,1,5,8,2,7,3,1,"S","MP",1,"Left",0,0,1,0,1,0.7712
"0000001162",63,1,3,"No degree","Single",1,"Worker",1,1,0,,3,"Stockholm","Svealand",3,4,5,5,5,3,1,1,4,8,3,3,2,3,3,3,2,1,1,1,4,4,3,5,5,2,2,3,3,3,1,0,2,0,0,8,5,5,5,5,0,7,2,10,8,0,0,0,0,8,0,5,10,0,10,10,5,10,5,1,"SD","SD",0,"Right",1,1,0,1,3,1.0931
"0000000384",55,0,8,"Postgraduate","Single",1,,4,2,1,0,2,"Halland","Götaland",3,5,5,5,2,3,1,4,2,8,3,3,3,3,2,3,1,3,3,2,3,2,3,4,4,2,3,3,3,3,1,5,2,4,8,1,2,7,6,2,7,5,8,3,2,5,8,2,7,4,4,9,8,1,9,9,4,6,3,1,"S","MP",1,"Left",0,0,1,0,,0.7712
"0000002390",72,0,8,"Postgraduate","Single",0,"Worker",2,1,1,0,1,"Dalarna","Svealand",4,4,5,5,1,1,1,1,5,6,3,3,3,3,2,3,2,3,3,1,4,3,3,4,3,2,2,2,3,3,0,7,7,7,7,0,2,10,4,5,6,4,8,0,5,10,5,4,5,3,7,,8,0,,,,8,0,1,"V","V",0,"Left",0,0,0,1,3,0.7541
"0000001063",64,0,6,"No degree","Married",1,"White collar",4,1,1,0,2,"Skåne","Götaland",3,4,5,5,1,3,4,4,3,10,3,3,2,4,2,3,1,3,3,4,3,3,4,5,5,3,4,4,4,3,1,5,5,0,9,0,5,7,5,0,7,6,7,0,1,9,2,0,0,2,3,10,10,1,3,10,3,5,3,1,"S","V",1,"Left",0,0,1,0,2,1.1008
"0000001067",50,1,8,"Postgraduate","Married",1,"White collar",5,1,1,0,4,"Skåne","Götaland",3,4,5,4,3,1,1,1,1,8,3,4,3,3,3,4,2,4,4,3,4,3,3,5,4,2,3,3,3,3,1,5,0,2,8,0,0,10,6,0,8,3,10,0,1,10,5,0,8,5,3,6,10,0,4,10,3,7,0,1,"V","V",0,"Left",0,0,0,1,2,0.7658
"0000001532",63,0,3,"No degree","Married",,"Worker",5,3,1,0,3,"Stockholm","Svealand",3,4,5,3,4,4,3,4,1,8,3,3,3,4,2,3,,4,4,4,,3,3,5,4,3,3,4,5,5,1,,,,8,8,9,2,7,1,6,5,10,8,9,5,9,2,7,9,3,10,9,2,5,10,2,6,7,,,,,,,,,1,2,1.1008
"0000000792",48,0,4,"No degree","Married",1,"White collar",3,1,1,1,1,"Östergötland","Götaland",3,4,4,4,4,1,4,3,4,9,4,3,3,3,3,3,3,3,4,2,4,4,3,4,4,3,3,2,4,3,1,3,5,7,9,1,6,8,6,5,7,3,10,5,1,7,8,6,5,5,3,9,8,1,5,6,4,7,2,1,"S","V",1,"Left",0,0,1,1,2,1.1984
"0000002424",78,1,6,"No degree","Divorced",1,"Worker",,2,0,,2,"Kronoberg","Götaland",4,4,5,4,1,1,1,4,,7,,,3,4,2,3,1,3,3,2,4,4,3,5,5,2,4,3,3,2,,7,7,7,10,0,2,2,6,2,9,4,10,0,0,6,8,1,9,7,3,10,9,,5,10,2,5,3,1,"S","S",0,"Left",0,0,1,1,3,0.7489
"0000000829",64,1,6,"No degree","Married",0,"Worker",4,1,1,0,2,"Västerbotten","Norrland",1,3,5,2,2,4,1,3,4,6,3,3,3,3,2,2,1,2,3,2,3,2,3,4,3,2,2,1,3,4,1,7,7,7,5,2,5,5,5,5,5,5,7,6,5,5,5,5,5,5,3,10,9,0,5,6,2,5,,1,"S","L",1,"Left",0,0,1,0,1,0.9037
"0000001667",43,0,5,"No degree","Divorced",1,"Worker",3,1,1,0,3,"Stockholm","Svealand",2,4,4,4,4,3,1,4,3,8,3,3,2,4,,4,2,3,3,1,3,4,3,5,5,2,3,3,4,4,1,5,5,7,8,0,2,3,8,2,1,7,10,0,0,1,9,5,4,2,0,10,8,2,3,6,2,7,4,1,"C","S",1,"Left",0,0,0,0,1,0.91
"0000001079",41,1,8,"Postgraduate","Married",1,"White collar",3,1,0,,3,"Stockholm","Svealand",2,3,3,3,4,4,3,3,3,7,2,2,2,3,1,3,1,2,2,2,,2,3,3,3,2,2,3,3,3,1,1,1,1,7,3,6,3,4,4,5,3,7,3,5,3,5,3,5,3,3,8,8,0,5,6,6,2,5,1,,,,,,,,0,,0.7658
"0000000499",57,0,8,"Postgraduate","Divorced",1,"White collar",2,2,1,0,2,"Jämtland","Norrland",2,4,5,4,3,2,3,3,2,8,3,3,3,3,2,3,2,3,2,2,3,3,3,5,3,2,3,2,3,3,1,1,0,0,8,1,6,2,8,5,4,7,8,1,6,2,8,5,3,8,4,10,8,0,5,6,,5,5,1,"C","C",0,"Left",0,0,0,0,2,0.7712
"0000001081",25,1,6,"No degree","Single",0,"White collar",5,2,1,1,4,"Stockholm","Svealand",2,4,5,3,1,1,1,1,1,10,2,2,2,3,2,3,2,2,3,1,3,2,3,4,4,2,1,3,3,1,1,2,7,7,8,0,7,9,8,2,6,9,8,0,9,10,9,1,5,8,1,10,8,0,4,7,4,5,5,1,"L","L",0,"Right",0,1,0,0,1,1.346
"0000001899",84,1,5,"No degree","Widowed",0,"White collar",,2,1,0,4,"Stockholm","Svealand",3,4,5,3,3,3,3,3,3,8,3,2,3,3,2,3,,2,2,3,3,3,3,5,3,3,3,2,4,5,1,5,0,0,0,2,8,0,0,6,0,6,2,3,8,0,0,7,0,6,0,3,8,0,2,6,0,6,,1,"M","M",0,"Right",0,1,0,1,2,0.8153
"0000002777",71,1,7,"Bachelor","Single",,"White collar",2,1,1,0,1,"Dalarna","Svealand",4,5,5,3,3,1,1,1,1,8,4,4,4,4,2,3,2,3,3,1,4,2,4,5,5,2,4,2,3,3,0,,,0,9,0,1,8,3,1,6,5,10,0,0,7,3,1,5,5,3,10,8,2,6,8,3,7,2,1,"S","S",0,"Left",0,0,1,1,2,0.5247
"0000000146",33,0,,,"Married",1,"White collar",4,,1,0,4,"Skåne","Götaland",2,2,5,5,4,3,4,4,3,8,2,2,1,3,2,2,1,1,3,2,4,4,3,5,4,3,4,3,3,3,1,1,0,7,0,8,7,0,1,7,0,3,0,7,7,0,1,7,0,2,3,10,8,0,3,8,2,6,9,1,"SD","M",1,"Right",1,1,0,0,2,1.275
"0000000659",58,0,8,"Postgraduate","Married",1,"Worker",4,1,1,1,3,"Stockholm","Svealand",3,4,5,5,2,2,2,4,2,9,3,3,3,3,2,3,2,3,2,2,3,2,4,5,5,2,2,,,,,6,1,0,6,0,8,2,7,6,1,7,4,6,5,6,4,3,0,6,,,,,,,,,,1,"M","M",0,"Right",0,1,0,,2,0.7712
"0000002326",85,1,2,"No degree","Married",0,"Worker",1,1,1,0,2,"Västerbotten","Norrland",2,3,5,1,5,5,1,4,5,6,3,3,3,3,2,3,3,3,3,3,3,3,3,2,5,3,4,,,3,0,0,0,0,9,5,5,8,7,5,8,5,9,5,5,5,7,5,5,5,2,5,5,0,5,5,5,5,0,1,"S","S",0,"Left",0,0,1,1,3,1.1014
"0000001089",60,1,8,"Postgraduate","Divorced",1,"White collar",4,3,1,0,3,"Stockholm","Svealand",4,5,5,5,1,1,1,1,1,10,4,4,4,4,4,4,3,4,4,2,3,3,4,5,5,4,4,4,4,,1,7,7,7,10,3,9,8,8,5,6,8,10,8,10,3,8,3,5,7,2,9,8,1,6,7,5,7,4,1,"M","L",1,"Right",0,1,0,1,3,0.7658
"0000002761",73,1,2,"No degree","Divorced",0,"Worker",1,2,1,0,2,"Västra Götaland","Götaland",2,5,4,4,4,,1,1,,9,2,2,,,,,,2,2,2,4,3,2,3,4,2,2,3,3,2,0,3,,,3,9,8,0,0,7,0,4,4,9,9,0,0,7,0,0,5,10,10,0,1,9,0,8,9,1,"SD","SD",0,"Right",1,1,0,1,2,0.7489
"0000000465",40,1,7,"Bachelor","Single",1,"Worker",4,2,1,0,3,"Stockholm","Svealand",3,5,5,4,2,1,1,4,4,7,2,3,3,4,3,4,2,4,4,3,4,4,3,5,5,1,3,,,,,1,7,7,,,,,,,,,,,,,,,,,1,10,10,,7,10,1,10,0,1,"S",,,"Left",0,0,1,,3,1.073
"0000000130",65,1,9,"Postgraduate","Married",1,,5,1,1,0,4,"Västra Götaland","Götaland",4,5,5,4,1,2,1,1,1,8,3,4,4,4,3,4,2,3,3,2,3,3,4,4,4,3,3,4,4,3,0,0,7,4,6,0,4,6,6,3,6,6,6,0,2,5,8,1,7,5,3,10,8,1,6,9,5,7,6,1,"C","L",1,"Left",0,0,0,0,,0.5372
"0000000861",53,0,4,"No degree","Married",1,"White collar",5,1,1,1,4,"Stockholm","Svealand",4,5,5,4,4,3,4,4,1,10,3,3,3,3,3,3,2,2,3,2,3,3,4,5,5,3,4,4,3,3,1,2,7,4,6,7,9,0,4,7,3,6,3,7,8,1,3,7,1,5,4,9,8,0,6,8,2,5,8,1,"M","M",0,"Right",0,1,0,0,2,0.91
"0000001098",48,1,6,"No degree","Married",1,"White collar",4,2,1,0,1,"Skåne","Götaland",3,4,5,5,1,,3,2,3,7,2,2,2,2,2,3,2,3,3,1,4,3,4,4,4,2,4,4,4,3,1,3,,,9,2,5,4,3,4,7,6,7,4,5,4,0,3,6,5,2,5,8,2,5,5,4,5,5,1,"S","S",0,"Left",0,0,1,1,2,1.1901
"0000001350",28,1,4,"No degree","Single",1,"Worker",1,2,1,0,1,"Skåne","Götaland",2,4,3,3,5,3,3,4,5,7,2,2,2,4,3,3,3,1,2,1,4,3,3,5,5,3,3,3,1,3,1,0,2,7,0,10,8,1,0,7,2,5,0,10,8,2,1,8,0,5,0,9,9,0,3,7,3,5,9,1,"SD","M",1,"Right",1,1,0,1,1,1.6674
"0000000015",59,0,7,"Bachelor","Divorced",1,"White collar",4,2,1,1,2,"Skåne","Götaland",2,4,5,4,4,3,1,1,1,9,3,3,4,3,3,3,2,3,3,2,3,3,3,5,3,3,2,3,3,3,0,0,1,0,5,7,7,3,5,7,5,5,6,8,5,5,6,8,5,5,5,8,8,2,6,8,3,6,8,1,"SD","SD",0,"Right",1,1,0,1,2,0.7712
"0000000936",59,0,3,"No degree","Married",1,"White collar",4,1,1,0,3,"Västra Götaland","Götaland",3,4,5,5,1,3,1,3,,8,3,2,3,3,2,4,2,3,3,2,4,3,4,5,5,2,2,3,3,3,1,5,3,7,9,1,3,8,5,1,7,2,8,2,2,8,5,0,3,7,3,10,9,0,3,9,2,7,2,1,"S","S",0,"Left",0,0,1,1,2,1.1008
"0000001113",41,0,6,"No degree","Divorced",1,"Worker",2,1,1,0,1,"Södermanland","Svealand",3,5,2,5,4,4,2,4,5,3,2,1,1,2,1,1,1,1,2,1,3,2,2,2,2,1,1,1,1,2,1,0,7,7,0,2,4,1,0,6,0,0,0,5,5,2,0,9,0,0,2,8,7,1,3,8,2,3,6,1,"KD","M",1,"Right",0,1,0,0,1,0.91
"0000002034",77,1,8,"Postgraduate","Married",,"White collar",3,1,1,0,4,"Stockholm","Svealand",3,4,5,3,1,3,1,1,1,10,4,4,4,4,3,4,,4,4,3,4,4,3,5,5,3,2,5,5,5,0,7,1,4,10,0,5,8,8,1,9,5,10,0,5,8,8,5,9,5,3,10,10,0,5,9,3,5,,1,"S","S",0,"Left",0,0,1,1,3,0.5247
"0000000100",59,0,3,"No degree","Married",1,"Self-employed",3,2,1,0,1,"Västra Götaland","Götaland",3,5,5,5,1,1,1,1,1,9,4,4,4,4,3,3,1,3,2,4,3,2,3,5,4,3,3,4,3,3,1,0,4,0,7,0,5,6,10,0,1,6,7,0,2,8,10,0,2,6,3,10,9,0,5,10,0,6,7,1,"V","C",1,"Left",0,0,0,1,2,1.1008
"0000000967",64,1,3,"No degree","Single",1,"Worker",1,3,1,0,2,"Gävleborg","Norrland",2,4,5,1,1,3,1,1,4,9,3,3,3,3,,2,2,3,3,2,4,4,3,5,5,3,3,4,3,3,1,5,0,7,10,0,5,8,8,5,8,5,10,0,5,8,8,1,5,5,0,5,10,0,6,6,6,10,1,1,"S","S",0,"Left",0,0,1,1,3,1.0931
"0000001122",39,0,8,"Postgraduate","Married",1,"White collar",4,3,0,,2,"Östergötland","Götaland",3,5,5,5,3,2,1,3,1,4,3,2,3,3,2,3,2,3,3,1,3,2,4,5,4,3,3,3,3,3,1,1,7,7,9,0,1,7,10,0,7,1,10,0,0,9,10,0,9,0,2,10,10,0,5,10,0,10,5,1,"C","C",0,"Left",0,0,0,1,2,1.5423
"0000001142",21,1,4,"No degree","Single",0,"Worker",2,1,1,0,2,"Södermanland","Svealand",2,,3,,4,3,4,5,1,7,2,2,2,4,2,3,2,3,3,2,3,2,2,4,3,2,2,2,3,3,1,0,0,0,5,5,5,5,5,5,5,5,5,5,5,5,5,5,5,5,,,,,,,,,,1,"S",,,"Left",0,0,1,0,,1.7726
"0000002057",74,0,2,"No degree","Married",0,"Worker",1,1,1,1,2,"Värmland","Svealand",2,3,4,4,4,4,3,3,3,5,2,2,3,3,2,2,2,2,2,3,,2,2,3,3,3,2,3,3,3,0,1,1,2,5,5,5,5,5,5,5,5,9,10,3,3,0,3,0,2,0,10,1,0,0,2,2,3,5,1,,,,,,,,0,,1.0469
"0000001149",34,1,4,"No degree","Married",1,"Worker",3,2,1,0,1,"Västmanland","Svealand",2,4,5,5,5,4,3,5,1,5,2,2,2,3,2,2,2,1,1,2,4,4,2,3,4,2,3,2,2,3,1,1,1,5,0,10,5,0,0,5,0,5,0,10,7,0,0,5,0,5,0,10,10,0,0,10,0,0,10,1,"SD","SD",0,"Right",1,1,0,1,,1.6674
"0000001153",20,1,4,"No degree","Single",0,"Worker",,1,1,0,1,"Västra Götaland","Götaland",3,4,5,3,2,1,1,4,1,9,2,2,3,4,2,3,2,3,3,1,3,3,4,4,5,2,2,2,3,3,1,6,5,7,8,5,8,6,3,3,6,5,9,4,7,8,3,3,3,5,2,10,9,0,6,10,4,9,5,1,"M",,,"Right",0,1,0,0,,1.7726
"0000001203",28,1,7,"Bachelor","Married",0,"Worker",2,1,1,1,4,"Stockholm","Svealand",3,4,5,4,4,4,1,4,3,9,3,3,3,3,3,2,2,3,3,2,4,3,4,5,4,2,2,2,3,3,1,5,7,5,10,0,1,5,10,0,7,5,10,0,0,4,10,0,5,4,3,10,8,0,5,9,4,7,3,1,"S","M",1,"Left",0,0,1,1,3,1.2661
"0000001156",32,0,6,"No degree","Single",,,1,2,1,0,3,"Stockholm","Svealand",,,,,,,,4,5,8,3,3,3,3,2,3,2,2,3,4,2,3,3,5,,2,2,4,3,2,1,,,,,,,,,,,,,,,,,,,,4,10,8,0,4,9,0,6,5,1,"L",,,"Right",0,1,0,0,2,1.275
"0000001458",58,0,7,"Bachelor","Single",,"Farmer",5,1,1,1,1,"Västra Götaland","Götaland",4,5,2,4,5,4,4,4,2,7,4,3,1,1,2,3,1,1,4,2,4,3,2,5,4,2,3,4,4,5,0,7,0,0,5,10,10,0,0,8,0,5,5,10,9,0,0,8,0,5,0,10,10,0,0,10,0,5,10,1,"M","M",0,"Right",0,1,0,1,3,1.1008
"0000001589",46,1,5,"No degree","Divorced",0,"Worker",2,1,1,0,2,"Södermanland","Svealand",2,3,5,3,4,3,1,2,4,7,3,3,2,3,2,2,2,3,2,1,4,3,3,3,1,,,3,3,2,1,0,7,7,,,,,,,,,,,,,,,,,,,,,,,,,,1,,"S",,,,,0,0,,1.1901
"0000001161",55,1,4,"No degree","Married",1,"Worker",2,1,0,,2,"Örebro","Svealand",2,4,,,5,,,,1,2,3,3,2,4,2,1,1,2,4,3,2,2,2,4,4,2,3,5,3,5,0,0,2,2,9,5,5,9,5,5,5,5,5,5,5,5,5,5,5,10,2,0,0,2,0,0,0,0,2,1,"S","S",0,"Left",0,0,1,0,1,0.7658
"0000000177",57,0,8,"Postgraduate","Married",1,"White collar",5,1,0,,3,"Stockholm","Svealand",3,5,5,5,4,5,1,1,4,10,2,3,2,4,3,3,2,3,3,1,2,3,4,5,5,1,2,1,5,3,1,5,6,5,8,0,9,0,8,5,6,9,9,0,9,,8,6,4,,3,10,9,0,5,8,2,6,7,1,"M",,,"Right",0,1,0,0,,0.7712
"0000002786",21,1,5,"No degree","Single",0,,1,1,1,0,3,"Uppsala","Svealand",3,3,5,4,4,3,3,3,4,6,3,3,2,3,3,2,2,2,3,1,3,3,3,4,4,3,3,2,3,1,1,0,5,7,3,7,8,0,3,8,0,5,8,7,8,0,3,8,0,5,2,9,8,0,3,8,2,5,7,1,"SD",,,"Right",1,1,0,0,2,2.2604
"0000001166",50,1,7,"Bachelor","Married",1,"Worker",3,6,1,0,1,"Skåne","Götaland",3,4,5,5,1,4,1,2,5,6,3,2,3,4,2,3,2,2,3,1,3,4,3,5,5,3,3,1,2,3,1,7,5,7,5,10,9,6,0,10,0,7,0,10,9,7,0,10,0,8,4,5,8,2,4,7,0,6,6,1,"KD","SD",1,"Right",0,1,0,0,2,0.9037
"0000002174",70,1,3,"No degree","Married",1,"Worker",1,3,1,0,1,"Jönköping","Götaland",3,4,5,5,4,4,1,1,1,7,2,2,2,2,2,3,2,2,2,1,,3,3,5,5,2,3,3,3,3,1,7,7,5,5,6,9,4,5,5,2,7,5,6,8,5,5,5,3,8,1,10,,0,4,10,4,5,9,1,,"KD",,,,,,0,1,0.7489
"0000001174",45,0,4,"No degree","Married",1,"Self-employed",3,4,1,0,1,"Jönköping","Götaland",3,4,5,3,4,4,1,1,1,8,4,3,3,3,3,3,2,2,3,1,4,4,3,5,5,3,2,4,4,3,1,1,0,0,2,10,9,0,0,9,0,2,5,10,9,1,0,9,1,5,2,10,9,0,2,9,1,5,10,1,"SD","SD",0,"Right",1,1,0,1,2,1.1984
"0000001178",52,1,4,"No degree","Divorced",1,"Worker",2,1,1,0,1,"Västra Götaland","Götaland",2,3,4,4,4,4,3,3,3,5,2,2,1,3,2,2,3,1,3,2,4,4,3,5,,2,3,3,3,3,1,2,3,2,,,,,,,,,,,,,,,,,0,10,10,0,10,10,0,10,10,1,"M",,,"Right",0,1,0,1,,1.0931
"0000001916",66,1,5,"No degree","Married",1,,2,1,1,0,1,"Västra Götaland","Götaland",3,5,5,4,3,5,1,4,3,7,3,3,3,4,2,3,2,3,3,3,4,3,4,5,5,2,2,4,5,5,1,7,3,2,10,0,0,5,5,0,8,0,10,0,0,6,8,0,,0,3,10,10,0,5,10,4,10,3,1,"S","S",0,"Left",0,0,1,1,3,0.6191
"0000001187",55,1,3,"No degree","Married",0,"Worker",2,2,1,0,2,"Skåne","Götaland",3,4,5,4,4,5,1,1,1,8,4,4,4,4,4,3,2,2,3,2,4,3,4,5,,3,3,1,4,3,1,7,0,3,,,,,,,,,,,,,,,,,4,10,10,0,5,10,2,10,10,1,"SD",,,"Right",1,1,0,0,,1.1901
"0000001702",48,0,4,"No degree","Married",0,"Self-employed",2,3,0,,3,"Västra Götaland","Götaland",2,3,2,4,5,5,3,3,4,4,2,1,1,2,2,3,3,2,3,2,,2,2,3,3,2,2,4,2,4,,0,3,2,9,9,5,3,5,8,5,3,7,9,5,2,3,2,6,6,8,9,,,,,5,1,5,0,,,,,,,,0,,1.1008
"0000000180",49,1,4,"No degree","Married",1,"White collar",5,2,1,0,2,"Västra Götaland","Götaland",2,4,5,5,4,3,1,1,1,8,3,3,3,3,2,2,1,3,3,3,4,4,3,5,5,3,3,2,3,3,1,0,1,0,7,2,5,5,5,5,5,5,7,6,4,5,6,6,5,5,4,6,7,3,5,6,4,5,6,1,"S","S",0,"Left",0,0,1,0,,0.9037
"0000002791",64,1,8,"Postgraduate","Married",0,"White collar",4,2,1,0,1,"Västra Götaland","Götaland",3,5,5,5,4,2,2,5,1,9,3,3,3,3,3,,,3,3,2,4,2,3,5,4,3,3,4,4,3,1,6,2,7,6,8,9,0,3,9,1,9,10,8,10,0,2,10,0,8,5,10,10,0,3,9,0,7,8,1,"M","L",1,"Right",0,1,0,1,3,0.7658
"0000002792",72,1,4,"No degree","Married",0,"White collar",2,1,1,0,2,"Kalmar","Götaland",2,4,5,3,2,1,2,4,1,8,3,3,3,3,3,3,2,3,3,2,4,4,3,5,3,2,2,4,3,3,0,5,1,7,9,0,2,8,6,3,7,4,10,0,1,7,6,3,7,5,2,10,9,0,5,7,3,6,2,1,"S","S",0,"Left",0,0,1,0,2,0.8153
"0000002305",79,0,4,"No degree","Married",0,"White collar",4,1,1,0,3,"Stockholm","Svealand",3,5,5,,,,3,4,1,10,4,3,3,3,3,3,1,2,2,4,4,3,3,5,5,3,3,4,4,3,0,7,7,0,5,7,9,5,,7,3,7,5,8,9,6,4,8,3,7,4,8,9,2,3,8,2,6,7,1,"M","M",0,"Right",0,1,0,0,2,0.821
"0000001638",52,0,3,"No degree","Single",1,"Worker",2,1,1,1,3,"Södermanland","Svealand",,,,,,,3,3,3,6,2,2,2,3,2,2,1,1,3,1,4,3,3,5,3,2,2,3,3,3,0,,,,1,10,5,5,0,5,0,4,3,8,0,5,0,7,0,6,8,5,10,0,2,7,0,4,5,1,"SD","SD",0,"Right",1,1,0,0,,1.1008
"0000001200",54,1,,,"Married",,,,,1,0,,"Skåne","Götaland",2,4,4,5,3,3,4,4,3,10,2,2,3,3,3,3,2,1,1,,,4,,,4,,,,,,,2,1,5,1,8,9,2,2,8,0,5,2,9,8,5,0,7,0,5,2,8,8,0,2,7,0,7,7,1,,"M",,,,,,,,0.9037
"0000000770",33,0,8,"Postgraduate","Married",0,"White collar",4,1,1,0,2,"Västra Götaland","Götaland",3,4,5,5,1,3,3,4,2,8,4,4,4,4,2,3,2,2,2,1,3,3,4,4,4,3,3,4,3,3,1,1,7,7,5,9,9,4,3,8,0,6,6,10,10,7,1,9,0,4,6,6,8,1,4,10,0,5,8,1,"M","M",0,"Right",0,1,0,0,2,1.0805
"0000002494",77,1,3,"No degree","Divorced",0,"White collar",1,2,1,1,1,"Gotland","Götaland",3,3,5,3,4,2,3,3,3,8,3,3,2,3,3,3,1,3,3,1,4,4,3,4,3,1,1,3,3,3,1,7,0,0,9,9,5,7,7,7,6,5,10,10,5,6,6,7,6,6,4,8,10,0,8,8,2,8,3,1,"S","S",0,"Left",0,0,1,1,2,0.7489
"0000000979",62,1,3,"No degree","Married",0,"White collar",1,2,1,0,1,"Östergötland","Götaland",,4,5,5,4,1,1,1,1,8,3,3,3,3,3,2,2,2,2,,4,4,2,2,5,2,2,4,2,1,0,7,,7,5,8,7,6,7,10,6,8,7,8,7,7,7,10,7,8,2,10,9,0,2,8,3,7,8,1,"KD",,,"Right",0,1,0,1,2,0.9037
"0000000421",56,0,,,"Married",1,"White collar",5,,1,0,3,"Stockholm","Svealand",3,4,5,5,1,2,1,3,1,8,4,4,3,3,3,4,2,3,4,1,4,4,4,5,4,3,3,3,3,3,1,7,3,0,10,0,5,6,5,1,6,3,10,1,5,7,7,0,8,3,3,10,8,1,7,9,4,7,,1,"S","S",0,"Left",0,0,1,1,3,0.7712
"0000001211",49,0,5,"No degree","Married",1,"White collar",2,1,1,0,2,"Blekinge","Götaland",3,4,5,5,1,1,1,2,3,9,3,3,4,4,3,3,1,3,4,3,4,4,4,5,5,3,3,2,3,3,1,4,6,0,10,0,5,5,8,0,9,5,10,0,2,4,9,0,6,5,5,10,10,0,8,10,5,8,6,1,"S","S",0,"Left",0,0,1,1,3,1.1008
"0000001213",43,0,4,"No degree","Married",0,"Self-employed",4,1,1,0,3,"Västra Götaland","Götaland",4,5,5,5,1,3,3,3,5,10,3,3,3,3,2,3,2,3,4,2,4,4,4,5,3,2,3,3,3,2,1,4,5,7,7,0,6,6,9,5,6,7,6,0,5,5,7,0,5,5,4,7,10,0,6,6,3,5,5,1,"C","C",0,"Left",0,0,0,1,2,1.1984
"0000001216",19,1,4,"No degree","Single",0,,3,3,1,0,1,"Västra Götaland","Götaland",3,3,5,3,2,1,2,4,4,8,3,3,3,3,2,3,2,3,2,3,3,2,3,4,4,2,2,3,3,3,1,0,2,7,8,0,3,9,8,3,6,4,8,0,4,9,6,4,5,5,1,10,8,0,4,8,4,7,1,1,"V",,,"Left",0,0,0,0,2,1.7726
"0000001530",28,0,4,"No degree","Single",0,"Worker",2,2,1,0,1,"Gävleborg","Norrland",2,4,5,5,5,3,2,4,4,6,2,2,2,3,2,2,1,3,2,2,4,3,2,3,4,2,4,3,3,3,1,0,0,1,5,9,7,0,5,5,0,5,5,10,8,0,4,7,,5,1,10,7,0,3,7,0,4,,1,"SD","SD",0,"Right",1,1,0,1,1,1.6791
"0000000007",52,1,7,"Bachelor","Divorced",1,"White collar",5,1,1,1,2,"Västernorrland","Norrland",4,4,5,4,1,3,3,3,3,8,2,1,2,3,1,1,1,1,2,1,3,3,3,5,5,2,2,2,3,3,1,7,7,7,0,8,8,0,0,8,0,5,0,9,7,4,0,10,0,7,3,7,8,0,4,9,0,5,10,1,"SD","M",1,"Right",1,1,0,0,1,0.7658
"0000001221",25,1,8,"Postgraduate","Single",0,"Worker",1,2,1,0,4,"Skåne","Götaland",2,3,4,4,1,3,1,1,4,7,2,2,2,3,2,3,3,2,2,1,3,3,2,3,4,2,2,3,3,3,1,1,2,7,6,8,9,8,7,1,2,3,8,9,9,9,8,1,1,1,3,10,8,0,4,10,1,5,5,1,"M","MP",1,"Right",0,1,0,0,,1.7726
"0000000308",65,1,7,"Bachelor","Married",1,"White collar",2,2,1,0,2,"Västmanland","Svealand",3,4,5,4,1,1,1,1,2,8,4,3,3,4,3,4,2,4,3,2,4,4,3,5,5,2,2,3,4,3,1,7,0,5,9,0,2,7,2,0,8,3,10,1,1,7,2,0,9,5,2,10,10,0,5,10,4,8,2,1,"S","S",0,"Left",0,0,1,1,3,0.5247
"0000001231",66,1,5,"No degree","Married",0,"Worker",2,4,1,0,1,"Halland","Götaland",2,4,5,4,5,4,3,3,4,4,2,2,2,3,2,2,2,2,2,1,,3,1,4,3,2,2,2,3,3,1,5,4,3,5,7,7,5,4,7,1,6,6,7,7,4,2,7,1,6,4,7,8,2,3,7,1,5,6,1,,,,,,,,0,1,1.0396
"0000001247",61,1,5,"No degree","Single",0,"Worker",4,1,0,1,4,"Stockholm","Svealand",2,4,5,5,1,1,1,2,5,2,3,,3,3,1,2,1,3,2,2,4,2,2,4,1,2,1,4,4,4,0,2,7,7,10,0,0,3,3,0,7,5,10,0,0,0,5,0,0,2,4,10,10,4,,10,5,7,0,1,"S","S",0,"Left",0,0,1,0,,1.1901
"0000002586",79,0,,,"Married",0,"Worker",1,,1,,1,"Jönköping","Götaland",3,4,4,4,4,3,1,1,1,9,3,3,2,,3,2,2,3,3,3,3,3,3,4,3,2,3,,,,,7,6,1,8,2,7,6,7,8,7,6,8,7,8,7,7,8,7,7,,,,,,,,,7,1,"KD","KD",0,"Right",0,1,0,0,1,1.1092
"0000000937",38,0,6,"No degree","Married",1,"White collar",4,1,1,0,2,"Västra Götaland","Götaland",3,5,5,5,3,3,4,5,2,8,3,3,2,4,2,2,1,1,1,2,4,3,3,4,3,2,3,2,3,4,,5,7,5,3,6,8,0,3,9,0,8,3,9,7,1,0,10,0,10,2,3,10,0,4,9,2,7,9,1,"KD","M",1,"Right",0,1,0,0,2,1.275
"0000001250",75,1,7,"Bachelor","Divorced",0,"White collar",3,1,1,0,4,"Stockholm","Svealand",4,4,5,5,1,3,1,1,1,8,2,2,3,3,2,2,2,2,2,1,3,2,2,5,3,3,1,1,3,3,0,7,0,0,1,0,6,0,4,6,0,9,,,,,,,,,3,10,8,0,5,8,0,7,7,1,"L",,,"Right",0,1,0,1,2,0.5247
"0000002036",73,1,2,"No degree","Married",0,"Worker",1,2,1,0,1,"Uppsala","Svealand",2,2,1,1,1,1,1,1,1,,1,1,1,1,1,1,1,2,2,3,2,2,,,,,,,,,,7,0,0,10,,,,,,,,10,4,8,7,9,8,8,7,,,,,,,,,,1,"S","S",0,"Left",0,0,1,,,0.7489
"0000001253",47,1,4,"No degree","Single",1,"Worker",4,1,1,0,2,"Uppsala","Svealand",2,3,5,5,1,1,3,3,3,8,3,3,3,3,3,3,3,3,3,2,3,3,3,5,5,3,3,2,3,3,1,4,7,7,5,2,9,5,5,5,5,5,4,0,4,2,6,6,2,5,,,,,,,,,,1,"M","M",0,"Right",0,1,0,0,2,1.0931
"0000001258",40,1,5,"No degree","Single",1,"Worker",1,2,1,0,2,"Blekinge","Götaland",2,3,4,4,4,5,3,3,3,8,3,,,3,2,3,2,3,4,1,3,3,3,4,4,2,3,5,3,3,1,,6,7,10,0,5,8,8,5,8,5,10,0,5,6,10,3,5,6,0,10,9,0,0,9,0,8,1,1,"S","S",0,"Left",0,0,1,0,1,1.5316
"0000001262",27,1,7,"Bachelor","Single",1,"Worker",1,1,1,0,3,"Stockholm","Svealand",2,3,5,4,2,4,1,1,5,7,3,3,2,4,3,4,3,3,2,2,4,4,3,4,4,2,3,3,3,3,1,0,2,7,8,3,7,7,10,7,6,7,9,5,5,8,10,7,5,5,2,10,9,0,5,8,4,7,3,1,"C","C",0,"Left",0,0,0,0,,1.073
"0000002795",82,1,7,"Bachelor","Widowed",0,"Worker",1,6,1,0,2,"Västra Götaland","Götaland",4,5,5,4,4,2,2,2,5,7,3,3,3,3,3,3,3,2,3,2,4,4,4,5,5,3,2,4,4,4,1,7,4,7,4,8,10,0,8,10,3,9,4,8,10,0,8,,3,9,3,10,10,0,5,9,2,8,8,1,"KD","KD",0,"Right",0,1,0,1,2,0.5247
"0000001272",61,1,3,"No degree","Single",1,"Worker",3,2,1,0,1,"Östergötland","Götaland",3,4,5,4,4,2,3,4,2,9,2,3,3,3,2,3,2,2,3,1,,3,3,5,5,3,2,4,4,3,1,4,5,0,5,10,9,1,2,9,0,6,5,10,10,5,5,10,5,7,3,9,9,0,2,9,0,7,9,1,"SD","M",1,"Right",1,1,0,1,3,1.1901
"0000001273",25,1,3,"No degree","Single",1,"Worker",1,1,1,0,2,"Stockholm","Svealand",2,4,5,4,2,3,1,4,2,8,3,3,3,4,3,3,2,2,3,1,3,2,2,2,3,2,3,2,3,4,1,0,0,7,9,2,6,3,7,1,5,3,8,0,6,4,6,2,3,5,,,,,,,,,,1,"S","S",0,"Left",0,0,1,1,2,1.346
"0000002224",72,1,7,"Bachelor","Married",0,"White collar",3,1,1,0,1,"Skåne","Götaland",2,4,5,3,4,3,,3,,8,2,2,2,3,3,3,3,3,4,3,3,4,3,5,2,3,2,3,4,3,1,2,0,7,8,7,10,5,5,5,8,10,8,5,10,5,5,0,5,9,3,10,9,1,3,4,3,6,7,1,"M","L",1,"Right",0,1,0,0,,0.6191
"0000000327",52,0,8,"Postgraduate","Married",0,"White collar",5,1,1,0,3,"Stockholm","Svealand",4,5,5,5,1,3,1,1,1,7,3,2,2,1,2,3,2,1,1,2,4,3,3,5,2,2,2,2,3,3,1,7,7,7,2,5,9,2,0,8,0,3,5,7,9,9,0,,0,5,3,5,9,1,1,9,1,6,10,1,"M",,,"Right",0,1,0,1,2,0.7712
"0000000169",43,0,7,"Bachelor","Single",1,"Self-employed",5,1,1,0,2,"Västmanland","Svealand",4,5,4,2,4,5,1,2,5,9,3,3,2,3,2,2,2,2,3,2,3,3,2,3,4,3,3,4,3,3,0,4,7,7,2,9,10,0,3,8,0,7,3,9,9,0,2,7,0,7,3,8,9,0,4,8,1,7,9,1,"M","M",0,"Right",0,1,0,1,3,0.91
"0000001279",53,1,8,"Postgraduate","Married",0,"White collar",5,2,1,0,1,"Skåne","Götaland",2,4,5,4,1,3,1,1,1,10,3,3,3,3,3,3,2,3,3,2,4,3,4,5,4,2,3,4,4,3,1,2,3,,7,0,5,6,10,2,5,5,9,2,5,,9,0,2,,2,10,9,1,5,9,3,6,4,1,"C","M",1,"Left",0,0,0,0,,0.7658
"0000000531",51,0,8,"Postgraduate","Married",1,"White collar",5,1,1,1,3,"Stockholm","Svealand",4,5,5,5,3,2,2,2,4,8,3,3,4,3,3,3,2,3,3,4,3,4,3,5,5,3,4,3,3,4,0,2,4,3,6,0,8,6,5,4,3,9,7,3,7,6,6,4,6,6,2,5,9,1,5,8,3,7,7,1,"L","L",0,"Right",0,1,0,1,2,0.7712
"0000001284",49,1,5,"No degree","Married",1,"Worker",3,1,1,0,1,"Skåne","Götaland",1,1,4,5,4,3,1,4,2,10,2,2,3,3,2,3,1,3,3,4,4,3,3,4,5,2,3,4,3,3,0,0,3,0,7,1,2,7,2,2,9,5,5,5,5,5,5,5,5,5,2,8,10,0,5,6,2,5,2,1,"MP","MP",0,"Left",0,0,0,0,1,0.9037
"0000001529",36,1,6,"No degree","Single",1,"Worker",2,1,1,0,4,"Västra Götaland","Götaland",3,4,4,4,2,5,1,4,3,4,3,3,3,2,1,3,1,2,2,2,3,3,2,3,2,2,3,4,2,4,0,6,4,0,8,3,4,8,5,0,8,3,5,3,3,4,4,3,4,3,0,10,7,2,5,8,4,6,1,1,"S","V",1,"Left",0,0,1,0,,1.2661
"0000001180",66,0,6,"No degree","Married",0,"Self-employed",5,2,1,0,2,"Västerbotten","Norrland",3,4,5,3,4,1,1,1,1,9,4,3,4,3,3,3,2,3,3,3,3,4,3,5,5,3,2,5,4,3,1,7,7,0,8,0,8,2,9,1,5,3,9,0,10,3,10,1,7,3,,10,,0,5,10,5,8,,1,"C","C",0,"Left",0,0,0,0,1,0.5283
"0000001285",54,1,6,"No degree","Divorced",1,"Worker",1,3,1,0,1,"Skåne","Götaland",2,5,5,4,4,2,1,1,1,7,3,3,2,4,3,3,1,4,4,1,,4,3,5,4,3,2,1,3,2,1,3,1,0,10,7,5,6,6,5,5,5,10,4,5,5,5,5,5,5,4,5,5,3,5,5,5,5,5,1,,,,,,,,1,2,0.9037
"0000002118",81,1,2,"No degree","Widowed",,"Worker",1,,0,,1,"Gävleborg","Norrland",2,4,5,4,5,4,1,1,1,7,3,2,2,3,2,2,1,3,3,2,3,3,3,4,4,2,2,2,3,3,0,2,4,0,4,8,5,2,3,6,2,3,6,8,7,4,3,6,3,5,6,8,6,2,2,1,1,5,8,1,"SD",,,"Right",1,1,0,,1,1.1014
"0000001290",64,1,5,"No degree","Divorced",1,"Worker",2,1,1,0,2,"Östergötland","Götaland",2,4,4,3,2,2,1,3,3,8,3,3,3,3,2,3,2,2,3,1,3,3,3,4,4,2,1,3,2,4,1,7,0,0,7,8,8,0,6,6,2,5,7,7,7,0,6,7,0,6,3,9,8,0,4,8,1,8,6,1,"SD",,,"Right",1,1,0,0,,1.1901
"0000002242",50,0,9,"Postgraduate","Single",0,"Worker",1,1,1,1,2,"Skåne","Götaland",4,5,1,5,5,5,5,5,5,3,1,1,1,4,1,1,1,1,1,1,,1,1,1,1,1,4,1,1,4,0,0,7,0,0,10,0,0,0,0,0,0,0,10,0,0,0,0,0,0,4,10,6,2,4,5,3,3,10,0,,,,,,,,1,3,1.1984
"0000000845",49,0,6,"No degree","Married",0,,5,1,1,0,3,"Västra Götaland","Götaland",3,4,5,5,3,1,4,3,5,9,4,3,3,3,3,3,1,3,3,4,3,3,3,5,5,2,3,2,4,4,1,3,7,0,7,0,9,1,5,5,5,5,7,0,7,1,5,4,5,5,4,10,8,0,5,7,1,6,8,1,"M","M",0,"Right",0,1,0,1,2,0.91
"0000002260",76,1,4,"No degree","Widowed",1,"White collar",2,1,1,0,1,"Norrbotten","Norrland",3,4,5,4,3,4,1,3,4,9,4,4,3,3,3,3,2,3,4,2,4,4,3,5,5,2,3,5,5,5,0,7,7,7,10,0,5,5,7,0,0,5,10,0,3,0,8,0,0,6,0,10,10,0,4,9,7,9,0,1,"S","S",0,"Left",0,0,1,1,,0.8153
"0000000949",66,0,3,"No degree","Married",1,"Worker",4,2,1,1,4,"Stockholm","Svealand",3,4,5,5,1,3,1,4,1,10,3,4,4,3,3,2,3,3,4,2,3,3,3,5,4,4,3,3,3,3,1,7,,7,2,6,8,4,5,6,0,5,2,6,7,6,5,6,0,4,1,5,10,,4,7,2,4,8,1,"M","M",0,"Right",0,1,0,0,,0.6234
"0000002802",66,1,6,"No degree","Married",1,,3,4,1,0,2,"Västra Götaland","Götaland",3,5,5,3,4,3,1,2,2,9,4,4,3,4,3,2,1,4,4,2,3,3,3,3,5,2,3,2,4,2,0,5,3,0,10,0,1,8,8,1,9,8,9,1,0,9,9,0,10,6,4,10,10,1,5,10,4,6,4,1,"MP","S",1,"Left",0,0,0,0,2,0.6191
"0000001318",38,1,5,"No degree","Married",1,"Worker",3,2,1,0,2,"Västra Götaland","Götaland",,4,5,3,1,3,1,1,1,8,4,4,4,3,3,2,2,3,4,1,4,4,3,5,5,1,3,3,3,3,1,0,1,7,9,0,1,10,6,0,7,1,10,0,0,8,7,0,5,5,2,6,10,0,4,9,4,7,0,1,"V","V",0,"Left",0,0,0,1,3,1.2661
"0000000360",47,1,8,"Postgraduate","Single",1,"White collar",5,2,1,0,1,"Uppsala","Svealand",3,4,5,5,4,2,1,2,4,8,4,3,3,4,3,3,2,2,2,4,4,4,3,4,4,2,3,3,3,3,1,3,7,7,2,0,9,0,4,3,5,9,8,2,10,2,5,3,2,10,3,5,8,1,4,8,2,6,7,1,"M","C",1,"Right",0,1,0,1,2,0.7658
"0000000396",24,1,4,"No degree","Single",0,"White collar",5,1,1,0,2,"Skåne","Götaland",3,5,4,5,3,2,1,1,4,7,3,2,2,3,,3,2,2,3,1,,2,2,5,3,3,4,1,3,2,1,1,0,2,6,1,6,4,4,4,3,5,7,1,2,5,2,4,5,5,,8,7,3,6,7,,5,7,1,,"KD",,,,,,0,,1.346
"0000001999",75,1,8,"Postgraduate","Married",0,"White collar",4,3,1,0,1,"Skåne","Götaland",3,4,5,5,4,1,3,4,3,8,3,3,2,2,2,2,1,2,3,1,3,4,3,5,5,3,2,3,4,3,0,7,7,5,3,2,10,0,3,5,0,5,3,2,9,5,3,4,1,5,3,10,9,1,3,8,1,5,10,1,"M","M",0,"Right",0,1,0,1,3,0.5247
"0000000972",67,0,5,"No degree","Married",0,"White collar",4,3,1,0,1,"Västra Götaland","Götaland",4,5,5,4,2,1,1,1,1,9,4,3,3,3,2,3,2,3,3,2,3,4,4,5,3,3,4,4,5,3,1,7,7,7,6,0,8,1,6,7,0,9,8,7,8,6,6,8,1,9,4,5,8,0,5,9,2,6,7,1,"L","C",1,"Right",0,1,0,1,2,0.7541
"0000001326",62,1,3,"No degree","Married",1,"Worker",2,2,1,0,1,"Halland","Götaland",2,4,5,4,2,2,1,2,2,8,3,3,3,3,3,3,2,3,2,4,3,3,3,4,4,3,3,4,4,4,1,6,,6,5,2,6,3,5,4,4,8,6,3,6,3,5,3,3,7,3,8,7,2,4,7,2,6,6,1,"L","M",1,"Right",0,1,0,0,1,1.0931
"0000002099",80,1,7,"Bachelor","Widowed",0,"White collar",1,1,1,0,2,"Stockholm","Svealand",3,4,5,5,3,2,1,1,1,8,3,3,3,3,2,2,1,3,3,2,4,4,3,5,3,2,3,4,3,3,1,7,0,0,8,0,4,8,8,5,8,5,10,0,2,10,9,5,10,3,3,10,9,2,4,7,3,5,3,1,"V","V",0,"Left",0,0,0,1,2,0.5247
"0000002783",69,0,2,"No degree","Divorced",0,"Farmer",1,1,1,0,,"Halland","Götaland",1,3,5,4,5,4,,5,,5,2,2,2,3,2,2,1,2,3,2,,2,2,3,1,2,2,4,3,2,1,7,0,0,0,10,5,0,0,9,0,5,,10,10,0,0,8,0,,0,10,10,0,0,9,0,8,9,0,,,,,,,,0,,0.7541
"0000002699",74,1,3,"No degree","Divorced",0,"White collar",3,1,1,0,2,"Gävleborg","Norrland",3,4,5,5,1,2,2,4,3,8,3,3,3,3,3,2,2,2,2,2,3,3,3,5,4,3,3,3,3,3,1,7,1,0,5,2,5,2,2,9,2,6,5,6,6,2,2,9,1,6,3,7,9,0,5,7,1,8,7,1,"KD","KD",0,"Right",0,1,0,0,1,0.7489
"0000002263",79,1,5,"No degree","Married",0,,3,1,1,0,1,"Västernorrland","Norrland",4,4,5,5,3,4,2,2,3,9,4,4,4,3,2,3,2,2,3,3,3,3,4,5,5,3,3,4,4,3,0,7,4,2,3,8,9,0,2,8,1,7,6,8,8,1,2,8,1,7,3,8,9,0,2,8,1,7,8,1,"M","M",0,"Right",0,1,0,1,2,0.7489
"0000000116",59,1,7,"Bachelor","Married",1,"White collar",5,2,1,0,2,"Gävleborg","Norrland",3,5,5,3,1,1,1,4,2,10,4,4,4,4,3,4,2,3,3,2,4,4,4,5,,2,4,4,5,,0,7,3,7,,,,,,,,,,,,,,,,,2,10,10,0,6,,2,7,2,1,"S",,,"Left",0,0,1,1,2,0.7658
"0000001337",23,1,8,"Postgraduate","Single",0,"Worker",1,1,1,0,2,"Skåne","Götaland",3,4,4,4,2,1,1,5,1,9,2,2,3,4,2,3,2,3,4,2,4,3,2,5,5,2,3,2,2,4,1,0,1,7,9,0,4,9,9,3,10,5,10,6,2,8,9,2,10,8,4,9,9,1,4,9,2,7,1,1,"MP","MP",0,"Left",0,0,0,0,,1.1407
"0000001342",58,1,3,"No degree","Married",0,"Worker",3,3,1,0,1,"Stockholm","Svealand",3,4,5,4,4,3,2,2,2,10,3,3,2,3,3,3,2,2,1,2,4,4,3,5,4,3,4,2,3,3,1,5,0,0,0,9,10,0,3,9,0,5,0,9,10,0,2,9,0,6,1,10,10,0,2,9,2,8,9,1,"M","M",0,"Right",0,1,0,1,3,1.0931
"0000000535",64,0,8,"Postgraduate","Married",0,"White collar",5,1,1,0,3,"Stockholm","Svealand",4,4,5,4,1,3,1,1,3,9,4,3,3,3,2,2,1,2,3,1,4,4,3,5,5,3,4,4,3,3,1,6,7,3,4,4,9,3,5,6,2,5,3,4,9,3,3,6,2,5,4,4,7,1,9,8,2,6,7,1,"M","M",0,"Right",0,1,0,1,3,0.7712
"0000002642",32,1,3,"No degree","Married",0,"Worker",2,2,1,0,3,"Östergötland","Götaland",2,3,3,4,4,3,3,4,4,7,3,3,3,3,3,,,3,3,1,,3,3,3,4,3,4,1,3,2,1,0,4,7,9,10,8,5,5,10,2,5,5,9,5,5,5,9,5,5,2,8,2,2,8,8,8,2,7,1,"SD","S",1,"Right",1,1,0,0,1,1.5316
"0000002810",65,1,3,"No degree","Single",0,"Worker",1,2,1,0,2,"Dalarna","Svealand",3,3,5,5,4,5,,,5,8,3,,3,3,3,,2,2,3,1,,2,4,5,5,2,2,1,3,3,0,1,0,3,10,10,0,0,0,0,0,,,,,,,,,,10,0,0,0,0,0,0,0,10,0,,,,,,,,0,2,1.0396
"0000002817",77,1,4,"No degree","Married",0,"White collar",2,2,0,,2,"Östergötland","Götaland",3,4,5,4,4,3,3,3,4,10,3,3,3,3,3,2,1,3,3,2,3,3,3,5,4,3,3,,3,4,0,7,7,0,6,6,9,0,1,8,2,6,7,6,9,1,1,9,1,7,3,7,10,0,2,9,1,7,,1,"M","M",0,"Right",0,1,0,0,2,0.8153
"0000000485",64,1,6,"No degree","Divorced",1,"White collar",2,1,0,,3,"Skåne","Götaland",2,2,3,3,3,3,1,1,1,5,3,3,3,3,3,1,1,3,4,2,,3,1,5,5,3,1,,3,3,1,,,7,10,10,,,,,,,,10,10,,,,,,,,,,,,,,,0,,"S",,,,,,0,1,0.9037
"0000001355",25,0,4,"No degree","Single",0,"Worker",1,1,1,0,2,"Östergötland","Götaland",2,3,5,5,3,3,1,4,3,8,3,3,3,3,3,3,2,3,3,2,,3,3,3,3,3,1,3,3,2,,0,1,0,8,0,6,8,7,2,5,3,5,0,5,5,5,5,5,5,2,10,7,0,,8,5,7,1,0,,,,,,,,0,,1.7851
"0000001356",43,1,,,"Single",,,,,1,0,,"Dalarna","Svealand",3,,,,,,,,,,,,,,,,,,,,,,,,,,,,,,,,,,,,,,,,,,,,,,,,,,,,,,,,,,,,,,,,,,,,,1.1901
"0000001357",20,1,4,"No degree","Single",0,"Worker",5,1,1,0,2,"Jönköping","Götaland",3,4,5,4,4,1,1,3,3,9,3,3,3,4,3,3,2,2,2,2,3,1,3,4,4,2,3,2,3,3,1,4,2,7,8,0,1,7,10,1,9,3,9,0,0,8,10,0,9,6,1,8,9,0,5,7,4,10,5,1,"C",,,"Left",0,0,0,0,2,1.7726
"0000001364",62,1,3,"No degree","Married",1,"Worker",,1,1,0,2,"Södermanland","Svealand",2,5,4,3,2,3,1,2,4,8,3,3,3,4,2,3,,3,3,3,3,4,3,3,2,3,3,4,4,3,0,1,0,0,8,5,5,5,5,5,5,5,8,5,5,5,5,5,5,5,,,,,,,,,,1,"S","S",0,"Left",0,0,1,0,2,1.0931
"0000001129",51,0,6,"No degree","Divorced",0,"White collar",3,1,1,1,3,"Stockholm","Svealand",2,5,5,5,2,3,3,3,3,8,3,3,3,3,2,3,1,3,3,2,4,3,3,5,4,3,3,3,3,3,1,4,7,0,0,7,9,0,5,6,0,5,8,8,9,0,4,8,0,5,0,10,10,0,3,10,3,7,10,1,"M","M",0,"Right",0,1,0,1,2,0.91
"0000001725",59,1,5,"No degree","Divorced",1,"Worker",2,1,1,0,2,"Jönköping","Götaland",1,3,3,3,4,3,1,1,4,5,2,2,2,1,2,1,1,2,2,2,4,3,2,4,3,1,2,2,3,,1,0,,,0,10,9,0,0,8,0,5,0,10,9,0,0,8,0,5,2,9,9,0,3,7,0,6,7,1,"SD","SD",0,"Right",1,1,0,1,2,1.1901
"0000002677",29,0,8,"Postgraduate","Single",0,,1,1,1,0,2,"Västra Götaland","Götaland",3,3,4,4,2,2,1,4,4,7,3,2,3,4,2,2,1,1,3,2,,1,3,4,3,3,4,5,3,3,,0,0,0,8,6,8,0,0,3,0,6,10,8,5,0,0,4,5,5,3,10,7,0,0,9,0,8,10,,,,,,,,,0,1,1.0805
"0000001130",60,0,,,"Married",,,,,1,0,,"Stockholm","Svealand",1,5,5,1,5,5,1,1,5,,,,,,,,,1,4,,4,4,,,4,,,,,,,0,0,0,7,7,8,5,9,5,8,8,2,9,6,0,0,0,0,0,,,,,,,,,,1,"SD","SD",0,"Right",1,1,0,,,1.5282
"0000001045",47,1,5,"No degree","Married",0,"White collar",4,1,0,,3,"Stockholm","Svealand",2,4,5,5,5,1,1,1,1,8,3,3,3,3,2,2,2,,3,,2,2,3,4,4,2,3,2,2,,1,2,2,7,7,0,7,7,7,3,7,7,5,0,5,5,5,5,5,5,0,10,10,8,8,,1,8,5,,"L","M",1,"Right",0,1,0,0,,1.1901
"0000000828",41,0,7,"Bachelor","Single",0,"White collar",5,1,1,0,4,"Stockholm","Svealand",3,3,5,3,1,3,1,1,1,8,3,3,3,4,3,4,2,3,3,2,3,3,4,4,5,3,3,2,3,2,1,7,7,6,8,5,6,6,6,6,6,8,10,6,8,7,9,6,7,7,4,7,8,2,6,7,3,6,5,1,"S","L",1,"Left",0,0,1,0,,0.91
"0000001655",25,0,5,"No degree","Single",0,"Worker",4,2,1,0,1,"Halland","Götaland",2,2,5,3,1,3,1,1,3,8,3,2,2,3,2,3,2,2,2,1,,3,3,4,5,3,2,3,3,3,1,0,7,7,2,7,7,1,0,5,0,6,4,7,7,5,0,6,0,6,3,6,7,0,5,7,1,6,7,1,,,,,,,,0,,1.3555
"0000001371",71,0,4,"No degree","Widowed",0,"Worker",2,1,1,0,2,"Södermanland","Svealand",4,5,,1,4,4,,4,,9,3,4,4,4,3,2,1,1,2,2,4,4,3,5,5,3,2,4,4,4,0,7,7,0,0,10,9,0,0,8,0,5,0,10,9,0,0,8,0,5,3,9,9,0,3,9,3,5,9,1,"SD","SD",0,"Right",1,1,0,1,3,0.7541
"0000001886",69,0,5,"No degree","Single",1,"White collar",1,1,1,0,2,"Skåne","Götaland",3,5,5,1,1,1,1,1,1,9,4,2,4,3,2,3,1,3,4,2,3,4,4,5,4,4,4,3,4,4,0,6,7,0,8,0,5,4,9,3,8,4,10,0,6,4,10,1,4,4,2,10,8,0,5,5,2,6,5,1,"C","C",0,"Left",0,0,0,1,2,0.7541
"0000000626",43,1,7,"Bachelor","Married",0,"White collar",5,3,0,,3,"Stockholm","Svealand",2,3,3,3,4,4,4,4,4,8,2,2,3,3,2,2,1,3,3,2,3,3,3,4,4,2,3,4,4,4,1,0,1,0,9,2,8,5,5,5,5,5,,,,,,,,,,,,,,,,,,1,"S","S",0,"Left",0,0,1,1,1,0.7658
"0000001742",62,0,3,"No degree","Married",1,"Worker",,,0,,2,"Östergötland","Götaland",3,4,,,,4,2,,,0,,,,,,,,3,1,1,3,,2,3,3,1,3,1,2,,0,4,,,,0,0,10,0,0,0,0,2,0,0,10,7,0,0,2,9,,0,9,,0,,0,,1,"S",,,"Left",0,0,1,0,2,1.5282
"0000002832",29,1,6,"No degree","Single",1,"White collar",3,1,1,0,4,"Östergötland","Götaland",3,5,5,5,1,3,1,1,1,9,3,3,3,4,3,3,3,1,3,1,4,4,3,4,5,3,2,2,3,3,1,7,7,7,5,9,10,0,0,9,5,5,7,9,10,0,0,9,0,6,2,10,10,0,0,9,0,6,9,1,"M","M",0,"Right",0,1,0,1,,1.2661
"0000001387",56,1,6,"No degree","Married",1,"Worker",2,1,1,0,1,"Jönköping","Götaland",3,4,4,3,,,3,4,4,8,2,2,2,2,2,2,1,2,2,2,3,3,3,4,4,2,3,2,2,2,1,1,,,5,10,8,5,5,3,0,5,5,10,8,5,5,5,5,5,5,9,9,0,5,9,0,7,9,1,"SD","SD",0,"Right",1,1,0,1,2,0.9037
"0000001392",43,1,8,"Postgraduate","Single",0,"Worker",2,1,1,0,1,"Gävleborg","Norrland",3,4,5,5,1,1,1,4,3,9,4,3,4,4,3,4,1,3,3,2,4,4,3,5,4,2,3,2,3,3,,1,6,0,8,5,5,7,5,5,10,5,9,6,9,9,4,4,8,5,4,6,8,1,5,8,1,7,3,1,"S","S",0,"Left",0,0,1,1,2,0.7658
"0000001393",64,0,3,"No degree","Divorced",0,"Worker",2,3,1,0,1,"Blekinge","Götaland",3,4,,,,,1,1,1,8,4,4,4,4,2,2,2,2,3,4,,2,3,5,2,2,2,4,4,4,1,4,5,0,5,5,2,1,2,5,5,3,,,,,,,,,,,,,,,,,,1,,"S",,,,,,0,1,1.1008
"0000002578",80,0,2,"No degree","Married",0,"Worker",3,1,1,0,1,"Skåne","Götaland",2,3,5,5,4,3,3,3,3,8,3,3,3,3,3,3,,3,3,3,3,4,3,5,4,3,3,3,3,3,0,5,0,0,5,6,8,3,3,5,3,5,5,6,8,3,3,5,3,5,0,6,10,0,3,5,1,6,8,1,"M","M",0,"Right",0,1,0,0,1,0.7541
"0000002383",93,1,5,"No degree",,,,,,1,,,,,3,4,,4,4,4,,3,,6,3,3,1,,3,3,3,3,2,3,,2,3,,5,3,3,3,3,3,0,,2,3,6,5,8,4,3,5,5,7,9,6,8,5,7,7,7,8,7,,8,2,5,7,5,6,8,1,"L","L",0,"Right",0,1,0,0,2,1
"0000000868",62,0,6,"No degree","Married",1,"White collar",4,3,1,0,2,"Västra Götaland","Götaland",3,4,5,1,3,1,1,2,4,10,3,3,3,3,3,3,2,3,3,2,3,3,3,5,4,3,2,2,3,3,1,7,7,2,7,0,7,2,8,6,3,8,8,5,7,5,8,5,5,7,4,10,10,0,,9,2,8,5,1,"C","C",0,"Left",0,0,0,0,1,1.1984
"0000002820",76,1,7,"Bachelor","Married",0,"White collar",3,2,1,0,2,"Blekinge","Götaland",2,4,4,5,5,1,1,1,1,9,4,4,4,2,3,3,2,3,3,2,4,4,4,5,4,3,3,4,4,3,0,7,2,7,6,3,10,,4,7,4,,6,6,9,4,6,8,5,8,,10,,0,5,7,6,8,9,1,"M","L",1,"Right",0,1,0,1,3,0.5247
"0000001402",62,1,8,"Postgraduate","Married",0,"White collar",5,1,1,0,3,"Stockholm","Svealand",3,5,5,4,2,1,,1,2,7,3,3,3,2,3,2,2,3,3,1,,3,3,4,4,3,2,3,4,3,1,7,7,,5,5,5,5,5,5,5,5,6,9,9,8,6,6,5,7,7,8,9,1,6,2,2,6,5,1,,,,,,,,1,,0.9037
"0000002116",79,1,,,"Married",,,,,1,0,,"Halland","Götaland",3,5,5,2,5,3,1,1,5,9,4,3,3,3,3,3,2,4,3,,4,3,3,4,5,,,2,4,4,1,7,0,,10,5,8,7,8,8,8,8,10,5,8,7,8,7,8,8,4,10,,2,4,7,3,6,4,1,"S","S",0,"Left",0,0,1,1,3,0.5247
"0000000054",45,1,8,"Postgraduate","Married",1,"White collar",,1,1,0,3,"Stockholm","Svealand",4,5,5,5,3,2,1,1,1,8,3,3,3,3,2,3,2,1,2,2,,4,4,5,4,3,1,4,3,3,,7,,,4,9,10,0,4,9,4,6,4,7,10,0,0,10,0,3,3,9,8,0,3,8,1,6,8,,,,,,,,,0,,0.7658
"0000001404",65,0,5,"No degree","Divorced",,"Worker",3,1,1,0,2,"Värmland","Svealand",2,4,5,4,5,3,1,4,4,7,2,2,2,3,2,3,2,2,3,3,,3,2,5,5,2,3,3,3,3,0,1,,3,8,10,7,6,6,5,0,5,7,10,8,0,0,0,0,0,0,10,10,0,10,10,10,10,,1,,,,,,,,1,,0.821
"0000001966",69,1,7,"Bachelor","Married",0,,1,1,1,0,1,"Halland","Götaland",2,3,5,1,1,1,1,1,1,10,4,4,4,3,3,3,2,3,3,3,,4,4,5,5,3,3,,,3,0,1,0,0,10,5,0,0,0,0,0,0,10,5,0,0,0,0,0,0,0,8,10,0,8,8,5,8,0,1,,"S",,,,,,1,3,0.6191
"0000001407",76,1,6,"No degree","Divorced",0,"White collar",2,2,1,,2,"Västra Götaland","Götaland",4,5,5,4,1,1,2,1,5,10,3,3,4,3,2,3,1,3,3,1,4,3,3,5,5,2,3,4,4,3,0,7,7,0,9,0,0,7,2,3,7,3,10,0,1,6,3,5,5,3,1,10,10,0,7,8,3,6,2,1,"S","S",0,"Left",0,0,1,1,2,0.7489
"0000000556",49,1,6,"No degree","Married",0,"White collar",3,6,0,,1,"Stockholm","Svealand",2,4,5,4,1,1,2,4,4,9,3,2,2,3,2,4,2,3,3,2,3,2,3,5,4,1,2,2,4,3,1,3,2,0,8,0,6,4,6,5,5,4,8,0,6,4,5,6,4,4,2,5,7,4,5,5,5,6,2,1,"S","KD",1,"Left",0,0,1,1,2,0.9037
"0000001450",47,1,5,"No degree","Single",0,"Worker",4,4,0,,4,"Östergötland","Götaland",1,4,5,5,4,3,1,1,1,10,3,3,4,3,3,2,1,2,3,2,4,4,3,5,4,3,3,4,5,3,1,7,0,7,5,10,8,0,0,7,0,7,0,10,8,0,5,8,0,0,2,10,8,0,5,9,0,7,8,1,"SD","M",1,"Right",1,1,0,1,2,1.0931
"0000001410",29,0,5,"No degree","Single",0,"Worker",2,1,1,0,1,"Norrbotten","Norrland",3,3,5,4,4,4,1,4,4,7,3,3,2,4,3,3,2,3,3,2,4,3,3,5,4,2,2,3,3,2,1,0,0,7,9,0,2,10,8,2,8,4,10,0,0,9,9,2,5,3,3,10,10,0,4,8,3,9,0,1,"V","S",1,"Left",0,0,0,1,2,1.6791
"0000001762",58,1,3,"No degree","Married",1,"Worker",4,1,1,0,2,"Jönköping","Götaland",2,4,3,3,3,3,3,3,4,7,3,3,3,3,3,3,1,3,3,3,,3,3,4,3,2,3,4,4,4,1,2,3,0,7,5,5,7,0,0,0,0,7,5,,7,0,0,,0,2,5,8,0,8,8,1,7,,1,,,,,,,,0,1,1.0931
"0000000475",37,1,7,"Bachelor","Married",1,"Worker",4,1,1,0,1,"Värmland","Svealand",3,4,5,3,1,1,1,1,1,6,3,3,3,3,2,1,1,3,3,3,4,4,3,4,5,2,2,4,3,3,0,1,1,7,9,0,3,5,7,1,3,5,10,0,1,4,10,0,5,5,1,10,9,0,3,8,2,6,2,1,"S","S",0,"Left",0,0,1,1,,1.073
"0000000650",35,0,7,"Bachelor","Single",0,"White collar",3,2,1,0,1,"Jönköping","Götaland",2,3,5,3,3,3,2,3,2,10,3,3,3,3,2,3,2,3,3,2,,3,3,5,4,3,4,2,3,3,,0,7,7,5,5,5,2,0,5,0,5,6,5,5,2,0,5,0,5,4,5,5,3,4,5,4,5,3,1,,,,,,,,0,,1.0805
"0000000733",60,0,3,"No degree","Married",1,"Worker",3,1,1,0,2,"Örebro","Svealand",3,4,5,5,4,3,3,1,3,8,2,2,2,2,2,2,2,4,4,1,4,3,3,3,4,2,3,4,4,3,1,1,2,7,10,2,2,6,7,1,5,3,10,4,0,8,7,2,5,3,3,9,10,1,5,8,4,7,3,1,"S","S",0,"Left",0,0,1,1,2,1.1008
"0000002308",69,0,3,"No degree","Married",0,,2,1,1,0,1,"Uppsala","Svealand",3,4,5,5,2,4,1,4,2,7,3,2,2,3,2,2,2,3,3,3,3,3,3,5,5,2,3,3,4,3,1,7,7,7,10,2,0,8,2,0,1,1,10,2,0,8,2,0,1,1,5,10,10,0,7,10,3,8,3,1,"S","S",0,"Left",0,0,1,1,3,1.0469
"0000001606",30,0,4,"No degree","Single",0,"Worker",1,1,1,0,1,"Gävleborg","Norrland",3,4,5,4,1,1,3,5,3,7,3,3,1,2,2,2,2,1,3,2,4,3,3,4,3,2,3,2,2,2,1,1,7,7,5,8,5,0,0,6,0,0,1,8,5,0,0,0,0,5,2,5,9,0,1,7,0,7,5,1,"SD","SD",0,"Right",1,1,0,1,2,1.6791
"0000001491",73,0,6,"No degree","Married",0,"White collar",3,2,1,0,1,"Dalarna","Svealand",4,4,5,4,3,4,2,3,1,7,3,2,2,1,2,2,2,2,3,4,3,3,3,5,5,2,2,4,3,3,1,7,7,7,5,8,10,0,1,7,0,5,6,8,9,1,0,7,0,5,3,9,9,0,3,8,0,6,8,1,"M","M",0,"Right",0,1,0,1,2,0.6234
"0000001427",39,1,5,"No degree","Single",1,"Worker",4,2,1,0,3,"Stockholm","Svealand",2,4,5,4,2,3,1,1,2,9,3,3,3,4,2,3,2,3,3,2,4,3,4,4,4,3,2,3,3,4,0,0,7,7,8,3,6,4,7,5,6,6,8,4,6,5,7,6,6,6,2,9,,,4,8,4,7,3,1,"S","C",1,"Left",0,0,1,0,1,1.2661
"0000002496",71,1,6,"No degree","Widowed",0,"Worker",2,3,1,0,2,"Östergötland","Götaland",3,3,5,4,3,3,1,1,1,8,3,3,3,3,3,3,1,3,3,4,,3,3,5,5,3,3,4,4,4,0,2,7,0,10,0,5,3,5,0,5,5,10,0,4,4,5,0,5,5,2,10,8,1,5,7,5,6,2,1,"S","S",0,"Left",0,0,1,1,2,0.6191
"0000001880",79,1,6,"No degree","Married",1,"White collar",2,1,1,,4,"Västra Götaland","Götaland",2,3,4,4,2,2,1,4,3,7,2,2,2,3,2,3,1,3,3,1,3,3,3,4,4,2,2,4,4,2,1,7,0,0,3,0,7,,0,0,0,,4,0,6,0,0,2,2,6,5,10,9,1,3,4,4,7,7,1,"L","M",1,"Right",0,1,0,1,2,0.7489
"0000000334",56,1,7,"Bachelor","Married",1,"Worker",3,1,0,,3,"Stockholm","Svealand",4,4,5,5,5,4,1,3,5,10,4,4,4,4,4,4,3,4,3,4,4,3,4,5,5,3,4,4,5,2,1,7,4,0,10,0,6,8,9,2,9,6,10,2,7,9,10,0,7,8,4,10,7,0,5,9,4,8,5,1,"S","S",0,"Left",0,0,1,1,2,0.7658
"0000000265",51,1,6,"No degree","Married",1,"White collar",3,2,1,1,3,"Västra Götaland","Götaland",2,4,5,4,2,1,1,2,2,10,3,3,3,3,3,3,2,3,3,1,4,3,3,5,3,2,3,4,3,3,1,1,1,7,9,0,7,1,5,0,4,3,10,0,6,4,6,2,5,5,3,10,9,0,5,10,5,6,4,1,"S","S",0,"Left",0,0,1,1,,0.9037
"0000001536",41,0,4,"No degree","Married",1,"Self-employed",5,2,1,0,1,"Västra Götaland","Götaland",3,4,5,5,1,3,1,4,2,7,3,3,3,4,3,3,2,1,3,1,3,4,3,5,4,2,3,4,4,5,1,1,7,7,2,8,9,0,4,8,0,7,6,7,8,0,3,8,0,8,3,9,8,0,4,8,1,7,8,1,"M","M",0,"Right",0,1,0,0,3,1.1984
"0000001593",56,1,4,"No degree","Married",1,"Worker",4,2,1,0,1,"Västra Götaland","Götaland",2,4,5,3,1,1,1,2,3,10,4,4,3,3,3,4,2,4,4,2,4,4,4,5,4,3,3,4,4,3,1,4,3,7,10,3,6,7,8,3,3,5,10,5,6,6,8,2,5,5,5,10,9,0,6,9,2,7,5,1,"S","S",0,"Left",0,0,1,0,2,0.9037
"0000002576",71,1,3,"No degree","Married",,"Worker",2,1,1,0,2,"Gävleborg","Norrland",3,3,5,4,4,3,4,3,3,8,2,2,3,3,2,1,1,2,3,2,2,2,3,5,,4,2,4,4,2,1,1,0,0,2,5,2,1,0,0,0,1,3,3,2,0,0,0,0,1,,,,,,,,,,1,"SD",,,"Right",1,1,0,0,2,1.0396
"0000000521",42,1,8,"Postgraduate","Married",1,"White collar",5,1,1,0,3,"Stockholm","Svealand",3,4,5,5,1,1,1,1,1,8,3,4,3,4,3,2,1,4,4,2,4,3,4,5,5,3,3,3,3,4,1,0,0,0,10,0,0,10,7,0,10,2,10,0,0,9,8,0,8,0,2,8,9,0,7,10,1,6,2,1,"S","S",0,"Left",0,0,1,1,3,0.7658
"0000002072",64,0,3,"No degree","Married",1,"Worker",3,1,1,0,2,"Skåne","Götaland",3,5,5,5,1,4,1,1,1,9,4,3,3,3,2,3,1,1,4,2,4,4,3,5,4,3,3,3,3,3,0,7,7,7,7,10,9,0,0,4,0,4,10,10,9,0,0,0,0,7,6,7,9,0,4,4,0,6,7,1,"SD","SD",0,"Right",1,1,0,1,2,1.1008
"0000001454",66,0,3,"No degree","Divorced",1,"Worker",3,1,1,0,1,"Jönköping","Götaland",3,4,5,2,1,2,1,3,1,8,3,3,2,4,2,3,2,3,4,1,3,4,4,5,4,3,3,2,4,3,0,3,7,0,9,10,7,7,2,8,0,0,10,10,6,1,2,8,0,0,3,9,9,0,8,8,2,8,7,1,"SD","S",1,"Right",1,1,0,0,2,1.0469
"0000001464",87,0,2,"No degree","Divorced",0,"Worker",1,2,1,0,1,"Skåne","Götaland",2,5,4,4,4,3,3,4,4,5,3,2,2,3,2,3,,2,2,2,,3,2,3,2,3,3,4,4,3,,2,0,0,7,7,9,5,8,8,5,8,7,7,9,5,8,8,6,8,3,8,7,0,4,5,2,5,5,0,,,,,,,,1,2,1.1092
"0000001466",72,0,7,"Bachelor","Married",0,"Self-employed",5,1,1,0,1,"Södermanland","Svealand",4,5,5,5,1,1,1,1,1,10,4,4,4,4,4,4,1,4,4,2,4,4,4,5,5,3,,3,3,3,1,7,,,10,0,3,2,8,1,8,5,10,0,6,1,8,1,7,5,4,10,8,1,5,10,3,5,,1,"S","C",1,"Left",0,0,1,1,3,0.5283
"0000002754",75,0,3,"No degree","Single",0,"White collar",1,1,1,0,2,"Dalarna","Svealand",2,3,1,1,1,1,3,3,3,6,2,2,2,1,2,2,1,3,3,1,4,,2,5,3,4,3,3,1,5,0,3,0,0,,10,,4,2,,,,,10,,0,2,,,,,5,,,,,,,5,1,"SD","SD",0,"Right",1,1,0,0,,0.7541
"0000001779",80,0,,,"Divorced",0,"Worker",1,,1,0,1,"Uppsala","Svealand",2,4,5,3,3,1,1,1,3,5,3,3,2,3,2,3,1,3,3,3,,3,3,5,3,2,4,3,3,1,0,0,0,0,5,5,5,5,5,5,5,5,5,5,5,5,5,5,5,5,4,8,10,0,6,9,5,7,4,0,,,,,,,,0,,1.1092
"0000002501",90,0,8,"Postgraduate","Married",0,,5,1,1,,3,"Stockholm","Svealand",4,5,5,4,1,4,1,1,1,10,4,3,3,3,3,3,2,3,3,2,3,4,4,5,5,3,2,5,4,3,0,7,0,0,4,9,9,2,1,9,0,0,5,10,8,9,4,9,0,2,1,10,9,0,5,10,0,6,8,1,"SD","M",1,"Right",1,1,0,1,2,0.5283
"0000000215",40,0,8,"Postgraduate","Single",1,"White collar",3,1,1,0,1,"Västra Götaland","Götaland",3,4,5,5,1,1,1,1,1,10,4,4,3,4,3,3,1,3,4,2,4,3,4,5,5,2,3,4,4,3,1,4,7,7,8,0,1,10,2,0,8,1,9,0,1,8,5,0,6,3,,10,7,2,5,8,5,6,2,1,"V","V",0,"Left",0,0,0,1,3,1.0805
"0000001471",64,0,6,"No degree","Married",1,"Self-employed",2,3,1,0,1,"Västmanland","Svealand",3,5,5,3,1,2,1,1,1,8,2,3,3,3,2,3,1,2,3,1,3,3,3,4,4,2,1,4,3,3,1,1,0,0,3,1,8,2,8,7,2,7,8,7,7,3,7,7,2,9,4,4,8,1,6,9,2,7,7,1,"M","C",1,"Right",0,1,0,0,1,1.1984
"0000001477",73,1,8,"Postgraduate","Married",0,"Self-employed",2,2,1,0,1,"Halland","Götaland",4,5,5,5,3,3,1,2,1,10,3,3,3,3,2,3,2,3,4,2,2,3,4,5,5,3,2,2,3,3,1,7,7,7,6,0,10,0,8,3,3,9,10,7,8,0,4,3,1,9,4,10,10,0,3,8,2,8,5,1,"L","M",1,"Right",0,1,0,1,2,0.6191
"0000000834",28,1,7,"Bachelor","Single",1,"White collar",2,1,1,0,2,"Stockholm","Svealand",1,4,4,4,2,3,3,3,3,7,3,3,3,3,2,3,2,3,3,2,2,2,3,2,4,2,4,2,2,4,0,0,6,0,5,1,6,6,6,5,5,7,6,0,4,3,4,4,4,4,4,10,7,4,5,5,3,7,5,1,"L",,,"Right",0,1,0,0,,1.073
"0000002314",78,1,7,"Bachelor","Married",1,"White collar",2,1,1,0,3,"Stockholm","Svealand",4,5,5,4,1,1,1,1,3,8,4,,3,3,2,3,2,3,3,2,4,3,3,5,4,2,2,2,3,4,0,7,3,7,9,0,2,7,5,1,7,5,10,0,1,6,7,0,7,5,5,10,9,3,8,10,4,8,5,1,"S","S",0,"Left",0,0,1,0,1,0.5372
"0000001481",87,0,2,"No degree","Married",,"Worker",1,2,1,0,1,"Dalarna","Svealand",3,4,5,4,5,2,3,3,5,9,3,3,2,3,3,3,3,3,3,3,3,3,3,5,5,3,3,3,4,3,1,7,6,7,0,0,,0,4,2,0,1,4,10,9,0,1,9,0,3,1,10,9,0,2,5,0,5,9,1,"M","M",0,"Right",0,1,0,1,,0.7541
"0000001590",43,0,4,"No degree","Single",1,"White collar",2,1,1,1,2,"Västra Götaland","Götaland",3,4,5,1,4,2,1,4,4,8,3,3,2,3,2,3,2,3,3,1,3,4,3,5,5,3,3,2,3,3,1,1,7,7,9,7,8,2,2,2,1,3,9,8,8,4,8,3,1,7,2,9,9,0,5,10,1,6,7,1,"S","M",1,"Left",0,0,1,0,1,1.1984
"0000002569",65,1,7,"Bachelor","Married",0,"Self-employed",3,1,1,0,1,"Östergötland","Götaland",3,5,5,3,1,1,1,1,1,9,3,3,3,4,3,3,2,3,3,1,4,4,4,5,5,2,2,1,2,3,1,7,0,0,4,0,8,0,5,6,1,6,6,3,8,1,3,5,0,5,2,10,7,0,2,6,1,5,7,1,"M","M",0,"Right",0,1,0,1,2,0.5247
"0000001494",72,1,8,"Postgraduate","Married",0,"White collar",2,4,1,0,1,"Kalmar","Götaland",3,4,5,2,1,5,1,4,2,10,4,4,4,4,3,3,2,3,3,3,4,4,3,5,5,3,4,2,3,4,1,7,7,1,4,7,8,2,3,7,0,8,4,8,7,6,3,7,0,8,0,7,10,0,3,10,1,10,9,1,"L","C",1,"Right",0,1,0,0,1,0.5247
"0000001497",56,0,4,"No degree","Married",0,"Self-employed",3,1,1,0,1,"Uppsala","Svealand",4,5,5,,,,1,1,1,10,4,4,4,4,3,4,2,4,4,3,4,4,4,5,5,3,4,3,3,3,1,,2,0,10,0,5,5,10,0,7,5,10,0,5,7,10,1,6,5,5,10,10,0,6,10,5,7,5,1,"S","C",1,"Left",0,0,1,0,2,0.91
"0000002219",59,1,7,"Bachelor","Single",1,"White collar",3,1,1,0,4,"Stockholm","Svealand",3,4,5,5,1,1,1,1,1,7,3,3,3,3,2,3,1,3,3,3,,3,3,5,5,3,3,1,3,3,1,4,7,0,7,1,2,1,4,1,0,5,9,3,1,0,4,2,1,4,4,9,9,0,7,8,0,7,,1,,,,,,,,0,1,0.9037
"0000001287",54,0,2,"No degree","Divorced",1,"Worker",,,0,,4,"Stockholm","Svealand",4,3,3,3,3,3,,,5,9,4,4,3,3,3,3,2,3,4,4,4,4,4,5,5,3,3,5,4,4,1,3,2,7,9,5,,9,6,6,8,5,8,5,6,,7,7,8,5,2,0,9,1,5,7,4,9,3,1,"S","V",1,"Left",0,0,1,0,1,1.1008
"0000001507",48,0,5,"No degree","Single",1,"Worker",2,1,1,0,2,"Västra Götaland","Götaland",3,4,5,3,2,3,1,3,2,10,4,4,3,4,3,4,2,4,4,2,4,4,3,5,5,2,2,5,5,4,1,4,7,7,10,0,5,8,5,1,5,5,10,0,5,8,5,0,5,5,3,10,7,0,8,10,5,8,2,1,"S","S",0,"Left",0,0,1,1,3,1.1984
"0000002628",72,1,3,"No degree","Married",0,"White collar",1,2,1,1,1,"Västra Götaland","Götaland",3,4,5,4,1,3,1,1,1,8,3,2,2,3,3,4,2,3,3,1,,3,3,4,5,2,3,4,4,3,0,6,1,1,5,5,5,5,5,5,5,5,5,5,5,5,5,5,5,5,,,,,,,,,,,,,,,,,,0,,0.7489
"0000001512",60,0,3,"No degree","Married",1,,2,1,1,0,1,"Skåne","Götaland",2,5,5,4,4,3,4,3,4,6,3,3,4,4,3,2,,3,2,2,3,3,3,5,4,3,3,2,3,2,0,0,3,0,9,5,3,4,5,5,6,3,9,3,3,4,6,4,5,3,0,9,9,1,5,8,2,7,1,1,"S","S",0,"Left",0,0,1,1,,1.5282
"0000001516",36,0,4,"No degree","Married",1,"Worker",3,1,1,0,1,"Östergötland","Götaland",3,5,5,4,1,1,1,1,3,8,3,3,3,4,3,3,2,2,3,1,,3,3,5,5,2,2,4,3,3,1,2,7,7,8,1,6,5,2,1,6,2,8,1,6,5,5,2,5,5,5,10,10,0,6,10,0,9,4,1,,"S",,,,,,1,2,1.6791
"0000001834",73,0,2,"No degree","Divorced",0,"Worker",1,2,1,0,1,"Gävleborg","Norrland",2,3,5,3,4,4,5,,,2,2,2,1,3,1,3,1,2,3,4,,2,2,5,5,2,4,2,4,4,0,,,,6,0,0,2,1,0,0,0,6,0,0,2,1,0,0,0,,,,,,,,,,0,,"S",,,,,,0,2,0.7541
"0000000255",37,1,8,"Postgraduate","Married",1,"Worker",4,1,1,0,2,"Värmland","Svealand",3,4,5,4,1,1,1,4,5,8,4,4,2,4,3,4,2,3,2,2,4,4,3,5,5,1,1,2,3,3,1,3,6,5,9,0,1,8,7,0,9,1,10,0,2,8,7,1,9,2,4,10,9,2,5,8,4,8,3,1,"S","S",0,"Left",0,0,1,0,2,1.073
"0000002226",76,0,3,"No degree","Widowed",0,"Self-employed",1,1,1,0,1,"Dalarna","Svealand",3,4,3,3,4,3,2,2,2,7,3,2,1,4,2,2,1,2,3,2,3,3,3,5,3,2,2,3,3,3,0,7,7,7,5,8,6,5,0,5,1,3,7,8,7,6,1,5,0,5,5,9,9,2,3,5,1,5,8,1,"SD","SD",0,"Right",1,1,0,1,2,0.7541
"0000000366",39,0,4,"No degree","Married",0,"Self-employed",4,2,1,0,3,"Stockholm","Svealand",3,5,5,4,4,4,4,3,4,2,1,1,1,2,2,2,2,1,2,2,4,4,2,3,2,2,2,2,3,3,1,5,3,7,0,10,7,0,0,9,0,0,0,10,5,0,0,9,0,0,2,10,8,0,2,10,0,6,10,1,"SD","SD",0,"Right",1,1,0,1,3,1.6791
"0000001578",50,0,3,"No degree","Single",0,"Self-employed",1,1,1,0,1,"Skåne","Götaland",3,5,4,4,4,4,1,1,1,5,2,1,1,1,2,1,1,1,2,1,4,4,2,2,5,3,4,3,3,4,0,7,0,0,0,10,8,0,0,8,0,3,4,10,7,4,0,8,0,4,5,10,9,0,0,9,0,5,10,1,"SD","SD",0,"Right",1,1,0,1,3,1.5282
"0000001011",20,1,4,"No degree","Single",0,"White collar",2,1,1,0,3,"Stockholm","Svealand",2,4,5,3,3,2,,5,4,10,3,4,3,4,3,2,1,3,2,2,4,4,3,5,4,3,2,2,3,2,1,1,1,1,2,6,10,0,3,9,1,8,2,4,10,0,3,9,1,8,0,8,10,0,4,10,2,5,,1,"M",,,"Right",0,1,0,0,2,1.7726
"0000001351",39,1,8,"Postgraduate","Married",0,"Worker",1,3,1,0,2,"Kalmar","Götaland",3,3,5,5,1,1,2,4,3,7,3,3,3,3,3,4,2,2,2,1,,3,3,4,4,2,2,3,3,3,1,5,6,0,5,0,6,1,9,5,1,5,3,0,6,0,8,3,1,4,4,10,7,0,5,9,1,6,5,1,,"C",,,,,,0,2,1.073
"0000000365",34,1,7,"Bachelor","Single",1,"Worker",2,3,1,,4,"Västra Götaland","Götaland",3,4,5,5,2,3,4,4,4,6,3,3,2,4,2,3,2,3,3,2,4,2,2,3,4,2,2,2,3,4,1,1,7,7,9,0,7,5,5,4,7,4,10,0,4,5,4,2,6,4,3,10,7,1,5,9,4,9,5,1,"S","S",0,"Left",0,0,1,0,2,1.2661
"0000002132",70,1,2,"No degree","Divorced",0,"White collar",1,6,0,,3,"Västra Götaland","Götaland",2,4,5,5,4,5,1,4,5,1,2,2,2,4,2,2,2,3,4,2,4,2,2,3,5,1,1,3,3,3,1,1,,,10,0,2,6,6,0,0,0,10,0,0,10,10,0,5,0,7,10,10,1,4,6,1,5,5,1,"S","S",0,"Left",0,0,1,1,3,1.0396
"0000002183",77,0,6,"No degree","Married",,"White collar",2,1,1,0,1,"Västra Götaland","Götaland",3,5,5,5,4,3,1,1,1,10,3,3,4,4,2,4,1,2,3,4,3,4,4,5,5,3,3,4,3,3,1,7,7,0,2,10,10,0,0,6,2,7,7,9,6,0,0,7,5,6,3,10,10,0,1,10,1,5,9,1,"SD","M",1,"Right",1,1,0,1,2,0.5283
"0000001535",57,0,2,"No degree","Married",0,"Worker",4,1,0,1,1,"Västra Götaland","Götaland",2,4,5,4,4,3,1,1,1,10,3,3,2,2,2,2,1,3,4,3,,2,4,5,5,2,2,3,3,3,1,7,7,0,7,4,5,5,5,5,5,5,6,0,4,4,5,3,5,5,0,10,10,0,10,10,5,10,2,0,,,,,,,,0,2,1.5282
"0000002519",19,1,4,"No degree","Single",0,"Worker",1,1,1,0,3,"Värmland","Svealand",4,5,5,3,1,1,1,4,2,9,3,3,4,2,,3,3,3,4,3,4,4,4,5,5,1,2,4,4,3,1,7,1,7,8,0,1,10,6,1,9,5,9,0,3,9,9,4,10,3,4,8,9,0,5,10,2,6,0,1,"V",,,"Left",0,0,0,1,3,1.7726
"0000001540",53,0,6,"No degree","Married",0,"Self-employed",4,1,1,0,1,"Kalmar","Götaland",4,5,5,3,5,5,4,1,2,9,4,1,2,2,3,2,1,1,4,1,4,4,4,5,5,3,3,5,5,3,1,3,7,0,6,10,7,1,3,8,0,5,3,10,7,1,1,8,0,5,3,9,8,0,3,8,0,5,9,1,"SD","SD",0,"Right",1,1,0,1,3,1.1008
"0000001542",27,0,4,"No degree","Single",1,"Worker",4,1,1,0,2,"Stockholm","Svealand",3,5,5,3,3,3,4,4,4,10,3,1,2,3,3,3,2,1,3,1,,3,3,5,5,3,3,3,4,3,1,0,2,7,5,9,10,0,2,8,0,7,2,10,10,0,3,9,0,8,4,9,7,0,2,8,1,6,8,1,"M","M",0,"Right",0,1,0,1,2,2.1412
"0000000317",42,0,8,"Postgraduate","Married",1,"White collar",5,2,1,0,1,"Skåne","Götaland",4,4,4,5,1,1,1,2,2,9,3,3,4,4,3,4,2,3,3,1,3,4,4,5,5,3,2,2,3,4,1,0,7,7,7,0,1,3,8,0,9,1,8,0,1,7,9,0,7,0,4,7,9,1,7,10,4,8,3,1,"MP","MP",0,"Left",0,0,0,1,1,0.7712
"0000001006",55,1,4,"No degree","Single",0,"White collar",5,2,1,0,1,"Östergötland","Götaland",2,4,5,4,4,3,2,2,2,10,4,4,3,3,3,3,2,3,3,3,3,3,4,5,,3,3,2,3,3,0,6,3,7,1,6,9,0,9,10,0,6,7,7,9,1,9,9,2,7,2,8,10,0,8,10,0,5,8,1,"KD","C",1,"Right",0,1,0,1,1,1.1901
"0000002833",73,1,3,"No degree","Married",0,"White collar",4,3,1,0,1,"Halland","Götaland",3,4,5,1,3,3,,,,,,,,,,,,,,2,,,1,5,2,3,2,3,3,4,1,7,7,0,3,6,7,0,0,10,0,5,7,7,5,2,0,9,0,5,4,10,9,0,3,9,0,7,8,,,"KD",,,,,,1,2,0.7489
"0000001547",31,0,3,"No degree","Single",0,"Worker",3,2,1,0,2,"Stockholm","Svealand",2,4,5,4,4,3,2,4,4,7,3,2,3,3,2,2,2,1,2,1,3,3,3,4,4,4,3,3,2,3,1,0,1,4,5,9,9,1,1,9,0,6,5,9,9,1,0,10,0,5,5,10,9,0,4,7,0,8,9,1,"M","M",0,"Right",0,1,0,1,2,1.6791
"0000001898",77,0,2,"No degree","Divorced",0,,1,3,1,0,1,"Skåne","Götaland",3,3,3,3,3,3,4,4,4,3,2,2,2,2,2,2,2,3,3,4,3,3,1,3,1,3,4,4,4,4,0,1,1,1,7,7,7,7,7,7,7,7,9,7,6,8,7,6,8,7,3,4,5,4,6,6,3,5,,1,"S",,,"Left",0,0,1,0,2,1.1092
"0000001671",60,0,5,"No degree","Divorced",1,"Worker",2,1,1,0,2,"Västra Götaland","Götaland",2,4,5,1,2,3,1,1,2,8,3,2,3,3,2,3,1,3,4,1,3,2,3,5,5,1,3,3,4,3,1,3,7,0,10,0,2,8,7,2,8,4,10,0,2,7,8,0,6,5,3,10,9,1,6,9,3,8,3,1,"S","S",0,"Left",0,0,1,1,2,0.91
"0000000665",56,1,7,"Bachelor","Single",1,"White collar",4,1,1,0,2,"Dalarna","Svealand",3,4,5,3,2,3,3,3,2,9,3,3,4,3,3,4,2,3,3,3,4,4,4,5,4,3,4,3,4,4,1,7,6,7,6,5,10,0,7,8,2,9,6,8,10,0,8,7,1,9,5,10,8,0,6,9,1,7,9,1,"M","M",0,"Right",0,1,0,1,2,0.7658
"0000000357",41,0,8,"Postgraduate","Married",1,"White collar",4,2,1,0,3,"Stockholm","Svealand",3,4,5,5,1,1,1,1,5,8,2,2,3,3,2,3,1,3,3,1,3,2,3,4,4,3,1,2,2,3,1,7,7,7,,0,2,2,6,0,7,2,9,0,1,3,8,1,2,3,,10,8,0,7,,,8,4,1,"MP","S",1,"Left",0,0,0,0,,0.7712
"0000001552",46,1,3,"No degree","Married",0,"Worker",2,1,1,1,2,"Södermanland","Svealand",3,3,5,3,1,5,1,1,1,5,3,3,3,3,,2,1,3,3,3,4,3,3,4,4,2,3,2,3,4,0,0,7,7,9,0,0,4,2,0,4,0,9,0,0,1,2,0,1,1,,,10,,10,10,,10,,1,"S","S",0,"Left",0,0,1,0,1,1.5176
"0000001555",31,0,5,"No degree","Single",1,"Worker",1,1,1,0,1,"Värmland","Svealand",2,4,5,4,1,3,3,3,4,7,2,2,2,3,2,2,1,2,3,4,,3,3,5,4,3,3,4,4,2,,0,,,5,5,7,1,2,7,1,5,5,5,5,5,5,5,5,5,5,5,5,5,5,5,5,5,6,,,"S",,,,,,0,,1.6791
"0000001556",50,0,3,"No degree","Married",1,"White collar",4,1,1,1,1,"Södermanland","Svealand",,3,5,5,1,3,,,5,0,1,1,3,2,1,1,1,1,1,1,,3,1,3,1,1,2,3,1,3,1,0,0,0,0,7,7,0,0,7,0,0,0,6,6,0,0,6,0,0,10,10,10,3,0,10,0,3,7,1,,,,,,,,1,2,1.5282
"0000001128",39,0,4,"No degree","Single",1,"Worker",1,1,0,,3,"Jönköping","Götaland",4,5,5,5,1,4,1,1,5,6,3,3,3,4,3,4,3,4,3,4,4,3,3,4,5,1,3,4,4,3,1,2,7,7,10,0,0,10,7,0,5,2,,,,,,,,,0,10,8,0,4,9,3,9,0,1,"S","V",1,"Left",0,0,1,1,3,1.5423
"0000001311",45,1,4,"No degree","Single",1,"Worker",3,1,1,1,1,"Västra Götaland","Götaland",2,5,3,3,5,3,3,3,3,5,3,3,3,3,3,3,3,2,3,2,,3,3,3,3,3,3,1,3,3,1,7,7,5,5,5,5,5,5,5,5,5,5,5,5,5,5,5,5,5,0,10,10,0,0,10,0,10,5,1,,,,,,,,0,,1.1901
"0000001300",70,0,6,"No degree","Married",1,"Worker",1,1,1,1,4,"Stockholm","Svealand",3,4,5,5,2,1,1,1,3,7,2,2,3,3,2,3,1,2,3,2,4,2,3,5,4,3,3,3,3,3,0,7,7,0,5,0,10,0,5,5,0,10,9,0,10,0,0,6,0,10,6,5,10,0,3,8,0,8,8,1,"L","M",1,"Right",0,1,0,1,2,0.7541
"0000002086",18,0,,,"Single",,,,,0,1,,"Skåne","Götaland",1,,,,,,,,,,,,,,,,,,,,,,,,,,,,,,,,,,,,,,,,,,,,,,,,,,,,,,,,,,,,,,,,,,,,,2.2763
"0000001661",53,0,4,"No degree","Married",1,"Worker",4,1,1,0,1,"Västra Götaland","Götaland",3,5,5,5,1,1,1,1,5,6,2,2,2,3,2,1,1,1,1,1,4,2,3,4,3,3,2,3,2,1,1,3,7,4,0,0,0,8,7,0,5,0,0,0,0,8,6,0,5,0,6,10,10,2,5,8,4,8,5,1,"V",,,"Left",0,0,0,0,1,0.91
"0000000207",60,0,6,"No degree","Divorced",1,"White collar",5,1,1,0,2,"Halland","Götaland",3,5,4,4,1,1,1,1,1,10,3,3,4,4,2,3,1,3,4,1,3,2,4,5,5,3,2,3,3,2,1,7,7,0,4,0,2,3,7,2,3,2,8,9,4,4,8,1,4,7,5,8,9,1,7,10,2,7,7,1,"C","M",1,"Left",0,0,0,0,2,0.7712
"0000002423",19,0,4,"No degree","Single",0,"Worker",3,2,1,0,1,"Uppsala","Svealand",3,4,5,4,5,4,3,3,3,6,2,3,2,1,3,2,2,1,3,3,,3,3,,5,2,2,3,3,2,1,3,3,4,0,10,8,0,0,8,0,3,2,10,8,0,0,7,0,0,2,9,7,0,0,8,0,5,9,1,,,,,,,,0,2,1.7851
"0000001573",74,0,3,"No degree","Single",0,"Worker",2,1,1,0,1,"Västra Götaland","Götaland",2,4,5,5,4,3,2,4,3,2,2,2,1,3,2,2,1,1,1,2,,3,3,5,3,2,2,4,3,3,,2,0,0,1,9,9,2,2,6,2,5,1,9,9,1,1,9,1,6,0,10,10,0,3,8,0,4,9,1,,,,,,,,0,1,0.7541
"0000001575",40,0,4,"No degree","Married",0,"Worker",2,2,1,1,4,"Stockholm","Svealand",3,4,3,3,2,3,5,3,4,3,2,2,3,2,1,1,3,2,2,2,2,1,2,3,3,2,2,1,2,3,1,0,7,6,0,6,7,0,4,7,0,3,0,5,5,0,2,8,0,2,4,4,4,2,3,7,2,3,8,1,,,,,,,0,0,2,1.6791
"0000001024",32,1,5,"No degree","Single",1,"White collar",1,2,1,0,2,"Västra Götaland","Götaland",3,3,4,5,3,4,1,1,1,2,1,1,1,3,1,2,2,1,3,1,2,3,1,3,1,1,1,5,1,1,1,5,0,0,4,0,0,4,0,0,0,0,10,0,0,10,0,10,0,0,0,5,10,0,10,10,0,10,0,1,"S","V",1,"Left",0,0,1,1,1,1.2661
"0000000166",26,1,8,"Postgraduate","Single",1,"White collar",5,1,1,0,4,"Stockholm","Svealand",2,4,5,5,2,1,1,2,2,9,3,3,3,4,2,4,2,4,4,2,4,4,3,5,5,2,3,2,2,3,1,0,0,7,10,0,3,1,10,0,4,1,10,0,1,1,10,0,5,0,3,10,9,0,4,10,5,8,4,1,"S","S",0,"Left",0,0,1,0,2,1.073
"0000001587",60,0,,,"Single",,,2,,1,0,,"Kalmar","Götaland",2,4,4,,,,1,,,6,3,,,,,,,2,3,2,,2,3,3,4,3,3,4,,,0,1,,,6,5,6,5,5,6,5,5,6,6,6,6,5,6,5,4,5,5,5,5,5,5,5,5,,1,,,,,,,,0,,1.5282
"0000002215",75,0,3,"No degree","Married",0,"Worker",1,3,1,0,2,"Värmland","Svealand",3,5,5,3,4,4,1,1,2,10,4,4,3,3,3,3,2,3,4,4,4,3,4,5,5,3,4,3,4,4,0,5,0,0,10,1,1,8,5,5,1,1,10,1,0,3,5,5,9,1,0,10,10,0,0,10,0,10,1,1,"S","S",0,"Left",0,0,1,1,1,0.7541
"0000001588",61,0,3,"No degree","Married",1,"Worker",3,2,1,0,1,"Skåne","Götaland",2,3,5,2,1,3,2,4,4,8,2,2,3,3,,3,1,2,3,3,3,3,3,5,3,2,3,3,3,3,1,3,,0,8,8,2,2,4,7,0,2,7,8,1,2,3,6,0,2,5,7,9,1,5,5,1,7,5,1,"S",,,"Left",0,0,1,0,,1.1984
"0000001595",63,0,3,"No degree","Married",1,,3,3,0,,1,"Västra Götaland","Götaland",2,4,4,4,4,4,,,4,10,,3,,,,,,3,4,4,2,2,2,5,5,3,4,,,,1,1,1,1,10,,,,,,,,10,,,,,,,,10,,,,,,,,8,1,"SD",,,"Right",1,1,0,1,1,1.1008
"0000002504",20,1,,,"Single",,,,,1,1,,"Halland","Götaland",2,3,5,4,4,4,4,3,4,5,3,3,3,4,3,2,3,2,3,,3,3,,,4,,,,,,,2,1,3,,,5,5,5,5,5,5,5,5,5,5,5,5,5,5,,,,,,,,,,1,"S",,,"Left",0,0,1,,,1.346
"0000001607",65,0,3,"No degree","Divorced",1,"Worker",2,1,1,0,1,"Dalarna","Svealand",2,3,3,3,3,3,3,3,3,2,2,2,1,2,2,1,1,1,1,2,3,3,2,3,2,1,1,3,2,3,1,0,0,1,2,10,7,2,0,7,0,2,0,10,8,2,0,8,0,2,0,10,10,0,0,10,0,,10,1,"SD","SD",0,"Right",1,1,0,1,2,0.7541
"0000000383",42,1,8,"Postgraduate","Divorced",1,"White collar",5,1,1,0,2,"Västra Götaland","Götaland",2,5,5,4,3,1,1,1,1,5,3,3,3,3,3,3,2,4,4,1,4,3,2,2,5,1,3,5,4,2,1,0,7,7,10,0,0,7,10,0,10,0,10,0,0,7,10,0,7,2,0,10,10,0,5,10,3,10,2,1,"S","MP",1,"Left",0,0,1,1,2,0.7658
"0000001413",18,1,3,"No degree","Single",0,,,1,1,1,4,"Uppsala","Svealand",2,2,3,3,4,,,3,3,9,3,3,,3,3,3,3,3,,3,,,3,5,3,2,3,4,3,3,1,1,0,7,5,2,5,5,,5,5,5,5,2,5,5,5,5,5,5,0,10,8,0,1,9,1,7,3,,,,,,,,,0,,2.2604
"0000001609",34,0,4,"No degree","Married",0,"Worker",1,1,1,0,2,"Jönköping","Götaland",2,4,4,3,4,3,3,3,4,9,3,3,3,3,2,2,2,3,3,1,3,3,3,5,3,2,3,2,3,3,1,4,,,8,7,8,4,5,9,1,9,9,7,4,3,3,9,2,8,4,10,10,1,5,8,0,6,7,1,"KD","KD",0,"Right",0,1,0,0,2,1.6791
"0000000047",42,0,4,"No degree","Divorced",1,"White collar",4,1,1,0,1,"Gävleborg","Norrland",3,4,5,5,2,2,4,4,2,7,3,3,3,3,2,2,2,2,3,2,,3,3,4,4,3,3,1,3,3,1,2,1,4,7,2,9,6,4,2,0,2,6,0,8,6,4,1,1,1,3,10,8,1,4,6,4,6,7,1,,"S",,,,,,0,,1.1984
"0000001222",21,1,4,"No degree","Single",1,"Worker",5,1,1,0,2,"Norrbotten","Norrland",3,4,5,3,2,1,1,1,3,9,3,3,3,3,3,4,2,3,3,4,3,4,3,4,4,2,3,2,3,2,1,1,2,7,9,0,2,9,5,0,9,5,9,0,3,8,5,1,9,3,2,10,6,0,4,9,2,6,1,1,"MP",,,"Left",0,0,0,1,2,1.7726
"0000000486",46,0,4,"No degree","Married",1,"White collar",4,3,1,0,1,"Norrbotten","Norrland",3,5,5,5,1,1,1,1,1,9,3,3,3,3,2,3,2,4,4,3,4,3,4,5,5,2,3,3,4,3,1,4,4,3,9,0,0,10,2,0,2,0,10,0,0,10,2,0,2,0,0,10,10,0,6,10,3,10,0,1,"V","V",0,"Left",0,0,0,1,2,1.1984
"0000002743",68,1,6,"No degree","Widowed",0,"Worker",1,1,1,0,1,"Uppsala","Svealand",3,4,5,5,1,1,4,4,5,10,3,3,3,4,2,3,1,3,4,3,4,3,4,5,5,2,2,1,4,3,0,4,4,0,8,0,9,,10,8,7,,8,0,9,5,10,8,7,9,4,10,6,2,5,5,4,5,5,1,"C","C",0,"Left",0,0,0,1,2,0.7489
"0000000581",28,0,8,"Postgraduate","Single",0,"White collar",5,1,1,0,3,"Stockholm","Svealand",2,4,5,3,4,3,4,4,1,8,3,3,4,4,2,3,2,3,3,2,3,4,2,4,5,2,1,2,3,4,0,0,2,7,5,1,6,1,6,6,1,6,8,4,6,5,5,6,3,5,4,5,6,2,5,5,3,6,7,1,"M","M",0,"Right",0,1,0,0,,1.0805
"0000001735",61,1,3,"No degree","Married",1,"Worker",,6,1,0,1,"Skåne","Götaland",1,2,5,,,,,,,,,,,,,,,,,,,,3,3,3,,,,,,1,0,0,0,,,,,,,,,,,,,,,,,,,,,,,,,,1,"KD","KD",0,"Right",0,1,0,1,1,1.0931
"0000002344",25,0,8,"Postgraduate","Single",1,"Worker",2,1,1,0,2,"Skåne","Götaland",3,3,5,3,1,1,2,4,4,8,4,4,4,4,3,3,1,3,3,2,4,4,4,5,3,2,3,2,3,3,1,0,2,0,8,0,3,9,4,1,10,5,6,0,4,5,2,1,5,5,3,10,7,0,6,9,1,6,1,1,"MP","MP",0,"Left",0,0,0,0,1,1.1487
"0000001621",36,1,4,"No degree","Single",0,"Worker",2,1,1,1,2,"Uppsala","Svealand",3,5,5,3,4,4,1,1,3,7,3,3,3,3,3,3,2,2,3,2,3,2,3,5,3,3,3,2,3,3,1,0,7,7,5,3,8,0,3,8,0,5,8,5,8,8,2,8,0,5,0,5,10,0,3,10,1,5,9,1,"M","M",0,"Right",0,1,0,0,1,1.6674
"0000002333",68,1,8,"Postgraduate","Divorced",0,"Worker",1,1,1,0,2,"Värmland","Svealand",3,3,5,5,1,5,4,4,4,3,2,2,3,3,2,3,1,1,1,1,3,2,2,3,2,1,1,2,3,3,1,2,0,0,1,9,9,0,0,10,0,5,7,10,8,0,0,10,0,6,5,9,10,0,3,10,0,5,9,1,"SD","KD",1,"Right",1,1,0,1,2,0.5247
"0000002378",73,1,5,"No degree","Divorced",0,"Worker",1,6,1,,2,"Västra Götaland","Götaland",4,4,4,5,4,3,3,4,5,7,3,3,4,3,2,2,2,3,3,2,4,3,3,4,4,2,3,4,4,3,0,7,7,7,10,0,0,4,3,0,7,1,10,0,0,0,3,0,5,0,0,10,10,6,7,9,3,5,0,1,"S","S",0,"Left",0,0,1,1,3,0.7489
"0000001093",44,1,5,"No degree","Married",1,"White collar",3,3,1,0,2,"Skåne","Götaland",2,4,5,4,3,3,2,1,4,9,3,3,3,3,3,3,2,3,3,1,4,4,3,5,3,4,3,2,4,4,1,3,7,7,2,10,9,2,1,9,1,7,4,9,8,1,1,9,1,8,2,10,8,0,1,9,1,8,10,1,"SD","SD",0,"Right",1,1,0,1,3,0.9037
"0000001624",50,1,3,"No degree","Single",1,"Worker",3,1,1,0,1,"Kronoberg","Götaland",1,3,5,4,1,2,1,1,3,6,3,3,4,3,2,2,2,3,,1,3,3,3,4,4,2,2,2,3,3,1,0,,,,2,4,6,5,6,7,4,8,1,3,3,8,1,8,7,1,9,8,1,5,6,3,7,2,1,"MP","S",1,"Left",0,0,0,0,1,1.1901
"0000002330",72,0,4,"No degree","Married",1,"White collar",2,1,1,0,1,"Kronoberg","Götaland",3,5,4,5,5,5,,5,,0,1,1,1,2,1,1,1,1,1,1,4,4,1,1,5,1,1,1,1,1,1,,7,,0,10,2,0,0,2,0,0,0,10,2,0,0,2,0,0,0,10,7,0,0,8,0,0,10,1,"SD","SD",0,"Right",1,1,0,1,3,0.821
"0000000471",32,1,7,"Bachelor","Single",1,"Worker",3,3,1,0,1,"Västra Götaland","Götaland",1,1,3,4,5,3,1,1,4,8,1,1,1,3,1,2,2,3,3,2,,2,3,5,1,2,3,1,2,2,1,0,1,1,5,5,5,5,5,5,5,5,5,5,5,5,5,5,5,5,5,5,5,5,5,5,5,5,5,0,,,,,,,,0,,1.073
"0000000362",73,1,9,"Postgraduate","Divorced",0,"White collar",1,2,0,,4,"Uppsala","Svealand",4,5,5,1,1,1,1,1,1,8,3,2,3,4,2,3,1,3,2,3,3,2,3,5,3,3,2,2,2,3,0,7,0,0,4,0,4,7,8,0,0,5,3,0,5,7,10,0,0,10,3,10,7,0,5,10,3,5,4,1,"C","L",1,"Left",0,0,0,0,2,0.5372
"0000002685",73,0,3,"No degree","Married",0,"White collar",3,1,1,0,2,"Södermanland","Svealand",3,3,5,4,4,4,4,4,4,8,3,2,3,3,2,2,2,2,3,2,3,2,3,5,4,2,2,3,4,3,0,7,7,7,5,6,7,5,4,7,2,8,6,6,7,5,3,7,4,8,5,10,9,2,5,8,3,6,7,1,"L","M",1,"Right",0,1,0,1,2,0.7541
"0000001795",75,0,6,"No degree","Widowed",0,"White collar",2,1,1,0,2,"Skåne","Götaland",4,5,5,4,4,4,1,1,1,9,3,3,2,2,3,3,1,2,2,2,4,4,3,5,4,3,3,2,4,3,1,7,7,0,1,10,9,0,1,9,0,2,6,10,9,0,0,9,0,7,6,9,9,0,3,10,0,6,9,1,"SD","SD",0,"Right",1,1,0,1,3,0.5283
"0000001314",58,1,,,"Single",,,,,1,0,,"Västra Götaland","Götaland",3,4,5,5,,,,,,,,,,,,,,,,,,,,,,,,,,,,,,,,,,,,,,,,,,,,,,,,,,,,,,,,,,,,,,,,,,0.7658
"0000001644",64,0,2,"No degree","Married",0,"Worker",3,2,1,0,1,"Uppsala","Svealand",3,4,5,5,4,5,3,5,5,5,2,1,1,2,2,2,2,1,2,1,3,3,3,3,4,3,3,2,3,3,1,5,4,7,0,10,9,2,0,8,0,3,1,10,9,5,0,9,0,7,1,8,8,0,4,8,0,6,8,1,"SD","SD",0,"Right",1,1,0,1,3,1.1008
"0000001652",51,0,3,"No degree","Married",1,"Worker",4,1,1,0,2,"Gävleborg","Norrland",3,4,4,2,1,3,1,1,1,8,3,3,2,3,3,3,2,3,3,1,3,3,3,5,4,3,3,3,4,3,1,7,2,0,8,2,6,5,5,6,3,6,5,7,5,5,5,6,3,7,3,8,7,1,4,7,3,6,4,1,"S","S",0,"Left",0,0,1,0,,1.1984
"0000001656",33,0,3,"No degree","Single",0,"Worker",2,2,0,,3,"Västra Götaland","Götaland",3,4,4,5,4,4,5,4,5,6,3,3,3,3,1,2,2,2,1,1,,2,3,,2,3,3,3,2,3,1,,4,3,,,,,,,,,,,,,,,,,,,,,,,,,,1,,,,,,,,1,2,1.5423
"0000001665",19,1,4,"No degree","Single",1,"Worker",5,1,1,0,2,"Norrbotten","Norrland",4,5,5,4,5,2,1,4,2,9,3,3,2,4,3,3,2,3,3,2,4,4,3,5,5,2,3,4,3,3,1,3,5,7,9,0,0,10,7,1,8,2,9,0,0,10,8,0,8,1,3,10,10,0,5,9,2,8,0,1,"V",,,"Left",0,0,0,1,2,1.7726
"0000001220",19,1,4,"No degree","Single",0,"Worker",5,1,1,0,3,"Stockholm","Svealand",2,4,5,4,2,1,1,2,3,8,3,3,3,3,2,3,2,2,2,2,3,3,3,5,4,3,4,3,3,3,1,2,2,7,5,0,7,1,9,3,5,8,6,1,9,2,10,4,4,8,3,9,7,1,6,7,4,6,6,1,"C",,,"Left",0,0,0,0,1,1.7726
"0000002805",81,1,3,"No degree","Widowed",0,"White collar",1,,1,0,1,"Västra Götaland","Götaland",3,4,5,5,5,,1,5,3,10,4,4,4,4,3,4,2,3,3,3,,,3,5,3,3,3,4,4,3,0,3,0,0,5,5,5,5,5,5,5,5,5,5,5,5,5,5,5,5,,,,,,,,,5,1,,,,,,,,1,3,0.7489
"0000001369",63,1,5,"No degree","Single",1,"Worker",2,2,1,0,2,"Södermanland","Svealand",2,4,5,3,1,1,1,3,3,6,2,2,2,3,2,2,1,3,3,2,3,3,3,5,4,2,2,4,3,2,1,3,7,7,6,0,5,5,5,3,5,5,7,0,0,3,6,0,5,5,7,10,10,2,7,9,6,7,4,1,"S","S",0,"Left",0,0,1,0,1,1.0931
"0000002010",70,1,7,"Bachelor","Married",0,"White collar",3,2,1,0,2,"Västra Götaland","Götaland",3,5,5,2,4,1,1,1,1,9,3,3,3,3,3,3,1,3,3,2,3,3,3,4,4,2,2,3,3,3,,7,7,0,9,4,7,9,6,4,6,3,9,3,7,9,5,3,6,4,2,10,8,0,4,7,3,5,,1,"S","V",1,"Left",0,0,1,0,2,0.6191
"0000001672",43,0,4,"No degree","Married",1,,1,4,1,1,2,"Skåne","Götaland",3,2,3,3,5,3,3,3,3,5,2,2,2,2,2,2,2,1,1,1,4,2,1,2,2,,2,1,2,3,1,4,2,7,5,0,0,0,0,0,0,0,5,0,0,0,0,0,0,0,0,10,10,0,5,10,10,10,0,1,,,,,,,0,1,3,1.1984
"0000001676",44,0,4,"No degree","Single",1,"Worker",2,1,1,0,2,"Östergötland","Götaland",3,5,5,4,4,4,1,1,1,8,3,3,3,3,3,3,3,2,3,4,4,4,3,5,3,4,4,4,4,4,1,5,5,5,6,10,10,0,2,6,0,2,5,10,10,0,2,8,0,7,3,7,10,0,2,9,0,5,7,1,"SD","SD",0,"Right",1,1,0,1,3,1.5282
"0000002370",20,0,4,"No degree","Single",1,"Worker",5,1,1,0,1,"Värmland","Svealand",3,4,5,3,5,5,4,3,2,5,3,2,2,2,2,1,2,1,1,1,3,4,2,4,5,3,3,3,3,3,1,4,1,5,2,10,8,1,5,7,0,3,4,10,10,1,3,9,0,1,2,9,7,0,4,8,0,4,8,1,"M",,,"Right",0,1,0,0,3,1.7851
"0000001678",34,1,4,"No degree","Married",1,"Worker",3,1,1,0,2,"Blekinge","Götaland",2,3,3,4,4,3,3,3,3,7,2,2,2,3,2,3,3,1,2,2,3,3,2,5,4,2,3,2,2,3,1,0,0,2,5,5,5,5,5,5,5,5,5,7,5,5,5,5,5,5,3,10,6,0,3,6,3,5,8,1,"SD","SD",0,"Right",1,1,0,1,2,1.6674
"0000001687",42,0,4,"No degree","Married",1,"White collar",4,1,1,0,1,"Kalmar","Götaland",2,4,1,3,4,3,2,4,4,6,3,3,3,3,3,2,2,1,2,2,3,2,2,4,3,3,3,2,3,3,0,5,7,6,3,9,4,2,5,7,0,2,3,9,1,0,0,9,2,2,,,,,,,,,,1,"SD","SD",0,"Right",1,1,0,1,2,1.1984
"0000002653",71,1,5,"No degree","Married",0,"Worker",1,1,1,0,1,"Gävleborg","Norrland",3,3,5,4,5,3,1,2,5,7,3,3,3,4,2,2,2,1,3,3,4,3,,,3,2,2,,,,,,7,6,6,9,5,8,8,7,5,5,9,9,8,6,8,,0,6,,,,,,,,,,1,"SD","SD",0,"Right",1,1,0,,,0.7489
"0000001694",50,0,7,"Bachelor","Divorced",0,,2,2,1,0,2,"Värmland","Svealand",3,4,5,4,4,3,1,1,1,8,3,3,3,3,3,3,3,3,3,4,,3,4,5,4,2,3,4,4,4,1,7,7,7,,,,,,,,,8,9,10,2,2,9,0,8,0,10,10,0,0,10,0,10,8,1,,,,,,,,0,,0.91
"0000002095",73,1,8,"Postgraduate","Married",0,"White collar",1,1,1,0,2,"Värmland","Svealand",2,4,5,4,3,1,1,1,2,7,4,3,2,3,3,3,1,3,3,3,4,3,3,5,4,3,2,4,4,3,1,7,0,4,9,0,5,5,8,5,8,8,9,3,5,5,9,5,7,7,4,10,10,2,4,8,3,6,5,1,"S","L",1,"Left",0,0,1,1,2,0.5247
"0000001699",46,0,4,"No degree","Married",1,"Worker",4,1,1,0,1,"Västernorrland","Norrland",2,4,4,4,2,3,1,2,2,9,3,3,3,3,3,3,1,3,4,2,3,4,4,5,5,3,3,3,3,3,1,1,0,6,,,,,,,,,8,8,3,5,8,8,5,5,2,10,10,0,7,7,4,7,5,1,"S","S",0,"Left",0,0,1,0,,1.1984
"0000002822",71,0,5,"No degree","Divorced",1,"White collar",3,1,1,,1,"Dalarna","Svealand",4,4,5,3,1,3,1,1,2,10,4,4,3,3,2,3,2,3,3,2,3,3,4,5,5,2,2,2,5,3,0,5,3,5,7,0,3,9,6,0,8,2,8,0,1,8,8,0,9,1,3,10,9,1,7,9,2,8,2,1,"MP","V",1,"Left",0,0,0,1,2,0.6234
"0000001703",50,1,3,"No degree","Single",0,"Self-employed",2,1,1,0,3,"Stockholm","Svealand",3,4,5,5,2,1,1,1,2,8,3,3,3,3,3,3,1,3,3,2,4,4,4,5,5,1,3,4,3,3,,3,7,0,10,0,1,,7,0,7,,8,2,1,8,8,1,5,5,4,10,10,0,5,10,5,6,,1,"S","S",0,"Left",0,0,1,1,2,1.5176
"0000002489",69,0,7,"Bachelor","Married",0,,3,1,1,0,1,"Skåne","Götaland",4,5,5,3,2,4,1,1,3,8,3,2,2,3,3,3,1,1,2,1,3,3,3,5,4,3,3,3,3,3,1,7,7,0,0,9,9,0,2,8,0,2,1,9,9,1,0,9,0,5,3,10,10,0,3,10,0,4,9,1,"SD","M",1,"Right",1,1,0,1,2,1.0469
"0000000012",60,0,4,"No degree","Married",0,"Self-employed",4,1,1,0,2,"Gävleborg","Norrland",4,4,5,5,1,1,1,1,1,10,4,,4,,3,3,2,2,4,2,3,4,4,5,5,4,4,,,,,7,7,7,3,5,10,0,5,10,0,8,7,10,10,3,3,10,0,10,3,8,10,0,8,10,0,8,10,1,"M","M",0,"Right",0,1,0,,3,1.1008
"0000000800",63,1,7,"Bachelor","Married",1,,4,1,1,0,1,"Västra Götaland","Götaland",3,5,5,3,2,2,1,1,1,10,3,3,3,3,3,3,2,3,3,2,4,4,4,5,4,4,4,3,3,3,0,7,0,7,3,7,9,2,5,8,1,5,5,10,8,6,1,7,0,5,4,7,8,1,4,8,0,5,8,1,"M","M",0,"Right",0,1,0,1,2,0.9037
"0000002281",81,0,2,"No degree","Married",0,"White collar",2,1,1,0,2,"Södermanland","Svealand",2,4,5,3,3,3,2,2,4,8,3,3,3,3,3,3,2,3,3,3,3,3,3,4,4,3,3,4,3,4,1,7,7,7,7,9,9,4,6,6,5,5,7,9,8,5,6,7,5,6,5,8,7,2,4,5,2,5,7,1,"SD","M",1,"Right",1,1,0,0,,0.821
"0000000385",37,1,8,"Postgraduate","Single",0,"White collar",4,1,1,0,1,"Östergötland","Götaland",3,4,5,2,2,2,2,4,4,7,2,2,2,3,2,2,2,3,3,2,,3,3,5,4,2,2,3,3,3,1,1,3,7,7,2,8,6,7,7,5,7,7,5,8,6,6,7,5,6,5,10,8,2,5,8,3,7,7,1,,"M",,,,,,1,2,1.073
"0000001722",47,1,4,"No degree","Divorced",1,"Worker",3,1,1,0,1,"Västra Götaland","Götaland",2,4,5,5,3,3,1,1,3,8,2,3,2,2,2,3,3,1,2,1,4,4,3,5,5,2,2,2,,2,1,,4,4,0,10,10,2,5,10,1,2,5,9,9,5,5,10,5,5,1,10,10,4,5,10,2,5,10,1,"KD","M",1,"Right",0,1,0,1,2,1.1901
"0000001726",62,1,6,"No degree","Single",1,,3,2,1,0,2,"Västra Götaland","Götaland",2,4,5,3,2,1,1,1,4,9,4,4,4,3,2,3,2,3,4,2,3,3,4,4,4,3,2,4,4,3,1,1,0,5,10,0,5,6,5,1,8,5,10,0,1,5,6,2,5,5,3,10,9,1,5,8,5,5,,1,"S","S",0,"Left",0,0,1,1,3,0.9037
"0000001861",68,0,8,"Postgraduate","Single",0,"White collar",1,1,1,0,1,"Gävleborg","Norrland",3,5,5,1,1,1,1,1,1,9,4,4,4,4,3,4,2,3,4,4,4,4,4,5,5,3,2,4,3,3,0,0,7,5,,,,,,,,,10,5,6,9,8,2,0,5,2,10,8,1,4,7,5,6,0,1,"S","V",1,"Left",0,0,1,1,2,0.6234
"0000001732",55,1,5,"No degree","Married",1,"Worker",4,1,1,0,1,"Jämtland","Norrland",3,5,5,4,2,3,1,1,1,8,4,3,4,3,2,2,2,1,2,1,4,4,3,4,4,2,1,3,3,2,1,6,6,7,2,9,9,0,0,9,0,5,3,10,9,1,0,8,0,7,3,7,9,0,7,9,0,5,7,1,"SD","SD",0,"Right",1,1,0,0,2,1.1901
"0000001736",60,1,3,"No degree","Married",1,"Worker",3,2,1,0,1,"Jämtland","Norrland",3,4,5,3,3,5,1,1,1,10,4,3,3,3,2,3,1,3,3,2,3,3,4,5,4,3,2,4,4,3,1,5,5,0,10,0,0,5,4,0,6,4,10,0,0,6,5,0,6,4,4,10,10,0,6,10,4,8,4,1,"S","S",0,"Left",0,0,1,1,2,1.0931
"0000001737",24,0,6,"No degree","Single",0,"Worker",1,1,1,0,3,"Stockholm","Svealand",3,3,5,4,1,1,1,3,2,9,3,3,3,4,3,3,2,3,3,2,3,3,3,4,3,2,3,3,3,3,1,2,0,7,9,0,1,9,3,2,8,5,5,5,5,5,5,5,5,5,1,10,8,0,6,8,2,5,,1,"V","V",0,"Left",0,0,0,0,2,1.3555
"0000000306",42,1,8,"Postgraduate","Single",0,,3,2,1,0,1,"Östergötland","Götaland",3,5,5,5,1,3,2,2,2,9,3,3,3,3,3,3,1,3,3,1,3,2,3,4,3,3,3,2,2,4,1,3,1,7,6,2,6,3,8,4,4,8,6,4,4,4,4,3,4,,3,8,8,1,7,8,2,6,5,1,"L","M",1,"Right",0,1,0,0,2,0.7658
"0000001632",58,0,6,"No degree","Divorced",1,"Worker",2,1,1,0,1,"Kronoberg","Götaland",4,5,4,4,2,4,2,4,3,3,1,1,2,2,1,2,2,1,2,1,3,2,2,4,2,1,1,1,2,2,1,0,7,0,0,3,2,0,0,2,0,2,0,2,0,0,0,1,0,3,1,8,6,0,2,6,0,5,5,1,"SD","SD",0,"Right",1,1,0,0,1,0.91
"0000001745",38,1,7,"Bachelor","Single",1,"White collar",4,1,1,1,1,"Skåne","Götaland",3,5,5,5,1,1,1,4,4,10,3,3,3,4,2,2,2,3,4,2,4,3,3,5,4,2,2,3,3,3,,0,,7,5,0,5,9,7,3,10,4,,,,,,,,,6,10,8,1,6,8,3,8,3,1,"MP","MP",0,"Left",0,0,0,1,3,1.073
"0000001158",76,1,3,"No degree","Married",0,"Self-employed",2,6,1,0,2,"Kronoberg","Götaland",3,4,5,,,,5,,,10,3,4,2,3,2,3,2,3,3,2,3,3,3,5,5,3,2,3,3,3,1,7,,7,10,0,10,0,7,,,7,10,0,9,0,7,7,7,7,5,0,10,0,5,5,0,10,8,1,"M","M",0,"Right",0,1,0,0,1,1.1014
"0000002106",74,1,3,"No degree","Widowed",0,,1,1,1,0,1,"Skåne","Götaland",2,3,5,3,4,3,3,3,3,6,2,2,2,3,1,2,2,3,2,2,,3,2,4,3,2,2,4,3,2,0,2,3,7,10,9,1,1,0,5,8,5,8,10,0,2,1,7,5,0,9,8,5,3,1,1,1,1,1,1,"S","S",0,"Left",0,0,1,0,2,1.1014
"0000001501",50,0,4,"No degree","Single",1,"Worker",2,1,1,0,1,"Jämtland","Norrland",4,5,5,5,5,3,4,4,4,8,3,3,4,2,1,1,1,1,3,1,3,3,3,5,3,3,3,3,3,3,1,7,7,7,0,6,5,0,0,5,0,0,0,8,5,0,0,5,0,0,4,9,7,0,3,7,4,5,10,1,"SD","SD",0,"Right",1,1,0,1,2,1.1984
"0000001579",38,0,4,"No degree","Married",0,"Worker",5,1,1,0,1,"Skåne","Götaland",3,4,5,3,3,2,1,1,1,9,4,4,4,4,4,4,2,3,2,3,3,3,3,4,5,3,2,3,3,3,1,7,7,0,5,5,9,5,5,5,5,5,5,5,5,5,5,5,5,5,5,6,9,1,7,9,1,7,9,1,"M","M",0,"Right",0,1,0,0,1,1.6791
"0000001749",20,1,4,"No degree","Single",1,"Worker",1,1,1,0,1,"Östergötland","Götaland",4,5,5,4,4,5,1,1,5,6,3,3,1,1,3,1,2,3,2,1,3,2,2,4,4,3,1,2,3,1,0,5,6,7,2,9,6,4,0,8,0,7,2,9,4,5,0,8,0,7,2,5,8,0,4,9,1,6,5,1,"SD",,,"Right",1,1,0,1,2,1.7726
"0000001569",53,0,3,"No degree","Single",1,"Worker",4,1,1,0,2,"Jönköping","Götaland",3,4,4,4,5,5,5,4,4,6,2,2,3,3,2,3,3,2,2,1,4,4,2,3,4,3,2,4,3,2,1,4,1,7,,,,,,,,,1,10,8,2,4,9,0,7,1,9,8,1,2,9,0,7,8,1,"SD","SD",0,"Right",1,1,0,0,2,1.1008
"0000001755",18,1,4,"No degree","Single",0,,1,1,0,1,1,"Jämtland","Norrland",2,2,5,5,2,1,1,4,3,8,3,2,3,4,2,4,2,3,3,2,4,4,3,4,4,2,3,3,3,1,1,2,1,7,,,,,,,,,5,5,5,5,5,5,5,5,3,,8,1,4,9,2,6,2,1,"MP",,,"Left",0,0,0,0,2,2.2604
"0000001828",50,1,7,"Bachelor","Single",1,"Worker",2,1,1,1,2,"Örebro","Svealand",2,4,5,3,3,2,1,2,2,9,3,3,2,3,2,3,2,3,3,2,3,3,4,4,4,2,1,3,3,3,1,1,3,6,9,0,0,9,4,0,7,2,10,0,0,8,6,0,6,1,2,9,10,0,7,10,1,8,1,1,"V","V",0,"Left",0,0,0,1,2,0.7658
"0000001649",24,1,4,"No degree","Single",0,"Worker",3,1,1,0,1,"Jämtland","Norrland",2,4,5,5,2,3,1,1,4,7,3,3,3,3,3,3,3,2,2,1,3,3,3,3,3,2,3,2,3,1,1,0,2,7,2,6,9,0,5,3,0,5,1,4,9,2,5,0,5,5,0,8,10,0,5,8,5,6,7,1,"M",,,"Right",0,1,0,0,1,1.7726
"0000001760",23,0,7,"Bachelor","Single",1,"White collar",2,1,1,1,4,"Jönköping","Götaland",3,4,5,3,5,3,1,3,1,9,3,4,3,3,3,3,1,2,3,2,4,4,3,4,4,4,4,5,5,2,1,2,2,4,7,8,10,1,9,9,7,9,6,8,10,6,9,10,2,8,1,10,9,0,5,8,3,8,8,1,"M","M",0,"Right",0,1,0,0,2,1.3555
"0000002765",72,0,3,"No degree","Single",,"Worker",2,2,1,0,1,"Västmanland","Svealand",2,3,5,3,3,4,2,,,8,3,3,2,,3,2,2,3,3,2,3,3,3,4,4,2,4,4,4,3,0,4,0,0,6,5,9,2,3,4,2,7,6,5,,2,,4,,4,5,4,9,3,3,3,2,7,7,1,"M","M",0,"Right",0,1,0,0,2,0.7541
"0000002157",58,1,4,"No degree","Married",0,"Worker",3,1,0,,2,"Uppsala","Svealand",3,5,5,1,1,3,1,1,5,8,3,3,3,,2,2,1,2,3,1,4,3,4,5,4,4,3,3,4,3,1,5,,1,4,6,10,1,4,4,1,6,2,4,10,1,4,4,2,6,2,10,10,0,6,8,0,7,7,1,"M","M",0,"Right",0,1,0,1,2,1.1901
"0000000791",61,0,3,"No degree","Married",0,,3,1,1,0,1,"Kronoberg","Götaland",3,4,5,5,4,1,1,1,1,7,3,3,3,3,2,3,1,2,3,2,2,2,3,4,5,,2,3,3,3,1,1,,,,,,,,,,,,,,,,,,,,,,,,,,,,1,"M","KD",1,"Right",0,1,0,0,,1.1008
"0000001772",22,1,5,"No degree","Single",,,,1,1,1,,"Västerbotten","Norrland",3,4,5,2,1,3,1,4,1,8,4,4,4,3,2,2,1,2,3,,3,3,3,4,,3,,4,3,3,0,7,4,5,,,,,,,,,,,,,,,,,2,8,8,0,3,9,1,5,7,1,"SD",,,"Right",1,1,0,0,,1.7726
"0000000661",50,1,5,"No degree","Single",1,"White collar",3,2,1,0,2,"Södermanland","Svealand",2,4,5,4,4,4,2,4,4,8,3,3,3,4,3,3,2,4,4,2,4,4,3,4,4,2,3,4,5,3,1,0,7,2,7,8,10,4,6,7,6,7,9,9,10,5,8,9,5,8,2,10,10,0,3,8,2,8,9,1,"M","M",0,"Right",0,1,0,1,2,0.9037
"0000002837",64,1,4,"No degree","Married",0,"White collar",1,,1,0,2,"Västernorrland","Norrland",2,5,5,4,1,2,1,3,1,8,3,3,3,3,3,3,,3,3,1,,4,3,5,4,2,3,5,5,4,0,5,7,0,10,0,1,9,8,2,8,3,10,0,1,9,8,0,10,3,1,10,9,0,7,8,5,7,,1,"S","S",0,"Left",0,0,1,1,2,1.1901
"0000001783",79,0,6,"No degree","Widowed",0,"White collar",2,1,1,0,2,"Skåne","Götaland",1,2,5,5,1,1,4,5,1,6,4,2,1,4,1,3,1,3,4,1,,1,3,5,3,3,2,4,5,3,1,3,4,7,5,0,9,0,5,7,1,7,9,3,7,0,0,5,0,7,3,10,10,0,7,7,4,5,,0,,,,,,,,0,2,0.7541
"0000002723",31,0,,,"Single",0,"Worker",2,,0,1,2,"Halland","Götaland",3,4,5,5,1,3,,,5,6,3,3,2,3,3,2,2,2,2,1,3,3,3,1,3,2,2,3,3,3,1,6,6,6,10,0,5,4,0,0,0,4,0,0,0,0,0,0,0,0,0,10,10,0,0,10,0,10,0,1,"S","S",0,"Left",0,0,1,0,1,1.6791
"0000001784",80,1,4,"No degree","Married",0,"White collar",4,2,1,0,2,"Östergötland","Götaland",3,4,5,5,2,3,4,4,5,8,3,3,4,3,3,3,1,2,3,2,3,3,3,5,4,3,3,4,4,3,1,7,7,0,4,5,9,0,4,8,0,8,7,5,10,0,4,7,0,6,4,10,9,0,4,8,2,7,8,1,"M","KD",1,"Right",0,1,0,1,2,0.8153
"0000001786",74,1,3,"No degree","Married",0,"Worker",1,2,0,,3,"Skåne","Götaland",2,4,3,5,5,4,4,4,5,9,4,4,4,3,3,3,2,3,3,3,3,3,3,5,5,3,4,4,4,3,0,4,4,5,10,,,,,,,,,,,,10,,,,5,,,,,,,,5,1,"S","S",0,"Left",0,0,1,1,1,0.7489
"0000000326",63,0,8,"Postgraduate","Divorced",1,"Self-employed",4,2,1,0,2,"Skåne","Götaland",4,5,5,5,1,1,1,1,1,10,4,4,4,4,3,3,2,4,3,4,3,3,4,5,5,3,3,2,2,4,1,6,7,6,9,0,1,4,7,1,9,2,10,0,2,3,8,0,8,2,3,10,8,0,6,9,3,7,3,1,"MP","MP",0,"Left",0,0,0,1,1,0.7712
"0000000796",58,0,7,"Bachelor","Divorced",1,"Worker",2,1,1,1,2,"Stockholm","Svealand",3,4,5,3,1,4,2,2,2,10,3,2,3,2,2,2,1,2,1,1,,4,3,4,5,2,3,,,,,2,5,7,5,5,5,5,0,5,0,5,5,5,5,5,0,5,0,5,,8,,0,3,8,2,5,5,,,,,,,,,0,,0.7712
"0000001104",63,0,3,"No degree","Single",0,"Worker",3,1,1,0,4,"Västra Götaland","Götaland",3,5,5,5,5,4,3,3,4,8,2,2,3,3,2,1,2,1,3,2,4,3,3,5,4,2,2,2,3,2,1,4,4,4,1,10,9,2,0,5,0,2,1,10,7,5,0,8,0,5,1,10,10,0,2,7,0,4,8,1,"SD","SD",0,"Right",1,1,0,1,2,1.1008
"0000001798",19,0,4,"No degree","Single",0,,1,,1,1,1,"Västra Götaland","Götaland",3,4,3,5,5,,1,1,5,9,2,2,2,2,1,1,1,1,1,4,,2,3,3,3,,,3,,3,0,,4,4,2,4,5,0,3,5,0,5,0,5,5,0,5,5,5,5,2,9,8,1,4,7,4,5,5,1,,,,,,,,0,,2.2763
"0000001801",76,0,4,"No degree","Married",0,"White collar",3,1,1,1,1,"Skåne","Götaland",3,4,5,5,2,1,1,2,3,9,3,2,3,3,2,4,2,3,2,1,3,3,3,5,3,3,3,4,4,3,0,5,7,7,3,1,8,1,2,5,1,3,8,7,7,1,1,5,1,5,6,9,8,0,5,9,0,6,8,1,"M","M",0,"Right",0,1,0,0,1,0.821
"0000001802",73,1,3,"No degree","Married",0,,1,4,0,,2,"Dalarna","Svealand",1,,,,,,,,,9,,,,,,,,3,4,,3,3,3,,,,,,,,,1,0,0,10,2,4,6,6,3,6,5,10,,,,,,,,,,,,,,,,,1,"S","S",0,"Left",0,0,1,0,,0.7489
"0000000529",59,1,3,"No degree","Married",1,"White collar",3,1,1,0,2,"Dalarna","Svealand",3,4,5,4,3,2,3,3,2,8,3,3,3,4,3,3,1,3,2,2,3,3,4,4,4,2,3,4,3,3,1,2,7,0,7,0,8,0,10,,2,5,9,0,9,0,9,2,3,7,5,2,9,0,8,6,2,8,7,1,"C","M",1,"Left",0,0,0,0,2,1.0931
"0000002137",83,0,7,"Bachelor","Married",0,"White collar",1,6,1,0,4,"Jönköping","Götaland",3,4,5,1,1,4,1,1,1,8,2,2,3,3,2,3,1,2,2,2,,4,3,5,3,3,3,4,4,3,0,7,1,0,2,1,6,0,4,2,0,2,5,3,7,5,2,3,2,5,3,7,7,0,4,4,2,4,5,1,,"M",,,,,,0,1,0.5283
"0000002486",39,0,4,"No degree","Married",0,"Worker",3,1,1,0,1,"Jämtland","Norrland",3,3,5,1,1,5,3,3,5,5,1,1,1,3,1,2,1,1,1,2,3,3,2,3,5,3,2,2,3,3,0,0,7,7,2,7,8,2,8,8,0,8,6,8,8,6,8,8,0,8,3,9,8,0,6,7,0,7,5,1,"M","C",1,"Right",0,1,0,0,,1.6791
"0000001317",59,1,3,"No degree","Married",0,"Worker",4,4,1,0,1,"Västra Götaland","Götaland",3,4,5,5,2,2,1,1,3,8,3,3,3,3,3,3,2,2,3,2,3,2,3,5,3,2,2,3,3,3,0,7,7,0,7,4,8,5,6,8,7,6,7,7,9,7,6,9,6,8,3,5,9,1,6,8,1,6,6,1,"M","KD",1,"Right",0,1,0,1,1,1.5176
"0000002043",75,1,7,"Bachelor","Widowed",0,"White collar",1,2,1,1,2,"Västernorrland","Norrland",3,4,4,3,3,3,1,2,1,8,3,3,3,3,2,3,1,3,3,2,4,3,3,4,4,3,2,4,4,3,1,7,0,0,9,0,1,7,9,2,10,7,,,,,,,,,2,9,9,1,3,8,1,5,2,1,"MP",,,"Left",0,0,0,1,2,0.5247
"0000001087",24,0,4,"No degree","Single",1,"Worker",4,2,1,0,2,"Jämtland","Norrland",3,4,5,5,2,3,1,4,4,6,3,3,2,2,2,2,2,3,2,1,3,3,3,4,3,3,3,2,2,2,1,0,2,7,2,6,9,2,6,6,0,7,5,3,8,5,3,6,5,,3,10,9,1,6,6,2,6,8,1,"M","M",0,"Right",0,1,0,1,3,1.7851
"0000001813",68,0,4,"No degree","Divorced",0,"White collar",2,1,1,0,2,"Skåne","Götaland",3,5,5,1,2,1,1,1,1,9,4,4,3,3,2,3,1,4,4,4,4,4,4,5,5,3,3,2,3,1,0,6,7,5,10,0,7,5,7,3,8,3,10,0,0,,8,0,3,,2,10,8,0,7,6,2,7,2,1,"S","S",0,"Left",0,0,1,1,3,0.821
"0000001704",49,0,3,"No degree","Married",1,"Worker",1,1,1,0,3,"Stockholm","Svealand",3,5,5,5,4,4,4,4,4,7,3,3,2,3,2,1,3,1,2,1,4,3,2,5,4,3,3,2,2,4,0,,7,7,5,10,9,0,0,8,0,8,0,10,10,0,0,9,0,8,5,10,9,0,0,8,0,6,8,1,"SD","M",1,"Right",1,1,0,1,2,1.1008
"0000001816",77,0,,,"Divorced",0,"White collar",2,,1,0,4,"Uppsala","Svealand",3,4,5,3,1,1,1,1,1,9,3,3,2,3,2,3,2,3,2,2,,3,3,5,3,2,2,3,3,3,1,6,0,6,5,8,9,4,5,9,2,7,7,10,6,7,5,10,0,8,4,9,10,0,5,9,1,8,7,1,"M","KD",1,"Right",0,1,0,0,,0.7541
"0000001204",59,1,,,"Single",,"Worker",1,,0,,4,"Stockholm","Svealand",3,3,5,5,5,5,,,,,,,,,,,,,,1,,1,3,3,5,2,3,2,2,2,1,7,4,4,9,0,,9,7,0,9,4,9,0,,8,2,1,9,4,2,10,10,3,2,10,3,7,2,,,,,,,,,0,,1.1901
"0000001829",76,0,,,"Married",0,"White collar",5,,1,0,2,"Uppsala","Svealand",2,5,4,5,2,3,2,2,2,9,4,4,4,3,3,3,1,3,4,2,3,2,3,4,3,3,2,4,3,3,0,7,1,7,8,9,7,2,5,6,2,5,5,8,7,7,5,5,7,3,4,8,8,2,4,10,2,6,7,1,"SD","KD",1,"Right",1,1,0,0,2,0.6234
"0000001830",73,0,4,"No degree","Married",0,"White collar",2,1,1,0,2,"Uppsala","Svealand",4,5,5,5,1,2,1,1,1,8,4,3,3,3,3,3,2,4,4,3,4,4,4,4,5,3,4,3,5,3,0,7,7,5,10,1,5,8,9,2,8,6,10,2,5,8,9,0,8,6,1,10,9,0,5,10,4,6,1,1,"S","S",0,"Left",0,0,1,1,3,0.821
"0000001541",56,0,8,"Postgraduate","Married",0,"Self-employed",5,1,1,0,2,"Norrbotten","Norrland",3,5,5,5,1,3,1,1,1,10,4,4,4,4,4,3,1,3,3,1,4,4,4,5,5,3,3,2,2,3,1,4,5,0,10,0,5,2,10,2,5,5,10,0,5,5,10,3,5,8,4,10,7,0,5,8,4,6,5,1,"S","M",1,"Left",0,0,1,0,2,0.7712
"0000000984",32,0,5,"No degree","Single",1,"Worker",3,1,1,0,1,"Stockholm","Svealand",4,5,5,4,2,3,3,4,4,8,3,3,3,3,3,3,2,3,3,2,3,3,4,5,5,3,2,3,3,3,0,4,7,,3,5,8,1,3,7,0,6,7,8,9,6,2,9,0,5,4,6,8,1,4,8,3,7,8,1,"M","M",0,"Right",0,1,0,1,2,1.275
"0000001835",66,0,3,"No degree","Married",0,"White collar",3,1,1,0,1,"Halland","Götaland",3,5,5,1,1,1,1,1,5,10,4,2,3,3,3,3,3,3,3,4,4,4,4,5,5,2,2,4,4,3,1,7,7,7,10,2,7,8,0,6,0,0,9,5,7,7,5,7,0,5,3,9,7,1,4,8,,5,3,1,"S","M",1,"Left",0,0,1,0,1,1.0469
"0000001815",80,0,2,"No degree","Married",0,"Worker",2,3,1,0,1,"Västra Götaland","Götaland",,4,5,4,4,3,1,1,5,5,3,3,4,4,3,3,1,3,3,2,4,3,3,5,4,1,2,3,4,4,1,5,0,0,10,,,,,,,,10,,,,,,,,0,,,,,,,,2,1,"S","S",0,"Left",0,0,1,1,3,0.7541
"0000002181",80,1,2,"No degree","Married",0,"Self-employed",1,6,1,0,1,"Västra Götaland","Götaland",2,3,4,,,,,,,9,4,4,4,,,,,3,3,,3,,3,5,4,3,4,4,4,3,0,5,,,,,9,,,9,,,,,8,,,9,,,,,9,,,7,,,8,1,"KD","KD",0,"Right",0,1,0,,2,1.1014
"0000001857",67,0,7,"Bachelor","Married",0,"White collar",1,2,1,,1,"Skåne","Götaland",4,4,5,5,1,1,1,3,4,10,4,3,3,4,2,3,2,3,3,2,4,3,4,5,3,3,2,3,4,3,1,3,7,7,10,0,0,7,8,0,5,2,10,0,0,8,8,0,5,4,4,10,10,0,5,10,5,7,,1,"S","S",0,"Left",0,0,1,0,1,0.6234
"0000001864",79,0,6,"No degree","Married",0,"White collar",3,2,1,0,3,"Stockholm","Svealand",4,4,5,5,1,3,1,1,1,10,4,3,2,3,3,2,,2,2,2,3,3,4,5,4,3,3,3,2,4,0,7,7,0,5,8,10,1,3,8,0,8,8,8,9,4,6,8,2,7,3,8,10,0,5,9,2,7,,1,"M","M",0,"Right",0,1,0,1,,0.6234
"0000000841",61,0,3,"No degree","Divorced",0,"White collar",3,1,1,0,1,"Skåne","Götaland",4,5,2,4,2,1,1,1,1,8,2,2,2,2,2,2,1,1,1,1,4,3,2,4,5,3,4,3,3,4,1,7,7,1,0,9,8,0,1,7,0,4,1,10,8,0,0,9,0,5,2,8,8,0,2,8,0,5,8,1,"SD","SD",0,"Right",1,1,0,1,3,1.1008
"0000002295",66,1,4,"No degree","Married",1,"White collar",1,3,0,,2,"Jönköping","Götaland",2,1,3,3,3,3,3,3,3,8,3,3,3,3,3,2,1,3,3,3,,3,3,3,3,3,4,4,3,2,1,0,0,0,,,,,,,,,,,,,,,,,,,,,,,,,,1,,,,,,,,0,,1.0396
"0000001870",70,0,4,"No degree","Married",0,"White collar",3,1,1,0,2,"Halland","Götaland",3,4,5,5,2,3,1,2,4,8,2,2,3,3,2,1,3,2,3,3,2,3,3,5,4,2,3,3,3,3,1,3,7,7,5,0,4,1,3,2,2,5,7,1,6,3,5,3,2,7,6,10,9,1,8,9,2,7,7,1,"L","S",1,"Right",0,1,0,0,,0.6234
"0000000814",57,0,4,"No degree","Single",1,"White collar",5,2,0,1,2,"Södermanland","Svealand",2,4,5,5,1,3,2,3,2,10,4,4,4,3,3,2,1,2,3,2,3,,4,5,5,3,4,4,5,4,1,5,6,0,8,7,9,0,1,7,0,5,7,5,8,1,1,5,0,5,4,6,9,0,2,9,0,6,8,1,"M","S",1,"Right",0,1,0,0,,1.1984
"0000001874",75,1,6,"No degree","Divorced",0,"White collar",2,1,1,,1,"Östergötland","Götaland",3,3,5,4,5,3,,,4,4,2,2,2,2,1,3,1,1,3,2,4,3,1,4,5,2,1,3,3,3,0,2,6,0,1,2,8,0,1,7,1,6,1,5,8,0,0,8,1,7,2,8,9,0,3,8,4,7,8,1,"M","M",0,"Right",0,1,0,0,1,0.6191
"0000002663",77,0,2,"No degree","Widowed",0,"Worker",1,1,1,0,1,"Halland","Götaland",3,3,5,3,5,5,2,3,3,8,3,3,3,3,3,3,,3,3,3,3,3,3,4,4,3,3,4,4,3,,7,7,0,10,0,0,5,7,0,6,3,10,0,0,6,7,0,6,3,5,10,10,0,5,10,5,7,5,1,"S","S",0,"Left",0,0,1,1,2,1.1092
"0000001877",66,1,3,"No degree","Married",0,"Worker",,1,1,0,1,"Stockholm","Svealand",2,3,5,3,3,5,3,3,3,5,2,2,3,3,2,2,2,2,3,3,,2,3,3,5,2,3,1,3,3,0,3,7,7,2,10,8,5,3,0,0,5,2,10,8,1,7,0,0,2,3,8,8,0,3,0,0,3,8,1,,,,,,,,0,,0.7489
"0000002516",79,1,6,"No degree","Married",0,"White collar",2,4,1,0,2,"Östergötland","Götaland",4,5,5,5,1,3,3,4,3,7,2,2,2,2,2,2,1,1,1,2,3,3,3,3,4,3,3,3,3,3,0,7,7,0,4,8,7,2,2,8,0,5,5,9,8,5,0,8,0,5,1,6,8,0,1,8,1,5,5,1,"SD","SD",0,"Right",1,1,0,0,,0.5247
"0000002405",77,1,3,"No degree","Married",1,"White collar",2,1,1,,2,"Jämtland","Norrland",3,4,4,4,4,3,2,2,2,7,3,3,3,3,2,3,2,3,3,2,4,3,2,5,3,3,3,3,3,3,0,7,7,7,9,1,5,7,7,6,7,6,9,1,5,7,7,6,7,6,0,8,10,0,4,7,4,7,2,1,"S","S",0,"Left",0,0,1,1,2,0.7489
"0000002042",80,0,7,"Bachelor","Married",0,"White collar",4,1,1,0,2,"Östergötland","Götaland",4,5,5,1,1,1,1,1,1,10,4,3,2,1,3,,1,2,3,4,4,4,4,5,5,3,2,3,3,3,0,7,6,0,1,9,10,0,0,5,0,5,3,9,9,0,0,8,0,6,1,10,10,0,1,9,0,5,9,1,"SD","SD",0,"Right",1,1,0,1,3,0.5283
"0000000927",35,1,7,"Bachelor","Single",1,"White collar",4,1,1,0,3,"Stockholm","Svealand",3,5,5,5,1,2,1,1,2,9,3,3,3,4,3,3,2,3,3,1,3,3,3,5,4,2,2,2,3,2,1,6,0,7,8,0,6,6,9,4,8,8,9,1,4,10,10,4,10,1,4,7,9,1,6,10,3,7,5,1,"S","C",1,"Left",0,0,1,0,2,1.073
"0000001353",56,0,4,"No degree","Married",1,"Worker",2,3,1,0,2,"Södermanland","Svealand",3,4,4,5,1,2,1,1,1,4,3,2,3,3,2,4,2,3,3,1,,4,2,3,2,2,2,4,3,4,0,5,3,5,5,5,5,5,5,5,5,5,5,5,5,5,5,5,5,5,5,5,5,5,5,5,5,5,5,1,,,,,,,,1,2,0.91
"0000001884",84,0,2,"No degree","Widowed",0,"Worker",2,1,1,0,1,"Norrbotten","Norrland",3,5,5,4,4,3,2,2,2,,3,3,2,3,,3,,3,3,2,,2,3,4,4,2,1,4,4,3,0,7,0,0,8,5,6,8,7,6,7,6,8,5,6,8,7,5,6,6,4,10,10,2,5,8,2,7,3,1,,,,,,,,0,,1.1092
"0000001908",69,1,3,"No degree","Single",1,"Worker",2,1,1,0,2,"Gävleborg","Norrland",2,4,5,5,4,4,1,1,4,8,3,3,3,3,3,3,3,3,3,1,,3,3,4,4,2,1,3,3,2,1,7,0,0,8,7,4,8,5,2,2,5,8,7,4,8,5,3,2,5,3,8,10,0,4,7,3,7,5,1,,,,,,,,0,2,1.0396
"0000000198",57,0,4,"No degree","Married",0,"White collar",4,3,1,1,2,"Halland","Götaland",2,4,5,4,2,4,4,4,1,7,3,3,3,3,2,2,3,1,3,1,4,4,2,3,5,3,3,1,3,2,1,3,2,7,1,9,8,0,1,9,0,5,0,10,7,1,0,10,0,5,2,7,9,0,1,8,0,6,8,1,"SD","KD",1,"Right",1,1,0,1,3,0.91
"0000001888",64,1,3,"No degree","Single",0,"Worker",2,1,1,0,1,"Örebro","Svealand",2,3,5,,,,1,3,4,8,3,3,3,3,2,2,1,,3,1,,,3,5,,2,2,4,3,3,0,4,0,,,,,,,,,,,,,,,,,,,,,,,,,,,0,,,,,,,,0,,1.0931
"0000002808",76,0,8,"Postgraduate","Married",0,"White collar",5,3,1,0,3,"Stockholm","Svealand",4,5,5,4,3,1,1,1,4,10,4,4,4,,3,3,1,2,3,2,3,4,4,5,5,4,4,4,3,3,1,7,7,0,4,4,9,2,1,9,0,8,9,5,8,5,0,8,0,8,4,10,9,0,4,10,1,7,8,1,"M","M",0,"Right",0,1,0,1,2,0.5283
"0000000673",64,0,7,"Bachelor","Married",1,"White collar",5,3,1,0,3,"Västra Götaland","Götaland",3,5,5,5,1,1,1,1,1,9,3,3,3,4,2,3,2,3,3,1,3,3,3,5,5,3,3,3,4,4,1,3,7,0,7,0,8,0,8,7,3,9,7,1,8,4,8,6,2,8,4,10,8,1,7,8,2,7,,1,"L","KD",1,"Right",0,1,0,0,1,0.7712
"0000000470",65,1,6,"No degree","Married",0,,5,1,1,1,3,"Uppsala","Svealand",2,4,5,5,4,1,1,4,2,8,3,3,3,4,3,4,2,2,2,2,4,4,3,5,5,2,1,2,2,3,0,7,7,7,6,6,9,0,5,8,0,7,7,6,9,0,5,8,0,7,2,10,10,0,4,8,1,8,10,1,"M","M",0,"Right",0,1,0,1,2,0.6191
"0000001903",67,1,8,"Postgraduate","Divorced",0,"White collar",1,1,1,1,4,"Västra Götaland","Götaland",4,4,5,,,,1,1,1,7,3,3,3,4,2,2,2,2,2,1,3,3,3,5,5,1,3,3,3,2,1,5,2,7,8,0,0,9,1,0,8,6,8,0,0,9,8,0,7,0,5,10,10,4,10,10,7,10,0,1,"V","V",0,"Left",0,0,0,0,1,0.5247
"0000001914",75,1,2,"No degree","Married",1,"Worker",2,6,1,0,1,"Jönköping","Götaland",2,4,3,3,5,3,3,3,3,8,3,3,3,3,3,3,3,3,3,3,3,3,3,5,4,3,3,4,4,4,1,2,0,0,2,8,8,0,4,10,0,2,2,8,8,0,4,10,0,2,3,9,9,1,1,9,0,2,,1,"KD","KD",0,"Right",0,1,0,0,2,0.7489
"0000001917",72,1,7,"Bachelor","Divorced",0,,1,2,1,0,1,"Jämtland","Norrland",3,3,4,3,5,3,3,3,3,6,3,3,2,4,3,3,2,2,3,2,4,3,3,4,5,3,2,3,3,3,0,7,0,3,7,10,9,5,5,9,5,9,8,10,9,5,5,9,5,8,5,10,10,1,1,10,2,10,10,1,"SD","SD",0,"Right",1,1,0,0,3,0.5247
"0000001919",66,1,5,"No degree",,1,"Worker",1,1,1,0,1,,,2,3,5,4,4,4,1,1,1,7,3,3,3,3,3,2,2,3,4,1,3,2,3,4,3,2,3,4,4,3,0,3,3,0,,0,8,4,8,1,0,5,10,0,6,,7,4,0,5,2,5,6,0,5,5,0,5,6,1,"S","M",1,"Left",0,0,1,0,1,1
"0000001922",70,0,4,"No degree","Married",1,"Worker",4,1,1,1,3,"Stockholm","Svealand",3,3,5,4,1,1,3,3,3,9,3,3,2,4,2,3,1,4,3,1,4,4,4,5,5,3,4,1,5,3,0,1,0,0,10,0,0,6,8,0,5,5,10,0,0,6,8,0,5,5,3,10,10,0,4,9,5,7,3,1,"S","S",0,"Left",0,0,1,1,2,0.821
"0000001358",26,1,,,"Single",,,,,1,0,,"Gävleborg","Norrland",2,3,5,5,4,3,1,5,1,7,3,3,3,4,2,1,1,3,4,2,2,2,3,4,5,3,4,3,2,3,1,3,,,7,7,6,0,8,8,0,7,5,8,5,5,9,7,4,6,4,7,7,0,,7,2,7,6,1,"KD","M",1,"Right",0,1,0,0,2,1.2661
"0000001925",62,1,7,"Bachelor","Married",1,"White collar",4,1,1,0,3,"Västmanland","Svealand",3,5,5,5,1,1,1,2,2,9,3,3,3,4,2,3,1,3,3,2,3,4,4,5,4,3,3,2,3,3,1,7,7,4,9,0,7,2,2,2,8,5,10,7,6,2,0,3,8,5,3,9,8,1,6,10,2,7,4,1,"S","S",0,"Left",0,0,1,0,1,0.7658
"0000000801",65,1,6,"No degree","Divorced",1,"White collar",5,2,1,0,3,"Stockholm","Svealand",2,4,5,4,2,2,2,3,2,7,3,3,3,3,2,3,2,3,3,2,3,2,3,5,4,3,3,2,3,3,0,4,7,7,7,1,8,4,3,4,2,8,8,3,8,4,6,4,4,8,5,9,9,1,4,7,3,7,7,1,"L","L",0,"Right",0,1,0,0,,0.6191
"0000001930",74,1,7,"Bachelor","Married",1,"White collar",,2,1,0,1,"Östergötland","Götaland",4,5,5,3,2,2,1,2,1,10,4,4,4,3,3,3,2,2,2,3,4,4,3,5,5,3,2,4,4,3,1,7,7,7,,,,,,,,,4,8,10,0,4,9,0,8,4,7,10,0,5,9,3,8,9,1,"M","M",0,"Right",0,1,0,1,2,0.6191
"0000001932",60,1,6,"No degree","Married",1,"White collar",5,1,1,0,1,"Skåne","Götaland",3,5,5,5,1,3,1,1,1,9,3,3,3,3,2,3,1,3,3,2,4,3,3,5,4,3,2,3,4,2,1,3,7,3,7,3,5,2,4,0,1,8,9,5,3,2,4,0,1,4,4,9,7,1,5,8,4,6,6,1,"L","L",0,"Right",0,1,0,0,2,1.0931
"0000001933",74,1,5,"No degree","Divorced",1,"White collar",2,6,1,,1,"Kalmar","Götaland",4,4,5,4,2,1,2,2,2,8,3,3,2,3,2,3,2,3,3,2,4,3,3,5,5,3,3,2,2,3,0,7,1,5,9,1,5,4,8,2,2,5,9,2,4,3,8,2,3,4,4,9,9,1,6,9,3,6,6,1,"S","MP",1,"Left",0,0,1,1,2,0.6191
"0000000593",27,0,7,"Bachelor","Single",1,"White collar",4,1,1,0,3,"Stockholm","Svealand",2,3,3,4,1,1,4,4,4,9,2,2,2,3,1,3,1,2,3,2,3,2,3,5,2,3,2,2,2,2,0,2,5,7,7,1,5,3,5,0,7,7,3,1,3,4,4,1,2,4,2,10,8,0,5,9,1,6,5,1,,"L",,,,,0,0,,1.0805
"0000001935",79,0,2,"No degree","Married",,"Self-employed",1,3,1,0,1,"Stockholm","Svealand",3,2,5,4,2,4,4,,,8,3,3,4,2,1,1,1,1,2,2,3,3,3,4,3,4,4,3,4,4,1,7,,,0,9,10,0,0,0,0,0,0,9,10,0,0,9,0,0,0,5,10,0,0,5,0,5,5,1,"M","M",0,"Right",0,1,0,0,2,1.1092
"0000000182",47,0,7,"Bachelor","Married",1,"White collar",5,1,1,1,3,"Stockholm","Svealand",3,5,5,5,1,3,1,1,1,10,4,4,4,4,4,4,2,3,3,2,4,4,3,5,5,3,2,3,3,3,1,5,7,7,8,4,1,5,3,0,2,2,9,6,0,5,6,0,5,1,3,8,9,0,6,9,5,6,3,1,"S","S",0,"Left",0,0,1,1,2,0.91
"0000001936",67,1,7,"Bachelor","Married",1,"White collar",4,1,1,0,2,"Södermanland","Svealand",2,4,5,3,2,1,1,3,1,8,3,2,3,3,2,3,1,2,3,1,,3,3,5,5,3,2,3,4,3,1,0,0,0,4,9,6,1,7,3,0,3,5,8,6,0,9,3,0,1,4,9,10,0,8,7,2,7,8,1,,,,,,,,0,,0.6191
"0000001941",65,1,7,"Bachelor","Married",1,"Self-employed",3,6,1,1,2,"Västra Götaland","Götaland",2,4,5,5,4,3,3,3,3,8,3,3,3,3,2,2,2,3,3,2,3,3,3,5,4,3,3,2,4,3,1,5,0,3,8,5,8,5,5,5,5,5,5,5,5,5,5,5,5,5,3,10,7,0,5,6,1,6,5,1,"M","S",1,"Right",0,1,0,0,1,0.6191
"0000002724",85,1,2,"No degree","Widowed",1,"Worker",2,1,1,0,3,"Stockholm","Svealand",4,5,5,5,2,4,1,1,1,10,3,4,3,3,2,3,2,4,4,,4,3,3,5,5,3,3,4,4,4,0,7,0,0,10,0,0,6,6,0,6,5,10,0,0,7,7,0,7,5,0,10,10,0,5,10,3,6,0,1,"S","S",0,"Left",0,0,1,1,3,1.1014
"0000000860",74,0,4,"No degree","Married",0,"Self-employed",3,1,1,,2,"Västra Götaland","Götaland",3,5,5,4,4,1,4,,,7,3,3,2,3,2,,2,3,3,3,4,3,3,4,4,3,3,4,4,3,0,6,7,7,9,6,7,6,8,7,7,,10,6,7,7,8,6,6,7,6,9,9,3,6,8,6,7,6,1,"S","S",0,"Left",0,0,1,0,2,0.7541
"0000001944",78,0,4,"No degree","Married",0,"White collar",2,1,1,0,2,"Västra Götaland","Götaland",3,5,5,3,2,4,1,4,5,8,3,3,2,2,,2,1,2,2,2,4,4,3,5,5,3,2,3,3,3,1,4,5,0,5,10,8,3,3,8,1,5,5,10,7,2,2,8,0,6,1,9,9,0,4,9,1,7,7,1,"SD","SD",0,"Right",1,1,0,1,2,0.7541
"0000001945",81,0,9,"Postgraduate","Divorced",0,"White collar",3,2,1,0,3,"Västra Götaland","Götaland",3,4,5,4,1,1,1,1,1,6,2,2,2,3,1,3,1,2,3,2,2,2,2,4,3,2,1,3,3,2,0,2,4,1,4,0,4,1,2,2,1,4,4,3,2,1,1,2,1,3,3,10,8,0,5,7,1,5,4,1,"L","M",1,"Right",0,1,0,0,1,0.5409
"0000001949",84,1,2,"No degree","Widowed",0,"Worker",1,1,1,0,1,"Dalarna","Svealand",3,4,5,3,3,4,1,1,4,8,3,3,3,3,3,2,2,3,3,2,,3,3,5,4,2,2,3,4,3,0,7,0,6,8,2,2,4,6,1,4,6,8,2,2,4,5,0,2,6,2,9,10,0,6,10,3,8,4,1,,,,,,,,1,2,1.1014
"0000000062",40,0,8,"Postgraduate","Single",1,,4,1,1,0,4,"Stockholm","Svealand",3,5,5,5,5,3,2,3,1,9,3,3,4,4,2,3,2,3,3,1,3,3,3,5,4,3,3,2,3,4,1,4,6,7,6,0,3,4,5,0,6,5,7,0,0,4,6,0,5,2,3,7,8,1,6,10,4,5,5,1,"MP","S",1,"Left",0,0,0,0,,1.0805
"0000002340",70,1,7,"Bachelor","Divorced",1,,1,4,1,0,2,"Stockholm","Svealand",4,5,4,4,2,2,1,4,4,5,4,3,3,3,1,1,1,3,2,1,3,4,3,5,5,2,1,4,2,1,1,7,0,0,10,0,4,4,7,3,9,4,9,0,4,1,7,3,3,,1,10,10,0,4,10,4,7,1,1,"S","S",0,"Left",0,0,1,1,2,0.6191
"0000001954",74,1,7,"Bachelor","Divorced",1,"White collar",2,4,1,0,2,"Västerbotten","Norrland",4,4,5,1,1,1,1,1,1,10,4,3,3,3,3,3,2,,3,,,3,3,5,5,3,2,3,3,3,1,7,5,7,6,2,5,5,6,5,6,6,6,4,5,5,6,5,6,6,4,8,6,3,5,6,4,5,,1,,,,,,,,0,,0.5247
"0000001959",88,0,2,"No degree","Widowed",0,"Self-employed",1,2,1,0,2,"Västra Götaland","Götaland",2,2,5,,,,,,5,6,4,2,2,4,2,3,1,3,3,2,3,2,3,4,5,2,1,2,4,3,0,6,,,10,0,3,2,7,7,10,6,10,0,1,2,5,9,9,6,1,10,10,0,7,4,2,6,5,1,"S","S",0,"Left",0,0,1,0,1,1.1092
"0000001985",69,1,6,"No degree","Single",0,"Worker",2,1,1,0,2,"Halland","Götaland",4,5,5,5,1,2,1,1,1,8,3,3,4,4,3,4,2,3,4,2,3,4,4,5,5,3,4,4,5,3,0,7,0,7,8,0,0,9,4,0,10,4,9,0,1,9,10,0,10,5,2,10,10,0,5,9,1,8,,1,"MP",,,"Left",0,0,0,1,3,0.6191
"0000001408",79,1,6,"No degree","Widowed",0,"White collar",1,6,1,0,1,"Kalmar","Götaland",3,5,5,5,1,3,1,1,3,5,3,3,2,2,3,3,,3,3,2,3,3,3,4,4,3,4,5,4,4,0,7,2,0,3,9,6,1,0,9,0,0,8,10,8,5,0,9,2,6,0,10,10,0,3,10,2,4,9,1,"KD","KD",0,"Right",0,1,0,1,2,0.5247
"0000001907",76,1,2,"No degree","Widowed",0,"Worker",1,2,1,0,2,"Västra Götaland","Götaland",3,4,5,4,3,3,3,3,3,8,3,3,3,3,2,3,2,3,2,3,,,3,5,3,3,3,3,,3,0,7,0,0,8,4,8,5,8,8,7,7,8,5,8,6,8,8,5,5,4,8,9,1,6,6,4,5,6,1,,,,,,,,0,,0.7489
"0000001974",77,1,4,"No degree","Widowed",0,"White collar",2,1,1,0,1,"Västra Götaland","Götaland",3,5,5,5,1,1,1,1,1,8,3,3,3,4,3,3,1,3,3,3,3,3,4,5,3,3,3,3,3,3,0,7,0,1,6,5,5,5,6,5,6,7,7,5,4,6,3,5,5,7,1,10,10,0,4,9,2,4,,1,"L","MP",1,"Right",0,1,0,0,,0.8153
"0000002600",75,0,4,"No degree","Married",0,"White collar",,1,1,0,2,"Västerbotten","Norrland",3,5,5,2,2,1,1,1,4,9,3,3,3,3,3,3,2,3,3,2,3,3,3,5,5,3,3,3,3,3,0,5,0,0,,,,,,,,,10,0,3,5,6,1,7,5,4,10,8,1,5,9,,5,,1,"S","S",0,"Left",0,0,1,1,2,0.7541
"0000001280",55,1,3,"No degree","Married",1,"Worker",5,1,1,0,4,"Västernorrland","Norrland",2,4,5,5,3,4,3,3,3,6,3,3,2,3,2,3,2,2,2,1,3,3,3,5,4,2,3,3,3,3,1,2,3,7,6,4,5,5,5,8,5,5,7,6,7,5,5,8,5,5,0,10,10,0,0,10,0,5,7,1,"KD","KD",0,"Right",0,1,0,0,2,1.0931
"0000002733",68,0,6,"No degree","Divorced",1,"White collar",2,1,1,0,1,"Västra Götaland","Götaland",4,4,5,5,5,5,5,3,5,3,2,1,1,3,2,1,2,1,1,1,3,4,2,4,3,2,3,2,2,3,,1,7,3,1,9,6,1,1,6,0,2,2,9,8,5,0,8,0,4,1,9,8,0,2,8,0,5,7,1,"SD","S",1,"Right",1,1,0,0,2,0.6234
"0000000488",51,1,6,"No degree","Divorced",0,"White collar",1,3,1,,1,"Dalarna","Svealand",2,4,5,5,1,1,1,1,1,10,4,4,4,4,3,4,3,3,3,2,4,3,3,5,4,2,3,4,5,3,1,1,1,7,9,0,2,10,8,0,10,0,9,0,0,7,8,0,0,0,2,10,8,0,5,9,3,8,0,1,"S","S",0,"Left",0,0,1,1,1,1.1901
"0000001354",22,1,4,"No degree","Single",1,"Worker",2,1,1,0,2,"Skåne","Götaland",2,4,5,4,2,3,2,3,3,8,3,3,3,4,2,3,2,3,3,1,3,4,3,2,5,3,3,2,3,2,1,0,7,7,10,0,3,10,7,1,8,5,10,2,7,10,9,4,8,6,2,9,8,,4,,2,,2,1,"S",,,"Left",0,0,1,0,2,2.2604
"0000002748",74,0,2,"No degree","Divorced",1,"Worker",2,2,1,0,1,"Västmanland","Svealand",3,4,,4,,,,,4,5,,,,,,,,3,3,3,3,3,3,4,2,3,3,,,,0,,,,9,9,,8,,,,,,7,,,,8,,,,,,,,,,,,,"S","S",0,"Left",0,0,1,1,2,1.0469
"0000001992",61,0,3,"No degree","Divorced",0,"White collar",1,1,0,,1,"Halland","Götaland",3,3,5,5,3,4,3,4,2,10,3,3,,,2,2,,3,4,5,3,3,4,5,,3,4,5,5,4,1,7,1,0,,,,,,,,,9,,7,8,7,7,,,0,6,10,0,7,9,6,5,0,1,"S",,,"Left",0,0,1,1,3,1.1008
"0000002346",80,1,3,"No degree","Married",0,"White collar",2,3,1,0,2,"Södermanland","Svealand",4,4,5,1,3,3,,,3,8,3,2,3,3,2,2,2,1,1,1,,4,3,3,4,3,1,3,3,3,1,7,7,7,0,9,9,1,3,9,0,1,2,9,9,2,2,9,0,6,5,9,10,0,5,9,4,6,9,1,"KD","SD",1,"Right",0,1,0,1,2,0.7489
"0000001993",81,0,2,"No degree","Married",0,"Worker",2,2,1,0,1,"Örebro","Svealand",2,4,5,5,5,5,1,1,1,5,3,3,3,3,3,3,2,2,3,4,3,3,3,5,5,3,4,4,4,5,0,7,7,0,6,9,7,2,5,9,5,5,10,9,6,1,5,3,5,5,3,9,9,2,5,8,2,4,8,1,"SD","M",1,"Right",1,1,0,0,1,1.1092
"0000000625",25,1,7,"Bachelor","Single",1,"White collar",3,2,1,0,3,"Stockholm","Svealand",4,5,4,4,2,3,2,4,4,7,3,3,2,3,3,2,2,2,3,1,4,3,3,4,4,4,2,3,3,5,1,7,6,7,6,8,9,4,6,0,1,5,8,8,5,1,8,0,6,1,4,10,8,1,,9,0,6,7,1,"M","V",1,"Right",0,1,0,1,2,1.1407
"0000002275",74,1,7,"Bachelor","Divorced",0,"White collar",3,1,1,0,3,"Stockholm","Svealand",3,5,5,1,4,2,,,,,,,,,,,,,,2,,,3,5,3,3,1,4,4,3,0,7,7,2,8,6,8,7,0,5,0,7,8,8,3,6,0,5,0,6,5,10,8,1,4,9,1,6,7,,,"S",,,,,,0,2,0.6191
"0000001774",61,1,3,"No degree","Married",1,"Worker",1,2,0,,3,"Stockholm","Svealand",2,5,3,3,3,3,1,1,5,10,3,3,,,3,3,2,3,3,3,,3,4,5,5,3,3,4,4,4,1,1,0,0,5,5,5,5,5,5,5,5,5,5,5,5,5,5,5,5,3,6,7,3,5,7,5,7,5,1,,,,,,,,1,,1.6078
"0000000847",37,0,8,"Postgraduate","Divorced",,"White collar",2,1,1,0,2,"Östergötland","Götaland",4,5,5,5,1,2,1,4,3,7,2,3,3,4,2,3,2,3,4,2,4,3,3,5,4,2,2,1,2,3,1,3,7,7,7,0,1,9,5,0,8,4,9,1,3,8,8,0,5,5,4,10,9,2,7,10,3,8,1,1,"V","V",0,"Left",0,0,0,1,3,1.0805
"0000002002",56,0,3,"No degree","Single",0,"Worker",,,1,1,3,"Stockholm","Svealand",3,4,4,3,4,4,,,4,5,3,3,2,3,3,3,2,1,2,1,3,3,,2,1,2,1,,,1,0,2,0,0,,10,,,,,,,2,10,1,0,1,2,0,2,4,10,10,,,5,3,7,10,1,"SD","SD",0,"Right",1,1,0,1,1,1.5282
"0000002004",26,1,4,"No degree","Single",0,,1,3,1,1,1,"Värmland","Svealand",1,1,1,1,1,1,1,1,2,7,2,2,2,2,2,2,2,2,2,3,,2,3,3,3,2,3,3,3,3,1,1,,,5,5,5,5,5,5,5,5,5,5,5,5,5,5,5,5,5,5,5,5,5,5,5,5,5,1,,,,,,,,0,,1
"0000000401",48,0,8,"Postgraduate","Divorced",1,"White collar",5,3,1,0,2,"Västernorrland","Norrland",3,4,5,5,1,3,1,1,2,10,3,3,3,3,3,3,1,3,3,1,4,3,3,4,5,2,2,4,3,3,1,4,7,7,8,0,1,9,4,0,8,2,9,0,1,9,7,1,7,3,4,10,9,0,5,9,1,8,1,1,"V","V",0,"Left",0,0,0,1,2,0.7712
"0000001528",57,0,3,"No degree","Divorced",1,"Worker",4,1,1,0,1,"Örebro","Svealand",,3,5,5,2,2,1,1,1,9,3,3,3,2,,3,3,3,3,2,4,4,3,5,5,2,3,4,4,5,1,1,0,0,10,0,3,9,6,2,4,1,10,2,1,9,6,1,0,3,1,10,10,0,4,10,5,6,2,1,"S","S",0,"Left",0,0,1,0,2,1.1008
"0000002017",80,1,7,"Bachelor","Married",0,"White collar",2,1,1,,2,"Gävleborg","Norrland",3,5,5,5,1,1,1,1,1,9,3,3,3,3,3,3,1,3,3,2,4,4,3,5,,2,2,3,3,3,0,7,0,0,9,0,3,5,5,1,5,5,9,0,3,5,5,1,5,5,2,10,10,0,6,10,2,6,4,1,"S","S",0,"Left",0,0,1,0,1,0.5247
"0000000621",26,0,8,"Postgraduate","Single",0,"White collar",2,2,1,0,4,"Östergötland","Götaland",2,,5,4,2,3,1,4,3,8,3,3,3,3,2,3,2,3,3,1,,1,3,5,4,2,2,1,3,3,1,2,7,7,8,5,8,3,3,4,3,5,8,5,8,4,2,6,5,5,3,8,8,2,3,9,2,6,,1,,,,,,,,0,,1.0805
"0000002026",67,0,6,"No degree","Single",0,,2,1,1,0,3,"Stockholm","Svealand",3,4,5,5,1,2,1,1,2,9,4,4,3,3,3,3,2,3,3,2,3,4,4,5,5,3,2,4,4,3,,7,0,0,9,9,9,5,5,5,7,5,8,9,9,,8,5,5,5,5,8,8,3,5,5,3,5,7,1,"S","SD",1,"Left",0,0,1,0,,0.6234
"0000002027",19,0,5,"No degree","Single",0,,3,2,0,1,2,"Västra Götaland","Götaland",3,4,1,2,2,5,4,3,5,5,3,2,4,4,4,4,2,3,1,4,,2,3,4,3,1,2,4,3,,0,2,3,5,5,5,6,4,5,5,5,5,2,10,5,6,5,6,0,7,4,6,6,5,6,5,5,5,7,0,,,,,,,,1,2,2.2763
"0000002555",68,1,3,"No degree","Married",0,"White collar",2,1,1,0,4,"Stockholm","Svealand",2,3,4,3,3,3,3,3,4,6,3,3,2,3,2,3,1,3,3,3,,3,3,4,5,2,3,4,4,4,1,5,3,0,5,6,10,2,6,10,0,8,0,6,,9,6,10,0,5,,5,10,2,2,10,2,8,8,1,,,,,,,,1,2,1.0396
"0000002031",71,0,3,"No degree","Married",,"White collar",2,1,1,0,1,"Gävleborg","Norrland",3,4,5,3,3,1,1,1,1,10,3,3,3,3,3,3,2,3,3,4,4,3,3,4,5,2,3,3,4,3,1,3,0,1,10,0,0,6,5,1,7,3,10,0,1,3,5,0,6,3,3,9,9,0,6,9,4,6,3,1,"S","S",0,"Left",0,0,1,1,2,0.821
"0000001836",44,1,,,"Married",,,,,0,,,"Södermanland","Svealand",1,,,,,,,,,,,,,,,,,,,,,,,,,,,,,,,,,,,,,,,,,,,,,,,,,,,,,,,,,,,,,,,,,,,,,1.6078
"0000001201",51,1,4,"No degree","Married",1,"Worker",4,1,1,0,1,"Jönköping","Götaland",2,3,5,4,1,4,5,4,1,6,3,3,2,4,3,4,1,3,3,2,3,4,3,5,4,2,3,1,4,3,0,4,0,0,7,0,8,1,7,5,6,1,8,0,8,5,6,7,1,5,1,9,9,8,8,6,4,3,5,1,"M","C",1,"Right",0,1,0,0,2,1.1901
"0000000011",46,0,5,"No degree","Married",1,"Self-employed",5,2,1,0,1,"Gävleborg","Norrland",3,4,5,4,4,3,3,4,4,9,3,3,3,3,3,4,2,3,3,2,3,3,3,5,4,3,2,3,4,3,1,3,2,2,6,3,8,2,7,5,4,6,6,5,7,5,6,5,4,6,4,8,8,1,5,7,3,6,7,1,"M","C",1,"Right",0,1,0,0,,1.1984
"0000000403",48,0,8,"Postgraduate","Married",1,"White collar",5,4,0,1,4,"Skåne","Götaland",2,4,5,5,1,3,1,1,5,10,4,3,2,3,2,2,2,3,2,2,4,3,3,5,5,2,1,3,3,3,1,3,5,5,6,0,10,0,5,10,1,9,9,0,10,0,5,10,0,5,1,8,8,0,5,8,4,7,8,1,"M","M",0,"Right",0,1,0,0,2,0.7712
"0000002046",80,1,,,"Single",,"Self-employed",1,1,1,0,4,"Stockholm","Svealand",,5,5,5,1,1,1,1,4,5,2,2,3,4,2,2,1,1,3,3,3,2,2,4,3,2,2,4,3,3,0,5,4,0,5,0,0,8,,0,9,0,2,0,0,8,1,0,2,0,6,10,10,3,8,8,3,10,0,,"MP","V",1,"Left",0,0,0,1,2,0.5247
"0000000640",32,0,,,"Single",,,,,1,1,,"Stockholm","Svealand",3,4,4,4,,,3,5,5,9,3,3,4,4,2,2,1,2,3,,3,3,,,,,,,,,,1,7,7,,,,,,,,,,,,,,,,,,,,,,,,,,1,"M",,,"Right",0,1,0,,,1.0805
"0000001307",59,1,5,"No degree","Married",,"Worker",2,6,1,0,1,"Jönköping","Götaland",2,4,5,4,4,3,1,1,1,7,3,3,3,3,3,3,1,2,2,2,2,4,3,5,4,2,2,4,4,4,1,5,0,0,6,2,7,1,6,6,1,7,7,1,7,2,4,2,3,2,3,3,8,1,5,6,5,5,5,1,"KD","S",1,"Right",0,1,0,0,1,1.1901
"0000000201",49,0,7,"Bachelor","Married",0,"White collar",4,1,1,1,3,"Västra Götaland","Götaland",4,5,4,5,1,2,1,4,4,9,3,3,4,4,3,3,2,3,3,3,2,2,4,5,5,3,3,2,3,3,1,5,5,1,3,0,5,0,10,4,4,9,10,7,2,0,10,2,3,5,3,5,8,1,7,8,3,7,8,1,"L","C",1,"Right",0,1,0,0,2,0.91
"0000002210",66,0,3,"No degree","Divorced",1,"Worker",1,1,1,0,2,"Västra Götaland","Götaland",4,5,5,5,2,1,1,1,4,9,3,3,3,3,2,3,2,3,3,2,4,4,3,5,5,2,3,3,4,3,1,7,7,5,8,0,0,9,4,2,3,3,,0,1,10,4,2,,4,3,9,10,0,7,9,2,7,1,1,"V","V",0,"Left",0,0,0,1,2,0.7541
"0000000131",68,0,7,"Bachelor","Married",0,"White collar",4,3,1,0,1,"Värmland","Svealand",4,5,5,,1,1,1,1,1,10,,2,3,2,2,3,1,1,3,1,4,4,4,5,5,3,2,3,3,3,0,3,7,7,4,2,10,2,4,8,0,4,3,3,9,0,4,7,0,5,3,8,9,0,3,8,2,5,8,1,"M","KD",1,"Right",0,1,0,1,2,0.5283
"0000002639",74,1,3,"No degree","Divorced",0,"Worker",1,4,1,0,1,"Jönköping","Götaland",3,3,5,5,3,3,1,,5,7,3,3,2,3,2,2,2,3,3,2,2,3,3,4,3,2,2,4,3,3,0,,0,0,5,7,5,5,8,5,5,5,6,7,6,5,8,6,5,5,4,3,8,0,6,6,5,3,6,1,"C","C",0,"Left",0,0,0,0,,0.7489
"0000000325",46,0,8,"Postgraduate","Single",1,"White collar",5,1,1,0,1,"Västra Götaland","Götaland",3,5,5,4,2,3,2,4,2,8,3,3,3,3,2,3,1,3,3,2,,3,3,4,5,3,3,4,4,3,1,0,2,0,5,5,5,5,5,5,5,5,5,5,5,5,5,5,5,5,5,8,9,1,7,9,4,7,5,1,,,,,,,,0,,0.7712
"0000001428",53,0,3,"No degree","Married",1,"White collar",4,1,1,0,1,"Värmland","Svealand",3,5,5,5,4,4,3,3,4,4,3,3,3,3,3,3,1,2,3,1,4,4,3,5,3,3,2,3,3,2,1,,0,0,5,10,9,0,1,9,0,3,6,10,10,0,1,9,0,5,2,10,10,0,2,8,0,4,,1,"SD","SD",0,"Right",1,1,0,1,3,1.1008
"0000000987",43,1,7,"Bachelor","Married",0,"Worker",2,2,1,0,1,"Västra Götaland","Götaland",3,4,5,5,4,5,1,4,3,7,3,3,1,3,3,2,2,2,3,1,4,4,3,5,5,1,1,3,3,1,1,3,7,7,5,0,0,7,10,0,2,6,9,0,6,5,10,0,5,5,4,3,9,1,5,8,4,7,,1,"C","C",0,"Left",0,0,0,1,2,0.7658
"0000000222",41,0,9,"Postgraduate","Married",1,"White collar",5,4,1,1,4,"Uppsala","Svealand",4,4,5,5,1,4,1,1,5,9,3,2,4,2,3,3,2,2,3,2,3,4,4,4,4,2,3,2,3,4,1,0,2,0,8,3,8,0,9,6,5,7,9,3,4,0,2,2,0,5,4,6,8,0,7,8,2,6,7,1,"M","C",1,"Right",0,1,0,0,,0.7896
"0000000833",65,1,3,"No degree","Married",1,,3,1,1,0,1,"Värmland","Svealand",3,5,5,3,1,3,3,3,3,10,3,3,2,3,2,3,1,3,3,3,4,3,3,5,4,3,3,3,3,3,1,7,1,0,3,0,2,0,9,0,2,4,7,2,2,2,9,0,5,5,3,8,9,1,5,10,1,5,6,1,"C","C",0,"Left",0,0,0,1,2,0.8153
"0000000768",59,0,5,"No degree","Divorced",1,"White collar",2,1,1,0,1,"Västernorrland","Norrland",2,4,5,4,2,3,2,2,3,8,3,2,3,2,2,2,1,1,2,2,3,3,3,4,4,3,2,3,3,3,1,0,1,0,2,0,6,1,7,4,0,5,3,1,4,1,6,1,1,3,2,9,9,0,6,5,1,8,5,1,"C","C",0,"Left",0,0,0,0,1,1.1008
"0000000376",42,1,8,"Postgraduate","Married",1,"White collar",5,1,1,0,1,"Uppsala","Svealand",3,5,5,5,1,1,1,1,1,8,3,3,3,4,3,4,2,3,3,2,2,3,3,5,4,2,2,3,4,4,0,3,7,1,8,0,0,10,1,0,7,1,7,0,0,10,2,0,5,5,5,10,10,0,6,10,4,8,0,1,"V","V",0,"Left",0,0,0,1,2,0.7658
"0000000145",64,0,5,"No degree","Divorced",0,"Self-employed",3,1,1,0,1,"Östergötland","Götaland",2,4,5,5,2,4,4,4,1,9,3,3,3,2,2,3,1,3,3,2,3,2,3,5,4,3,3,4,4,5,0,1,7,4,7,0,8,0,6,2,0,5,7,0,6,0,6,2,1,6,2,6,8,0,4,9,0,5,6,1,"M","C",1,"Right",0,1,0,0,2,1.1984
"0000000432",46,1,9,"Postgraduate","Single",1,"Worker",2,1,1,0,2,"Västra Götaland","Götaland",3,,,,,,1,1,4,10,1,1,3,4,2,4,2,3,3,2,3,3,3,4,4,1,3,4,4,1,1,2,5,7,9,,0,7,8,1,7,1,10,0,0,6,9,0,5,5,5,10,,,6,10,5,10,4,1,"S","S",0,"Left",0,0,1,1,2,0.7658
"0000001101",38,1,6,"No degree","Married",1,"Worker",5,2,1,0,2,"Jönköping","Götaland",3,5,5,5,2,3,4,4,4,8,3,3,3,4,3,2,1,2,2,2,3,4,2,5,4,2,3,4,3,3,,3,1,1,6,7,5,4,3,7,1,6,9,8,9,3,0,7,2,6,4,8,9,0,5,9,1,7,7,1,"KD","L",1,"Right",0,1,0,0,1,1.2661
"0000002047",28,0,3,"No degree","Single",0,,2,1,1,1,4,"Skåne","Götaland",2,4,2,4,2,2,1,5,3,8,3,2,3,3,2,4,2,3,2,1,3,3,3,4,3,2,2,3,3,3,1,1,0,0,8,0,4,7,6,4,8,6,7,0,3,6,5,2,5,5,2,10,8,0,6,9,3,7,2,1,"S","S",0,"Left",0,0,1,0,2,1.5423
"0000002448",74,0,3,"No degree","Married",0,"White collar",2,2,1,0,1,"Västra Götaland","Götaland",3,4,5,4,1,1,1,1,3,9,3,3,3,,3,2,2,,,2,3,4,4,5,5,3,3,3,3,3,0,7,6,3,3,5,7,2,4,8,5,5,5,5,8,3,3,9,0,7,4,9,7,1,2,8,1,6,6,1,"KD","M",1,"Right",0,1,0,0,1,0.6234
"0000002124",18,0,3,"No degree","Single",1,,3,1,1,1,1,"Skåne","Götaland",4,4,5,,1,1,1,2,1,9,4,2,4,4,3,4,3,3,3,2,4,4,4,5,5,2,2,3,3,3,1,4,4,7,10,0,0,8,3,0,6,2,10,0,0,7,7,0,5,3,3,10,9,1,6,9,3,7,3,1,"S",,,"Left",0,0,1,1,3,2.2763
"0000002596",93,0,,,"Single",0,"Worker",1,,1,,1,"Värmland","Svealand",2,4,5,1,,1,1,1,1,6,2,3,3,2,2,2,,4,4,3,4,2,3,4,5,2,2,,,,0,5,0,0,,,,,,,,,10,6,3,,,0,,,,,,,,,,,,,"S",,,"Left",0,0,1,,,1.1092
"0000000378",31,0,8,"Postgraduate","Single",1,"White collar",1,2,1,0,3,"Uppsala","Svealand",3,3,4,3,1,3,2,4,2,9,4,4,4,4,2,3,2,3,3,2,3,2,4,5,4,2,3,2,3,4,1,3,4,0,8,1,3,6,5,2,4,7,8,2,5,5,2,3,3,4,3,8,7,2,5,8,5,6,4,1,"S","MP",1,"Left",0,0,1,0,1,1.0805
"0000000728",36,1,7,"Bachelor","Single",1,"White collar",1,1,1,0,4,"Östergötland","Götaland",3,4,5,5,1,1,1,4,4,8,3,3,3,4,2,4,1,3,3,2,3,3,3,5,4,2,2,2,3,3,1,3,7,7,8,0,2,10,4,0,9,2,5,5,5,5,5,5,5,5,3,5,9,1,6,9,2,5,2,1,"V","V",0,"Left",0,0,0,1,2,1.073
"0000002122",89,1,4,"No degree","Widowed",1,"White collar",1,2,0,,2,"Skåne","Götaland",3,3,5,5,2,1,,3,,8,3,2,2,4,2,3,2,3,3,1,4,3,3,5,5,3,4,5,5,3,0,7,,,10,0,5,6,6,9,10,5,10,0,4,4,6,3,8,6,0,10,7,0,5,5,5,5,1,1,"S","S",0,"Left",0,0,1,1,2,0.8153
"0000000747",65,0,7,"Bachelor","Single",1,"White collar",2,1,1,0,1,"Skåne","Götaland",3,5,5,5,4,2,2,5,1,9,4,2,2,3,3,3,1,1,3,1,4,4,3,5,4,3,2,1,4,3,1,7,5,5,6,10,9,0,0,7,0,5,7,10,8,2,1,8,0,5,4,9,10,0,1,9,0,5,9,1,"SD","SD",0,"Right",1,1,0,1,3,0.5283
"0000002804",67,0,2,"No degree","Married",0,"Worker",2,2,1,0,2,"Halland","Götaland",3,4,3,3,4,4,2,2,3,4,3,2,1,3,2,3,2,1,3,1,4,4,3,4,5,2,1,3,3,2,1,7,7,7,4,10,9,4,4,,,4,5,10,9,5,5,9,5,6,2,9,10,1,2,7,1,2,,1,"SD","SD",0,"Right",1,1,0,1,3,1.0469
"0000001721",45,1,3,"No degree","Single",1,"Worker",4,2,0,,1,"Norrbotten","Norrland",1,4,5,5,4,2,1,2,2,8,4,4,4,4,4,,2,3,4,2,,3,3,5,5,3,3,4,4,4,0,0,0,0,10,0,6,7,9,5,9,8,9,0,6,7,8,5,8,8,2,10,8,1,3,10,2,4,3,0,,,,,,,,1,2,1.5176
"0000002209",65,0,3,"No degree","Married",1,"White collar",3,1,0,1,2,"Västra Götaland","Götaland",2,3,3,3,3,3,3,3,3,7,2,2,2,3,1,1,1,1,3,1,3,3,3,3,3,3,3,3,3,1,1,1,0,0,2,8,8,1,0,2,0,1,2,8,8,1,0,2,0,1,1,9,9,1,0,6,1,6,8,1,"M",,,"Right",0,1,0,0,2,0.7541
"0000000097",50,0,7,"Bachelor","Married",0,"White collar",5,2,1,0,3,"Västra Götaland","Götaland",4,4,5,5,2,2,1,1,5,8,3,2,4,3,2,4,2,2,3,1,4,3,4,5,5,4,2,2,3,3,1,7,7,7,,,,,,,,,,,,,,,,,4,10,7,2,5,9,0,6,6,1,"L","MP",1,"Right",0,1,0,1,2,0.91
"0000002190",80,0,2,"No degree","Married",,"Worker",4,1,1,0,3,"Stockholm","Svealand",2,,5,4,2,1,,,,,,,,,,,,,,2,,,3,5,,2,4,4,3,,0,,,,7,0,,,,0,5,,10,5,8,5,6,0,5,,8,10,10,0,5,,2,7,4,,,"S",,,,,,0,1,0.7541
"0000002120",67,1,8,"Postgraduate","Married",0,"White collar",5,2,0,,3,"Västra Götaland","Götaland",4,5,5,3,2,1,1,1,1,10,3,3,4,3,3,3,3,3,3,3,4,4,4,5,4,3,3,3,4,3,1,7,7,7,5,5,10,2,0,10,5,9,7,9,10,7,0,10,0,8,2,10,10,0,4,8,2,10,7,1,"KD",,,"Right",0,1,0,1,2,0.5247
"0000000653",39,0,8,"Postgraduate","Married",0,"White collar",5,2,1,0,3,"Skåne","Götaland",3,5,4,4,4,4,1,4,1,8,3,3,2,4,3,2,2,2,2,1,3,4,3,5,3,3,4,2,4,5,1,5,3,7,7,9,9,0,2,8,0,3,9,10,8,6,0,10,0,6,3,8,7,0,2,8,0,5,8,1,"SD","SD",0,"Right",1,1,0,0,2,1.0805
"0000002800",72,1,2,"No degree","Married",1,"Worker",2,1,1,0,2,"Södermanland","Svealand",2,3,5,4,3,2,1,1,2,9,3,3,3,3,2,3,2,3,3,1,4,4,3,4,5,1,3,2,2,3,,7,7,0,10,0,0,7,5,0,7,3,10,0,0,6,7,0,6,1,2,10,10,0,7,9,3,9,1,1,"S","S",0,"Left",0,0,1,1,3,1.1014
"0000000884",55,0,3,"No degree","Married",0,"White collar",5,1,1,0,1,"Skåne","Götaland",3,4,5,3,4,4,4,4,3,7,2,2,3,4,2,2,2,1,2,2,3,3,4,5,4,2,4,4,3,4,1,7,,,0,8,9,0,0,7,0,5,8,8,9,5,1,7,0,8,5,8,9,2,2,6,0,4,10,1,"M","M",0,"Right",0,1,0,0,2,1.5282
"0000000799",29,1,7,"Bachelor","Single",1,"Worker",2,1,1,0,3,"Jönköping","Götaland",4,4,5,5,1,1,1,4,4,9,3,3,4,4,2,2,1,4,3,2,4,4,3,5,4,2,3,2,2,2,1,2,3,0,8,0,2,9,3,0,9,2,10,1,1,5,6,1,5,5,2,10,7,0,4,9,1,8,0,1,"S","S",0,"Left",0,0,1,1,2,1.073
"0000001825",21,1,4,"No degree","Single",0,,1,2,1,0,3,"Västra Götaland","Götaland",2,4,5,5,1,2,2,3,2,9,3,3,4,4,2,3,2,3,3,1,3,3,3,5,4,2,3,4,4,1,0,1,7,7,9,0,5,7,8,2,6,5,10,0,6,8,10,1,7,3,3,10,8,1,5,9,2,7,3,1,"S",,,"Left",0,0,1,0,1,1.346
"0000001822",71,0,8,"Postgraduate","Married",0,,4,2,1,0,2,"Västernorrland","Norrland",4,5,5,1,1,3,1,1,2,10,4,3,4,3,2,3,2,3,3,2,4,3,4,5,5,2,4,2,3,3,0,7,5,7,10,0,1,5,8,0,9,2,10,0,1,6,9,0,9,3,4,10,9,2,5,9,4,7,4,1,"S","S",0,"Left",0,0,1,1,2,0.5283
"0000000338",28,1,6,"No degree","Single",1,"Worker",2,3,1,0,2,"Jönköping","Götaland",2,3,5,4,1,2,2,5,3,7,2,2,2,3,2,2,2,2,2,2,3,3,3,2,2,2,3,3,2,2,1,1,1,1,7,8,6,4,5,8,4,5,6,7,3,4,3,5,5,4,6,3,6,6,3,3,3,6,5,1,"SD","S",1,"Right",1,1,0,0,,1.073
"0000000389",48,1,8,"Postgraduate","Married",1,"White collar",3,2,1,0,1,"Skåne","Götaland",2,4,5,5,1,1,1,4,2,7,3,3,3,3,2,2,2,2,4,1,3,3,3,4,3,2,2,2,4,2,1,4,7,7,7,3,7,3,8,7,5,5,9,6,6,5,8,2,4,7,3,10,8,0,5,7,1,6,5,1,"C","L",1,"Left",0,0,0,1,2,0.7658
"0000002556",30,1,4,"No degree","Single",0,,1,1,1,0,1,"Kronoberg","Götaland",3,3,5,5,1,1,1,1,4,7,3,3,2,4,2,4,2,2,2,1,3,1,3,4,5,1,2,1,3,2,0,0,7,3,8,0,2,6,3,0,2,1,8,0,2,6,2,0,5,2,2,10,8,0,5,10,5,9,2,1,"V","S",1,"Left",0,0,0,0,2,1.6674
"0000001489",83,1,2,"No degree","Widowed",0,"Worker",1,1,1,,1,"Kalmar","Götaland",3,2,3,3,3,4,5,2,1,5,3,3,3,3,2,3,2,3,3,4,3,3,3,5,4,3,3,4,3,3,0,6,0,0,,,,,,,,,10,0,10,2,9,,1,2,8,2,10,6,7,9,4,3,6,1,"M","C",1,"Right",0,1,0,0,2,1.1014
"0000002166",77,0,3,"No degree","Married",1,"Worker",1,1,1,0,2,"Västra Götaland","Götaland",3,,2,5,2,3,1,1,4,,2,2,2,2,2,2,1,3,3,2,,2,3,2,4,2,4,3,3,3,1,3,0,0,5,0,5,5,5,0,5,,,0,0,0,0,0,,,0,0,0,0,0,0,0,0,0,1,,,,,,,,,,0.821
"0000002391",84,1,7,"Bachelor","Widowed",,,1,1,1,0,2,"Skåne","Götaland",3,5,5,5,3,1,1,1,3,10,3,,3,3,,,1,4,3,2,4,4,3,5,5,3,2,3,4,3,,7,0,0,10,0,0,8,,0,8,2,10,0,0,8,8,0,8,2,2,10,10,1,5,9,2,7,2,1,"S","S",0,"Left",0,0,1,1,2,0.6191
"0000001775",58,0,2,"No degree","Married",1,"White collar",2,,0,,2,"Halland","Götaland",3,4,5,5,5,,3,3,3,9,4,3,4,3,2,4,1,3,4,4,4,3,4,5,5,2,4,4,5,3,1,5,5,,10,0,9,10,10,9,10,8,10,0,10,10,10,10,9,9,1,10,9,0,5,7,4,8,4,1,"V","S",1,"Left",0,0,0,0,1,1.6191
"0000002536",66,1,3,"No degree","Married",0,"White collar",3,4,1,0,3,"Stockholm","Svealand",3,4,5,5,1,3,2,4,4,8,3,3,3,3,3,3,1,4,3,2,4,2,3,4,4,3,4,3,4,3,0,7,0,0,9,0,1,3,8,0,6,2,10,7,2,3,9,0,8,2,5,10,10,0,6,10,5,6,5,1,"SD","S",1,"Right",1,1,0,0,2,0.7489
"0000002345",72,1,3,"No degree","Married",0,"Worker",2,2,1,0,2,"Kalmar","Götaland",3,4,5,4,1,1,1,1,2,10,3,2,1,3,2,2,3,3,3,4,4,2,3,4,5,2,2,4,4,3,0,0,7,7,9,0,0,10,5,0,10,0,10,0,0,10,8,0,10,0,4,10,10,0,4,10,1,10,0,1,"MP","V",1,"Left",0,0,0,1,3,0.7489
"0000000671",66,1,4,"No degree","Married",1,"White collar",3,1,1,0,3,"Stockholm","Svealand",3,3,5,5,2,3,2,2,2,7,2,2,3,2,2,3,1,3,4,2,3,3,3,5,4,2,3,3,3,3,1,4,7,0,8,1,3,5,5,1,3,5,8,1,2,4,5,1,3,4,4,10,9,2,5,6,4,6,4,1,"S","S",0,"Left",0,0,1,0,2,0.8153
"0000000613",59,1,6,"No degree","Married",1,"White collar",5,2,1,0,3,"Stockholm","Svealand",3,5,5,5,1,1,1,1,1,10,3,2,3,3,3,3,1,3,3,1,4,4,4,5,,3,,3,3,3,1,7,0,0,7,0,3,5,9,2,10,4,9,0,7,8,9,3,9,6,3,10,10,0,6,9,2,7,6,1,"MP",,,"Left",0,0,0,0,,0.9037
"0000002590",77,0,3,"No degree","Married",,"Worker",,3,1,0,1,"Västernorrland","Norrland",3,4,5,5,5,1,4,,,7,3,3,3,3,2,3,,3,3,2,3,3,3,5,5,3,3,5,5,4,1,7,,,9,,,,,,,,10,,,,,,,,5,6,,3,4,,2,4,5,1,"S","S",0,"Left",0,0,1,1,2,1.1092
"0000002622",79,0,3,"No degree","Widowed",0,"Self-employed",3,3,1,0,2,"Värmland","Svealand",3,4,5,1,4,4,4,4,3,8,3,3,3,4,3,3,,3,3,3,4,3,3,5,4,3,3,5,3,5,1,7,5,0,8,8,10,7,8,7,5,7,10,8,10,7,8,7,5,7,,,,,,,,,,1,"M","M",0,"Right",0,1,0,1,3,1.1092
"0000001553",58,0,4,"No degree","Married",1,"Worker",3,6,0,,2,"Kronoberg","Götaland",2,3,5,1,1,1,3,3,3,7,2,2,2,3,2,2,2,3,3,3,,2,3,4,5,3,3,2,3,3,1,1,1,1,5,5,5,5,5,5,5,5,5,5,5,5,5,5,5,5,2,8,7,2,5,7,5,1,3,1,,,,,,,,0,,1.5282
"0000001539",42,0,,,"Single",,,,,1,0,,"Västra Götaland","Götaland",3,4,5,4,2,4,1,1,4,9,2,2,3,3,2,1,1,3,3,,3,2,,,4,,,,,,,2,,,7,6,8,2,3,7,0,5,5,6,7,0,5,6,0,0,,,,,,,,,,1,"M","SD",1,"Right",0,1,0,,,1.1984
"0000000611",61,0,7,"Bachelor","Married",1,"White collar",5,1,1,0,2,"Västra Götaland","Götaland",2,4,5,3,2,,1,2,1,6,2,3,3,3,2,3,2,3,2,1,3,3,3,5,4,2,2,4,3,4,1,3,5,7,8,1,8,2,8,5,5,8,10,5,9,2,8,4,3,9,6,10,8,1,6,9,3,7,8,1,"S","L",1,"Left",0,0,1,0,,0.7712
"0000002466",33,1,8,"Postgraduate","Single",1,"Worker",5,1,1,0,4,"Stockholm","Svealand",3,4,5,3,1,5,3,3,3,8,2,2,2,3,2,3,3,2,2,1,3,,3,,3,2,4,3,3,3,1,0,7,7,10,0,7,4,10,0,4,7,10,0,5,5,10,0,5,5,4,10,7,1,5,10,1,7,6,1,"S","S",0,"Left",0,0,1,1,2,1.073
"0000002400",78,1,6,"No degree","Divorced",1,"Worker",2,1,0,,4,"Stockholm","Svealand",4,5,5,5,2,4,1,4,4,5,2,2,2,3,2,2,2,2,2,3,4,3,2,4,4,1,2,3,3,3,1,3,5,7,6,0,0,10,1,0,8,0,6,0,0,10,2,0,7,0,7,10,10,1,8,10,5,10,1,1,"V","V",0,"Left",0,0,0,1,2,0.7489
"0000002112",82,0,2,"No degree","Single",0,"Worker",1,2,1,,2,"Kronoberg","Götaland",2,4,5,5,4,4,,3,,5,2,2,2,3,2,3,,3,3,2,,3,3,4,4,2,2,4,,3,0,,,,6,9,6,6,6,6,6,6,8,9,7,5,5,5,5,5,2,9,10,1,7,6,2,7,6,1,"SD","SD",0,"Right",1,1,0,1,2,0.7541
"0000000795",43,0,7,"Bachelor","Married",0,"Self-employed",2,1,1,0,1,"Västernorrland","Norrland",3,5,5,4,4,3,1,4,3,8,2,2,3,3,2,1,1,1,2,1,4,4,3,4,5,3,2,4,4,2,1,1,7,7,3,10,9,0,0,8,0,5,2,10,9,0,0,9,0,2,3,10,9,0,4,8,2,6,,1,"SD","SD",0,"Right",1,1,0,1,3,0.7712
"0000001720",63,1,3,"No degree","Married",1,"Worker",2,1,1,0,1,"Västernorrland","Norrland",2,3,3,3,4,4,4,4,4,7,2,2,2,3,2,3,2,2,3,2,,2,3,3,2,3,4,4,3,3,0,1,0,0,0,10,9,0,0,9,0,3,0,10,9,0,0,9,0,0,0,10,10,0,0,9,0,5,10,0,,"SD",,,,,,1,2,1.0931
"0000000049",42,0,8,"Postgraduate","Married",1,"White collar",5,2,0,,3,"Stockholm","Svealand",2,4,5,4,,1,1,4,5,8,3,3,2,3,2,3,1,2,2,2,3,3,3,5,5,3,3,3,4,3,1,0,7,0,4,3,9,3,5,5,4,6,5,5,7,5,5,5,5,5,4,7,6,3,5,6,4,5,6,1,"M","M",0,"Right",0,1,0,0,,0.7712
"0000000555",51,1,8,"Postgraduate","Married",1,"White collar",5,3,1,0,4,"Stockholm","Svealand",4,4,5,5,1,3,1,1,1,9,3,3,4,4,3,4,2,3,3,1,4,3,3,5,4,3,3,3,3,3,1,3,5,0,6,0,4,3,9,1,6,5,10,0,2,5,10,0,5,7,4,5,9,1,6,10,4,7,6,1,"C","L",1,"Left",0,0,0,0,2,0.7658
"0000001263",24,1,4,"No degree","Single",1,"Worker",2,1,1,0,2,"Jönköping","Götaland",1,4,,,,,1,2,2,7,3,3,3,4,2,3,3,3,3,2,3,3,3,4,4,2,3,4,4,3,,1,5,7,8,2,5,6,6,6,6,6,9,0,7,5,5,2,5,5,5,5,5,5,5,5,5,5,5,1,"S","S",0,"Left",0,0,1,0,2,1.346
"0000002796",66,0,7,"Bachelor","Married",0,"White collar",4,1,1,0,2,"Skåne","Götaland",3,5,5,2,2,3,1,1,2,9,4,4,3,3,3,3,2,3,3,2,3,3,3,5,3,3,1,4,4,3,1,7,7,1,6,5,6,2,7,8,2,5,8,8,7,2,8,7,2,4,5,9,6,2,5,7,3,6,,1,"KD","KD",0,"Right",0,1,0,1,2,0.5283
"0000002153",80,0,8,"Postgraduate","Married",0,"White collar",3,1,1,0,3,"Västra Götaland","Götaland",4,5,4,5,4,3,1,1,3,9,4,3,3,3,3,3,2,3,3,3,4,3,3,5,4,3,3,4,4,3,0,7,6,6,10,0,1,8,8,0,9,1,10,0,1,7,7,1,9,2,2,10,9,1,5,10,3,7,2,1,"S","S",0,"Left",0,0,1,1,3,0.5283
"0000001377",50,0,6,"No degree","Married",1,,2,6,0,,1,"Skåne","Götaland",3,4,5,1,3,5,3,3,5,10,3,4,4,4,3,2,3,3,4,2,,4,4,5,,2,4,4,5,5,1,5,6,7,,,,10,,,,,,,,10,,,,,,,,,,,,,,,,,,,,,,1,3,1.1008
"0000002458",68,0,6,"No degree","Single",0,"Self-employed",2,1,1,0,2,"Skåne","Götaland",3,4,5,4,4,4,1,1,3,7,3,2,3,2,3,2,,2,2,3,3,3,3,4,3,3,3,3,4,3,0,7,2,7,2,7,8,1,3,7,0,6,2,7,9,0,3,8,0,7,3,9,8,1,4,8,2,6,8,1,"M","M",0,"Right",0,1,0,1,,0.821
"0000000388",39,1,8,"Postgraduate","Single",1,"Worker",2,1,1,0,1,"Västerbotten","Norrland",2,4,5,4,2,3,1,1,2,10,3,3,3,3,2,2,1,3,3,2,2,3,4,4,3,3,3,2,3,2,0,1,1,7,10,3,6,9,9,9,7,8,10,7,8,8,10,9,10,4,4,9,10,0,5,9,3,7,4,1,"KD","S",1,"Right",0,1,0,1,2,1.073
"0000001618",73,0,3,"No degree","Divorced",0,"Self-employed",2,2,1,,1,"Västra Götaland","Götaland",4,5,5,5,1,1,1,1,1,6,3,3,3,4,3,3,1,3,3,2,1,4,3,5,4,2,4,4,4,3,0,7,0,0,10,0,0,8,5,0,2,0,10,0,1,3,3,0,1,1,2,10,10,0,5,8,3,10,0,1,"S","S",0,"Left",0,0,1,1,3,1.0469
"0000001226",68,0,5,"No degree","Married",0,"Worker",3,1,1,0,2,"Uppsala","Svealand",3,5,5,5,1,1,1,1,1,10,4,4,4,4,3,4,1,3,3,3,4,3,3,5,5,1,3,4,4,3,1,7,7,0,9,0,7,0,8,5,7,5,9,0,8,5,8,5,5,5,4,10,8,0,5,8,5,5,5,1,"S","S",0,"Left",0,0,1,0,2,0.7541
"0000001343",27,1,4,"No degree","Single",1,"White collar",4,1,1,0,3,"Stockholm","Svealand",3,,5,5,4,4,1,1,1,7,2,2,2,3,2,2,1,1,1,1,4,3,2,3,4,2,3,2,2,3,1,2,1,7,5,10,8,5,5,8,5,5,5,10,6,5,5,5,5,5,1,8,7,0,3,7,3,4,7,1,"SD","M",1,"Right",1,1,0,1,3,2.1262
"0000002079",75,0,8,"Postgraduate","Divorced",1,"Self-employed",4,1,1,0,2,"Värmland","Svealand",3,5,5,4,3,1,1,1,1,9,4,3,3,3,2,4,1,2,3,2,3,4,4,5,4,2,2,3,4,3,0,7,6,0,7,6,5,6,5,9,0,7,7,7,,,4,8,0,6,3,9,8,1,3,8,1,6,6,1,"L","L",0,"Right",0,1,0,1,2,0.5283
"0000000663",45,1,5,"No degree","Single",1,"White collar",5,2,1,0,3,"Stockholm","Svealand",3,5,5,3,1,3,2,2,1,10,2,2,3,4,3,4,2,2,3,2,,3,3,5,5,3,4,2,3,3,1,3,7,7,5,3,9,1,8,6,3,8,6,5,9,3,5,8,5,5,3,10,8,0,6,9,3,8,7,1,"M","M",0,"Right",0,1,0,0,2,1.1901
"0000000382",59,0,6,"No degree","Married",1,"Worker",5,1,1,0,1,"Skåne","Götaland",2,4,5,5,3,4,3,4,4,9,3,3,3,4,2,3,2,2,3,2,3,3,3,5,4,3,2,4,3,3,1,5,7,7,5,10,8,0,0,4,1,5,6,10,8,0,0,7,0,2,4,10,9,0,5,7,2,7,10,1,"SD","M",1,"Right",1,1,0,1,2,0.91
"0000000635",35,0,,,"Single",,,,,1,0,,"Stockholm","Svealand",3,4,4,4,3,3,2,5,2,7,3,3,3,4,2,2,2,1,3,,3,3,,,5,,,,,,,5,7,7,,,,,,,,,,,,,,,,,,,,,,,,,,1,"V","L",1,"Left",0,0,0,,,1.275
"0000001363",33,0,7,"Bachelor","Single",1,"Worker",1,1,1,0,2,"Uppsala","Svealand",4,4,4,2,3,2,1,1,2,5,2,2,3,3,1,2,2,1,2,4,,1,2,2,2,3,1,1,3,3,1,4,5,7,0,0,0,4,0,0,0,0,0,0,0,2,0,0,0,0,7,10,10,5,8,10,7,8,0,1,,,,,,,,1,3,1.0805
"0000002180",76,0,4,"No degree","Divorced",0,"White collar",1,1,1,0,2,"Västra Götaland","Götaland",2,4,5,4,4,4,3,3,3,8,3,3,3,4,3,3,2,3,3,2,3,3,3,5,5,3,3,3,4,3,,3,0,0,9,3,4,4,4,5,3,5,9,5,7,5,6,5,5,5,2,9,6,3,5,5,5,5,5,1,"S","S",0,"Left",0,0,1,0,1,0.821
"0000001863",76,0,3,"No degree","Single",0,"White collar",1,1,1,0,2,"Västra Götaland","Götaland",2,1,5,4,3,4,3,3,3,9,3,3,2,1,2,1,1,3,2,3,,3,3,5,4,3,4,4,4,4,0,2,0,0,8,6,7,5,6,5,5,5,6,7,7,6,6,5,5,6,3,2,3,2,1,1,1,2,3,1,,,,,,,,0,,1.0469
"0000000242",70,0,9,"Postgraduate","Married",1,"White collar",5,2,1,0,3,"Stockholm","Svealand",4,4,5,5,2,2,2,3,3,8,3,3,2,4,2,3,1,3,3,3,2,3,3,5,4,3,3,4,4,4,1,7,2,0,7,2,7,2,8,2,4,7,8,3,8,3,8,1,3,7,6,9,9,2,7,9,2,8,6,1,"C","M",1,"Left",0,0,0,0,1,0.5409
"0000000024",41,0,4,"No degree","Single",0,"Worker",4,2,1,0,1,"Västra Götaland","Götaland",3,4,5,5,2,1,4,4,4,8,3,3,3,3,3,2,1,3,3,1,3,3,4,5,3,2,1,2,4,3,1,2,4,4,8,5,5,3,3,9,0,5,5,5,5,5,5,5,5,5,4,10,7,0,6,7,2,6,4,1,"KD","S",1,"Right",0,1,0,1,2,1.1984
"0000000430",52,1,7,"Bachelor","Divorced",1,"Worker",2,2,1,0,1,"Västra Götaland","Götaland",3,4,4,4,2,3,3,4,1,9,4,4,4,4,3,4,2,3,4,2,2,2,3,5,4,3,2,4,3,3,1,5,5,5,7,5,8,1,6,8,3,7,8,8,8,1,6,7,3,6,4,7,7,1,5,7,2,7,6,1,"KD","M",1,"Right",0,1,0,0,,0.7658
"0000000938",31,1,8,"Postgraduate","Single",1,"White collar",4,2,1,0,1,"Västernorrland","Norrland",4,5,5,5,1,1,1,3,3,8,3,3,3,4,3,3,3,3,3,2,4,3,3,5,4,2,2,3,3,2,1,2,2,7,6,0,2,8,3,2,6,2,,0,4,6,6,1,5,5,4,9,9,2,9,9,5,9,0,1,"V","V",0,"Left",0,0,0,1,,1.073
"0000001520",45,0,7,"Bachelor","Divorced",1,"Worker",5,2,1,0,2,"Skåne","Götaland",2,4,5,5,1,1,1,3,2,9,3,3,3,4,3,4,2,3,3,1,3,3,2,5,5,3,2,3,3,2,1,5,3,1,9,0,9,5,5,4,6,6,10,0,6,4,7,4,5,5,2,5,9,0,5,7,1,6,2,1,"M","S",1,"Right",0,1,0,0,2,1.1984
"0000001510",23,0,4,"No degree","Single",1,"Worker",5,1,1,0,1,"Västra Götaland","Götaland",2,3,5,3,,,1,1,2,9,3,3,3,4,3,3,2,,3,2,3,3,3,5,4,3,3,2,4,3,1,3,1,7,6,9,9,0,,8,0,5,7,9,9,2,2,9,0,5,4,9,9,0,3,9,3,5,9,1,"M","M",0,"Right",0,1,0,0,1,1.7851
"0000002113",56,0,3,"No degree","Single",1,,2,1,1,0,1,"Blekinge","Götaland",3,3,5,5,5,5,3,3,3,5,2,2,2,2,2,2,2,3,3,3,,3,3,3,,2,3,3,3,3,0,2,2,2,8,5,0,0,2,5,5,0,8,2,1,1,2,2,2,1,5,0,5,5,5,5,5,5,5,1,"S","S",0,"Left",0,0,1,0,,1.1008
"0000001766",58,1,3,"No degree","Married",,"Worker",4,2,1,0,2,"Värmland","Svealand",3,4,5,,,,1,1,1,10,4,4,4,4,4,3,3,2,3,1,2,3,4,5,5,3,3,1,2,2,1,4,7,2,10,8,8,8,5,8,8,8,10,8,8,7,8,8,8,7,0,10,10,0,5,5,5,10,10,1,"S","S",0,"Left",0,0,1,1,3,1.0931
"0000001418",62,0,3,"No degree","Single",0,"Worker",1,1,1,0,2,"Södermanland","Svealand",,4,5,5,1,1,,5,,3,1,1,1,3,1,1,1,3,3,2,4,1,1,5,4,4,3,4,3,3,0,0,,0,,0,0,5,0,0,0,5,8,0,0,0,0,0,0,0,8,10,10,,,,,,3,1,"S","S",0,"Left",0,0,1,1,3,1.1008
"0000001420",81,1,5,"No degree","Married",0,,1,1,1,0,2,"Uppsala","Svealand",3,3,3,4,3,4,2,1,5,7,2,2,3,2,2,3,3,3,3,4,,2,3,5,5,3,3,4,4,4,1,7,,5,10,,10,,,,,,10,,9,,,,,,1,,7,2,,,,7,6,,,"M",,,,,,0,1,0.7489
"0000000468",34,1,7,"Bachelor","Married",1,"Worker",3,1,1,1,2,"Västmanland","Svealand",3,5,4,5,3,5,1,4,4,3,2,2,2,3,2,2,2,2,2,2,4,2,2,3,2,3,3,3,2,3,1,0,7,5,2,8,7,5,2,7,0,5,2,8,7,3,0,5,2,3,4,7,6,2,4,7,0,5,7,1,"SD","L",1,"Right",1,1,0,1,2,1.073
"0000001729",54,1,3,"No degree","Single",1,"Worker",,1,1,0,1,"Västerbotten","Norrland",3,4,5,5,1,3,1,2,4,8,3,2,3,3,2,3,2,3,3,2,4,3,3,4,4,2,2,3,3,3,0,7,7,7,9,0,1,8,6,1,7,3,9,1,1,6,8,1,6,4,3,10,9,0,5,8,4,7,2,1,"S","S",0,"Left",0,0,1,1,3,1.1901
"0000001241",30,1,4,"No degree","Single",0,"Worker",1,1,1,0,4,"Örebro","Svealand",3,4,5,3,2,1,1,4,3,8,3,3,3,4,2,4,1,2,2,1,,3,4,5,5,3,3,1,3,1,0,1,2,7,,0,2,10,2,0,7,2,6,0,0,6,1,0,7,5,4,10,9,0,7,10,4,8,2,1,,,,,,,,0,2,1.6674
"0000001044",67,1,5,"No degree","Married",1,"White collar",2,1,1,0,2,"Västerbotten","Norrland",3,4,5,4,1,1,1,1,1,9,3,3,3,2,,3,1,3,3,2,4,4,4,5,5,2,3,2,4,3,0,7,6,2,10,0,5,5,8,3,5,5,10,0,4,4,8,2,5,4,3,10,10,0,5,10,4,7,3,1,"S","S",0,"Left",0,0,1,1,3,0.7489
"0000001793",78,1,2,"No degree","Married",,"Worker",3,,1,0,1,"Skåne","Götaland",3,4,5,3,3,5,,,,,3,,3,,2,,,,2,4,3,3,3,5,3,2,2,4,,3,1,7,7,7,,,,5,,5,,5,9,3,2,7,,,5,5,2,10,10,1,5,,2,5,4,,"S","S",0,"Left",0,0,1,1,2,1.1014
"0000001717",46,0,5,"No degree","Married",1,"Worker",4,1,1,0,1,"Uppsala","Svealand",2,4,4,5,5,3,4,4,1,9,3,3,3,3,2,4,1,2,3,1,4,4,3,5,4,3,4,4,4,3,1,1,0,0,5,5,8,,4,9,0,,6,8,6,0,3,10,1,7,5,10,9,0,3,8,1,7,8,1,"KD","KD",0,"Right",0,1,0,0,2,1.1984
"0000002665",46,1,,,"Single",0,,,,1,0,2,"Östergötland","Götaland",3,4,,4,,,5,,,10,4,4,,,,,,3,2,3,2,2,1,3,5,3,4,,,,1,,,0,10,,,,,,10,,,,,,,,,,10,,,,,,9,,10,1,"MP",,,"Left",0,0,0,0,,1
"0000000418",59,0,8,"Postgraduate","Single",1,"White collar",4,1,1,0,2,"Kalmar","Götaland",4,5,5,5,1,1,1,1,1,10,4,4,4,4,3,3,1,3,3,2,3,4,4,5,5,3,2,3,5,3,1,7,3,0,8,0,0,4,7,0,9,0,9,0,0,5,9,0,8,1,6,10,10,0,7,10,2,8,2,1,"MP","S",1,"Left",0,0,0,1,2,0.7712
"0000001924",28,0,7,"Bachelor","Single",1,"White collar",3,2,1,0,2,"Skåne","Götaland",3,4,4,5,2,3,1,4,4,7,3,3,4,4,2,3,2,3,4,2,4,4,4,5,5,4,3,4,3,2,1,2,4,7,7,7,9,0,6,5,7,10,7,10,9,1,3,10,5,8,2,9,8,0,5,7,5,7,,1,"L","L",0,"Right",0,1,0,1,3,1.275
"0000000586",29,1,7,"Bachelor","Single",1,"White collar",5,2,1,0,4,"Stockholm","Svealand",3,4,5,5,1,1,1,2,1,10,3,3,3,3,2,3,2,3,3,2,4,4,4,5,5,1,3,3,3,3,1,2,6,7,9,0,1,9,7,1,8,1,10,0,1,9,8,1,8,2,3,8,9,1,6,8,3,7,2,1,"S","S",0,"Left",0,0,1,0,1,1.073
"0000001094",43,1,8,"Postgraduate","Married",1,"White collar",5,1,1,0,2,"Jönköping","Götaland",2,5,5,5,3,2,1,2,3,7,3,3,3,4,2,2,2,3,3,2,3,3,3,5,5,2,2,3,3,3,1,5,3,0,9,0,6,3,7,7,7,6,9,0,6,5,8,6,5,5,3,10,7,1,4,5,5,5,4,1,"S","S",0,"Left",0,0,1,1,2,0.7658
"0000002179",74,0,3,"No degree","Married",0,,2,2,1,0,1,"Uppsala","Svealand",4,4,5,5,3,4,4,4,5,7,3,2,3,3,1,2,1,2,2,1,,3,3,4,4,2,2,4,4,3,0,,2,2,8,9,8,5,0,8,0,6,8,9,7,5,0,8,0,7,4,9,9,2,5,7,0,6,,1,,,,,,,,0,,0.821
"0000000504",33,0,7,"Bachelor","Single",1,"White collar",4,1,1,0,1,"Västmanland","Svealand",3,5,5,3,2,1,3,3,3,9,3,3,3,3,2,3,2,3,3,3,4,4,3,5,4,2,3,3,3,3,1,7,7,0,8,4,8,4,7,4,7,4,9,5,8,3,7,3,7,5,2,10,8,1,5,9,3,7,5,1,"S","S",0,"Left",0,0,1,0,2,1.0805
"0000001770",27,0,8,"Postgraduate","Single",1,"Self-employed",1,2,1,0,4,"Stockholm","Svealand",3,4,5,3,4,2,4,5,2,8,3,3,3,3,3,2,2,2,3,2,3,2,3,4,5,3,3,3,3,1,1,3,5,7,1,2,10,0,7,10,0,8,7,8,8,7,7,9,2,9,3,5,10,0,4,10,2,7,9,1,"KD","KD",0,"Right",0,1,0,1,3,1.0805
"0000000590",51,1,4,"No degree","Single",1,"White collar",4,1,1,1,1,"Jönköping","Götaland",2,4,5,5,1,1,1,2,1,10,4,4,4,4,3,4,2,3,3,2,4,4,4,5,4,3,3,3,3,3,1,7,5,7,9,0,6,6,8,6,8,6,7,4,6,6,6,4,5,5,,,,,,,,,3,1,"S","S",0,"Left",0,0,1,0,1,1.1901
"0000001206",18,1,6,"No degree","Single",0,,4,3,1,0,1,"Värmland","Svealand",2,4,5,3,3,3,2,4,5,9,3,3,2,3,2,3,2,3,3,3,3,3,3,4,3,3,3,2,3,3,1,1,1,3,4,7,9,3,5,6,2,5,6,6,9,5,5,6,5,5,2,8,8,0,3,8,1,7,6,1,"M",,,"Right",0,1,0,0,2,2.2604
"0000002159",84,0,9,"Postgraduate","Married",1,,4,4,1,0,1,"Skåne","Götaland",3,4,5,5,4,3,2,3,4,10,3,2,4,3,2,3,1,2,3,1,3,3,3,5,4,2,2,3,3,2,0,5,0,2,2,7,9,0,7,6,0,6,3,7,8,0,6,6,0,7,2,10,8,0,5,6,0,6,7,1,"M","M",0,"Right",0,1,0,1,2,0.5409
"0000001787",73,1,7,"Bachelor","Married",0,"White collar",4,3,1,1,2,"Uppsala","Svealand",3,4,5,5,1,1,1,1,1,8,3,3,3,3,3,3,1,3,3,1,3,3,3,5,5,2,2,4,4,3,0,7,1,2,8,0,3,3,3,3,3,6,10,0,3,3,4,2,5,6,3,10,9,0,5,9,2,8,5,1,"S","L",1,"Left",0,0,1,0,1,0.5247
"0000000846",29,1,7,"Bachelor","Single",0,"White collar",2,1,1,0,4,"Stockholm","Svealand",2,4,5,3,3,3,2,1,1,10,3,3,3,4,3,,2,2,2,2,4,3,4,5,3,3,3,2,5,5,1,4,1,7,6,8,9,0,7,7,4,7,7,7,7,5,5,5,5,5,3,10,10,0,5,8,1,8,8,1,"M","C",1,"Right",0,1,0,0,2,1.073
"0000001444",76,0,3,"No degree","Divorced",1,"Farmer",3,1,1,0,2,"Västerbotten","Norrland",3,4,5,4,2,1,3,3,3,8,3,3,3,2,2,2,1,2,2,4,3,2,3,4,3,2,1,3,3,3,1,7,,7,8,7,7,6,9,6,5,8,8,9,8,8,8,7,5,8,5,9,9,1,7,9,4,8,6,1,"C","C",0,"Left",0,0,0,1,2,0.821
"0000001171",60,0,3,"No degree","Married",0,"Worker",4,6,1,0,1,"Västmanland","Svealand",2,4,5,5,5,,2,,,4,1,3,2,,,,,2,4,1,,1,4,5,4,2,4,4,5,3,1,2,,,8,6,5,5,5,5,5,5,8,5,5,5,5,5,5,5,5,10,9,3,7,8,6,8,5,1,,,,,,,,0,,1.1008
"0000001245",36,1,4,"No degree","Single",1,"Worker",3,1,1,0,2,"Gävleborg","Norrland",2,3,5,4,1,3,1,1,1,10,3,3,3,3,3,3,2,3,3,2,4,3,3,5,4,1,2,3,3,3,1,0,6,7,9,0,3,5,8,3,5,5,8,0,2,7,10,2,5,5,3,10,6,0,5,8,3,,3,1,"S","S",0,"Left",0,0,1,1,2,1.6674
"0000001125",26,0,6,"No degree","Single",0,"Self-employed",2,1,1,0,4,"Skåne","Götaland",2,4,5,3,2,2,2,2,2,8,2,2,2,3,2,2,1,2,3,2,2,3,3,5,2,2,3,3,3,3,1,0,7,0,8,0,7,4,7,1,5,7,8,8,6,5,9,0,5,7,4,10,6,0,5,8,3,8,6,1,"S","C",1,"Left",0,0,1,0,1,1.275
"0000000165",45,1,6,"No degree","Single",1,"White collar",2,1,1,0,4,"Stockholm","Svealand",3,4,5,5,2,1,1,3,2,1,4,4,4,4,3,3,2,2,3,2,4,3,3,5,5,3,3,3,3,3,1,3,7,0,5,2,9,2,7,2,2,8,8,6,8,8,4,6,4,8,6,10,9,0,6,7,0,8,8,1,"M","M",0,"Right",0,1,0,1,2,0.7658
"0000002676",84,0,,,"Married",0,"White collar",2,,1,0,4,"Västra Götaland","Götaland",3,5,5,2,1,3,,,5,7,3,3,3,,2,3,2,2,2,3,,3,3,5,5,3,4,3,,2,0,4,,,2,7,8,0,5,6,0,5,7,7,8,0,4,5,0,6,2,8,10,,3,6,0,6,8,,,,,,,,,1,2,0.5409
"0000000584",53,1,7,"Bachelor","Married",0,"White collar",5,1,1,1,4,"Skåne","Götaland",3,5,5,5,2,3,1,2,2,8,3,3,3,3,2,2,2,3,4,2,4,3,3,5,4,3,3,3,3,3,1,5,3,6,9,0,6,5,7,0,6,8,9,0,3,5,8,1,6,7,4,7,9,0,5,10,3,6,5,1,"S","S",0,"Left",0,0,1,0,1,0.7658
"0000000204",57,0,5,"No degree","Married",1,,5,2,1,0,1,"Norrbotten","Norrland",3,5,5,5,3,2,1,4,3,9,4,4,3,4,3,3,1,3,4,2,3,4,3,5,5,3,2,2,3,3,0,6,7,1,8,6,8,8,1,6,0,5,9,8,9,9,0,8,0,8,4,6,9,1,3,9,3,6,7,1,"M","M",0,"Right",0,1,0,0,2,0.91
"0000002093",75,1,7,"Bachelor","Married",0,"White collar",1,2,1,0,1,"Värmland","Svealand",3,4,5,5,4,3,1,1,1,10,4,3,3,4,3,4,2,2,3,2,3,4,3,5,5,3,3,2,4,3,0,5,7,1,6,4,9,0,0,8,0,5,5,6,10,1,0,9,0,9,3,10,10,0,3,9,0,7,9,1,"M","M",0,"Right",0,1,0,1,2,0.5247
"0000001430",58,0,3,"No degree","Married",1,"Worker",5,1,1,0,2,"Östergötland","Götaland",3,5,5,2,3,2,1,1,2,9,3,3,3,4,2,3,2,3,4,2,4,3,4,5,4,3,3,2,3,3,1,5,3,5,6,0,4,0,9,0,5,4,8,0,5,2,10,0,4,6,4,10,9,1,6,9,2,6,7,1,"C","L",1,"Left",0,0,0,0,2,1.1984
"0000001023",52,1,6,"No degree","Married",1,"White collar",5,1,1,0,2,"Gävleborg","Norrland",2,4,5,,5,4,4,2,2,8,3,3,3,3,2,3,2,2,3,2,4,3,3,4,5,2,2,4,,3,1,2,,,7,5,9,2,5,5,0,9,7,5,9,3,5,5,0,9,3,10,8,0,5,5,0,7,7,1,"M","M",0,"Right",0,1,0,1,2,0.9037
"0000000017",51,0,8,"Postgraduate","Divorced",1,"White collar",4,1,1,0,4,"Uppsala","Svealand",3,5,5,4,2,1,1,4,4,8,3,3,3,4,2,3,1,3,4,2,2,2,2,5,5,3,2,4,4,4,,5,6,,6,0,1,2,0,1,4,6,8,0,3,3,4,0,5,6,5,8,8,1,7,9,3,6,5,1,"L","S",1,"Right",0,1,0,0,2,0.7712
"0000002353",90,0,9,"Postgraduate","Married",0,"White collar",4,3,1,,3,"Västra Götaland","Götaland",4,5,5,5,1,2,1,1,1,10,4,3,4,4,3,3,1,3,3,4,4,3,4,5,5,4,3,4,3,3,0,5,3,0,6,1,10,0,5,7,0,5,7,7,9,1,3,8,1,5,2,7,10,0,4,8,1,7,9,1,"M","M",0,"Right",0,1,0,0,,0.5409
"0000002697",78,0,7,"Bachelor","Married",0,"White collar",5,2,1,0,3,"Stockholm","Svealand",4,5,5,5,2,1,1,2,2,10,4,4,4,4,3,4,2,3,,3,3,4,4,,5,,3,4,4,3,1,7,5,0,9,0,6,6,9,6,3,8,10,2,5,9,10,5,7,9,2,10,8,0,3,9,1,3,3,1,"S","L",1,"Left",0,0,1,0,2,0.5283
"0000000591",38,0,7,"Bachelor","Single",1,"White collar",4,2,0,1,4,"Stockholm","Svealand",2,4,5,4,4,5,1,2,4,7,3,3,3,3,2,2,2,3,3,4,3,2,3,4,3,1,3,3,3,3,1,2,6,7,8,0,2,10,5,0,8,0,8,0,0,10,8,0,0,0,4,10,10,0,4,10,2,10,0,1,"V","S",1,"Left",0,0,0,0,2,1.6791
"0000002482",76,0,5,"No degree","Widowed",0,"Self-employed",1,3,1,0,3,"Västra Götaland","Götaland",3,5,5,4,1,1,1,1,1,10,4,4,4,4,4,4,1,3,4,2,4,4,3,5,5,3,3,4,4,,1,7,7,0,9,3,9,3,8,4,5,8,9,3,9,3,8,4,5,8,6,5,8,2,7,7,5,7,6,1,"S","M",1,"Left",0,0,1,0,2,0.821
"0000000379",55,1,,,"Divorced",,,,,1,0,,"Stockholm","Svealand",2,4,5,5,5,,3,4,,9,,,,,,,,,,,,,,,,,,,,,,0,,,,,,,,,,,,,,,,,,,,,,,,,,,,,,,,,,,,,,0.9037
"0000000901",34,1,8,"Postgraduate","Married",1,"White collar",2,1,0,,2,"Västernorrland","Norrland",3,3,1,2,2,1,3,3,2,7,3,2,3,3,2,1,1,2,2,2,4,3,2,5,4,3,4,2,3,3,1,4,2,0,0,9,9,0,2,4,1,5,0,9,9,0,2,4,1,5,0,9,8,0,1,4,1,4,8,1,"SD","SD",0,"Right",1,1,0,0,,1.073
"0000001716",53,0,4,"No degree","Divorced",,"Worker",2,1,1,0,4,"Västra Götaland","Götaland",2,5,5,4,1,1,2,2,1,7,3,3,4,2,1,3,2,2,3,2,,2,3,5,4,2,2,2,4,2,0,4,0,0,10,1,8,4,5,4,3,8,8,2,4,9,5,6,7,5,5,5,5,5,5,5,5,5,7,1,"S",,,"Left",0,0,1,0,2,1.1984
"0000000742",64,0,4,"No degree","Married",1,,5,3,1,0,1,"Västra Götaland","Götaland",2,5,5,5,1,1,1,2,4,7,2,2,3,2,2,2,1,3,2,4,3,3,2,4,4,2,2,4,3,3,1,1,2,3,3,0,2,2,3,1,8,2,8,0,0,2,5,0,7,1,2,9,9,1,5,8,3,7,3,1,"MP","MP",0,"Left",0,0,0,0,1,0.91
"0000002208",33,0,6,"No degree","Single",0,"Worker",3,4,1,1,3,"Stockholm","Svealand",3,4,3,5,3,3,1,4,4,7,2,2,2,2,2,2,2,2,2,2,,1,2,4,3,2,3,2,3,2,1,5,7,0,9,0,5,9,7,0,9,6,9,0,2,10,9,0,9,5,3,10,8,1,5,10,2,7,5,1,,"MP",,,,,,0,,1.0805
"0000001459",80,0,2,"No degree","Divorced",1,"Farmer",2,1,1,0,1,"Jämtland","Norrland",4,4,5,5,2,4,2,2,4,8,4,4,3,3,2,2,,2,3,3,4,3,3,4,5,2,2,4,4,3,,7,0,0,8,9,7,7,5,7,1,6,7,9,7,5,2,7,0,5,4,8,10,1,3,8,1,7,7,1,"SD","SD",0,"Right",1,1,0,1,2,0.7541
"0000002729",71,0,4,"No degree","Married",0,"Self-employed",2,2,1,0,1,"Kalmar","Götaland",2,4,5,5,2,1,1,4,2,7,3,3,3,3,2,2,1,3,4,3,3,3,3,5,4,2,3,4,3,3,0,0,3,0,5,1,7,1,5,5,4,3,7,1,5,3,5,1,5,5,3,9,7,2,6,5,4,5,6,1,"M","S",1,"Right",0,1,0,0,1,0.821
"0000000264",37,1,8,"Postgraduate","Single",0,"Worker",2,1,1,0,4,"Stockholm","Svealand",3,5,5,3,3,1,1,2,2,8,3,3,3,4,3,3,2,3,3,2,3,4,4,5,5,2,2,4,4,2,1,1,7,7,9,0,3,9,5,2,8,4,10,0,3,10,7,4,8,7,2,10,9,0,5,9,3,8,2,1,"S","V",1,"Left",0,0,1,1,2,1.073
"0000002735",72,0,3,"No degree","Married",0,"White collar",3,1,1,0,2,"Norrbotten","Norrland",3,5,5,3,4,3,1,1,1,8,3,2,4,4,2,3,1,3,4,3,3,4,4,5,5,3,3,3,4,4,1,4,7,0,8,2,5,7,6,5,0,5,8,6,3,8,7,5,0,6,2,10,10,2,5,7,5,8,3,1,"S","S",0,"Left",0,0,1,1,2,0.7541
"0000001682",56,0,4,"No degree","Divorced",0,,1,,0,,2,"Stockholm","Svealand",2,4,3,3,3,3,3,3,4,8,4,4,4,4,2,3,3,3,3,4,3,3,3,4,2,3,3,2,4,3,0,1,0,1,10,1,3,9,4,7,9,10,10,1,3,9,4,7,,10,10,0,2,8,,8,,10,6,1,"S","S",0,"Left",0,0,1,1,2,1.1008
"0000002521",77,1,3,"No degree","Widowed",0,"White collar",1,1,1,0,1,"Västra Götaland","Götaland",2,4,5,5,1,3,1,1,1,8,3,3,3,3,2,3,,3,3,2,3,2,3,4,3,3,3,4,3,3,0,7,0,0,8,1,3,7,6,3,6,3,9,8,2,7,7,1,7,3,3,7,10,0,4,8,3,9,4,1,"S","S",0,"Left",0,0,1,1,2,0.7489
"0000002768",50,1,8,"Postgraduate","Single",0,"White collar",1,1,1,0,2,"Skåne","Götaland",4,5,5,5,4,1,1,5,3,8,2,3,3,4,2,4,2,4,3,,4,3,4,5,4,3,3,4,4,1,1,6,0,7,9,1,4,8,4,1,9,2,10,1,1,9,3,1,7,5,3,8,8,1,6,9,4,8,2,1,"S","S",0,"Left",0,0,1,0,1,0.7658
"0000001380",70,0,5,"No degree","Married",0,"Worker",3,4,1,0,1,"Jönköping","Götaland",3,4,5,5,4,1,1,1,1,9,4,4,3,3,3,3,1,3,4,3,4,4,3,5,5,2,3,5,5,5,1,7,7,0,,,,,,,,,10,0,1,9,7,0,8,1,1,10,10,0,5,10,3,9,1,1,"S","S",0,"Left",0,0,1,1,2,0.7541
"0000002593",81,0,3,"No degree","Married",0,"White collar",2,2,1,,2,"Stockholm","Svealand",3,4,5,4,2,3,2,3,2,8,3,3,3,3,2,3,1,2,3,2,3,3,3,5,4,3,3,3,4,3,1,6,7,0,5,2,8,0,2,6,1,9,5,5,8,0,0,6,0,6,3,5,7,1,4,6,3,6,7,1,"L","M",1,"Right",0,1,0,1,2,1.0469
"0000001028",60,0,7,"Bachelor","Married",0,"White collar",3,2,1,0,2,"Stockholm","Svealand",,4,4,4,4,3,2,4,3,8,3,3,3,4,2,3,1,3,3,3,3,3,3,4,5,3,3,4,4,3,1,0,7,0,9,2,6,5,5,5,5,5,8,4,6,6,5,5,4,5,3,10,8,1,4,7,3,6,5,1,"S","S",0,"Left",0,0,1,0,2,0.91
"0000000515",46,1,7,"Bachelor","Married",1,"White collar",5,1,1,0,3,"Västra Götaland","Götaland",3,5,5,3,1,1,1,2,2,8,3,2,3,3,3,4,1,3,3,2,2,2,4,5,5,2,2,4,3,3,1,1,7,0,8,0,2,8,7,0,8,1,9,0,1,8,9,0,6,1,2,7,7,1,4,10,4,8,3,1,"V","MP",1,"Left",0,0,0,0,,0.7658
"0000002829",76,0,3,"No degree","Married",0,"Worker",2,3,1,0,2,"Västmanland","Svealand",4,5,5,2,4,4,4,4,4,10,4,4,3,3,2,3,2,4,4,5,4,4,4,5,4,3,3,5,5,5,0,5,0,0,10,0,1,8,9,1,8,1,,,,,,,,,,,,,,,,,,1,"S","S",0,"Left",0,0,1,1,3,0.7541
"0000002547",76,0,,,"Married",,,,,1,0,,"Värmland","Svealand",,5,5,1,1,4,1,1,3,9,2,2,3,3,2,2,,2,4,,,3,,,2,,,,,,,5,5,,,,,,2,,,,,,,,,,,,,,,,,,,,,,,,,,,,,,,0.6234
"0000000675",79,0,,,"Married",,,,,1,0,,"Stockholm","Svealand",3,4,4,2,3,4,3,3,3,3,3,3,2,2,2,2,2,2,3,,,3,3,3,2,3,,3,3,3,0,7,5,0,4,7,7,4,2,7,4,5,5,7,7,3,2,7,4,6,3,4,5,2,2,5,3,4,5,,,,,,,,,0,,0.5283
"0000002830",83,1,3,"No degree","Married",0,"Self-employed",2,2,1,0,2,"Kalmar","Götaland",3,5,5,4,5,3,1,1,3,10,3,3,2,3,2,3,2,1,2,3,4,,4,5,4,3,2,3,3,3,0,7,6,6,2,9,8,0,1,9,1,9,1,9,9,0,,9,0,9,1,9,9,0,2,9,0,9,9,1,"L","KD",1,"Right",0,1,0,0,,1.0396
"0000001140",61,0,7,"Bachelor","Married",0,"Worker",4,1,1,0,2,"Skåne","Götaland",3,1,5,5,1,3,3,3,3,9,2,3,3,3,2,2,1,3,3,,4,2,3,5,5,3,4,2,3,2,1,0,7,0,5,5,5,5,5,5,5,5,5,5,5,5,5,5,5,5,4,7,6,3,6,5,3,5,5,1,"SD","L",1,"Right",1,1,0,0,,0.91
"0000000330",34,1,8,"Postgraduate","Married",1,"Worker",5,2,1,0,3,"Stockholm","Svealand",2,4,5,5,4,3,3,4,1,8,3,3,3,4,2,4,1,3,3,2,3,2,3,5,5,2,2,4,3,3,1,0,0,7,7,0,10,0,10,4,3,10,8,0,7,0,10,3,0,7,3,7,10,0,9,5,0,9,8,1,"L","C",1,"Right",0,1,0,0,1,1.073
"0000002443",89,0,,,"Married",0,"Self-employed",3,,1,0,2,"Västra Götaland","Götaland",2,3,5,5,3,5,5,5,1,10,3,2,3,2,2,3,2,2,3,2,4,4,4,5,5,3,3,3,3,3,0,6,7,0,5,7,9,0,5,6,0,5,8,6,9,2,5,5,0,6,4,10,10,0,5,7,1,6,9,1,"M","M",0,"Right",0,1,0,1,2,0.821
"0000000179",40,0,8,"Postgraduate","Married",1,"White collar",5,2,0,,4,"Stockholm","Svealand",3,4,4,4,4,4,4,3,3,6,3,3,3,3,2,3,2,2,3,2,4,3,3,5,5,3,3,3,3,4,1,3,7,7,0,0,10,0,2,8,2,9,0,0,10,0,2,7,2,9,1,10,9,0,5,8,4,7,8,1,"M","M",0,"Right",0,1,0,1,2,1.0805
"0000001734",55,0,3,"No degree","Single",1,"Worker",2,1,1,1,1,"Dalarna","Svealand",3,4,5,3,4,3,1,2,3,8,2,3,2,3,3,2,2,3,3,2,4,4,4,5,5,2,2,2,3,2,1,0,0,0,10,0,0,8,3,0,5,2,10,0,1,7,6,0,5,4,2,10,9,1,5,9,5,7,2,1,"S","S",0,"Left",0,0,1,1,3,1.1984
"0000002478",71,1,4,"No degree","Married",0,"Self-employed",5,1,1,0,2,"Östergötland","Götaland",3,4,5,2,4,4,3,3,4,7,3,3,3,3,3,2,2,,2,4,3,3,3,4,5,2,2,4,4,3,0,7,4,2,,6,10,0,6,9,0,7,4,8,10,0,6,10,0,8,4,7,10,0,4,10,0,6,9,1,"M","KD",1,"Right",0,1,0,1,2,1.1014
"0000002028",78,0,6,"No degree","Married",0,"White collar",2,1,0,,2,"Västra Götaland","Götaland",3,4,5,5,4,3,1,1,3,7,4,3,2,3,2,3,1,3,3,4,3,1,3,5,3,2,2,2,2,3,1,,7,0,9,5,3,7,7,5,6,5,10,6,4,5,2,2,5,4,3,6,10,0,5,8,4,6,3,1,"S",,,"Left",0,0,1,0,2,0.821
"0000001308",56,1,3,"No degree","Married",1,"Worker",3,2,1,0,2,"Skåne","Götaland",3,4,5,,,,3,3,,7,3,3,3,3,3,,,3,3,2,3,3,3,4,5,3,4,4,4,4,1,3,7,5,9,0,7,3,6,4,4,5,10,3,6,2,6,4,5,3,3,5,10,0,5,5,5,7,7,1,"S","S",0,"Left",0,0,1,1,2,1.1901
"0000001170",54,0,2,"No degree","Single",1,"Worker",1,1,1,0,4,"Stockholm","Svealand",,5,5,5,1,4,1,1,4,8,3,3,3,3,3,3,,,3,,4,4,3,5,,3,3,,,,,1,0,2,9,0,0,10,6,0,9,1,9,0,0,10,7,0,8,1,,,,,,,,,,1,"V","V",0,"Left",0,0,0,,,1.5282
"0000002602",89,0,8,"Postgraduate","Widowed",0,"White collar",1,2,1,0,4,"Stockholm","Svealand",4,5,5,5,4,2,,4,,9,4,4,3,3,,2,1,1,3,3,3,3,3,5,5,3,3,3,3,3,1,7,7,5,1,8,6,0,0,7,0,3,1,8,5,1,0,5,0,4,1,8,7,0,4,5,1,1,7,1,"M","SD",1,"Right",0,1,0,0,,0.5283
"0000000638",54,1,6,"No degree","Divorced",1,"White collar",4,1,1,0,2,"Gävleborg","Norrland",3,4,5,5,2,1,4,4,2,8,3,3,4,4,2,3,1,3,4,2,3,2,4,5,2,2,2,4,5,3,1,3,7,7,9,0,2,10,5,2,6,4,9,0,2,10,5,2,5,4,2,10,9,0,4,10,4,6,0,1,"S","V",1,"Left",0,0,1,1,2,0.9037
"0000001078",47,1,8,"Postgraduate","Married",1,"White collar",5,1,1,0,3,"Stockholm","Svealand",2,4,5,5,2,1,1,1,1,10,4,4,4,4,4,4,2,3,3,2,4,3,4,5,4,2,2,2,2,3,1,2,7,7,9,0,6,6,8,3,8,7,10,0,7,6,8,0,7,6,3,10,9,0,5,10,0,8,3,1,"S","C",1,"Left",0,0,1,0,,0.7658
"0000001331",51,1,5,"No degree","Divorced",0,"Worker",2,1,1,0,2,"Västmanland","Svealand",2,4,4,5,1,3,1,1,5,7,1,1,1,2,3,2,3,,1,1,3,3,1,3,4,1,1,2,1,3,1,0,0,0,0,10,0,0,0,0,0,0,1,10,1,1,1,1,1,1,5,5,5,5,5,5,5,5,5,1,"SD","SD",0,"Right",1,1,0,1,,1.1901
"0000001348",66,0,5,"No degree","Divorced",0,"Worker",4,1,1,0,1,"Kronoberg","Götaland",3,4,5,4,1,1,1,1,1,7,3,3,2,3,2,2,2,2,2,2,,3,3,5,3,2,2,2,2,2,1,3,,,8,7,9,0,3,8,0,7,8,8,9,4,6,8,4,8,6,8,8,3,5,8,3,7,,1,,,,,,,,1,2,0.7541
"0000001818",75,0,,,"Married",,,,,1,0,,"Stockholm","Svealand",3,3,5,,,,4,4,1,9,2,2,4,3,2,3,1,2,1,,4,3,,,4,,,,,,,3,,0,1,9,9,0,2,8,0,7,2,9,8,0,0,8,0,7,,,,,,,,,,1,"M","M",0,"Right",0,1,0,,,0.5283
"0000002582",69,0,3,"No degree","Married",0,"Worker",1,1,0,,1,"Stockholm","Svealand",4,5,5,5,1,1,1,1,2,10,3,3,3,3,3,2,2,3,3,2,3,3,4,5,5,3,3,4,4,3,1,6,7,0,8,0,1,9,8,5,7,5,8,0,1,8,7,1,7,4,2,10,8,1,3,,,6,1,1,"V","V",0,"Left",0,0,0,0,2,1.0469
"0000000756",38,0,5,"No degree","Married",1,"White collar",5,2,1,0,1,"Skåne","Götaland",2,4,5,5,1,1,2,5,2,9,3,3,3,4,2,2,2,3,3,1,2,2,3,5,5,3,4,2,3,3,1,0,7,7,7,0,7,5,9,3,4,9,7,0,5,7,10,3,5,6,5,10,8,2,6,9,3,7,6,1,"L","L",0,"Right",0,1,0,0,1,1.6791
"0000002529",74,0,2,"No degree","Widowed",0,"Worker",1,3,1,0,1,"Kalmar","Götaland",3,3,4,3,3,3,,,5,7,3,3,2,3,3,3,2,3,3,2,4,3,3,5,5,3,3,4,4,4,1,7,,,9,5,10,5,5,5,9,5,9,5,10,5,5,5,9,5,8,0,10,0,0,0,7,0,,1,"M","M",0,"Right",0,1,0,1,2,0.7541
"0000002115",80,0,5,"No degree","Widowed",1,"White collar",3,2,1,0,1,"Dalarna","Svealand",4,,5,4,2,4,1,1,2,8,3,2,3,2,2,3,2,2,2,2,4,4,3,4,5,3,2,3,3,3,0,7,6,7,5,0,7,1,8,6,1,5,5,3,5,2,6,3,1,5,4,8,10,0,6,9,1,6,8,1,"C","C",0,"Left",0,0,0,1,3,0.821
"0000001987",69,1,8,"Postgraduate","Single",0,"White collar",1,1,1,0,3,"Uppsala","Svealand",3,4,5,5,2,1,1,4,,7,3,3,3,3,2,3,3,3,3,4,4,,3,3,5,2,3,4,4,2,0,4,3,6,9,0,1,9,7,0,8,2,10,0,0,9,7,0,9,2,1,10,10,0,7,10,2,9,0,1,"S","V",1,"Left",0,0,1,0,2,0.5247
"0000001442",52,0,4,"No degree","Single",0,,2,1,1,0,1,"Skåne","Götaland",3,4,5,5,1,4,1,1,5,5,2,2,2,3,2,3,1,2,2,3,,4,3,5,5,3,3,3,4,3,1,5,0,0,10,5,0,10,0,5,0,0,10,5,5,10,5,5,5,5,4,6,8,2,10,8,3,10,3,1,,,,,,,,1,,1.1984
"0000000051",29,1,8,"Postgraduate","Married",0,"White collar",5,2,1,0,4,"Stockholm","Svealand",3,4,4,5,3,1,2,4,2,7,3,2,2,4,2,3,2,3,2,3,4,3,3,5,3,2,2,2,,3,1,1,3,7,9,0,5,3,10,1,10,4,10,0,6,3,10,0,10,2,4,5,8,,7,8,4,6,6,1,"C","M",1,"Left",0,0,0,1,2,1.073
"0000001159",37,1,4,"No degree","Single",1,"Worker",5,2,1,0,1,"Östergötland","Götaland",2,4,3,3,3,3,3,3,3,7,3,3,2,4,2,3,3,3,3,1,3,3,3,5,5,2,2,3,2,2,1,1,2,7,7,7,9,0,6,10,0,5,6,10,7,0,6,10,0,5,3,7,10,0,4,10,2,5,7,1,"KD","KD",0,"Right",0,1,0,0,2,1.6674
"0000002060",77,0,2,"No degree","Divorced",1,"Worker",3,1,1,0,1,"Värmland","Svealand",3,3,5,3,4,2,1,1,3,10,3,2,3,2,2,4,1,4,4,4,3,4,3,5,3,3,4,2,5,3,0,7,0,0,10,0,0,8,5,0,6,3,10,0,0,4,7,0,5,0,0,10,10,2,2,10,3,5,0,1,"S","S",0,"Left",0,0,1,1,3,1.1092
"0000000171",52,1,6,"No degree","Married",1,"White collar",,1,1,0,4,"Västmanland","Svealand",2,5,5,3,3,3,1,4,4,5,3,2,2,3,2,3,1,,,1,,3,3,5,3,,2,3,3,3,1,1,7,0,5,0,5,5,5,5,4,5,7,0,3,5,7,5,3,5,4,10,7,2,6,7,3,5,5,1,,,,,,,,0,1,0.7658
"0000001409",24,1,7,"Bachelor","Single",1,"Worker",1,1,1,0,2,"Skåne","Götaland",3,4,5,2,1,1,1,1,2,8,3,3,2,4,2,4,2,4,4,1,4,4,4,5,4,3,4,2,4,3,1,0,,7,8,0,0,7,7,0,6,3,10,0,2,10,10,1,6,4,3,8,8,0,4,8,0,6,3,1,"S","C",1,"Left",0,0,1,1,2,1.1407
"0000001382",59,1,3,"No degree","Divorced",0,,2,1,1,0,2,"Jönköping","Götaland",2,4,5,5,2,2,1,3,5,8,3,3,2,3,2,3,1,3,4,1,4,4,3,3,5,1,2,2,3,3,1,7,1,3,,0,0,6,0,0,,0,10,0,0,10,0,0,8,0,3,10,10,1,7,10,4,10,2,1,"S","S",0,"Left",0,0,1,1,3,1.0931
"0000002061",76,0,2,"No degree","Married",1,,2,1,1,,3,"Stockholm","Svealand",4,4,5,4,3,1,1,1,3,8,4,3,3,2,2,1,1,3,3,2,4,3,3,5,4,2,4,4,3,3,0,5,0,0,10,1,2,8,7,0,8,1,10,1,2,7,8,1,7,0,1,10,9,0,5,10,4,8,,1,"S","S",0,"Left",0,0,1,1,3,0.7541
"0000000934",38,0,6,"No degree","Married",1,"White collar",3,1,1,0,3,"Västra Götaland","Götaland",3,3,5,2,2,3,4,5,4,9,4,3,4,4,3,3,1,3,3,3,3,3,4,5,5,3,4,2,3,2,1,1,1,2,4,4,6,5,5,5,3,6,2,6,7,7,6,5,2,6,3,10,7,0,4,6,3,6,7,1,"L","L",0,"Right",0,1,0,0,2,1.275
"0000002096",82,1,7,"Bachelor","Widowed",0,"White collar",1,1,1,0,1,"Skåne","Götaland",4,4,5,3,2,1,3,3,3,7,3,3,3,3,3,3,2,3,,3,3,3,3,4,3,3,3,3,3,3,0,7,,,,0,,,10,,8,8,8,4,8,6,10,4,8,8,2,0,8,2,10,2,2,6,8,1,"C","C",0,"Left",0,0,0,0,,0.5247
"0000000438",50,1,8,"Postgraduate","Married",1,"Worker",3,1,0,1,2,"Örebro","Svealand",1,4,5,5,4,3,4,5,5,5,3,2,3,4,1,1,1,3,3,2,,3,2,3,3,2,2,3,3,2,1,0,1,1,10,0,7,7,6,6,10,9,8,0,7,7,7,6,7,7,0,10,8,8,9,9,4,4,0,1,"S","S",0,"Left",0,0,1,0,,0.7658
"0000002799",75,1,2,"No degree","Married",0,"Worker",1,2,1,0,1,"Örebro","Svealand",2,4,5,4,4,5,3,3,3,5,3,3,3,4,4,4,3,3,3,1,4,4,3,5,3,3,3,5,5,5,0,1,3,5,5,6,8,4,4,2,0,5,7,9,7,4,4,1,6,4,5,5,5,5,5,5,5,5,5,1,"M","S",1,"Right",0,1,0,0,2,1.1014
"0000000513",49,1,6,"No degree","Single",1,"White collar",3,1,1,0,4,"Skåne","Götaland",3,4,5,4,1,1,1,1,1,10,3,4,4,2,3,3,2,2,3,3,4,2,4,5,5,2,4,2,4,3,1,2,,,1,0,9,0,7,7,0,10,3,0,8,0,6,7,0,6,2,10,10,0,5,7,1,7,7,1,"L","M",1,"Right",0,1,0,1,2,1.1901
"0000001118",36,0,,,"Single",,,,,1,0,,"Västra Götaland","Götaland",2,4,2,1,2,3,4,1,,6,3,3,3,1,2,4,4,1,3,,3,,,,,,,,,,,0,0,1,0,10,6,,0,6,5,3,0,10,4,4,0,10,4,4,,10,,,,,,,,1,"SD","SD",0,"Right",1,1,0,,2,1
"0000000809",31,1,8,"Postgraduate","Single",1,"White collar",1,1,0,1,4,"Östergötland","Götaland",2,4,5,4,3,2,3,3,3,8,3,3,3,4,2,3,2,3,3,1,3,3,3,4,4,2,2,3,3,4,1,1,0,7,7,5,6,5,4,5,5,5,7,5,4,5,4,5,5,5,4,10,7,0,5,5,5,5,4,1,"S",,,"Left",0,0,1,0,2,1.073
"0000000442",72,1,7,"Bachelor","Married",0,"Worker",,1,1,0,1,"Södermanland","Svealand",3,4,4,5,4,3,1,1,1,8,3,3,3,3,,3,2,4,3,2,,,3,3,5,2,3,4,4,4,1,6,5,7,10,0,5,5,8,4,8,6,10,1,1,5,9,4,7,6,3,10,10,0,5,10,4,6,,1,"MP","S",1,"Left",0,0,0,1,3,0.6191
"0000002286",81,1,,,"Married",0,"White collar",1,,1,0,2,"Stockholm","Svealand",2,3,5,3,2,2,1,1,1,7,3,3,3,,,,,3,3,3,2,3,3,5,3,2,3,4,4,3,0,4,0,7,5,0,8,4,5,5,5,8,7,0,8,3,5,3,5,8,1,10,10,0,5,10,5,10,9,1,"C","M",1,"Left",0,0,0,1,2,1
"0000002580",62,1,4,"No degree","Married",0,"White collar",1,1,0,,1,"Östergötland","Götaland",2,4,3,4,5,4,5,5,5,10,4,4,4,3,3,3,3,1,2,1,4,3,3,5,5,3,3,2,1,2,1,0,0,7,10,,,,,,,,10,,,,,,,,,10,,,,,,,10,1,"S",,,"Left",0,0,1,0,3,1.1901
"0000000896",53,0,3,"No degree","Divorced",0,"White collar",1,1,0,,3,"Stockholm","Svealand",1,3,3,3,4,3,1,1,1,5,3,3,3,3,2,2,2,3,3,2,3,3,2,4,3,2,2,3,3,3,0,3,0,0,8,2,7,4,4,3,4,4,8,3,8,3,3,3,5,6,,,,,,,,,,1,"S","S",0,"Left",0,0,1,1,1,1.1984
"0000001805",18,1,4,"No degree","Single",0,"Worker",5,2,1,0,2,"Östergötland","Götaland",3,5,5,5,1,1,1,4,4,9,3,3,3,4,2,3,2,2,3,1,3,3,3,5,5,2,3,2,3,2,1,1,2,7,6,0,8,2,5,6,6,7,6,2,9,7,6,7,5,6,2,10,8,0,4,9,3,7,6,1,"M",,,"Right",0,1,0,0,2,2.2604
"0000001046",43,1,7,"Bachelor","Single",1,"White collar",1,1,1,0,2,"Jämtland","Norrland",2,3,5,4,3,2,2,3,3,9,3,2,2,3,2,2,2,2,2,2,2,2,3,5,4,2,2,4,3,3,0,1,3,4,3,1,5,3,5,0,2,5,5,0,3,1,5,1,5,4,4,5,8,1,5,6,1,7,6,1,"L","S",1,"Right",0,1,0,0,,0.7658
"0000000314",64,1,7,"Bachelor","Married",1,"White collar",2,2,1,0,4,"Västra Götaland","Götaland",3,4,5,4,4,3,2,3,3,8,3,3,3,3,2,3,1,3,3,2,4,3,4,5,5,2,3,4,4,3,1,7,2,7,9,0,1,6,5,0,6,5,10,0,0,7,7,0,6,5,2,10,10,0,4,10,1,6,2,1,"S","S",0,"Left",0,0,1,1,2,0.9037
"0000002184",80,1,6,"No degree","Married",0,"White collar",,1,1,0,3,"Stockholm","Svealand",2,3,4,3,4,3,3,5,2,8,3,3,4,4,2,3,1,,3,2,4,3,3,4,3,3,4,2,3,3,1,7,2,0,4,8,9,0,1,5,0,5,7,9,9,0,0,9,0,5,5,8,9,0,3,5,1,,9,1,"M","SD",1,"Right",0,1,0,0,2,0.8153
"0000000509",49,1,7,"Bachelor","Married",1,"White collar",5,1,1,0,2,"Kalmar","Götaland",2,4,5,4,1,1,1,1,1,8,3,3,3,3,2,4,1,2,3,1,,4,4,5,5,3,3,3,3,3,1,1,0,0,5,5,10,5,5,5,5,5,5,5,7,5,5,5,5,5,0,10,10,1,5,10,2,5,10,1,,"M",,,,,,1,3,0.7658
"0000002155",83,0,2,"No degree","Married",0,"Worker",2,3,1,,1,"Västerbotten","Norrland",3,4,5,4,4,1,1,2,1,6,3,3,3,3,3,2,2,3,4,4,4,3,2,5,5,3,3,4,4,3,0,5,0,0,9,0,0,6,8,1,1,7,10,0,0,,8,1,0,,3,9,8,1,5,9,3,5,3,1,"S","S",0,"Left",0,0,1,1,2,1.1092
"0000000010",59,0,4,"No degree","Married",1,"White collar",4,1,1,0,1,"Dalarna","Svealand",3,3,5,5,1,2,1,2,1,7,3,2,3,4,2,3,1,2,3,1,3,2,3,5,4,3,3,4,4,3,1,1,5,7,6,0,3,1,5,1,0,6,7,0,1,5,2,1,1,5,4,10,8,0,5,9,1,6,6,1,"L","M",1,"Right",0,1,0,0,1,1.1008
"0000001374",26,1,3,"No degree","Single",0,,1,1,1,0,1,"Dalarna","Svealand",2,4,5,3,3,4,1,4,4,8,2,2,3,4,1,3,2,3,4,3,3,2,2,3,4,1,3,2,3,3,0,,1,7,7,0,3,5,5,4,5,5,5,3,5,5,5,4,5,5,2,5,10,0,4,7,5,8,2,1,"S","S",0,"Left",0,0,1,0,1,2.1262
"0000001154",39,1,,,"Single",,,,,1,0,,"Stockholm","Svealand",2,4,2,5,1,1,1,3,3,9,3,3,3,3,2,3,3,3,4,,,,,,,,,,,,,0,,,,,,,,,,,,,,,,,,,,,,,,,,,,,,,,,,,,,,1.073
"0000000128",66,0,8,"Postgraduate","Married",0,,5,2,1,0,1,"Dalarna","Svealand",,,,,,,1,2,1,10,3,3,3,3,2,3,2,3,3,2,2,3,4,5,3,3,3,4,3,3,1,,,,7,1,5,2,7,5,1,6,8,2,2,6,7,6,2,7,5,10,9,1,7,9,3,7,6,1,"C","KD",1,"Left",0,0,0,0,,0.5283
"0000002537",70,1,6,"No degree","Divorced",1,"White collar",,2,1,0,4,"Stockholm","Svealand",4,4,5,4,4,5,1,1,4,9,4,3,3,3,3,3,2,4,3,4,,3,4,5,5,2,4,5,5,2,0,7,,,9,0,6,8,8,6,6,8,10,0,6,8,8,5,6,8,5,10,10,0,6,10,3,9,4,,,,,,,,,0,2,0.6191
"0000000072",45,0,4,"No degree","Married",1,"White collar",5,2,1,0,3,"Stockholm","Svealand",3,4,5,5,2,2,1,2,4,9,3,3,3,4,3,3,2,3,3,2,3,3,3,5,4,2,3,4,4,3,1,3,7,0,9,0,3,6,5,0,8,2,9,0,1,5,5,0,4,1,5,9,9,1,7,10,5,9,5,1,"S","S",0,"Left",0,0,1,1,2,1.1984
"0000000294",60,1,7,"Bachelor","Married",1,"Worker",3,1,1,0,2,"Västra Götaland","Götaland",2,3,5,4,2,3,1,3,3,7,3,3,3,3,2,3,2,3,3,2,4,3,3,5,,2,2,4,4,4,1,2,5,7,,,,,,,,,,,,,,,,,3,10,10,0,5,10,2,5,4,1,"S",,,"Left",0,0,1,0,2,0.7658
"0000000243",50,0,8,"Postgraduate","Married",1,,5,1,1,0,3,"Skåne","Götaland",3,4,5,4,2,1,1,2,2,8,3,3,3,3,2,3,2,3,3,2,3,3,3,5,4,3,2,2,4,3,1,4,2,7,9,1,4,2,6,2,3,6,9,4,4,6,7,3,5,7,4,4,8,1,7,9,4,6,5,1,"S","S",0,"Left",0,0,1,1,2,0.7712
"0000000915",63,0,4,"No degree","Single",0,"White collar",2,1,1,0,4,"Stockholm","Svealand",3,5,5,4,1,1,1,3,1,10,4,4,4,4,3,2,2,2,3,1,4,4,4,5,4,3,3,4,3,3,1,7,4,2,0,10,9,0,2,7,0,7,2,10,6,5,1,8,0,6,0,10,10,0,3,10,0,6,10,1,"SD","SD",0,"Right",1,1,0,1,3,1.1984
"0000000226",40,0,,,"Single",,,,,1,0,,"Uppsala","Svealand",3,,,,,,,,,,,,,,,,,,,,,,,,,,,,,,,,,,,,,,,,,,,,,,,,,,,,,,,,,,,,,,,,,,,,,1.6791
"0000001230",49,0,4,"No degree","Single",,"Worker",4,2,1,0,2,"Östergötland","Götaland",3,4,5,4,2,1,1,4,5,9,4,3,4,3,3,3,2,3,3,2,,4,4,5,3,3,4,2,3,3,1,3,4,1,9,6,7,2,8,1,3,9,9,6,7,3,8,0,1,9,5,9,8,0,7,8,3,7,7,1,,,,,,,,0,2,1.1984
"0000001524",60,0,3,"No degree","Divorced",1,"Self-employed",4,1,1,0,2,"Gotland","Götaland",3,4,5,5,2,3,4,4,2,8,3,3,2,3,2,2,2,2,3,1,3,3,2,4,4,2,2,3,4,3,0,1,3,3,2,8,8,1,2,7,0,5,2,9,8,3,0,8,0,5,4,9,9,0,4,8,2,6,9,1,"M","M",0,"Right",0,1,0,0,2,1.1008
"0000001686",57,0,3,"No degree","Married",1,"Worker",3,1,1,0,1,"Skåne","Götaland",2,4,5,4,3,3,2,1,3,6,2,2,2,3,2,3,2,1,3,1,4,3,3,4,4,3,3,2,3,4,0,0,7,7,2,10,9,1,0,8,0,3,4,10,9,3,0,9,0,1,2,10,10,0,2,8,0,5,9,1,"SD","SD",0,"Right",1,1,0,1,3,1.1008
"0000001270",42,1,4,"No degree","Single",1,"Worker",2,1,1,0,2,"Blekinge","Götaland",3,4,5,5,5,4,2,1,2,8,3,3,3,4,3,3,3,3,3,1,3,3,3,5,4,3,3,3,3,4,1,6,2,7,8,3,6,4,5,2,4,2,8,7,7,3,6,6,2,2,3,7,8,1,4,9,1,9,3,1,"S","S",0,"Left",0,0,1,1,2,1.1901
"0000001088",35,1,4,"No degree","Single",1,"White collar",3,2,1,0,1,"Södermanland","Svealand",2,5,5,5,2,2,2,2,3,8,3,3,3,3,2,2,2,1,3,2,3,4,3,5,4,2,4,3,3,1,0,0,1,7,3,8,8,0,3,7,0,6,3,6,7,7,1,8,0,7,2,10,10,0,3,7,0,7,9,1,"M","M",0,"Right",0,1,0,0,2,1.6674
"0000002619",77,1,5,"No degree","Widowed",0,"White collar",2,2,1,0,3,"Västra Götaland","Götaland",4,4,5,,,,1,1,1,10,3,3,3,3,2,3,2,3,3,2,3,3,3,5,5,3,3,4,4,3,0,7,1,7,0,0,0,5,8,0,7,5,0,0,0,6,8,0,5,5,4,5,10,0,5,10,5,9,4,1,"S","S",0,"Left",0,0,1,1,2,0.7489
"0000001452",45,1,6,"No degree","Married",1,"Self-employed",5,1,1,0,1,"Stockholm","Svealand",3,4,5,5,1,1,1,1,2,10,3,3,3,4,3,4,2,3,3,2,3,2,4,5,5,2,2,1,3,4,1,4,7,7,7,0,1,7,7,0,8,3,,,,,,,,,3,10,9,0,5,10,2,8,2,1,"MP","MP",0,"Left",0,0,0,1,2,1.1901
"0000002029",74,0,6,"No degree","Married",1,"White collar",2,1,1,0,3,"Stockholm","Svealand",3,4,5,1,2,1,1,2,1,10,3,3,3,3,3,3,1,3,2,4,3,4,4,5,4,3,2,4,3,3,1,7,0,0,9,9,7,7,7,6,7,7,8,8,8,8,8,8,8,8,2,9,8,0,5,8,0,5,,1,"SD","S",1,"Right",1,1,0,1,1,0.5283
"0000000920",46,1,4,"No degree","Married",1,"White collar",3,3,0,1,3,"Stockholm","Svealand",2,3,5,4,4,3,3,2,5,7,2,1,2,2,1,1,1,2,1,1,,2,2,5,3,1,2,1,1,1,1,0,1,0,5,10,5,0,0,8,0,0,8,10,5,0,0,10,0,0,4,10,8,0,8,10,1,10,7,1,"SD","SD",0,"Right",1,1,0,0,2,1.1901
"0000000520",39,1,9,"Postgraduate","Married",1,"White collar",5,1,1,0,3,"Stockholm","Svealand",1,4,5,3,4,3,3,2,2,8,3,3,3,3,3,3,2,2,3,1,,2,3,4,4,2,2,2,4,3,1,3,5,5,5,0,8,2,6,3,2,6,5,5,5,5,5,3,5,5,2,9,9,1,5,6,5,6,7,1,,,,,,,,0,,1.0986
"0000000837",65,0,7,"Bachelor","Married",0,"White collar",2,3,1,1,2,"Halland","Götaland",2,4,5,5,4,3,1,3,4,8,3,3,3,3,3,2,2,2,3,1,4,3,4,5,5,3,3,4,3,3,0,3,1,0,6,5,10,0,6,5,1,6,8,7,10,5,5,6,0,4,2,9,8,0,5,8,0,5,8,1,"M","M",0,"Right",0,1,0,0,1,0.6234
"0000002090",75,1,7,"Bachelor","Widowed",0,"White collar",2,3,1,0,1,"Värmland","Svealand",4,5,5,3,3,1,,,,,,,,,,,,,,1,,,3,4,5,2,3,4,4,3,0,7,7,2,9,0,7,6,9,6,7,7,10,4,8,8,9,7,7,7,3,10,8,0,4,8,2,6,5,,,"S",,,,,,1,2,0.5247
"0000000981",65,0,6,"No degree","Married",1,"White collar",5,2,1,0,3,"Stockholm","Svealand",3,5,5,4,1,2,1,3,4,9,4,3,3,3,2,3,1,4,4,1,4,4,3,5,5,2,,2,4,4,1,0,3,2,10,2,5,9,7,5,7,5,10,3,1,9,9,0,8,0,2,10,9,0,3,10,4,7,2,1,"S","S",0,"Left",0,0,1,1,3,0.821
"0000000282",31,1,7,"Bachelor","Single",1,"Worker",4,1,1,0,2,"Västerbotten","Norrland",2,3,4,3,4,3,1,1,1,5,3,3,2,3,1,2,2,2,2,3,,3,3,3,3,2,3,1,2,3,0,0,3,7,5,0,10,5,2,5,5,5,5,0,10,5,5,5,5,5,0,10,8,0,3,7,7,7,7,1,,,,,,,,1,2,1.073
"0000001291",62,1,3,"No degree","Divorced",1,"Worker",2,1,1,0,1,"Västra Götaland","Götaland",1,,5,3,3,4,1,1,1,7,3,3,2,3,2,2,2,3,4,3,,2,3,5,4,2,3,4,4,3,1,0,0,0,5,5,5,5,5,5,5,5,5,5,5,5,5,5,5,5,,5,5,5,5,5,5,5,5,1,,,,,,,,0,1,1.0931
"0000000863",67,0,4,"No degree","Married",0,"White collar",2,1,1,0,2,"Västernorrland","Norrland",3,5,5,4,2,3,1,2,4,4,2,2,2,3,2,3,,2,3,2,3,3,3,5,4,3,3,2,3,4,0,5,,,7,5,9,2,7,2,6,5,7,7,7,2,7,2,5,6,6,10,8,2,5,10,3,5,6,1,"M","S",1,"Right",0,1,0,0,2,0.6234
"0000002477",86,1,3,"No degree","Divorced",0,,,1,1,,2,"Södermanland","Svealand",2,3,5,5,4,4,3,4,4,8,3,2,3,2,2,2,3,,,1,,,3,5,3,2,2,3,3,3,0,2,0,0,,,,,,,,,9,1,1,6,6,5,8,5,2,9,9,7,,9,2,9,2,,,,,,,,,0,,0.7489
"0000002813",71,1,3,"No degree","Divorced",0,"White collar",1,1,1,0,3,"Stockholm","Svealand",3,4,5,3,1,1,1,1,1,9,3,3,3,3,3,4,1,3,3,1,4,4,3,4,3,2,3,4,4,3,0,7,0,0,10,0,5,5,8,5,8,5,9,1,5,5,6,4,5,5,1,10,8,0,2,7,2,7,,1,"S","S",0,"Left",0,0,1,1,2,0.7489
"0000000173",47,0,8,"Postgraduate","Married",1,"White collar",5,3,1,0,1,"Östergötland","Götaland",3,4,5,5,4,2,4,4,3,9,3,3,3,3,2,3,2,3,4,2,3,3,4,5,4,3,3,4,4,3,0,7,7,0,6,1,10,2,7,7,6,7,9,1,8,5,6,2,6,7,5,7,9,1,6,8,2,6,8,1,"M","M",0,"Right",0,1,0,0,,0.7712
"0000000730",25,1,7,"Bachelor","Single",1,"Worker",1,1,1,0,2,"Örebro","Svealand",2,3,4,5,4,3,1,1,1,8,2,2,1,3,1,2,1,3,3,3,3,2,2,4,5,1,1,2,3,1,1,2,6,7,10,0,1,8,8,0,8,2,10,0,0,7,9,0,7,,1,10,10,0,3,10,3,10,1,1,"S","S",0,"Left",0,0,1,0,2,1.1407
"0000001132",43,1,8,"Postgraduate","Married",1,,2,1,1,1,1,"Örebro","Svealand",3,4,5,3,1,1,1,1,3,7,3,1,3,4,2,4,1,2,3,2,4,3,2,5,4,1,1,3,3,3,1,7,7,2,6,0,0,10,2,0,7,0,5,0,,,5,0,6,0,6,10,10,3,8,10,5,10,0,1,"V","V",0,"Left",0,0,0,1,2,0.7658
"0000000610",50,1,7,"Bachelor","Married",1,"White collar",5,1,0,1,4,"Skåne","Götaland",3,4,5,5,5,3,1,1,1,10,3,3,2,4,2,3,1,3,4,3,3,4,4,5,5,4,3,2,3,3,1,4,7,0,7,0,6,7,8,4,7,4,6,2,3,6,10,2,5,5,3,10,8,2,5,10,4,8,5,1,"C","S",1,"Left",0,0,0,1,2,0.7658
"0000001859",71,1,3,"No degree","Married",0,"Worker",1,1,1,,1,"Västernorrland","Norrland",3,5,5,4,5,4,,,,8,3,3,3,4,3,3,2,3,3,3,1,3,3,5,5,3,4,4,5,3,0,7,,,,0,,0,8,2,7,6,10,0,0,8,9,2,8,6,5,0,10,0,6,1,6,10,5,1,"S","S",0,"Left",0,0,1,1,3,0.7489
"0000002162",76,0,3,"No degree","Widowed",,"White collar",2,1,1,,2,"Örebro","Svealand",3,4,5,5,4,3,2,3,3,9,3,3,3,3,2,4,3,3,3,2,3,2,3,5,3,,3,4,4,3,,7,5,6,9,0,7,5,8,6,1,6,10,2,7,6,9,5,2,7,1,8,9,0,5,6,2,6,5,1,"S","S",0,"Left",0,0,1,1,1,1.1092
"0000002164",76,1,6,"No degree","Married",1,"White collar",2,4,1,0,1,"Dalarna","Svealand",3,5,5,1,1,3,1,1,1,9,4,4,4,4,4,4,1,3,3,2,4,3,4,5,5,3,1,4,4,3,0,7,7,0,10,5,4,8,9,8,8,6,10,2,6,5,9,2,5,4,0,5,10,0,2,6,2,6,1,1,"S","S",0,"Left",0,0,1,1,3,0.5247
"0000000115",43,1,7,"Bachelor","Married",1,"White collar",5,1,1,0,4,"Västra Götaland","Götaland",2,5,5,5,1,1,4,4,1,8,3,3,3,4,2,4,1,3,3,1,3,4,3,5,3,3,1,4,4,3,1,4,7,1,6,0,2,5,8,2,5,4,6,0,0,2,10,4,2,2,4,5,10,0,6,9,2,7,6,1,"C","C",0,"Left",0,0,0,0,1,0.7658
"0000002785",81,1,2,"No degree","Widowed",0,,,,1,0,2,"Dalarna","Svealand",,2,3,3,3,3,,,5,5,2,2,2,2,2,,2,2,3,2,,,3,5,4,3,1,2,3,3,,4,0,5,8,,,,,,,,8,,,,,,,,6,,,,,,,,,0,,,,,,,,0,,0.7489
"0000002545",84,0,5,"No degree","Married",1,"White collar",1,1,0,,1,"Skåne","Götaland",3,5,5,5,5,1,1,1,1,10,4,3,3,2,4,4,3,4,4,3,4,4,4,5,5,3,4,3,3,2,0,7,,,10,0,5,5,5,5,5,5,10,5,5,5,10,5,5,5,5,9,10,0,8,9,6,8,5,1,"S","S",0,"Left",0,0,1,1,2,0.6234
"0000001753",19,1,4,"No degree","Single",0,"Worker",5,1,1,1,3,"Stockholm","Svealand",4,4,5,,1,3,1,1,2,9,3,3,4,4,3,3,2,3,3,2,3,3,3,5,4,2,2,3,3,3,1,6,5,7,9,0,1,8,7,0,6,6,10,0,0,10,10,0,7,2,2,5,9,0,5,10,4,7,1,1,"S",,,"Left",0,0,1,1,3,1.7726
"0000001457",53,0,3,"No degree","Married",0,"Farmer",2,2,1,0,1,"Östergötland","Götaland",3,4,5,4,4,3,2,1,3,9,4,4,3,3,3,3,2,2,3,3,4,3,3,5,4,3,4,3,4,3,0,5,0,0,2,9,9,0,1,9,0,1,3,8,6,8,0,,0,7,5,8,8,1,5,9,5,5,8,1,"KD","KD",0,"Right",0,1,0,1,2,1.1008
"0000000391",29,1,,,"Single",,,,,1,1,,"Stockholm","Svealand",3,4,5,5,2,2,1,4,4,7,2,3,2,3,2,3,1,3,3,,,,,,,,,,,,,2,3,3,,,,,,,,,,,,,,,,,,,,,,,,,,,,,,,,,,,,1.073
"0000001832",77,1,7,"Bachelor","Divorced",1,"White collar",1,1,1,0,2,"Halland","Götaland",4,4,5,,1,3,1,1,1,9,4,4,4,4,3,3,1,3,4,2,4,4,3,5,5,2,3,3,3,3,1,7,,,10,0,0,5,5,0,5,5,10,0,0,5,5,0,5,5,2,10,10,0,7,10,4,7,0,1,"S","S",0,"Left",0,0,1,1,3,0.5247
"0000002015",81,1,8,"Postgraduate","Widowed",0,"Worker",3,1,1,0,4,"Stockholm","Svealand",4,5,5,5,4,1,1,2,3,9,3,3,4,3,3,3,2,3,3,2,,3,3,4,4,3,2,3,3,3,,7,0,0,9,5,7,6,7,7,5,8,10,0,7,8,7,6,5,8,3,10,10,1,4,8,2,8,,1,"S","L",1,"Left",0,0,1,0,2,0.5247
"0000001143",48,0,4,"No degree","Married",1,"Worker",3,2,1,0,4,"Västra Götaland","Götaland",3,4,5,4,1,3,1,2,3,8,3,3,3,2,2,3,2,3,3,1,4,3,3,5,4,2,3,3,4,3,1,6,7,7,10,0,0,8,3,0,3,3,10,0,0,8,3,0,3,5,4,8,9,0,6,9,3,7,3,1,"S","S",0,"Left",0,0,1,1,2,1.1984
"0000002389",78,0,2,"No degree","Married",0,"Worker",1,2,1,0,1,"Jönköping","Götaland",1,2,3,4,5,4,1,2,2,7,2,2,2,4,1,2,1,3,3,2,,1,3,3,3,3,3,4,4,4,1,2,0,0,8,6,6,6,6,6,4,6,8,6,6,6,6,6,4,6,,,,,,,,,,0,,,,,,,,0,1,1.1092
"0000000240",63,0,8,"Postgraduate","Married",0,"White collar",5,1,0,,3,"Uppsala","Svealand",3,5,4,3,5,3,2,1,5,6,3,3,1,3,3,2,2,2,2,4,2,2,2,4,5,2,2,4,3,3,0,4,3,5,7,5,6,8,8,6,8,7,6,9,8,9,9,8,7,7,4,6,8,0,5,8,3,5,5,1,"M","S",1,"Right",0,1,0,0,2,0.7712
"0000002223",75,0,5,"No degree","Married",0,"White collar",3,2,1,0,1,"Skåne","Götaland",3,4,5,4,5,1,1,4,4,8,3,3,3,4,2,3,2,3,3,2,3,3,3,4,5,3,3,3,4,3,1,7,7,,10,8,6,2,3,8,2,8,10,10,8,3,1,7,1,7,4,9,10,0,4,9,1,6,4,1,"S","SD",1,"Left",0,0,1,0,2,0.821
"0000000307",66,1,7,"Bachelor","Married",0,,2,3,1,0,1,"Västra Götaland","Götaland",3,4,5,1,1,1,1,1,1,10,3,4,3,3,3,3,2,4,3,2,4,3,4,5,5,2,4,3,3,3,0,2,1,0,,,,,,,,,10,0,1,8,8,1,6,2,2,10,9,1,5,9,3,6,2,1,"S","S",0,"Left",0,0,1,1,3,0.5247
"0000001059",21,1,4,"No degree","Single",0,"Worker",1,1,1,0,1,"Kalmar","Götaland",4,5,5,3,2,2,1,2,2,8,3,3,4,4,3,3,2,3,3,2,4,4,3,5,5,2,3,3,3,3,0,2,3,0,9,0,6,10,7,2,9,3,10,0,5,10,4,5,4,4,1,10,9,0,3,10,3,8,0,1,"V",,,"Left",0,0,0,1,3,1.7726
"0000000108",60,1,8,"Postgraduate","Divorced",1,"White collar",3,,1,0,1,"Stockholm","Svealand",4,4,4,5,1,2,1,1,1,6,2,3,3,3,2,2,2,2,2,1,4,3,2,2,4,2,2,3,2,4,,7,7,7,7,8,8,,,9,6,9,4,7,10,10,4,10,3,8,6,5,9,0,4,9,4,7,5,1,"KD","L",1,"Right",0,1,0,0,2,0.7658
"0000000052",54,0,6,"No degree","Married",1,"White collar",5,1,1,1,2,"Västmanland","Svealand",3,4,5,,,,1,1,1,9,3,3,3,4,2,3,1,3,3,2,,4,4,5,4,3,3,3,3,3,1,3,7,7,5,1,7,1,5,5,1,7,5,1,5,4,5,5,1,5,6,9,8,2,5,8,3,6,7,1,,,,,,,,0,1,0.91
"0000001842",73,0,4,"No degree","Married",0,"White collar",1,1,1,0,2,"Skåne","Götaland",3,4,5,3,3,3,1,1,3,10,4,4,4,4,4,4,2,3,3,3,4,4,4,5,,3,3,3,3,3,0,6,7,0,,,,,,,,,,,,,,,,,2,10,8,0,5,5,2,5,3,1,"S",,,"Left",0,0,1,0,2,0.7541
"0000001383",19,1,4,"No degree","Single",0,,2,1,1,0,3,"Stockholm","Svealand",2,3,5,4,1,3,3,3,3,7,1,1,1,1,1,,2,2,3,3,3,3,3,3,,4,3,3,3,3,1,0,,7,10,10,0,0,0,10,0,0,0,10,0,0,0,10,0,0,5,5,5,5,5,5,5,5,0,1,"KD",,,"Right",0,1,0,0,,1.7726
"0000000817",50,0,8,"Postgraduate","Single",0,"White collar",5,1,0,1,4,"Stockholm","Svealand",3,5,5,5,1,1,1,1,2,9,3,4,3,3,3,3,2,2,2,1,,3,4,5,5,2,2,2,3,3,1,7,7,4,7,0,6,3,9,1,7,9,8,0,2,2,8,2,6,6,2,10,9,0,5,9,1,5,7,1,,,,,,,,0,2,0.7712
"0000002463",78,0,2,"No degree","Married",0,"Worker",1,2,1,0,1,"Västerbotten","Norrland",3,5,5,4,4,4,4,4,2,8,3,3,2,3,2,3,1,4,4,4,4,3,4,5,5,3,4,4,5,3,0,5,5,0,10,8,2,7,8,1,1,2,10,7,2,7,8,1,1,7,1,10,10,1,3,6,3,6,1,1,"S","S",0,"Left",0,0,1,1,1,0.7541
"0000001347",73,1,6,"No degree","Widowed",0,,2,2,1,0,1,"Södermanland","Svealand",4,4,5,4,3,1,2,2,3,9,3,3,3,3,2,4,1,3,3,2,4,4,3,5,4,2,2,3,3,3,0,7,7,3,9,0,1,8,8,2,10,6,9,0,1,8,9,3,10,6,4,10,10,1,6,10,5,7,3,1,"MP","MP",0,"Left",0,0,0,1,2,0.6191
"0000000459",40,1,7,"Bachelor","Married",1,"White collar",4,2,1,0,1,"Skåne","Götaland",2,4,5,1,3,1,1,3,4,8,2,2,2,3,3,3,1,,3,1,3,3,3,4,4,3,2,3,3,2,1,3,7,7,7,7,10,4,7,7,6,9,8,7,10,5,8,7,5,6,6,9,9,0,5,7,4,9,8,1,"M","M",0,"Right",0,1,0,1,2,1.073
"0000002048",87,0,4,"No degree","Widowed",1,"White collar",1,2,1,0,1,"Värmland","Svealand",3,2,3,4,3,3,2,2,4,6,3,3,2,1,,3,1,3,4,2,3,3,3,4,,3,4,5,4,4,1,2,0,0,,,,,,,,,,,,,,,,,0,2,10,2,2,9,1,9,,1,"S",,,"Left",0,0,1,0,2,0.6234
"0000002402",81,1,2,"No degree","Married",0,"Worker",1,1,0,,1,"Jönköping","Götaland",2,3,5,5,4,4,1,,,6,3,2,2,3,2,2,2,3,4,2,,3,3,5,4,3,4,4,4,4,0,0,0,0,7,9,6,6,8,6,7,5,10,8,6,6,9,5,7,6,5,4,4,3,3,3,3,1,4,1,,,,,,,,0,,1.1014
"0000001173",47,0,5,"No degree","Married",0,"Self-employed",5,2,1,0,1,"Kalmar","Götaland",4,5,5,5,4,5,1,1,3,7,4,2,3,2,2,2,2,1,3,3,4,4,3,4,5,1,4,3,3,4,1,1,7,1,2,7,8,0,1,7,0,3,8,6,10,8,0,10,0,8,2,5,6,0,2,7,0,2,10,1,"SD","SD",0,"Right",1,1,0,0,2,0.91
"0000002617",76,1,7,"Bachelor","Widowed",0,"White collar",3,2,1,0,2,"Östergötland","Götaland",4,5,5,5,4,1,2,2,2,9,4,4,4,4,3,3,2,3,4,2,3,3,4,5,5,2,3,2,4,3,1,7,3,0,8,0,,7,8,,2,9,9,0,1,8,8,1,8,7,0,10,10,0,6,9,2,6,4,1,"MP","S",1,"Left",0,0,0,1,2,0.5247
"0000000774",43,0,5,"No degree","Married",0,"White collar",5,3,1,0,1,"Västra Götaland","Götaland",4,4,5,4,2,3,1,1,1,9,3,3,3,3,2,3,2,2,3,1,3,3,3,5,4,2,3,4,4,3,1,2,1,0,,,,,,,,,8,0,9,1,9,7,0,8,4,10,8,0,5,8,2,6,6,1,"M","KD",1,"Right",0,1,0,0,1,0.91
"0000001522",39,0,4,"No degree","Married",0,"Worker",4,1,1,0,1,"Skåne","Götaland",2,4,5,4,3,3,2,4,3,8,3,3,4,4,2,3,1,3,3,2,,3,3,5,3,2,3,3,4,3,1,0,4,7,8,1,6,5,5,0,0,8,7,6,5,4,0,1,5,5,2,10,8,0,5,7,3,5,3,1,,,,,,,,0,,1.5423
"0000001538",24,0,,,"Single",0,"Worker",3,,1,0,2,"Skåne","Götaland",3,4,5,4,,2,2,2,4,9,3,2,3,3,3,3,3,1,,3,4,4,3,5,5,3,3,3,4,3,1,5,6,7,4,9,10,1,1,10,1,1,2,10,9,3,1,10,1,6,3,8,8,0,4,9,3,6,7,1,"M","M",0,"Right",0,1,0,1,,1.7851
"0000002251",73,0,6,"No degree","Married",0,"Self-employed",3,1,1,0,2,"Halland","Götaland",4,5,5,5,3,4,2,4,5,6,4,2,3,4,2,2,3,1,2,2,4,3,1,5,5,3,3,1,1,5,1,6,7,1,1,10,8,0,0,7,0,3,0,10,9,5,0,8,0,3,2,9,9,0,2,8,1,6,9,1,"SD","SD",0,"Right",1,1,0,,3,0.7541
"0000001909",74,0,6,"No degree","Divorced",0,"White collar",2,1,1,0,2,"Skåne","Götaland",2,3,5,3,3,3,1,1,3,7,2,2,2,2,2,2,2,1,2,3,4,4,3,5,3,1,4,3,3,3,,7,7,7,0,10,8,0,0,8,0,5,0,10,8,0,0,8,0,5,0,10,10,0,0,10,0,5,8,1,"SD","SD",0,"Right",1,1,0,1,3,0.821
"0000002484",52,1,6,"No degree","Divorced",1,"Worker",2,1,1,0,1,"Kalmar","Götaland",2,2,3,,,,2,,,4,2,2,3,3,2,3,2,2,2,1,3,2,2,3,4,2,1,5,2,2,1,0,1,7,9,0,0,7,4,1,4,2,5,0,5,8,6,5,5,5,2,7,9,0,6,9,9,5,0,1,"V","V",0,"Left",0,0,0,1,2,1.1901
"0000002067",81,0,2,"No degree","Married",1,"Worker",2,1,0,,3,"Stockholm","Svealand",3,4,5,1,2,2,1,1,1,10,3,3,3,3,3,2,,3,3,2,3,3,3,5,4,2,2,3,4,3,1,6,0,0,9,1,6,7,8,6,8,7,,1,5,7,8,5,7,7,3,8,9,1,7,9,4,7,,1,"S","S",0,"Left",0,0,1,1,2,1.1092
"0000001469",62,0,3,"No degree","Married",0,"Self-employed",1,2,1,0,1,"Uppsala","Svealand",3,5,5,5,3,2,1,3,2,6,3,3,4,4,2,2,2,1,2,2,4,4,2,4,5,2,3,4,3,3,1,1,1,3,0,10,8,0,2,9,0,5,2,9,9,2,0,9,0,6,2,10,10,0,2,10,0,5,9,1,"SD","SD",0,"Right",1,1,0,0,3,1.1008
"0000000983",48,0,8,"Postgraduate","Married",1,"White collar",4,1,0,1,4,"Stockholm","Svealand",4,5,5,5,1,2,1,3,1,10,3,3,4,3,2,3,2,4,3,3,4,4,4,5,5,3,3,3,3,3,1,3,2,7,8,0,0,4,7,0,8,7,10,0,7,2,10,0,7,2,4,5,9,0,6,10,2,6,,1,"MP","MP",0,"Left",0,0,0,0,2,0.7712
"0000000647",49,0,4,"No degree","Single",1,"Worker",3,1,1,0,1,"Blekinge","Götaland",3,3,4,4,5,2,1,1,2,7,3,3,3,4,2,1,1,1,3,1,,3,1,4,5,3,2,1,3,3,1,3,,7,0,10,7,1,2,8,0,5,0,10,9,2,0,9,0,3,1,10,9,0,4,8,3,6,9,1,,,,,,,,1,1,1.1008
"0000000973",69,0,6,"No degree","Married",1,,4,1,1,0,3,"Stockholm","Svealand",,4,5,5,2,1,1,1,1,9,3,3,3,3,2,3,1,3,2,1,3,4,4,5,5,2,2,3,3,2,0,2,,,10,0,1,3,8,1,7,3,10,0,1,1,8,1,2,2,3,10,10,0,5,10,6,8,,1,"C","S",1,"Left",0,0,0,1,2,1.0469
"0000000257",29,1,8,"Postgraduate","Single",1,"White collar",3,2,1,0,2,"Skåne","Götaland",3,4,5,5,2,4,1,4,4,8,3,3,3,4,3,3,2,3,3,2,4,3,3,4,3,2,3,3,2,5,1,1,2,7,8,0,1,10,6,0,9,2,9,0,1,10,8,0,8,3,4,10,8,1,6,10,3,7,2,1,"V","V",0,"Left",0,0,0,1,2,1.073
"0000001640",63,1,,,"Married",,,,,1,0,,"Södermanland","Svealand",3,4,,5,1,3,4,4,5,7,,,,,,,,,,,,,,,,,,,,,,2,,,,,,,,,,,,,,,,,,,,,,,,,,,,,,,,,,,,,,1.0931
"0000001901",76,1,6,"No degree","Widowed",0,"White collar",4,,1,0,2,"Västra Götaland","Götaland",4,5,5,5,4,4,4,4,1,8,3,3,2,2,2,2,2,1,2,1,4,3,2,5,5,3,2,3,3,4,1,7,7,7,0,10,10,1,0,10,0,2,2,10,10,3,0,10,0,9,3,9,10,0,3,10,3,8,9,1,"SD","SD",0,"Right",1,1,0,1,3,1.0396
"0000000631",54,0,8,"Postgraduate","Single",0,"White collar",5,1,1,0,4,"Stockholm","Svealand",3,4,4,5,1,2,1,4,1,9,3,2,3,4,2,3,2,2,3,1,2,1,2,5,3,2,2,2,2,4,1,0,7,7,4,0,2,3,5,0,2,2,5,0,4,3,5,0,3,2,3,10,8,2,6,10,3,7,6,1,"C","L",1,"Left",0,0,0,0,1,0.91
"0000000267",65,1,7,"Bachelor","Married",0,"White collar",4,1,1,0,2,"Östergötland","Götaland",3,5,5,5,2,4,1,3,5,9,3,2,3,4,2,2,1,3,4,3,3,3,3,5,5,2,3,3,3,3,1,7,7,7,9,7,2,10,6,0,9,0,9,7,0,8,7,0,8,1,3,6,10,0,7,10,2,10,2,1,"V","S",1,"Left",0,0,0,1,2,0.6191
"0000001313",22,1,4,"No degree","Single",1,,3,1,1,0,2,"Kronoberg","Götaland",2,4,5,3,2,1,1,4,4,8,2,2,2,3,2,2,1,1,2,1,,3,2,3,4,2,3,3,3,4,1,0,0,7,0,8,8,5,5,7,0,5,5,8,8,5,5,8,5,5,1,10,9,0,2,8,0,,,1,,,,,,,,0,,1.7726
"0000000966",36,1,,,"Married",,,,,0,,,"Västra Götaland","Götaland",2,5,5,3,,,3,2,2,6,3,1,2,,,,,3,3,,,,,,,,,,,,,1,,,,,,,,,,,,,,,,,,,,,,,,,,,,1,"V",,,"Left",0,0,0,,,1.5316
"0000001367",29,0,,,"Single",,,,,1,0,,"Skåne","Götaland",3,,,,,,,,,,,,,,,,,,,,,,,,,,,,,,,,,,,,,,,,,,,,,,,,,,,,,,,,,,,,,,,,,,,,,1.0805
"0000002704",79,1,3,"No degree","Widowed",0,"White collar",2,1,1,0,2,"Västra Götaland","Götaland",3,4,5,5,4,4,2,2,5,8,3,3,2,3,3,4,3,4,3,4,4,4,3,5,5,3,4,4,4,5,0,7,6,2,10,0,2,5,7,2,5,5,10,1,4,5,7,2,5,5,0,10,10,0,7,10,5,7,1,1,"S","S",0,"Left",0,0,1,1,3,0.7489
"0000001921",75,0,7,"Bachelor","Married",0,"White collar",3,1,1,0,2,"Östergötland","Götaland",3,4,5,4,4,4,2,4,4,8,3,3,3,3,3,3,2,3,2,1,3,2,3,4,5,2,2,4,2,3,1,7,5,3,6,8,8,7,1,3,,5,7,9,9,9,2,1,8,9,5,9,9,1,5,8,5,8,,1,"SD","M",1,"Right",1,1,0,0,2,1.0469
"0000000601",70,1,7,"Bachelor","Single",0,"Self-employed",1,1,0,,1,"Kronoberg","Götaland",3,3,5,5,1,3,1,1,3,9,3,3,3,3,3,2,1,2,2,4,,4,3,5,4,2,2,1,1,3,0,4,,,0,8,8,0,0,8,0,8,0,8,8,0,0,8,0,8,2,9,9,0,5,9,0,7,,1,,,,,,,,0,,0.5247
"0000001972",60,1,8,"Postgraduate","Divorced",0,"White collar",5,1,1,0,1,"Uppsala","Svealand",4,5,5,4,4,4,2,1,1,7,4,4,2,2,3,2,2,2,2,1,4,4,3,5,5,3,2,4,3,3,1,7,7,7,0,7,10,1,0,10,0,6,1,8,8,1,0,10,0,9,3,8,9,0,4,9,0,6,8,1,"KD","L",1,"Right",0,1,0,1,2,0.9037
"0000000262",33,1,7,"Bachelor","Married",1,"Worker",4,1,0,,1,"Västra Götaland","Götaland",2,4,5,5,4,2,4,4,3,7,2,2,2,3,2,2,2,1,1,1,3,3,3,4,4,2,2,2,2,2,1,1,0,7,2,9,8,0,2,9,0,3,8,6,8,3,4,10,0,1,1,10,8,0,2,8,0,6,,1,"KD",,,"Right",0,1,0,0,1,1.073
"0000002630",69,0,3,"No degree","Married",0,"Self-employed",2,2,1,0,2,"Skåne","Götaland",3,5,5,4,4,4,4,4,4,7,3,3,2,3,2,3,1,3,4,2,3,3,3,5,3,2,2,5,5,3,1,4,7,7,7,9,9,0,8,1,1,8,8,9,9,0,8,3,5,9,5,10,10,0,5,3,1,6,9,1,"SD","M",1,"Right",1,1,0,1,2,1.0469
"0000000985",64,1,6,"No degree","Married",1,"White collar",5,1,1,1,2,"Värmland","Svealand",3,5,5,4,1,3,1,1,1,9,3,3,3,3,2,3,1,3,4,1,4,3,3,5,4,3,2,3,3,3,0,7,6,0,8,2,9,4,4,9,4,5,,,,,,,,,8,5,10,0,4,10,2,8,7,1,"M","M",0,"Right",0,1,0,0,1,0.9037
"0000001707",57,0,8,"Postgraduate","Married",1,"White collar",4,1,0,,1,"Skåne","Götaland",3,5,5,5,3,1,1,1,1,10,4,3,4,4,3,4,2,4,4,1,4,3,4,5,5,3,4,5,4,1,0,7,2,7,9,0,7,6,8,2,8,6,10,0,8,8,8,0,8,3,4,10,8,3,5,9,3,7,5,1,"S","L",1,"Left",0,0,1,0,2,1.6191
"0000001164",40,0,4,"No degree","Single",0,"Worker",1,1,1,0,4,"Västra Götaland","Götaland",2,4,5,5,4,5,2,2,5,10,3,1,1,1,2,2,1,1,1,3,4,1,4,3,3,1,1,3,3,2,0,0,0,0,,10,,,,,,,,10,,,,,,,,0,,,,,,,,1,"SD",,,"Right",1,1,0,0,,1.5423
"0000001509",54,0,4,"No degree","Single",1,"Worker",5,1,1,0,2,"Västerbotten","Norrland",4,5,5,5,1,3,1,3,3,9,4,4,4,4,3,4,1,4,4,2,4,4,4,5,5,2,3,3,3,3,1,5,7,0,8,0,1,9,5,1,10,5,10,0,0,10,5,2,8,5,4,10,9,0,5,9,1,7,2,1,"MP","MP",0,"Left",0,0,0,1,3,1.1984
"0000002651",45,1,4,"No degree","Single",0,,1,2,1,0,1,"Skåne","Götaland",2,3,4,4,4,4,3,5,5,6,2,2,1,3,2,3,2,3,3,2,3,3,3,3,4,2,3,2,2,2,1,3,0,2,7,8,9,5,5,8,6,6,7,8,9,2,6,9,0,7,0,6,10,3,2,8,0,6,6,1,"M",,,"Right",0,1,0,0,,1.1901
"0000001293",33,1,4,"No degree","Single",0,"Worker",1,1,1,0,2,"Västra Götaland","Götaland",2,4,4,4,4,4,4,4,3,4,4,4,3,4,3,4,2,2,2,1,,4,3,3,5,1,1,2,2,2,0,3,5,0,1,10,9,4,2,7,7,7,1,10,10,3,4,7,3,8,3,10,8,2,2,10,4,7,8,1,,,,,,,,0,,1.5316
"0000000578",53,0,5,"No degree","Married",0,"White collar",5,1,1,0,4,"Skåne","Götaland",3,5,5,5,2,2,2,2,1,9,4,4,4,4,3,3,2,3,3,1,3,3,3,5,4,2,4,2,3,3,1,7,2,6,8,0,9,6,7,4,4,8,9,7,9,5,7,6,5,8,4,9,7,1,2,8,2,6,6,1,"M","M",0,"Right",0,1,0,1,2,0.91
"0000000235",59,0,5,"No degree","Single",0,"Self-employed",2,1,1,1,1,"Gävleborg","Norrland",3,5,5,5,1,1,1,2,3,8,3,3,2,3,2,2,1,3,4,2,3,2,3,5,5,2,2,4,3,4,1,,7,0,6,0,2,3,2,0,7,1,8,0,1,3,1,0,5,2,5,10,8,1,5,9,5,7,3,1,"S","MP",1,"Left",0,0,1,0,2,1.1008
"0000001492",65,1,6,"No degree","Single",0,"Worker",1,3,1,0,2,"Västernorrland","Norrland",3,4,5,4,3,2,1,2,2,8,3,3,3,3,2,3,1,,2,2,3,4,3,5,3,2,1,4,,3,1,7,1,0,8,0,2,2,9,3,0,3,8,1,0,0,10,1,0,3,3,10,8,1,4,9,1,6,4,1,"C",,,"Left",0,0,0,1,2,0.6191
"0000001679",22,0,4,"No degree","Single",0,"Worker",2,1,1,0,1,"Stockholm","Svealand",2,4,4,3,4,4,4,3,3,8,3,3,2,4,3,2,2,2,3,3,4,4,3,4,3,3,3,2,2,3,,0,1,1,1,8,10,0,2,7,0,7,3,9,10,0,1,8,1,8,2,9,9,0,4,8,1,7,9,1,"M",,,"Right",0,1,0,1,3,1.7851
"0000002509",75,0,7,"Bachelor","Married",0,"White collar",2,6,1,0,1,"Östergötland","Götaland",4,4,5,5,1,1,1,2,1,8,4,3,4,3,3,3,2,3,3,4,3,3,4,5,4,2,3,4,4,3,0,0,7,1,7,1,7,8,7,8,6,8,8,7,8,6,8,3,5,8,4,8,8,2,4,7,2,6,3,1,"L",,,"Right",0,1,0,0,2,0.5283
"0000001858",70,1,3,"No degree","Single",0,"Worker",2,3,1,0,2,"Örebro","Svealand",2,3,4,3,2,3,1,1,3,8,2,3,2,2,1,3,2,3,3,3,,3,3,5,2,2,3,4,3,3,1,6,4,7,9,0,3,5,5,5,9,5,10,5,5,5,5,5,5,5,1,8,9,2,5,8,3,8,6,1,,"S",,,,,,0,,0.7489
"0000001897",72,1,3,"No degree","Divorced",0,"Worker",1,2,1,0,2,"Blekinge","Götaland",2,4,5,4,4,3,4,4,2,6,3,3,2,4,2,3,1,3,3,4,3,3,3,4,3,2,2,4,5,3,1,2,0,4,8,5,5,6,7,2,5,7,8,9,5,6,7,2,2,7,2,6,4,0,3,8,3,5,,1,"S","S",0,"Left",0,0,1,1,1,0.7489
"0000002758",69,0,3,"No degree","Married",1,"Worker",1,1,1,0,2,"Stockholm","Svealand",4,5,5,1,1,1,1,1,1,10,3,3,3,4,3,3,1,3,3,2,3,3,4,5,4,3,2,2,3,3,,2,,,8,0,0,8,2,0,7,0,8,0,0,8,2,0,6,0,2,10,10,0,7,10,5,9,1,1,"V","S",1,"Left",0,0,0,0,,1.0469
"0000002053",78,0,8,"Postgraduate","Married",0,"White collar",2,1,1,0,1,"Västerbotten","Norrland",2,3,5,5,1,2,1,1,1,10,4,4,4,4,3,3,1,4,4,3,4,4,3,5,5,3,3,4,4,3,,1,0,0,9,0,1,9,7,0,8,2,10,0,1,6,7,0,7,2,2,10,9,1,5,10,3,7,2,1,"S","S",0,"Left",0,0,1,0,2,0.5283
"0000000444",21,1,4,"No degree","Single",1,,1,1,1,0,4,"Skåne","Götaland",4,5,5,5,2,1,1,4,3,9,4,3,4,4,3,4,2,3,3,2,4,4,4,5,5,3,2,3,4,3,1,7,7,7,7,0,8,2,7,6,5,10,9,0,10,6,7,6,5,10,4,10,8,2,6,9,3,7,7,1,"L",,,"Right",0,1,0,1,3,1.346
"0000000044",46,1,8,"Postgraduate","Single",1,"White collar",5,2,1,0,3,"Stockholm","Svealand",3,4,5,5,1,2,1,1,4,9,2,2,3,3,2,3,1,2,3,2,,2,3,5,4,2,2,2,3,4,0,0,7,7,7,0,0,7,10,0,5,3,8,0,0,6,10,0,5,3,3,9,8,1,6,8,,7,6,1,,,,,,,,0,2,0.7658
"0000002279",82,1,6,"No degree","Married",0,"White collar",1,4,1,0,,"Skåne","Götaland",2,5,5,4,5,2,1,2,5,8,4,3,3,4,3,3,2,3,3,2,4,3,3,5,3,2,3,4,4,3,0,1,0,0,7,0,9,0,8,8,6,10,7,0,7,0,6,6,5,7,5,0,10,0,5,7,6,7,7,1,"L","M",1,"Right",0,1,0,1,2,0.5247
"0000002050",75,0,3,"No degree","Single",0,"Worker",1,3,1,0,3,"Skåne","Götaland",3,4,5,4,5,5,1,1,1,8,3,3,3,3,2,3,1,3,2,4,2,3,3,4,5,3,2,2,3,2,1,7,0,0,10,10,2,2,2,2,0,2,9,9,1,1,0,0,,1,4,5,,0,4,2,1,5,6,1,"SD","SD",0,"Right",1,1,0,0,2,0.7541
"0000001299",24,1,3,"No degree","Single",1,"Worker",3,1,0,,2,"Skåne","Götaland",3,5,5,4,3,3,1,3,5,8,3,3,2,4,4,3,3,3,4,1,2,2,1,3,4,3,3,3,3,3,1,5,5,3,8,0,5,5,6,0,5,7,8,0,5,5,5,5,5,5,5,5,5,5,5,5,5,5,5,1,"S","S",0,"Left",0,0,1,0,,1.7726
"0000000808",47,0,7,"Bachelor","Married",0,"White collar",,1,0,1,1,"Stockholm","Svealand",3,4,5,5,4,1,1,4,2,10,4,4,3,3,3,4,2,4,4,2,4,4,4,5,5,3,4,4,3,2,1,5,7,7,9,0,3,6,6,2,6,7,9,1,7,3,8,1,4,7,3,10,8,1,5,9,3,6,3,1,"S",,,"Left",0,0,1,0,2,0.7712
"0000000223",41,1,6,"No degree","Married",1,"White collar",5,1,1,0,3,"Stockholm","Svealand",2,3,5,5,2,1,2,2,1,8,3,3,3,4,2,4,1,3,3,2,3,3,3,5,4,3,2,3,4,3,1,6,0,7,9,0,3,5,8,0,9,4,10,0,6,7,10,0,8,5,2,10,9,0,5,10,1,8,2,1,"S","MP",1,"Left",0,0,1,0,2,0.9037
"0000002607",83,1,4,"No degree","Married",0,"Self-employed",1,2,1,1,1,"Norrbotten","Norrland",2,4,4,3,5,4,5,4,2,7,2,2,2,3,2,3,2,3,2,3,3,3,2,3,1,3,3,4,4,3,1,7,3,6,8,8,10,5,5,7,0,5,9,9,9,5,5,6,3,5,5,8,9,5,5,7,0,5,7,1,"M","M",0,"Right",0,1,0,0,1,0.7489
"0000001893",65,0,7,"Bachelor","Divorced",0,"White collar",3,1,1,0,3,"Stockholm","Svealand",3,4,5,5,5,3,1,1,1,9,4,4,4,4,4,3,2,2,3,1,3,3,3,5,5,3,3,3,3,2,0,1,1,1,7,7,9,0,5,6,0,6,6,9,7,6,7,7,0,6,5,6,7,0,6,8,2,5,8,1,"M","M",0,"Right",0,1,0,1,3,0.5283
"0000001840",19,0,3,"No degree","Single",0,"Farmer",5,3,1,0,2,"Stockholm","Svealand",3,3,5,1,1,1,3,3,5,7,2,,2,4,2,1,1,1,2,2,3,3,2,,1,2,3,3,2,1,1,0,2,7,4,7,7,1,8,10,0,9,7,8,10,0,0,10,0,9,2,10,9,0,5,8,1,7,7,1,"S",,,"Left",0,0,1,0,1,2.2763
"0000002065",72,1,4,"No degree","Widowed",0,"White collar",2,1,1,0,2,"Värmland","Svealand",3,4,4,5,4,1,1,1,1,8,3,3,3,2,3,3,2,2,3,2,4,4,3,5,4,2,3,3,4,3,0,7,3,0,6,0,1,7,4,0,9,0,9,5,,9,,0,9,6,5,10,10,1,7,10,3,7,,1,"MP","S",1,"Left",0,0,0,0,,0.6191
"0000001895",65,1,2,"No degree","Widowed",,"Worker",1,1,1,0,1,"Kronoberg","Götaland",3,4,5,5,4,4,2,2,2,8,3,3,3,3,2,2,2,3,3,2,4,3,3,5,3,2,3,1,3,3,1,5,1,5,9,0,2,10,1,5,3,3,9,0,2,10,3,2,2,3,1,10,10,0,7,9,5,8,0,1,"V","V",0,"Left",0,0,0,1,2,0.7489
"0000002369",83,0,4,"No degree","Widowed",,"White collar",1,3,1,,1,"Gävleborg","Norrland",3,5,5,3,3,5,3,3,3,10,4,4,3,3,2,2,1,4,3,3,4,3,3,1,4,2,3,3,4,4,1,2,0,3,10,0,1,4,9,1,9,2,10,0,1,3,8,1,8,2,2,10,10,,5,10,3,8,2,1,"S","S",0,"Left",0,0,1,1,2,0.821
"0000000476",47,1,8,"Postgraduate","Married",1,"White collar",3,1,1,0,1,"Värmland","Svealand",1,3,5,4,5,3,3,3,3,10,3,3,3,2,2,3,2,2,3,2,3,3,3,4,3,3,2,4,5,4,1,1,1,1,,,,,,,,,,,,,,,,,,,,,,,,,,1,"KD","KD",0,"Right",0,1,0,0,,0.7658
"0000002787",65,1,8,"Postgraduate","Married",0,"Worker",1,1,0,,2,"Halland","Götaland",2,2,4,5,3,4,1,1,1,10,3,3,3,4,2,3,2,3,3,2,2,3,3,5,3,3,3,3,3,4,0,1,1,1,10,5,5,0,5,5,5,5,9,5,8,0,1,1,5,5,2,10,,0,5,9,2,,,1,"S","S",0,"Left",0,0,1,0,2,0.5247
"0000002636",81,1,3,"No degree","Married",1,"Worker",1,,0,,2,"Västra Götaland","Götaland",3,4,3,1,5,4,,,5,9,3,3,3,4,,3,1,3,3,3,4,3,3,5,5,3,3,4,4,4,0,7,,,,,,10,,,,,10,,,10,9,,,,10,0,2,8,7,2,8,3,7,1,"S","S",0,"Left",0,0,1,1,1,1.1014
"0000002138",80,1,2,"No degree","Widowed",0,"Worker",1,1,1,0,4,"Västra Götaland","Götaland",3,4,4,4,4,3,4,4,2,10,4,3,3,3,3,3,2,3,3,4,,4,3,5,5,3,3,4,4,3,0,4,0,0,9,7,5,7,5,6,5,5,10,8,6,8,6,7,5,6,5,9,10,0,5,8,5,9,3,1,,,,,,,,1,2,1.1014
"0000000831",47,1,8,"Postgraduate","Married",0,"White collar",5,1,1,0,4,"Skåne","Götaland",4,5,5,4,3,4,1,3,4,8,3,3,2,3,3,1,3,1,2,1,4,3,3,4,5,3,3,3,3,3,1,2,7,7,0,10,8,0,0,9,0,5,0,10,8,0,0,9,0,5,1,5,7,0,2,7,0,,6,1,"SD","SD",0,"Right",1,1,0,1,3,0.7658
"0000000084",50,0,6,"No degree","Married",1,"White collar",5,1,1,0,1,"Skåne","Götaland",2,4,5,5,4,3,,,,,,,,,,,,,,1,,,3,5,5,3,2,2,2,3,1,,5,,5,9,10,0,8,6,0,8,8,8,8,0,8,3,0,6,2,9,10,0,4,9,1,6,7,,,"M",,,,,,0,3,0.91
"0000002148",75,0,2,"No degree","Divorced",0,"Worker",2,2,1,0,1,"Östergötland","Götaland",3,3,5,3,3,3,1,1,1,8,3,3,2,3,2,3,1,3,3,3,3,3,3,4,3,3,2,3,2,3,0,6,3,0,9,3,3,4,4,3,4,4,9,6,4,4,6,2,3,4,6,10,9,1,7,8,4,7,6,1,"S","S",0,"Left",0,0,1,1,,0.7541
"0000001769",38,0,6,"No degree","Single",1,"Worker",3,1,1,0,2,"Västerbotten","Norrland",2,5,5,4,3,4,1,2,3,8,3,3,3,3,3,3,2,3,3,2,4,3,3,4,5,3,3,3,3,3,1,2,7,7,10,0,1,10,5,1,8,2,9,3,2,10,4,1,5,2,2,8,9,1,5,9,3,8,1,1,"S","V",1,"Left",0,0,1,1,2,1.275
"0000000481",69,1,8,"Postgraduate","Divorced",1,"White collar",2,1,1,0,2,"Värmland","Svealand",2,4,5,,,,1,1,1,8,3,3,3,3,2,2,2,3,3,3,4,3,3,4,5,2,3,2,4,3,0,0,0,0,10,0,0,3,0,0,2,3,9,0,0,0,0,0,0,0,2,10,10,,7,7,7,7,2,1,"S","S",0,"Left",0,0,1,0,2,0.5247
"0000002276",90,0,2,"No degree","Married",0,"Worker",,1,1,,2,"Västra Götaland","Götaland",2,1,,,5,,,,,5,1,1,1,,1,1,,1,2,1,,3,3,5,,2,2,,,,1,,,,,,,,,,,,,,,,,,,,,,,,,,,,,1,,,,,,,,0,,1.1092
"0000001853",77,0,6,"No degree","Married",0,,1,1,1,0,1,"Jämtland","Norrland",3,5,5,,,,1,3,2,7,,,,,,2,1,2,2,1,3,3,3,5,3,2,3,4,,3,,2,,,0,5,8,0,5,2,0,,3,8,10,0,,,0,5,,8,,,4,6,0,,7,1,"M","M",0,"Right",0,1,0,0,,0.6234
"0000000013",56,0,4,"No degree","Married",0,"White collar",5,1,1,0,1,"Västra Götaland","Götaland",4,5,2,5,4,1,1,1,2,10,3,4,3,4,2,4,2,2,4,2,4,4,4,5,5,4,2,4,4,5,0,7,7,7,3,1,7,0,5,3,5,8,8,6,7,2,8,2,9,6,3,4,8,1,5,10,2,6,7,1,"M","L",1,"Right",0,1,0,0,1,0.91
"0000002483",80,1,2,"No degree","Widowed",,"White collar",1,3,1,0,1,"Kalmar","Götaland",3,4,5,5,4,4,4,2,5,10,4,3,2,2,2,3,,3,3,2,,3,3,5,4,3,4,,,,,2,0,0,9,9,7,1,3,7,0,3,10,10,2,5,2,,2,,2,10,9,0,7,7,0,8,,1,"SD","SD",0,"Right",1,1,0,,2,1.0396
"0000000674",65,0,8,"Postgraduate","Single",0,"Self-employed",5,1,1,0,2,"Skåne","Götaland",4,5,5,5,1,1,1,1,1,9,3,3,3,3,2,3,1,3,3,2,3,3,3,5,5,3,2,3,4,2,1,6,6,0,7,0,9,1,6,5,3,6,8,0,9,1,8,3,2,6,3,9,8,1,6,6,2,6,8,1,"M","M",0,"Right",0,1,0,1,3,0.5283
"0000001759",46,1,7,"Bachelor","Married",0,"Worker",5,3,0,,2,"Stockholm","Svealand",3,2,1,3,2,3,3,3,3,4,3,2,3,3,2,2,2,3,2,2,,3,2,2,3,2,3,3,3,2,1,2,2,2,5,0,4,3,4,0,3,3,2,0,0,5,0,0,1,2,5,5,1,6,5,5,5,4,5,0,,,,,,,,0,,0.9037
"0000002565",71,1,8,"Postgraduate","Married",0,"White collar",2,1,1,0,2,"Stockholm","Svealand",3,4,5,3,1,1,1,1,1,7,3,3,3,4,2,3,1,4,3,2,4,3,3,4,5,2,3,3,3,3,1,6,0,0,7,0,2,6,3,5,9,3,10,4,5,5,5,4,9,5,3,10,9,1,8,9,3,7,3,1,"MP","MP",0,"Left",0,0,0,0,2,0.5247
"0000000815",54,0,8,"Postgraduate","Married",1,"White collar",5,2,1,0,1,"Kalmar","Götaland",3,5,4,4,4,4,3,3,3,7,2,3,3,3,2,3,1,3,3,2,3,3,2,4,3,2,2,2,3,3,0,3,3,1,8,0,5,7,7,2,5,5,9,2,5,6,7,2,4,6,4,9,8,2,5,8,4,7,4,1,"S","S",0,"Left",0,0,1,0,1,0.7712
"0000000672",52,1,4,"No degree","Single",1,"White collar",4,2,1,0,2,"Gävleborg","Norrland",2,4,5,4,1,1,1,1,1,10,3,3,3,3,3,3,2,3,3,2,4,3,3,5,5,2,2,4,5,4,0,6,5,0,9,0,10,6,9,6,9,1,9,5,9,7,9,5,8,4,3,10,10,0,6,8,4,8,6,1,"M","MP",1,"Right",0,1,0,0,,1.1901
"0000002774",77,0,4,"No degree","Married",0,"White collar",2,1,1,0,3,"Västra Götaland","Götaland",3,4,5,5,1,3,1,1,2,10,4,3,4,3,3,4,2,2,2,1,4,3,3,5,5,3,1,3,3,3,1,7,7,0,1,5,9,0,2,8,0,8,3,5,9,1,2,8,1,8,2,10,9,0,3,8,2,7,7,1,"M","M",0,"Right",0,1,0,1,2,0.6234
"0000002144",66,0,3,"No degree","Married",1,"White collar",2,1,1,0,1,"Skåne","Götaland",3,4,3,4,3,4,1,1,3,6,2,2,2,3,2,2,2,2,2,2,2,3,2,4,4,3,2,3,3,3,,5,0,2,8,8,9,5,6,7,3,5,8,8,8,5,5,7,4,6,0,10,10,0,3,10,0,6,5,1,"SD",,,"Right",1,1,0,0,,0.7541
"0000002401",56,1,3,"No degree","Single",1,,,,1,1,4,"Stockholm","Svealand",1,1,1,1,1,1,1,1,1,0,1,1,1,1,1,1,1,1,1,1,,1,1,1,1,1,1,1,1,1,0,0,0,0,0,0,0,0,0,0,0,0,0,0,0,0,0,0,0,0,,,,,,,,,,0,,,,,,,,,,1.0931
"0000001642",54,0,5,"No degree","Single",1,"Worker",2,1,1,0,2,"Skåne","Götaland",2,4,5,2,2,3,1,1,3,9,3,3,3,3,2,4,2,3,3,2,3,2,3,5,4,2,2,4,4,3,1,4,7,7,8,5,5,2,5,2,5,5,8,3,3,3,5,1,3,3,2,10,9,0,7,7,3,6,3,1,"S","S",0,"Left",0,0,1,0,1,1.1984
"0000001942",76,0,3,"No degree","Single",1,"White collar",2,1,1,0,3,"Västra Götaland","Götaland",3,5,5,4,2,3,1,3,2,9,4,4,4,4,2,4,2,3,3,2,4,3,3,4,5,2,3,3,4,3,,7,7,7,9,0,2,7,5,0,5,5,9,0,3,5,6,0,5,5,2,10,9,0,5,9,2,6,1,1,"S","S",0,"Left",0,0,1,1,2,1.0469
"0000001855",79,1,5,"No degree","Married",0,"Worker",1,3,1,0,1,"Östergötland","Götaland",2,3,5,4,5,4,2,1,3,8,3,3,2,2,2,2,1,2,2,3,3,3,3,4,3,3,3,4,4,3,0,5,0,0,2,5,9,5,4,5,1,2,8,8,7,4,4,8,1,7,2,9,10,0,6,6,3,6,10,1,"M","M",0,"Right",0,1,0,0,1,0.7489
"0000001289",40,0,5,"No degree","Married",0,"Worker",2,1,1,0,2,"Dalarna","Svealand",3,4,5,4,2,3,1,1,4,8,4,4,4,3,3,3,1,4,4,2,4,4,4,5,5,2,3,2,3,2,1,4,6,0,10,0,0,7,8,0,5,2,10,0,0,2,9,0,5,2,2,10,9,0,6,9,2,8,2,1,"S","S",0,"Left",0,0,1,1,3,1.6791
"0000002189",68,0,3,"No degree","Married",1,"Worker",3,1,1,0,2,"Skåne","Götaland",4,4,5,1,4,3,1,1,1,8,3,3,3,3,3,3,1,2,2,1,4,3,3,4,4,3,2,3,3,3,,7,0,0,5,10,8,2,1,7,0,2,5,10,8,3,0,8,0,5,4,10,9,1,5,8,1,6,10,1,"SD","SD",0,"Right",1,1,0,1,3,0.7541
"0000001533",30,0,3,"No degree","Married",1,"Worker",3,2,1,0,1,"Västra Götaland","Götaland",3,4,,4,5,3,1,1,3,4,2,2,3,,3,1,1,1,1,1,4,4,2,4,5,3,2,4,3,1,1,0,0,3,1,10,9,0,0,8,0,4,0,10,8,0,0,7,0,7,2,10,9,0,1,9,1,5,10,1,"SD","SD",0,"Right",1,1,0,1,2,1.5423
"0000000163",85,0,8,"Postgraduate","Married",0,"White collar",3,3,1,0,1,"Blekinge","Götaland",4,5,5,4,1,1,1,1,1,10,4,3,3,4,2,3,1,4,4,3,4,4,3,5,5,2,3,4,4,3,0,7,7,0,9,0,0,9,3,0,10,2,10,0,1,9,4,0,9,1,1,10,10,0,7,10,1,8,1,1,"MP","MP",0,"Left",0,0,0,1,2,0.5283
"0000001283",60,0,3,"No degree","Married",1,"White collar",4,1,1,0,1,"Dalarna","Svealand",3,4,4,3,3,3,1,1,1,8,3,3,2,2,3,2,2,2,2,2,2,2,3,4,3,2,3,1,4,3,1,1,1,3,8,2,5,3,10,3,5,4,9,7,5,3,6,5,2,3,3,10,10,0,5,,,7,5,1,"C","C",0,"Left",0,0,0,1,2,1.1008
"0000000953",48,1,6,"No degree","Single",1,"Worker",4,1,1,0,1,"Dalarna","Svealand",2,3,5,4,3,3,3,4,4,7,3,2,3,3,2,3,1,2,3,2,3,2,3,5,4,2,4,3,4,3,1,3,5,7,5,1,9,5,4,4,3,5,6,1,7,6,5,2,3,5,3,9,8,0,4,9,1,7,6,1,"M","S",1,"Right",0,1,0,0,,0.9037
"0000002438",84,1,7,"Bachelor","Single",0,"Self-employed",1,1,1,0,1,"Gävleborg","Norrland",4,4,5,3,1,3,1,2,1,8,3,3,3,3,3,2,1,3,3,2,3,3,3,5,4,3,3,2,3,3,1,5,5,0,8,0,1,,6,1,9,6,8,0,1,10,7,1,9,8,4,10,10,1,6,10,4,6,3,1,"MP","V",1,"Left",0,0,0,0,2,0.5247
"0000001790",75,1,6,"No degree","Married",1,"White collar",3,1,1,1,1,"Skåne","Götaland",4,5,5,1,1,1,1,1,1,9,3,3,3,3,3,4,2,4,3,2,4,4,4,5,5,2,3,2,4,4,,4,4,4,10,0,0,9,5,0,8,2,10,0,0,9,5,0,9,2,2,10,10,1,7,10,4,7,2,1,"S","S",0,"Left",0,0,1,1,3,0.6191
"0000001152",19,1,4,"No degree","Single",1,"Worker",1,2,1,1,1,"Kronoberg","Götaland",3,5,5,5,1,4,1,2,1,7,3,3,2,4,2,4,2,3,3,1,4,3,3,5,3,1,3,3,3,3,1,0,2,7,8,0,2,10,6,0,8,2,10,0,5,10,10,2,5,2,2,10,10,0,5,10,3,9,1,1,"V",,,"Left",0,0,0,1,2,1.7726
"0000000144",49,0,8,"Postgraduate","Single",1,"Self-employed",3,2,1,0,4,"Skåne","Götaland",3,4,5,4,2,1,1,4,4,8,3,2,3,4,2,4,1,4,4,2,,2,3,5,5,3,2,2,2,3,1,1,3,1,8,0,2,2,7,2,5,3,8,0,1,3,8,2,5,5,3,8,9,1,5,8,4,7,5,1,,,,,,,,0,,0.7712
"0000000331",48,0,8,"Postgraduate","Married",1,"Worker",5,1,1,0,1,"Västerbotten","Norrland",3,4,5,4,2,4,1,1,1,2,2,2,2,2,2,2,1,3,2,1,3,3,2,4,3,3,2,3,3,2,1,2,3,0,5,9,9,0,0,8,0,5,5,9,8,0,0,7,0,7,3,9,8,0,0,8,0,7,8,1,"SD","SD",0,"Right",1,1,0,0,2,0.7712
"0000002142",71,1,8,"Postgraduate","Widowed",0,"White collar",1,1,1,1,2,"Västerbotten","Norrland",,4,5,5,1,1,1,1,3,8,3,3,3,3,2,3,2,3,2,2,2,3,3,5,4,2,3,4,3,3,0,2,0,7,8,0,7,6,8,1,8,5,10,0,6,7,9,1,9,5,5,10,9,3,6,9,6,8,,1,"MP","S",1,"Left",0,0,0,0,1,0.5247
"0000001817",64,1,,,"Married",,,,,1,0,,"Örebro","Svealand",1,,,,,,,,,,,,,,,,,,,,,,,,,,,,,,,,,,,,,,,,,,,,,,,,,,,,,,,,,,,,,,,,,,,,,1.1901
"0000001706",46,0,4,"No degree","Single",0,"Worker",1,1,0,1,4,"Stockholm","Svealand",2,3,3,2,3,3,3,3,4,6,2,2,2,2,2,2,,2,2,1,3,2,3,5,3,3,3,2,2,2,1,2,0,0,9,7,4,8,5,3,3,5,9,7,4,8,5,5,5,5,0,9,8,1,5,7,3,,1,1,"S","V",1,"Left",0,0,1,0,2,1.1008
"0000002085",56,1,3,"No degree","Married",1,"Worker",3,1,1,0,1,"Kalmar","Götaland",3,3,3,3,3,3,3,3,3,3,3,3,4,4,2,3,2,2,2,2,4,3,1,3,3,3,3,3,3,3,,7,0,7,3,10,8,2,2,5,0,2,5,10,8,1,0,7,0,1,5,8,8,0,4,7,0,7,8,1,"SD","SD",0,"Right",1,1,0,0,3,1.0931
"0000000446",52,1,7,"Bachelor","Married",1,"Worker",4,2,1,1,2,"Västernorrland","Norrland",2,3,5,3,2,3,3,3,3,10,3,3,3,3,2,3,2,3,4,3,3,3,3,5,5,3,3,2,4,4,1,5,7,7,10,0,3,4,1,5,7,2,10,0,1,5,0,0,,3,3,10,6,0,7,7,5,6,3,1,"S","S",0,"Left",0,0,1,,,0.7658
"0000001809",83,1,5,"No degree","Married",0,"Worker",1,3,1,0,2,"Västmanland","Svealand",3,3,5,4,4,2,,,5,7,3,3,2,3,2,3,2,2,2,2,,3,3,5,4,1,3,2,3,4,0,7,2,7,5,5,6,0,0,7,0,2,6,7,7,0,0,7,0,3,0,7,10,0,0,10,0,5,5,1,,,,,,,,0,2,0.7489
"0000001839",70,1,5,"No degree","Married",0,"White collar",3,2,1,0,1,"Norrbotten","Norrland",2,4,4,4,4,4,3,3,3,7,2,2,2,3,2,3,2,3,3,3,3,3,3,5,3,3,2,4,4,3,0,2,0,0,7,1,1,1,1,1,1,1,2,2,2,2,2,2,2,2,3,5,10,0,5,5,5,8,5,1,"S","S",0,"Left",0,0,1,0,,1.1014
"0000001765",48,1,3,"No degree","Married",0,"Worker",1,1,0,,1,"Värmland","Svealand",3,3,3,3,3,3,4,4,3,7,3,3,2,3,2,2,1,2,2,3,,3,2,5,3,3,3,2,3,3,0,2,5,6,9,0,6,7,5,2,5,,8,0,6,6,5,2,4,4,0,10,,5,5,7,7,7,3,,,,,,,,,0,,1.0931
"0000002007",65,1,4,"No degree","Single",,"White collar",3,3,1,0,2,"Gävleborg","Norrland",3,4,5,4,3,1,1,4,2,9,4,3,4,3,3,3,,3,3,3,3,3,3,4,5,3,4,4,4,4,1,5,0,0,8,1,3,5,7,3,8,4,,,,,,,,,4,9,8,2,5,8,5,6,4,1,"S","MP",1,"Left",0,0,1,,2,0.8153
"0000002588",71,1,3,"No degree","Married",0,"Self-employed",3,1,1,0,2,"Örebro","Svealand",4,4,5,5,4,,1,1,1,9,3,2,2,3,3,3,1,2,3,1,4,4,4,5,5,3,2,2,4,4,1,7,0,0,5,5,10,5,6,10,5,7,8,8,9,6,8,10,6,8,4,5,10,0,5,10,3,8,9,1,"KD","KD",0,"Right",0,1,0,0,1,0.7489
"0000001395",52,1,3,"No degree","Married",0,"Worker",3,1,1,0,1,"Västra Götaland","Götaland",2,3,,,,,1,1,2,,2,2,3,3,2,2,2,1,3,2,4,4,2,4,5,3,2,2,3,3,1,0,0,7,,,,,,,,,,,,,,,,,,,,,,,,,,1,"SD","SD",0,"Right",1,1,0,0,3,1.0931
"0000000759",35,0,4,"No degree","Married",0,"Worker",4,3,1,0,1,"Blekinge","Götaland",2,4,5,4,5,4,1,4,4,6,2,2,3,3,2,2,2,2,3,2,3,3,2,5,3,3,2,2,4,3,1,0,2,7,7,8,7,1,2,8,1,5,3,9,7,1,0,8,0,6,3,8,8,0,6,8,1,6,7,1,"KD","SD",1,"Right",0,1,0,0,,1.6791
"0000000212",37,1,8,"Postgraduate","Single",1,"White collar",1,1,1,0,3,"Stockholm","Svealand",3,4,5,4,1,,1,4,1,10,4,4,3,4,3,3,2,3,4,2,4,3,3,4,5,2,2,4,3,3,0,2,,7,10,0,1,9,8,0,10,1,10,0,1,10,10,0,10,1,1,10,10,0,3,10,1,10,1,1,"S","S",0,"Left",0,0,1,1,2,1.073
"0000000798",50,0,8,"Postgraduate","Married",0,"White collar",5,2,1,0,4,"Skåne","Götaland",3,4,5,4,3,3,1,1,1,9,3,3,3,3,3,3,2,3,3,2,,4,4,5,4,4,3,4,5,3,1,5,7,0,3,8,10,0,5,8,0,6,10,9,9,3,1,7,0,5,3,10,8,0,5,7,1,6,8,1,,,,,,,,1,3,0.91
"0000002476",38,0,4,"No degree","Single",0,,2,,1,0,1,"Västernorrland","Norrland",3,3,2,5,5,3,4,3,4,6,2,2,1,3,3,1,2,1,1,2,,2,2,4,4,1,1,1,2,1,0,0,1,1,4,6,8,7,8,2,0,5,3,10,8,2,8,5,5,3,2,8,9,,7,4,2,8,5,1,,,,,,,,0,,1.6791
"0000002525",85,0,9,"Postgraduate","Divorced",1,"White collar",3,,0,1,,"Värmland","Svealand",4,4,5,5,3,1,1,1,2,9,3,3,3,4,3,3,2,3,3,3,3,2,3,4,5,,2,4,3,3,0,6,5,5,9,0,4,7,9,5,10,7,10,0,5,7,9,5,10,7,3,9,8,2,4,10,2,4,3,1,"MP","MP",0,"Left",0,0,0,0,2,0.5283
"0000001163",66,0,3,"No degree","Married",0,"Worker",1,1,1,0,1,"Västerbotten","Norrland",1,2,3,5,5,5,1,1,1,7,1,1,1,4,1,3,3,2,3,2,,3,3,5,3,1,3,3,3,3,1,4,0,0,4,4,4,4,4,0,0,4,3,4,4,4,4,4,0,4,5,10,10,0,5,8,5,5,5,1,,,,,,,,0,,0.7541
"0000002647",75,0,5,"No degree","Married",1,"Worker",1,2,1,,3,"Västerbotten","Norrland",3,3,4,4,4,2,1,1,1,9,3,3,3,3,2,4,2,4,4,4,4,4,4,5,,3,4,5,5,5,1,3,4,7,,,,,,,,,,,,,,,,,0,5,5,5,5,5,5,10,5,1,"S",,,"Left",0,0,1,0,2,1.0469
"0000002675",27,1,7,"Bachelor","Single",0,,,1,1,0,1,"Skåne","Götaland",3,4,5,5,3,2,2,4,4,7,3,,3,4,2,3,2,3,3,2,4,2,3,4,4,3,4,3,4,4,0,0,3,7,9,0,5,5,7,1,7,5,10,0,4,5,7,0,5,5,3,10,8,1,5,9,4,7,3,1,"S","S",0,"Left",0,0,1,0,2,1.073
"0000001271",25,1,7,"Bachelor","Single",0,"Worker",4,1,1,0,1,"Östergötland","Götaland",2,3,5,4,2,3,1,1,3,10,3,3,3,3,2,1,1,3,3,2,4,2,3,4,4,3,3,3,3,3,1,2,0,7,9,2,7,5,5,5,5,5,8,5,7,5,5,5,5,5,0,10,10,0,0,9,0,8,0,1,"S","M",1,"Left",0,0,1,0,,1.1407
"0000002587",85,0,2,"No degree","Widowed",0,"White collar",,1,1,0,2,"Södermanland","Svealand",2,4,5,3,3,1,1,1,2,9,3,4,3,3,2,2,1,3,3,2,4,4,,,4,3,3,,,,,7,,0,8,2,1,3,5,3,6,2,8,2,1,3,5,3,6,2,,,,,,,,,,1,"S","S",0,"Left",0,0,1,,,0.7541
"0000002160",75,1,6,"No degree","Married",0,"Worker",3,1,1,0,4,"Västerbotten","Norrland",3,4,4,4,4,5,1,3,4,7,2,2,2,,2,2,2,3,3,2,3,2,3,3,3,2,2,4,4,3,1,7,5,3,8,5,6,5,6,6,6,5,8,6,6,5,6,6,7,6,1,10,10,3,2,10,3,10,2,1,"S","S",0,"Left",0,0,1,1,3,0.7489
"0000000785",64,0,3,"No degree","Married",0,,4,1,1,0,3,"Stockholm","Svealand",3,4,5,5,5,4,4,4,1,7,2,2,3,3,2,2,1,2,3,1,4,4,3,5,3,3,4,3,2,3,1,5,,,0,10,10,0,0,9,0,6,4,10,9,0,0,9,0,7,2,10,10,0,2,9,0,6,10,1,"SD","SD",0,"Right",1,1,0,1,3,1.1008
"0000000263",68,1,6,"No degree","Married",1,"White collar",3,1,1,0,1,"Västra Götaland","Götaland",,3,5,3,2,3,1,1,1,10,4,3,4,3,3,3,2,3,,2,2,4,3,5,3,3,3,3,3,3,0,7,7,2,7,7,8,1,5,8,1,5,8,8,8,5,5,9,0,7,6,9,10,0,3,9,0,6,7,1,"KD","M",1,"Right",0,1,0,0,1,0.6191
"0000000083",56,0,6,"No degree","Married",1,"Self-employed",5,1,1,0,2,"Dalarna","Svealand",3,4,5,5,4,2,1,1,2,9,4,4,4,4,4,2,2,1,3,2,4,3,4,5,5,3,3,4,4,4,1,2,7,7,2,6,10,1,1,8,0,6,3,7,9,7,1,9,0,8,5,10,9,1,6,10,0,7,9,1,"M","M",0,"Right",0,1,0,1,3,1.1984
"0000001451",59,1,5,"No degree","Married",1,"Worker",2,2,1,0,1,"Västra Götaland","Götaland",2,4,5,,,,4,,5,5,2,2,2,2,2,2,2,2,3,2,,3,3,4,4,2,2,3,3,3,1,3,2,7,7,10,7,7,5,6,5,7,7,10,7,7,5,6,5,7,3,9,6,3,2,6,1,4,6,1,"SD","V",1,"Right",1,1,0,,2,1.0931
"0000002203",72,1,4,"No degree","Divorced",1,"White collar",2,1,1,0,1,"Stockholm","Svealand",3,4,5,,1,2,1,3,3,9,4,4,4,4,3,4,1,3,3,2,3,3,4,5,5,2,3,3,3,3,0,1,0,0,,0,,,,,,,9,0,,,9,,,,,,,,,,,,1,1,"S",,,"Left",0,0,1,1,2,0.6191
"0000001610",44,0,4,"No degree","Married",1,"Worker",4,1,1,0,1,"Västra Götaland","Götaland",,4,5,4,2,3,2,4,2,8,3,2,2,4,2,3,1,3,3,1,2,3,3,5,4,3,2,3,3,3,1,4,,,9,1,8,3,7,2,8,9,8,1,8,5,8,1,5,7,3,9,7,0,5,8,2,6,6,1,"L","S",1,"Right",0,1,0,0,1,1.1984
"0000000997",69,1,3,"No degree","Married",0,"White collar",4,1,1,1,1,"Stockholm","Svealand",3,4,4,5,4,3,3,3,4,6,2,2,2,3,2,3,2,3,3,2,2,3,2,5,3,2,2,4,3,3,0,5,0,5,8,6,7,0,7,8,1,9,10,9,9,5,9,10,5,8,4,9,8,0,8,8,1,8,8,1,"L","KD",1,"Right",0,1,0,0,1,0.7489
"0000001744",63,0,3,"No degree","Divorced",0,"Worker",4,1,1,0,2,"Halland","Götaland",2,4,4,4,5,5,3,3,3,10,2,2,1,3,3,2,2,1,3,4,3,3,3,4,5,3,2,3,3,3,0,7,,,0,10,8,5,0,6,0,5,0,10,8,5,0,10,0,5,1,10,10,,1,10,1,5,10,1,"SD","SD",0,"Right",1,1,0,1,2,1.1008
"0000002382",73,1,3,"No degree","Married",0,"Worker",2,1,1,,2,"Skåne","Götaland",3,4,5,5,2,2,,,1,9,3,3,3,3,3,3,2,4,3,2,4,4,3,5,5,3,3,3,4,2,0,7,0,7,10,0,2,7,7,0,8,5,10,0,2,7,8,0,8,1,5,10,10,1,6,9,3,7,5,1,"S","S",0,"Left",0,0,1,1,3,0.7489
"0000000370",48,1,8,"Postgraduate","Married",1,"White collar",5,3,1,0,2,"Värmland","Svealand",2,4,5,5,2,3,4,4,2,9,3,3,3,4,3,4,2,3,3,1,4,4,3,5,5,3,3,2,3,3,1,1,6,7,8,0,5,5,8,2,9,5,10,0,3,8,8,1,7,8,3,10,8,1,6,9,3,6,4,1,"MP","MP",0,"Left",0,0,0,1,1,0.7658
"0000001653",22,1,4,"No degree","Single",1,"Worker",3,1,1,0,1,"Norrbotten","Norrland",2,3,4,3,3,3,1,1,1,7,3,3,3,3,3,2,2,3,2,,3,3,3,4,4,2,2,2,3,1,1,0,0,1,7,3,7,7,8,8,5,5,8,3,8,8,8,8,5,5,,,,,,,,,5,1,"KD","C",1,"Right",0,1,0,0,,1.7726
"0000001033",35,1,5,"No degree","Divorced",1,"White collar",4,1,1,0,2,"Västra Götaland","Götaland",2,4,5,3,3,1,1,1,1,8,3,3,1,4,2,2,1,3,4,1,4,4,4,5,5,1,2,3,3,3,1,0,7,7,9,0,5,8,8,3,9,5,10,0,5,5,8,2,5,5,,10,9,1,5,7,4,5,4,1,"S","S",0,"Left",0,0,1,1,2,1.2661
"0000002035",77,0,5,"No degree","Married",0,"White collar",4,2,1,0,2,"Halland","Götaland",3,4,5,5,3,4,2,2,1,8,4,3,3,3,3,4,2,3,3,1,,4,3,5,4,3,4,2,3,2,1,7,7,7,7,0,6,0,8,2,3,6,9,1,7,1,9,3,3,6,1,9,10,0,4,9,2,5,5,1,,,,,,,,0,,0.821
"0000002621",84,1,2,"No degree","Widowed",1,"White collar",1,1,1,0,2,"Värmland","Svealand",3,3,5,5,3,4,1,1,3,10,3,3,3,3,2,3,2,3,3,3,3,3,3,5,5,2,4,4,5,3,1,5,0,7,10,5,4,2,6,5,8,4,10,5,5,7,2,5,6,5,0,10,10,0,5,10,3,7,0,1,"S","S",0,"Left",0,0,1,1,2,0.7489
"0000001365",31,1,6,"No degree","Single",0,"Worker",2,3,1,0,2,"Skåne","Götaland",3,4,5,3,3,5,3,4,4,6,2,2,3,2,2,2,1,1,3,2,4,2,2,1,3,3,2,3,3,3,,5,6,2,2,10,8,0,0,10,0,0,1,10,6,0,0,10,0,0,1,9,9,0,4,9,1,5,9,1,"SD","SD",0,"Right",1,1,0,1,2,1.2661
"0000001013",38,1,4,"No degree","Single",1,"Worker",5,1,1,0,2,"Västerbotten","Norrland",3,3,5,3,5,1,3,3,4,7,2,2,,3,1,3,2,2,,2,2,1,2,5,,3,2,2,3,3,1,3,2,7,,,,,,,,,,,,,,,,,3,10,10,0,6,10,5,6,2,1,"S",,,"Left",0,0,1,0,1,1.5316
"0000001315",61,1,,,"Married",,,,,1,1,,"Västra Götaland","Götaland",,,,,,,,,,,,,,,,,,,,,,,,,,,,,,,,,,,,,,,,,,,,,,,,,,,,,,,,,,,,,,,,,,,,,,1.0931
"0000001186",32,0,4,"No degree","Single",1,"Worker",1,1,1,1,2,"Jämtland","Norrland",2,3,3,3,2,3,1,1,3,3,2,2,3,3,1,2,2,3,2,2,,3,2,5,2,1,4,3,3,2,1,0,7,0,7,0,6,5,5,2,1,5,6,0,3,1,1,1,2,2,5,5,5,5,5,5,5,5,,1,,,,,,,,0,,1.6791
"0000001399",58,1,3,"No degree","Single",1,"Worker",4,1,1,0,3,"Stockholm","Svealand",3,3,3,4,4,4,1,1,,2,2,2,2,3,3,2,1,3,3,1,4,1,3,1,4,2,2,4,3,3,1,1,,,10,0,0,5,0,0,7,0,10,0,0,0,5,3,0,0,0,8,10,2,8,5,2,5,0,1,"S","S",0,"Left",0,0,1,0,,1.1901
"0000001603",70,1,5,"No degree","Married",0,"Self-employed",1,1,1,0,1,"Dalarna","Svealand",3,4,5,4,2,3,4,4,3,5,2,2,1,3,2,2,1,2,2,1,4,4,3,4,5,3,3,3,3,3,0,4,4,0,1,9,9,0,1,9,0,3,1,10,7,0,0,9,0,7,1,9,10,0,1,9,0,5,10,1,"SD","SD",0,"Right",1,1,0,1,2,0.8153
"0000000192",42,0,8,"Postgraduate","Married",,,,,1,0,,"Västmanland","Svealand",3,4,5,4,4,1,2,3,3,7,3,3,4,4,2,2,1,3,3,,,3,3,5,5,,,3,4,4,1,0,7,0,9,0,8,5,7,7,5,8,9,2,7,5,7,4,5,7,,8,8,1,5,8,5,7,6,1,,,,,,,,0,,0.7712
"0000000773",54,0,6,"No degree","Married",0,"White collar",4,3,1,0,1,"Dalarna","Svealand",3,4,5,4,3,2,1,2,2,9,4,3,4,4,2,3,2,3,3,5,3,4,3,5,2,3,4,2,3,5,0,1,3,2,7,1,8,1,9,2,8,5,9,9,1,3,9,1,4,5,4,8,9,1,7,8,4,8,6,1,"MP","M",1,"Left",0,0,0,0,,1.1984
"0000001692",53,0,4,"No degree","Married",1,"White collar",3,1,0,,2,"Örebro","Svealand",2,4,4,4,3,4,4,4,4,7,2,2,3,3,2,3,2,2,2,2,3,2,3,3,3,2,2,2,4,3,1,4,4,3,6,9,6,3,,6,1,4,8,7,,3,,6,1,6,4,8,6,3,2,7,,3,4,1,"SD","S",1,"Right",1,1,0,0,2,0.91
"0000002211",73,0,6,"No degree","Married",0,"White collar",1,2,1,0,1,"Dalarna","Svealand",4,5,5,4,2,1,1,1,1,10,4,4,4,4,3,4,2,4,4,2,4,4,4,5,5,3,4,4,5,3,1,7,6,6,8,0,3,8,7,2,10,3,8,0,3,8,8,1,9,3,3,10,10,0,5,10,2,7,2,1,"MP","S",1,"Left",0,0,0,1,3,0.6234
"0000002717",72,0,7,"Bachelor","Divorced",0,"Self-employed",2,1,1,0,2,"Stockholm","Svealand",4,5,5,5,1,3,4,4,1,9,3,3,3,3,3,2,1,2,2,1,,4,3,5,4,3,1,4,4,2,,5,7,0,1,7,10,0,0,10,0,8,0,7,10,0,0,10,0,10,3,10,9,0,3,9,1,8,9,1,"M","M",0,"Right",0,1,0,1,3,0.5283
"0000002151",25,0,4,"No degree","Single",0,,2,1,1,0,2,"Östergötland","Götaland",3,3,4,5,3,3,1,3,3,8,3,3,2,3,2,2,1,2,2,1,3,4,3,4,5,,2,2,3,3,1,2,2,0,5,2,2,5,3,2,3,2,5,3,3,5,5,3,2,4,3,5,8,0,5,7,3,6,2,1,,,,,,,0,0,2,1.7851
"0000002167",57,0,6,"No degree","Single",0,"Self-employed",1,1,1,0,4,"Stockholm","Svealand",4,5,5,5,1,5,1,1,5,7,3,3,3,3,3,2,2,1,3,1,3,3,3,4,3,4,3,3,3,2,,0,7,4,1,5,7,0,1,5,0,4,6,10,5,6,0,6,0,4,2,5,8,0,1,7,0,4,9,1,"M",,,"Right",0,1,0,0,2,1.1984
"0000001478",72,0,4,"No degree","Divorced",0,"Self-employed",2,1,1,0,1,"Örebro","Svealand",3,5,5,1,5,1,1,1,2,10,4,3,4,3,2,3,2,4,3,3,4,4,4,5,5,3,3,4,4,3,1,6,0,0,7,7,9,7,7,7,5,10,7,8,8,10,6,8,6,10,5,9,9,4,6,8,4,8,6,1,"L","KD",1,"Right",0,1,0,1,2,0.6234
"0000000622",42,0,8,"Postgraduate","Single",1,"White collar",5,2,1,0,3,"Stockholm","Svealand",2,4,5,4,1,1,2,4,3,9,3,3,3,4,3,4,1,3,3,4,3,3,3,5,5,2,3,2,3,3,1,7,0,0,8,0,1,3,6,1,6,2,9,0,1,6,6,1,5,4,3,7,9,0,7,9,2,9,3,1,"S","C",1,"Left",0,0,1,0,1,0.7712
"0000000501",32,0,7,"Bachelor","Single",1,"White collar",5,1,1,0,4,"Stockholm","Svealand",3,4,5,4,3,3,4,4,2,8,3,3,3,3,2,3,2,2,3,2,3,3,3,4,3,3,3,2,4,3,1,1,7,5,6,5,8,2,6,7,3,8,7,5,6,5,7,7,2,5,,8,8,0,5,8,1,7,7,1,"M","M",0,"Right",0,1,0,0,2,1.0805
"0000000124",47,1,8,"Postgraduate","Married",0,"White collar",3,1,1,0,1,"Jönköping","Götaland",2,4,5,1,1,1,1,1,1,8,2,2,3,4,2,3,2,3,3,1,3,3,4,5,4,3,3,,3,2,1,5,6,6,9,5,5,5,5,5,5,5,9,5,2,5,7,2,7,2,2,9,10,0,4,10,1,8,2,1,"S","S",0,"Left",0,0,1,0,2,0.7658
"0000001896",88,1,6,"No degree","Widowed",,"White collar",1,3,1,0,2,"Kalmar","Götaland",3,4,5,3,2,1,1,1,3,8,3,3,4,3,3,3,2,3,3,3,4,3,3,5,4,3,4,5,4,3,0,7,6,7,6,,8,6,8,8,5,7,9,5,8,7,,9,6,7,5,3,8,0,7,6,1,6,7,1,"C","C",0,"Left",0,0,0,1,2,0.5247
"0000000958",64,0,6,"No degree","Married",1,"White collar",1,6,1,0,2,"Jönköping","Götaland",3,4,5,5,1,1,1,1,1,9,4,4,4,4,,1,1,3,4,2,4,3,3,5,4,2,3,4,4,2,1,1,2,7,5,0,8,3,9,6,0,2,6,1,9,3,10,5,0,3,5,9,7,1,6,8,3,4,5,1,"C","KD",1,"Left",0,0,0,0,,0.91
"0000001068",66,1,5,"No degree","Married",1,"White collar",5,1,1,0,4,"Stockholm","Svealand",3,4,5,5,4,2,4,4,4,9,4,4,4,4,3,3,3,2,3,2,3,4,3,5,4,3,4,4,4,3,1,4,7,7,5,0,10,3,7,7,2,10,9,8,10,6,7,8,2,9,8,10,8,1,6,8,5,8,8,1,"M","M",0,"Right",0,1,0,1,2,0.7489
"0000000839",37,1,5,"No degree","Married",0,"Self-employed",5,2,1,0,3,"Västra Götaland","Götaland",2,4,5,3,2,3,1,1,4,10,4,4,4,3,3,3,2,2,2,1,3,3,2,3,4,2,2,3,3,3,1,0,2,1,6,0,8,2,10,2,2,8,6,0,9,0,10,3,0,5,1,10,9,0,5,9,2,7,6,1,"C","L",1,"Left",0,0,0,0,1,1.2661
"0000000699",73,0,4,"No degree","Married",0,"Self-employed",5,1,1,0,3,"Stockholm","Svealand",3,5,5,3,1,2,1,1,1,9,4,3,4,3,3,3,2,3,3,3,4,3,3,5,4,2,2,4,4,3,1,5,5,6,7,0,2,9,5,1,8,3,9,0,2,9,6,0,7,2,5,10,8,2,6,10,4,7,2,1,"V","V",0,"Left",0,0,0,1,2,0.821
"0000001116",49,0,4,"No degree","Married",1,"Worker",4,2,1,0,2,"Västerbotten","Norrland",3,5,5,5,1,2,1,1,2,8,4,4,4,4,3,3,2,3,3,2,4,4,3,5,5,3,2,3,3,3,1,0,7,7,9,0,1,3,1,1,4,2,8,1,0,0,2,1,0,0,3,6,8,0,,,5,6,3,1,"S","S",0,"Left",0,0,1,1,3,1.1984
"0000000505",47,1,8,"Postgraduate","Married",1,"White collar",5,1,1,1,2,"Södermanland","Svealand",4,5,5,5,2,3,1,2,1,8,4,4,3,4,3,2,1,1,3,1,4,3,4,5,3,3,2,3,3,2,1,5,7,3,4,5,10,4,6,10,0,5,6,5,10,8,4,10,0,5,4,4,7,2,5,7,5,5,8,1,"KD","M",1,"Right",0,1,0,1,2,0.7658
"0000000141",57,0,4,"No degree","Married",1,"White collar",5,2,1,0,4,"Stockholm","Svealand",3,4,5,4,4,4,5,4,2,6,3,3,3,4,2,2,2,2,3,2,,4,2,4,4,1,3,2,2,3,1,2,0,6,4,9,9,1,2,6,6,5,7,9,9,3,2,7,6,5,0,10,10,0,0,9,5,7,10,1,,"M",,,,,,1,2,1.1008
"0000002071",72,1,5,"No degree","Widowed",0,"White collar",2,3,1,0,2,"Västra Götaland","Götaland",3,4,5,5,2,3,1,2,2,8,3,3,3,3,3,3,2,4,4,2,4,3,3,5,4,2,3,3,4,3,0,4,7,3,10,0,6,9,8,4,10,6,10,6,5,7,8,2,10,5,3,9,9,0,3,9,2,6,2,1,"S","S",0,"Left",0,0,1,1,2,0.6191
"0000002182",67,1,4,"No degree","Married",0,"Worker",4,2,0,,1,"Skåne","Götaland",2,3,5,5,1,1,5,5,2,10,3,2,2,3,2,3,3,2,3,2,,3,2,5,2,1,4,2,4,3,1,1,0,0,5,7,7,0,1,9,0,7,6,8,8,1,0,10,0,8,6,6,8,0,3,8,0,7,7,1,"KD",,,"Right",0,1,0,1,2,1.0396
"0000000909",64,1,8,"Postgraduate","Single",1,"White collar",1,1,1,0,4,"Stockholm","Svealand",4,5,5,5,1,2,2,4,2,8,4,4,4,4,3,4,2,3,3,2,4,4,3,5,5,3,2,2,3,2,1,7,2,7,9,0,1,8,3,0,8,3,10,0,1,8,9,0,8,4,5,5,10,2,8,10,4,7,4,1,"S","S",0,"Left",0,0,1,0,2,0.7658
"0000001560",24,0,4,"No degree","Single",0,,1,2,1,0,2,"Västernorrland","Norrland",3,4,2,2,5,4,4,4,3,7,2,3,1,1,3,3,4,4,4,5,,4,3,4,1,4,4,3,3,,,1,2,6,0,10,9,0,0,0,0,8,0,10,9,0,0,8,0,0,5,7,5,5,7,8,2,4,9,0,,,,,,,,0,,1.7851
"0000001559",48,0,3,"No degree","Single",0,"Worker",5,1,1,0,1,"Västra Götaland","Götaland",3,5,3,5,4,3,3,3,3,5,3,3,1,4,3,2,1,2,3,2,4,4,3,5,5,3,3,4,3,3,1,4,7,0,0,10,6,3,5,6,0,1,3,10,5,0,0,0,5,5,0,10,10,0,0,10,0,7,10,1,"SD","SD",0,"Right",1,1,0,1,3,1.1008
"0000002608",82,0,2,"No degree","Married",1,,1,,1,,2,"Västra Götaland","Götaland",2,4,5,5,2,3,3,3,4,6,3,3,2,3,2,3,2,2,2,2,3,3,3,4,3,2,2,3,4,3,0,,6,4,0,7,7,0,4,5,0,4,5,6,6,1,2,5,1,5,2,8,7,2,5,5,2,5,5,1,"SD","SD",0,"Right",1,1,0,0,1,1.1092
"0000001396",43,0,5,"No degree","Single",0,"Worker",3,1,1,0,2,"Stockholm","Svealand",2,3,4,4,4,4,1,1,5,8,3,3,3,3,3,3,3,3,2,2,3,3,3,3,4,2,2,2,3,3,0,2,0,4,5,1,5,5,8,5,5,5,8,2,8,8,8,2,8,8,4,10,8,0,4,8,1,7,3,1,"C",,,"Left",0,0,0,0,1,0.91
"0000000693",48,1,6,"No degree","Married",1,"Self-employed",5,1,0,1,3,"Stockholm","Svealand",3,4,5,3,2,1,4,5,2,9,3,3,3,4,2,3,2,1,3,2,4,4,4,5,4,3,3,4,3,3,,0,7,0,0,0,8,0,7,0,0,10,5,0,8,0,8,0,0,10,6,9,8,0,5,9,0,7,7,1,"L","L",0,"Right",0,1,0,1,3,0.9037
"0000001554",38,0,3,"No degree","Single",1,"Worker",2,1,0,,3,"Jämtland","Norrland",1,1,1,2,3,1,2,3,4,1,2,2,1,4,2,1,1,3,3,1,2,2,2,2,1,1,2,3,2,1,1,0,4,1,10,0,4,8,5,7,6,7,4,,6,0,6,8,,5,10,0,3,7,2,2,1,1,6,1,"S",,,"Left",0,0,1,1,2,2.2684
"0000001561",62,0,3,"No degree","Married",0,"Worker",2,1,1,0,2,"Skåne","Götaland",2,5,,,5,,3,3,3,10,3,3,3,4,3,3,2,2,3,2,4,4,3,5,4,4,2,1,3,4,0,5,,,,10,,0,0,,0,,,10,,0,0,8,,,0,10,9,0,0,6,0,6,10,1,"SD","SD",0,"Right",1,1,0,1,3,1.5282
"0000000152",26,0,8,"Postgraduate","Single",1,"Worker",5,1,1,0,2,"Uppsala","Svealand",4,5,5,5,1,4,2,2,1,8,4,4,4,3,3,3,2,1,3,1,3,4,4,5,4,4,4,2,3,2,1,7,7,7,2,8,9,0,0,9,0,4,5,9,8,7,1,10,0,8,3,10,8,0,2,9,0,6,8,1,"M","M",0,"Right",0,1,0,1,2,1.0805
"0000002185",78,1,3,"No degree","Married",0,"Worker",2,2,1,0,2,"Östergötland","Götaland",3,4,4,5,5,5,1,4,2,5,4,3,2,3,3,4,1,4,4,2,3,3,3,5,3,2,2,4,4,5,0,4,4,0,6,0,0,1,4,0,4,,10,0,0,9,7,0,6,1,10,10,0,5,5,2,5,2,5,1,"S","S",0,"Left",0,0,1,1,2,1.0396
"0000002606",85,1,2,"No degree","Widowed",0,"Worker",1,1,1,0,1,"Västra Götaland","Götaland",2,4,4,4,4,4,4,4,3,6,2,2,2,3,,3,2,2,3,2,2,2,3,3,3,3,3,2,3,2,1,3,0,3,5,5,9,5,5,8,5,8,5,8,9,5,5,9,5,9,5,7,8,2,5,8,5,7,6,1,"KD","KD",0,"Right",0,1,0,0,,1.1014
"0000001169",43,0,4,"No degree","Single",0,"Worker",1,6,1,1,2,"Västra Götaland","Götaland",4,4,5,4,4,1,1,2,5,7,3,3,4,4,3,2,2,3,3,4,3,4,3,5,4,3,4,2,4,3,1,,4,7,2,2,2,7,2,6,7,2,2,6,2,7,2,5,6,4,3,5,7,2,5,7,5,,4,1,"MP","MP",0,"Left",0,0,0,0,,1.1984
"0000002610",19,1,4,"No degree","Single",0,,4,2,1,0,1,"Värmland","Svealand",3,5,5,,,,,,5,4,2,2,1,3,2,2,2,1,2,1,3,3,2,3,4,1,1,3,3,,0,4,3,7,4,0,8,8,0,10,0,5,3,0,7,10,0,10,0,6,7,10,10,0,5,10,5,5,8,1,"KD",,,"Right",0,1,0,0,,1.7726
"0000001927",24,1,7,"Bachelor","Single",1,"Worker",,1,0,1,2,"Skåne","Götaland",2,4,3,3,3,,3,3,3,8,,,,,,,,,3,3,,,,3,3,2,3,3,,3,0,4,4,7,5,5,5,5,5,5,5,5,5,5,5,5,5,5,5,5,,,,,,,,,,,,,,,,,,0,,1.346
"0000000300",44,1,,,"Single",,,,,1,0,,"Kronoberg","Götaland",3,4,,,,,,,,,,,,,,,,,,,,,,,,,,,,,,3,3,1,,,,,,,,,,,,,,,,,,,,,,,,,,,,,,,,,,,,0.7658
"0000001754",21,0,4,"No degree","Single",0,"Worker",2,3,0,,4,"Gävleborg","Norrland",1,4,5,5,5,4,5,5,5,10,3,3,4,4,3,3,3,3,3,3,,3,4,5,5,3,4,4,5,4,1,1,1,1,5,5,5,5,5,5,5,5,5,5,5,5,5,5,5,5,2,10,8,0,5,8,1,7,3,0,,,,,,,,0,,1.7851
"0000000980",72,0,3,"No degree","Divorced",0,"White collar",2,2,1,0,1,"Jönköping","Götaland",3,4,5,4,4,3,2,3,4,8,3,3,3,3,3,3,3,,3,2,,3,3,5,4,3,3,2,4,3,1,7,4,4,8,8,8,8,8,5,8,5,8,8,8,8,8,5,8,5,0,9,10,0,2,10,1,5,3,,,,,,,,,0,,0.7541
"0000000110",52,1,8,"Postgraduate","Divorced",1,"White collar",2,1,0,,3,"Stockholm","Svealand",3,5,5,5,5,3,1,2,5,7,3,2,,3,2,2,2,2,1,2,,3,3,4,3,3,4,3,4,3,0,7,4,2,8,8,8,8,,,,,1,10,8,9,0,8,5,5,5,2,5,1,5,5,5,7,1,1,,,,,,,,0,2,0.7658
"0000002193",76,1,8,"Postgraduate","Divorced",0,"White collar",4,1,1,0,2,"Östergötland","Götaland",4,5,5,1,1,1,1,1,1,7,3,3,3,3,2,3,2,2,3,2,4,4,2,5,5,1,2,3,4,3,1,7,7,7,8,0,1,10,3,1,8,2,8,0,0,,3,0,,1,5,10,10,0,7,10,3,8,0,1,"V","V",0,"Left",0,0,0,1,3,0.5247
"0000000657",50,0,8,"Postgraduate","Single",1,"Self-employed",4,1,1,0,2,"Skåne","Götaland",3,5,5,5,1,2,2,2,3,9,3,3,3,3,2,2,2,2,1,1,2,2,3,4,4,3,3,2,3,3,0,0,7,7,0,5,5,1,0,4,0,5,4,4,5,7,0,5,0,7,3,5,8,0,4,9,1,7,3,1,"SD","SD",0,"Right",1,1,0,0,1,0.7712
"0000000662",42,0,8,"Postgraduate","Married",0,"White collar",5,3,1,0,2,"Gävleborg","Norrland",3,5,5,4,1,1,2,4,2,9,4,3,3,3,3,4,2,3,3,2,3,4,4,5,4,3,3,3,3,3,1,6,3,4,10,0,7,3,10,1,10,5,9,0,2,5,9,1,3,5,3,8,9,0,5,9,3,6,5,1,"C",,,"Left",0,0,0,0,1,0.7712
"0000001688",58,1,5,"No degree","Single",0,,4,1,1,0,2,"Kronoberg","Götaland",1,5,5,,,,,5,,0,4,4,4,4,4,4,4,2,2,1,4,4,3,5,4,2,1,5,2,2,1,,,,5,10,7,5,7,9,7,5,5,10,9,5,,10,5,5,,,,,,,,,8,1,"SD","KD",1,"Right",1,1,0,1,2,1.0931
"0000000339",62,1,7,"Bachelor","Married",1,"Worker",3,2,1,0,1,"Västra Götaland","Götaland",3,4,5,5,1,3,1,1,2,9,3,3,3,3,3,3,2,3,3,2,3,4,3,4,4,3,2,3,3,3,1,6,,2,8,2,4,7,5,3,4,4,8,1,6,6,6,2,3,3,3,8,10,1,5,10,5,6,3,1,"S","S",0,"Left",0,0,1,0,2,0.9037
"0000002055",63,1,3,"No degree","Single",0,"Worker",1,1,1,0,4,"Stockholm","Svealand",3,5,5,5,1,1,1,4,1,9,4,4,4,3,3,3,1,3,3,2,4,4,3,5,5,3,3,3,3,2,0,6,1,7,9,0,3,8,5,1,8,5,9,0,4,8,5,0,8,5,2,10,7,0,5,9,1,5,2,1,"S","S",0,"Left",0,0,1,0,2,1.0931
"0000000273",35,1,7,"Bachelor","Married",0,"Worker",5,1,1,0,3,"Västra Götaland","Götaland",3,4,5,3,1,2,3,4,2,8,3,3,4,4,3,3,3,2,2,2,3,3,2,4,5,3,3,3,3,4,1,1,1,6,6,5,,0,1,7,0,7,6,,7,0,1,7,0,6,6,10,8,0,2,8,0,7,8,1,"M","L",1,"Right",0,1,0,1,2,1.073
"0000002825",72,1,5,"No degree","Married",0,,1,1,1,0,1,"Värmland","Svealand",4,5,5,5,1,1,1,4,4,7,3,3,2,2,3,3,1,2,3,1,4,4,3,3,5,2,4,4,4,5,0,7,5,0,3,9,10,2,9,9,6,1,0,9,10,7,5,10,1,5,0,8,10,0,10,9,4,8,9,1,"M","M",0,"Right",0,1,0,1,3,0.6191
"0000001746",19,1,,,"Single",,,,,1,0,,"Halland","Götaland",3,,,,,,,,,,,,,,,,,,,,,,,,,,,,,,,,,,,,,,,,,,,,,,,,,,,,,,,,,,,,,,,,,,,,,1.7726
"0000000725",38,1,8,"Postgraduate","Married",1,"White collar",5,1,1,0,1,"Västmanland","Svealand",3,4,5,5,2,1,1,5,4,6,3,3,2,2,2,2,2,3,3,1,4,2,3,4,4,1,2,4,4,1,1,0,7,7,6,0,5,5,5,5,5,5,8,0,5,5,8,1,5,5,2,10,8,1,2,8,3,7,5,1,"S","C",1,"Left",0,0,1,1,2,1.073
"0000000219",49,0,7,"Bachelor","Married",1,"White collar",5,1,1,0,2,"Norrbotten","Norrland",3,4,5,5,1,1,1,1,1,9,3,3,3,2,2,4,1,3,2,2,,3,3,5,4,2,3,3,5,5,1,5,7,0,8,0,1,1,8,1,2,2,10,0,1,2,10,0,0,3,4,10,9,0,5,10,3,7,5,1,"S","M",1,"Left",0,0,1,0,1,0.7712
"0000001705",28,0,3,"No degree","Single",0,"Worker",3,2,1,1,1,"Skåne","Götaland",2,4,5,5,3,3,5,4,4,8,3,3,3,4,3,4,2,1,2,1,,4,3,5,3,4,4,3,4,4,1,0,1,7,2,10,10,9,5,3,0,7,1,10,10,0,5,6,3,6,2,10,10,0,5,4,0,8,7,1,,"SD",,,,,,1,2,1.6791
"0000000694",39,1,6,"No degree","Married",1,"Worker",4,2,1,0,1,"Skåne","Götaland",2,3,5,3,4,1,1,1,2,8,3,3,3,3,2,3,1,3,2,1,1,3,3,5,5,2,2,4,3,3,1,1,7,7,5,4,4,1,4,9,6,5,8,3,3,5,7,8,8,6,3,10,8,1,3,8,3,4,7,1,"KD","MP",1,"Right",0,1,0,0,,1.2661
"0000002462",74,0,4,"No degree","Single",0,"Worker",1,1,1,0,3,"Västra Götaland","Götaland",2,4,5,4,1,2,1,3,4,7,3,3,4,3,2,3,2,2,3,2,,3,3,3,3,3,3,3,4,3,0,6,0,0,7,5,3,6,3,5,5,4,9,7,5,6,3,5,4,5,3,5,9,0,7,8,2,7,3,1,,,,,,,,0,2,0.821
"0000002351",78,1,7,"Bachelor","Divorced",1,"White collar",1,3,1,0,2,"Värmland","Svealand",3,4,5,4,2,1,1,1,3,8,3,3,3,,2,3,1,3,3,4,3,3,3,5,4,2,2,2,3,3,0,7,0,0,6,1,8,8,2,5,2,6,8,7,9,7,1,5,2,6,3,8,10,1,4,7,6,6,4,1,"M","V",1,"Right",0,1,0,0,2,0.5247
"0000002196",59,0,7,"Bachelor","Married",0,"Self-employed",4,2,1,0,3,"Stockholm","Svealand",4,5,5,,,,1,2,3,8,4,3,3,3,2,3,2,3,3,1,,3,2,4,4,2,2,3,3,3,1,0,5,5,6,0,1,7,5,1,7,3,8,0,1,6,6,0,7,4,5,10,8,2,8,9,4,6,,1,,,,,,,,0,2,1.1984
"0000001461",38,0,5,"No degree","Married",1,,3,2,1,0,1,"Västra Götaland","Götaland",3,3,5,4,1,3,2,2,4,7,3,3,3,3,2,3,1,3,3,2,3,2,2,5,3,3,3,4,4,4,1,5,0,5,7,1,6,0,9,4,7,5,8,2,2,0,8,2,2,2,5,5,8,1,7,7,5,7,5,1,"C","C",0,"Left",0,0,0,1,2,1.6791
"0000002553",91,1,5,"No degree","Divorced",0,"Worker",1,1,1,,1,"Dalarna","Svealand",1,3,4,5,2,3,3,4,3,6,3,3,4,3,2,3,2,2,3,,3,3,3,4,4,2,3,2,1,3,0,3,0,0,4,4,4,6,5,4,5,5,5,5,5,6,5,3,4,5,2,9,8,1,6,5,5,5,5,1,,"V",,,,,0,0,1,0.5247
"0000000276",28,1,7,"Bachelor","Single",1,"Worker",4,2,1,0,1,"Jämtland","Norrland",3,4,5,2,1,1,1,1,1,9,3,3,2,3,3,3,2,3,3,2,4,4,4,5,4,2,3,3,3,3,,0,7,7,8,0,4,3,9,1,4,4,7,0,4,5,9,1,5,5,4,10,8,1,5,9,3,7,5,1,"C","C",0,"Left",0,0,0,0,,1.073
"0000002505",88,1,3,"No degree","Widowed",0,"White collar",1,1,1,0,1,"Värmland","Svealand",4,4,5,1,4,3,1,1,4,9,4,3,3,3,2,3,,2,3,1,4,3,3,4,5,2,3,5,4,3,1,7,0,0,8,0,2,3,6,0,5,3,9,0,2,6,7,0,1,3,2,10,10,1,6,9,5,6,,1,"S","S",0,"Left",0,0,1,,,0.7489
"0000001470",77,1,3,"No degree","Married",0,"Farmer",1,3,1,0,1,"Värmland","Svealand",3,3,1,1,2,3,4,3,3,5,2,2,2,3,2,2,3,1,2,2,,3,2,5,3,3,3,3,3,2,,7,7,7,0,10,8,0,,,,1,0,9,8,0,0,0,0,6,0,10,10,0,5,5,0,,10,1,,,,,,,,1,3,1.0396
"0000002202",80,0,9,"Postgraduate","Married",0,"White collar",4,1,1,0,3,"Stockholm","Svealand",4,5,5,5,1,1,1,1,1,8,4,3,3,3,2,4,1,1,2,3,3,3,4,5,5,3,2,3,3,3,1,7,7,0,1,6,8,0,4,8,0,5,4,7,8,1,2,8,0,7,2,9,9,0,4,9,1,6,8,1,"M","M",0,"Right",0,1,0,0,2,0.5409
"0000001728",64,0,5,"No degree","Married",0,,1,1,0,,3,"Stockholm","Svealand",2,4,5,5,2,5,3,5,1,8,3,3,3,3,2,2,1,2,3,3,,3,3,5,5,3,3,4,4,3,,1,0,0,1,0,9,1,8,7,7,8,1,1,9,1,8,6,7,8,1,10,9,1,4,7,7,9,7,1,,,,,,,,0,,1.1008
"0000002143",82,0,2,"No degree","Married",0,"White collar",2,1,1,0,2,"Gävleborg","Norrland",3,4,5,1,1,3,4,1,1,8,4,3,3,3,2,2,1,3,3,3,3,3,3,5,4,2,3,2,3,3,1,7,0,0,8,0,2,2,2,2,2,2,10,0,2,2,2,0,2,2,3,10,10,0,7,9,0,7,5,,"S","S",0,"Left",0,0,1,0,2,1.1092
"0000002571",94,1,2,"No degree","Divorced",0,,,2,1,,2,"Kalmar","Götaland",,,5,,4,3,,,,,4,4,3,3,3,,,,3,,3,,3,5,5,3,,5,,,1,,,,,,,,,,,,,,,,,,,,,,,,,,,,,,"KD","KD",0,"Right",0,1,0,1,2,1.1014
"0000002575",80,0,,,"Married",0,"White collar",2,,1,1,4,"Stockholm","Svealand",3,4,5,,4,1,3,1,5,10,3,3,3,3,4,4,1,3,2,2,3,3,4,5,5,3,4,5,,3,0,7,0,0,8,9,10,0,,8,0,,9,9,10,0,,7,0,7,4,10,10,0,5,5,0,,10,1,"M","M",0,"Right",0,1,0,0,2,1.0469
"0000002471",77,1,3,"No degree","Married",0,"White collar",2,1,1,0,2,"Stockholm","Svealand",3,4,5,5,2,3,1,1,1,10,4,4,4,4,3,3,2,3,3,3,4,3,4,5,5,3,3,5,4,4,0,7,,,10,,10,,,,,,10,8,10,9,8,8,8,8,5,7,7,5,6,7,6,7,7,1,"M",,,"Right",0,1,0,0,2,0.7489
"0000002763",76,1,3,"No degree","Married",1,"Worker",2,1,1,0,1,"Västernorrland","Norrland",3,5,5,5,1,1,1,1,1,10,4,4,4,4,2,4,1,4,4,3,4,4,4,5,5,3,4,5,5,3,0,7,7,7,10,0,0,5,5,0,3,0,10,0,0,8,3,0,0,0,5,10,10,0,5,10,0,8,5,1,"S","S",0,"Left",0,0,1,1,3,0.6191
"0000000046",43,0,4,"No degree","Single",0,"White collar",5,2,1,1,2,"Västra Götaland","Götaland",3,5,4,4,4,4,3,4,3,10,3,3,2,4,2,2,1,1,2,1,4,4,3,5,5,3,3,1,3,4,1,,3,7,1,9,10,0,0,9,0,5,1,10,10,0,0,9,0,7,2,10,9,0,1,9,0,7,9,1,"M","M",0,"Right",0,1,0,1,3,1.1984
"0000002523",85,0,8,"Postgraduate","Single",0,"White collar",,2,1,,2,"Uppsala","Svealand",,4,5,5,1,1,1,2,1,,4,3,3,3,2,2,,3,3,4,3,3,3,5,5,3,3,,4,4,0,7,0,0,8,0,6,5,9,4,8,5,4,0,6,,9,2,4,,2,10,7,1,4,7,4,,5,,"C","C",0,"Left",0,0,0,1,2,0.5283
"0000001537",57,0,3,"No degree","Single",0,"Worker",2,1,1,0,1,"Gävleborg","Norrland",3,5,5,5,5,3,1,1,1,7,2,2,2,4,1,3,1,2,3,2,3,2,3,5,4,2,3,3,4,3,1,5,7,0,8,8,5,3,1,4,0,3,9,9,4,5,0,5,0,2,4,6,10,2,,,,,5,1,"SD","SD",0,"Right",1,1,0,1,2,1.1008
"0000001168",61,1,3,"No degree","Married",1,"White collar",2,1,1,0,2,"Östergötland","Götaland",3,3,5,5,1,3,1,1,1,10,3,3,3,3,2,3,2,3,3,2,3,4,4,5,2,3,3,4,5,3,1,5,0,0,7,8,8,4,6,8,5,6,8,8,8,3,6,7,5,6,2,10,9,0,4,8,2,8,8,1,"KD","M",1,"Right",0,1,0,1,2,1.0931
"0000002816",81,1,6,"No degree","Widowed",0,,1,2,1,0,2,"Dalarna","Svealand",2,3,5,5,2,2,1,1,1,8,2,2,2,3,2,3,1,3,3,3,,3,3,5,5,3,2,4,3,4,0,7,0,1,5,4,6,0,4,6,3,6,6,6,5,2,3,6,3,5,4,6,7,1,3,5,2,3,5,1,,,,,,,,1,2,0.5247
"0000000088",52,1,8,"Postgraduate","Married",1,"White collar",5,1,1,0,3,"Skåne","Götaland",2,4,5,5,2,3,1,1,2,8,3,3,3,4,2,4,1,3,4,2,3,2,3,5,4,2,2,4,3,3,1,7,2,5,5,0,3,1,9,1,5,9,8,5,3,3,8,2,5,9,4,10,8,2,6,9,4,6,6,1,"C","L",1,"Left",0,0,0,0,1,0.7658
"0000002018",18,1,3,"No degree","Single",0,,4,1,1,0,1,"Västmanland","Svealand",2,4,5,5,4,3,1,4,3,9,3,3,4,4,2,4,3,3,3,2,4,4,4,5,5,2,3,2,3,3,0,1,0,4,7,0,0,8,7,0,5,5,6,0,2,7,7,2,5,4,4,8,9,1,6,8,3,7,3,1,"V",,,"Left",0,0,0,0,2,2.2604
"0000001956",78,0,7,"Bachelor","Married",1,"Worker",2,1,1,0,2,"Östergötland","Götaland",3,4,5,3,2,3,1,1,3,9,4,3,4,3,3,3,2,3,3,1,3,4,4,5,4,3,3,4,4,3,1,2,3,7,9,0,4,8,10,3,4,8,9,0,7,9,10,4,4,8,1,10,9,0,4,9,3,8,2,1,"C","S",1,"Left",0,0,0,0,2,0.6234
"0000001943",68,0,7,"Bachelor","Divorced",0,"Self-employed",,1,1,0,3,"Stockholm","Svealand",4,4,5,5,1,1,1,1,1,10,4,2,3,3,3,3,1,2,2,1,3,4,4,5,4,3,2,4,4,3,,7,7,0,1,2,9,0,3,9,0,5,1,1,6,0,0,10,0,7,3,10,9,0,3,9,1,8,8,1,"KD","L",1,"Right",0,1,0,0,2,0.5283
"0000001400",28,1,9,"Postgraduate","Single",0,"Worker",1,4,1,0,4,"Södermanland","Svealand",2,3,5,4,4,3,4,3,3,8,2,2,2,3,2,2,2,3,3,4,4,4,3,3,3,2,3,2,4,4,,5,0,7,10,0,5,9,9,0,,6,10,0,8,10,10,0,8,7,7,6,6,5,7,7,6,7,6,1,"S","S",0,"Left",0,0,1,0,1,1.2661
"0000002425",74,0,2,"No degree","Widowed",0,"White collar",1,1,1,0,1,"Skåne","Götaland",2,4,5,5,3,3,1,1,1,6,3,2,2,3,1,2,1,3,2,2,3,2,2,3,3,2,2,2,3,4,,5,2,0,4,1,1,0,4,4,4,4,8,5,0,1,5,0,5,5,2,9,10,0,5,10,2,5,5,1,"S",,,"Left",0,0,1,0,,0.7541
"0000000965",58,1,6,"No degree","Married",1,"White collar",3,6,1,0,2,"Norrbotten","Norrland",3,4,,4,4,3,1,1,1,8,3,3,3,3,3,3,3,3,,1,4,3,3,5,5,3,3,2,3,3,1,5,5,3,10,0,2,5,7,0,7,2,10,0,1,2,7,0,7,1,5,10,10,1,5,10,3,8,3,1,"S","S",0,"Left",0,0,1,1,2,0.9037
"0000000120",36,1,4,"No degree","Single",0,"White collar",4,1,1,0,3,"Stockholm","Svealand",2,3,4,3,2,4,1,3,1,8,3,3,3,4,2,3,1,3,3,2,4,3,3,4,3,1,3,2,3,3,1,1,2,5,5,0,6,5,10,0,0,9,8,0,4,9,7,2,6,4,3,10,8,0,6,10,3,6,5,1,"C","C",0,"Left",0,0,0,0,2,1.6674
"0000001177",36,1,4,"No degree","Married",1,"Worker",4,2,1,0,1,"Skåne","Götaland",3,4,5,4,3,3,1,1,4,7,3,3,2,3,1,3,2,2,3,3,3,3,3,5,2,3,2,3,2,2,1,7,7,7,7,9,7,0,3,3,0,5,7,8,3,0,2,7,0,2,2,10,10,0,5,5,0,4,,1,"SD","SD",0,"Right",1,1,0,1,1,1.6674
"0000002212",45,1,8,"Postgraduate","Married",1,,5,1,1,0,3,"Uppsala","Svealand",2,4,4,4,2,3,1,1,1,7,3,2,3,3,2,3,2,3,2,3,3,3,3,3,3,2,3,3,3,3,1,1,5,0,6,8,8,0,0,8,5,0,5,8,8,0,0,8,0,5,5,8,7,0,2,8,2,8,8,1,"KD","KD",0,"Right",0,1,0,0,,0.7658
"0000002304",68,1,4,"No degree","Married",0,"Worker",3,3,1,0,2,"Skåne","Götaland",2,3,5,4,5,4,1,1,3,8,3,2,3,3,2,3,2,2,2,1,,3,3,4,3,3,1,2,3,2,1,0,0,4,7,7,7,0,3,5,0,8,7,7,8,0,3,6,0,8,3,7,9,0,3,8,0,6,,1,,,,,,,,0,,0.7489
"0000002779",80,0,4,"No degree","Married",0,"White collar",2,1,1,0,2,"Västmanland","Svealand",3,4,5,5,1,2,1,1,1,9,4,3,3,3,2,3,2,3,3,2,2,3,3,5,5,3,3,4,3,3,1,5,5,1,4,3,7,2,4,7,1,8,7,7,8,5,6,6,1,6,2,7,8,1,4,9,2,6,6,1,"L","KD",1,"Right",0,1,0,0,1,0.821
"0000002084",19,0,4,"No degree","Single",0,"Worker",1,3,1,0,2,"Västra Götaland","Götaland",2,4,5,5,2,5,1,1,1,8,3,3,3,4,2,3,3,3,3,3,3,3,3,5,4,3,3,1,3,3,1,0,0,1,10,0,1,8,6,1,9,2,7,0,1,10,9,1,5,5,1,10,8,0,4,9,2,7,,1,"MP",,,"Left",0,0,0,0,2,2.2763
"0000000340",70,1,7,"Bachelor","Married",0,"White collar",,3,1,1,2,"Skåne","Götaland",3,4,5,5,3,3,,,5,9,3,2,2,3,2,3,1,2,2,2,3,4,3,5,3,2,4,4,3,3,1,4,0,0,1,7,8,1,6,8,1,3,2,7,8,2,1,7,1,4,2,10,8,0,7,8,1,5,8,1,"M","M",0,"Right",0,1,0,1,1,0.5247
"0000000302",35,1,8,"Postgraduate","Married",1,"Worker",4,2,1,0,2,"Gävleborg","Norrland",3,5,5,4,1,1,1,4,3,7,3,2,2,4,3,2,2,3,3,4,3,2,3,5,5,1,2,4,2,1,1,0,1,3,10,0,8,9,9,0,10,8,10,0,2,5,10,0,5,5,5,10,10,0,5,10,3,7,5,1,"S","S",0,"Left",0,0,1,1,2,1.073
"0000002218",41,0,7,"Bachelor","Married",0,"Self-employed",3,6,1,0,1,"Örebro","Svealand",2,4,4,4,2,3,1,2,2,9,3,3,3,3,3,3,2,3,3,3,3,3,4,5,4,3,3,2,3,2,1,5,2,0,5,1,1,2,10,3,7,4,5,5,5,5,5,5,5,5,4,8,10,0,5,9,1,6,5,1,"C","C",0,"Left",0,0,0,1,1,0.7712
"0000000887",47,0,4,"No degree","Married",0,"White collar",3,1,1,0,2,"Västra Götaland","Götaland",3,4,4,4,2,1,1,3,1,9,4,3,4,4,2,3,1,3,3,2,3,3,3,5,4,3,3,3,4,3,1,1,6,3,8,0,5,3,7,6,3,8,9,0,6,5,7,8,3,7,3,5,10,0,5,5,4,7,5,1,"L","L",0,"Right",0,1,0,0,1,1.1984
"0000002221",82,0,6,"No degree","Divorced",0,"Self-employed",2,1,1,,3,"Stockholm","Svealand",3,4,5,2,5,3,2,4,3,8,3,3,3,3,2,3,2,2,3,2,3,3,3,5,3,3,2,4,3,4,0,7,4,0,1,5,9,1,5,8,1,4,2,7,8,2,5,7,1,5,,10,10,0,5,8,4,7,8,1,"M","M",0,"Right",0,1,0,1,,0.821
"0000001370",32,1,6,"No degree","Single",0,"White collar",2,2,1,0,2,"Skåne","Götaland",1,3,5,4,1,1,1,1,5,8,2,2,2,3,2,2,2,3,4,1,,2,2,3,3,1,1,3,3,3,1,0,3,4,9,0,1,10,5,1,5,5,7,0,5,8,5,1,5,5,3,10,10,0,8,10,8,10,0,,,"V",,,,,,0,3,1.073
"0000002500",77,1,2,"No degree","Married",0,"Self-employed",1,3,1,0,2,"Västra Götaland","Götaland",2,4,5,,,,3,,,6,3,,,,,,,3,3,2,,4,3,4,3,3,2,4,,,1,5,,,9,5,6,5,6,7,10,6,9,5,5,6,8,7,6,8,,,,,,,,,,,,,,,,,,1,2,0.7489
"0000000148",62,1,4,"No degree","Single",1,"Self-employed",2,3,1,0,2,"Halland","Götaland",3,4,4,2,5,3,4,4,3,6,2,3,3,,2,2,2,2,3,1,3,3,2,5,4,1,4,2,3,3,1,5,1,7,5,5,5,5,5,5,5,5,7,5,5,5,5,5,5,7,3,10,8,0,5,6,5,6,7,1,"M","M",0,"Right",0,1,0,1,2,1.1901
"0000001320",64,1,6,"No degree","Single",1,"Worker",1,3,1,0,2,"Jönköping","Götaland",3,4,5,4,2,2,2,3,2,8,3,3,4,3,2,3,2,3,3,4,4,4,3,4,4,3,3,4,4,4,1,4,3,5,,,,,,,,,9,0,4,9,7,0,7,4,2,10,10,0,3,10,3,7,1,1,"V","V",0,"Left",0,0,0,1,2,1.0931
"0000001955",81,1,2,"No degree","Widowed",0,,1,2,1,0,1,"Stockholm","Svealand",3,3,5,5,4,,4,,,7,3,,,,,,,3,3,3,4,3,3,4,5,2,3,4,,,1,4,,,7,0,9,2,2,6,0,6,9,0,8,0,6,8,4,6,4,1,8,3,6,6,1,7,7,1,"M","KD",1,"Right",0,1,0,1,2,0.7489
"0000000311",64,1,7,"Bachelor","Married",0,"White collar",5,1,1,0,3,"Västra Götaland","Götaland",3,3,5,5,4,3,1,3,1,10,3,3,3,3,3,3,2,3,3,2,4,4,4,5,4,2,3,2,3,2,0,7,7,7,10,0,1,8,6,1,9,4,,,,,,,,,1,10,9,0,6,9,4,8,1,1,"S","S",0,"Left",0,0,1,1,2,0.9037
"0000000587",59,0,7,"Bachelor","Married",1,"White collar",5,1,1,0,3,"Stockholm","Svealand",4,5,5,4,1,2,1,1,4,9,3,3,3,4,2,2,2,3,3,2,4,3,3,4,4,3,4,2,3,2,1,7,2,0,8,0,4,4,9,4,4,5,8,1,5,5,9,4,5,6,3,10,8,2,4,9,2,6,4,1,"C","L",1,"Left",0,0,0,0,1,0.7712
"0000002517",19,1,4,"No degree","Single",0,"Worker",5,2,1,0,1,"Gävleborg","Norrland",2,4,5,4,3,3,1,1,3,8,2,2,3,3,2,3,2,2,3,2,3,3,3,4,4,2,3,2,3,2,1,4,0,7,7,9,9,5,5,9,0,6,7,9,9,1,3,10,0,5,0,10,10,0,0,10,0,5,10,1,"SD",,,"Right",1,1,0,0,2,1.7726
"0000000172",47,1,8,"Postgraduate","Single",1,"White collar",3,1,1,0,1,"Örebro","Svealand",3,,5,3,1,1,1,3,3,8,4,4,4,4,3,4,2,4,4,1,3,3,3,5,4,3,3,3,3,3,1,1,7,7,9,0,2,7,4,2,5,3,9,0,,6,5,2,5,5,2,10,,1,,,4,7,2,1,"S","S",0,"Left",0,0,1,1,2,0.7658
"0000001182",66,1,6,"No degree","Widowed",1,"White collar",3,1,1,0,1,"Östergötland","Götaland",4,5,5,5,1,1,1,1,1,10,4,3,,3,4,,,3,3,1,4,2,4,5,5,2,2,,,4,0,1,0,0,9,0,0,6,5,0,7,5,8,0,0,3,,0,6,3,4,10,10,2,8,10,5,8,,1,"S","S",0,"Left",0,0,1,,2,0.5247
"0000002568",79,1,8,"Postgraduate","Widowed",0,"White collar",2,4,1,0,2,"Stockholm","Svealand",3,5,5,5,1,1,1,4,4,8,3,2,3,4,,3,2,2,3,1,4,2,3,3,4,2,2,1,3,3,0,7,7,7,7,2,2,3,,,7,5,10,0,5,6,7,2,5,5,3,10,10,0,8,10,6,,,1,"S","S",0,"Left",0,0,1,1,,0.6191
"0000000712",67,0,8,"Postgraduate","Single",0,"White collar",1,4,1,0,2,"Jämtland","Norrland",3,3,5,5,5,3,1,2,5,8,4,3,3,3,4,4,1,3,3,2,2,4,3,5,4,3,3,3,3,3,0,0,0,0,7,0,1,9,9,1,7,8,5,8,7,9,9,5,7,5,4,10,8,3,5,7,4,5,4,1,"V","S",1,"Left",0,0,0,1,2,0.5283
"0000001597",33,0,3,"No degree","Single",1,,1,1,1,0,1,"Västmanland","Svealand",3,3,3,3,3,4,4,,,0,1,1,1,,,,,1,1,1,3,3,1,3,5,1,1,1,1,,1,7,,,0,10,10,0,0,10,0,5,5,10,8,0,0,7,0,6,0,4,9,0,0,6,0,5,,1,"SD","SD",0,"Right",1,1,0,0,2,1.6791
"0000000238",53,1,9,"Postgraduate","Married",1,"White collar",5,3,0,,4,"Västra Götaland","Götaland",2,5,3,2,3,5,4,2,2,6,2,2,2,2,2,2,1,1,2,2,2,1,1,3,4,1,2,2,1,3,1,1,7,1,0,7,8,0,0,8,0,0,0,6,5,1,0,6,0,2,2,3,5,0,4,5,1,3,10,1,"KD","KD",0,"Right",0,1,0,0,1,0.7841
"0000002235",77,1,4,"No degree","Married",0,"Worker",1,2,1,0,2,"Dalarna","Svealand",3,3,5,3,3,1,1,1,1,8,3,3,3,3,3,3,2,3,3,3,4,4,3,5,4,2,3,5,5,4,0,3,0,0,4,0,10,0,6,7,0,7,4,0,10,0,6,7,0,7,1,10,8,0,5,8,1,6,6,1,"M","C",1,"Right",0,1,0,1,2,0.8153
"0000001218",38,1,7,"Bachelor","Married",0,"Worker",4,1,1,0,2,"Halland","Götaland",3,5,5,5,3,5,2,4,4,8,3,3,2,3,2,2,2,2,2,2,4,3,3,4,4,3,3,2,3,3,1,0,7,7,6,0,9,5,5,6,6,8,7,0,9,5,5,6,5,8,4,10,9,0,5,7,3,,7,1,"M","M",0,"Right",0,1,0,1,2,1.073
"0000002238",64,0,7,"Bachelor","Married",1,,3,2,1,0,3,"Stockholm","Svealand",2,4,5,4,2,2,3,3,3,8,2,2,2,3,2,3,2,2,3,1,3,3,3,5,4,2,2,4,5,3,0,0,7,7,5,0,6,2,3,1,2,2,6,0,2,3,6,1,3,2,5,0,5,3,4,4,4,6,6,1,"S",,,"Left",0,0,1,0,,0.7712
"0000002350",87,1,2,"No degree","Widowed",0,"Worker",1,1,1,0,1,"Västra Götaland","Götaland",2,4,5,2,1,1,1,1,4,8,3,2,2,1,,3,1,3,3,2,,3,3,5,5,2,2,3,3,3,1,5,,0,9,5,5,6,6,3,6,4,10,4,3,3,3,0,6,4,2,6,5,2,4,8,5,8,2,0,,"S",,,,,,1,2,1.1014
"0000001061",37,1,7,"Bachelor","Married",1,"White collar",2,1,1,0,1,"Skåne","Götaland",3,4,4,4,2,1,2,4,4,8,3,3,3,4,2,3,1,4,4,2,4,3,3,4,5,1,3,2,3,3,1,0,2,6,9,0,1,10,7,0,9,2,10,0,0,10,9,0,5,5,3,8,10,0,5,9,4,7,0,1,"V","V",0,"Left",0,0,0,1,2,1.073
"0000000211",68,0,8,"Postgraduate","Single",0,"Self-employed",,4,1,,2,"Västra Götaland","Götaland",3,5,2,4,2,3,1,4,4,6,2,2,3,3,2,2,,2,3,2,3,,3,5,3,2,1,,3,3,1,1,0,0,,0,,,,,,,,0,2,,,,,,,10,,,,,,,3,1,"MP","KD",1,"Left",0,0,0,0,1,0.5283
"0000000563",48,1,5,"No degree","Married",1,"White collar",5,2,1,0,2,"Västra Götaland","Götaland",2,4,5,5,1,4,1,4,1,9,3,3,3,4,3,4,2,3,4,3,4,4,3,5,4,3,3,2,3,3,1,4,4,0,8,0,9,3,4,0,3,0,9,6,9,5,5,3,5,5,4,9,7,2,6,8,4,8,5,1,"M","M",0,"Right",0,1,0,0,2,1.0931
"0000000439",39,0,7,"Bachelor","Married",1,"Worker",3,1,1,0,2,"Västra Götaland","Götaland",3,3,5,4,4,3,2,4,5,7,3,3,2,3,2,3,1,3,3,2,2,2,3,5,4,2,2,2,3,2,1,5,3,0,8,5,9,4,2,5,3,7,9,6,9,2,2,5,3,8,4,10,8,1,2,9,1,6,7,1,"M","S",1,"Right",0,1,0,0,2,1.0805
"0000002769",61,1,3,"No degree","Married",1,"Worker",2,2,1,1,1,"Halland","Götaland",3,4,5,5,4,4,3,3,3,9,2,2,2,3,2,2,2,3,3,3,3,4,3,4,3,2,2,3,3,4,0,2,7,0,5,7,9,5,8,5,0,5,5,7,9,5,8,7,0,5,0,10,10,0,5,10,0,5,7,1,"M","M",0,"Right",0,1,0,0,,1.0931
"0000001295",58,1,6,"No degree","Divorced",1,"Worker",2,1,0,,3,"Stockholm","Svealand",4,5,5,3,3,4,1,1,3,10,4,3,4,4,4,3,3,4,,3,4,,4,4,5,3,,4,5,5,0,3,4,4,10,0,6,9,9,0,9,4,10,0,6,8,9,0,9,6,0,10,10,0,5,10,1,10,0,1,"S","S",0,"Left",0,0,1,1,3,0.9037
"0000002756",76,0,2,"No degree","Single",0,"Worker",1,1,1,0,1,"Skåne","Götaland",2,3,,,5,,,4,,10,4,2,3,4,2,2,1,4,4,3,3,3,3,5,4,3,3,4,4,3,1,0,0,0,10,0,0,9,7,0,7,0,10,0,0,9,8,0,7,1,0,10,10,0,0,10,0,10,,1,"S","S",0,"Left",0,0,1,1,2,1.1092
"0000000003",54,1,8,"Postgraduate","Married",0,"White collar",5,3,0,,3,"Stockholm","Svealand",3,5,5,5,4,3,1,2,1,8,3,2,3,3,2,3,2,2,2,4,3,3,2,,2,2,3,3,3,3,1,3,7,5,6,0,7,4,8,2,5,5,5,0,6,7,9,1,5,5,3,7,,,4,5,4,4,4,1,"C",,,"Left",0,0,0,0,1,0.7658
"0000000534",44,1,7,"Bachelor","Single",1,"White collar",4,4,1,0,2,"Värmland","Svealand",2,4,5,4,3,3,3,3,3,6,3,3,3,3,3,3,2,2,3,2,,3,3,4,4,2,2,4,3,2,1,4,5,0,5,5,5,5,5,5,5,5,5,5,5,5,5,5,5,5,4,5,7,4,5,7,4,7,7,1,,,,,,,,0,,0.9037
"0000000848",56,0,6,"No degree","Married",1,"White collar",5,1,1,0,1,"Halland","Götaland",3,5,5,5,2,1,1,1,1,8,3,3,3,4,2,3,1,3,1,1,4,1,3,5,5,1,1,4,2,2,1,6,7,7,9,9,10,,5,0,9,,10,8,8,0,5,0,0,8,4,10,10,0,6,10,,10,8,1,"M","M",0,"Right",0,1,0,1,2,1.1008
"0000000359",51,1,9,"Postgraduate","Single",1,"Worker",4,1,1,0,2,"Gävleborg","Norrland",3,4,5,5,1,2,1,1,1,7,3,3,3,3,2,3,1,3,2,1,3,3,3,5,4,3,3,3,3,3,1,7,4,7,8,2,7,6,7,5,6,8,8,5,6,8,8,3,6,8,6,7,9,2,6,9,3,6,6,1,,"KD",,,,,0,0,2,0.7841
"0000002559",78,0,3,"No degree","Married",0,"White collar",4,1,1,0,2,"Västernorrland","Norrland",3,5,5,4,4,3,4,4,3,8,4,4,3,3,2,2,1,2,2,3,4,3,3,4,5,3,3,3,4,3,1,7,2,0,,,,,,,,,1,8,10,2,3,9,0,6,4,8,10,0,3,9,1,7,10,1,"M","M",0,"Right",0,1,0,1,3,1.1092
"0000001796",68,0,3,"No degree","Married",0,"White collar",3,1,1,0,3,"Västra Götaland","Götaland",3,5,5,4,4,3,1,2,3,7,3,3,3,3,2,3,2,3,3,5,4,4,3,5,4,3,2,3,3,3,0,7,7,4,7,8,7,0,5,5,0,5,8,9,7,7,5,8,0,5,5,10,10,0,5,7,1,6,7,1,"SD","M",1,"Right",1,1,0,0,1,1.0469
"0000000489",58,0,7,"Bachelor","Married",0,"White collar",5,6,1,0,3,"Västra Götaland","Götaland",3,5,5,3,1,5,1,1,4,7,2,2,2,3,2,3,1,1,3,2,1,2,4,5,2,4,1,3,3,3,1,2,3,5,2,8,7,0,0,7,0,5,5,7,10,7,0,2,0,9,4,10,8,0,5,9,1,5,10,1,"L","KD",1,"Right",0,1,0,0,1,0.7712
"0000001138",70,0,4,"No degree","Married",0,"White collar",4,1,1,0,2,"Västra Götaland","Götaland",3,4,5,4,3,1,1,1,1,9,4,4,4,3,3,3,2,3,2,2,3,4,4,5,4,3,3,4,3,3,1,6,6,7,7,2,6,3,5,5,5,5,7,2,6,3,5,5,5,5,3,9,8,1,5,7,5,5,,1,"S","M",1,"Left",0,0,1,0,1,0.6234
"0000002161",77,1,3,"No degree","Married",1,"White collar",1,1,0,,1,"Stockholm","Svealand",3,2,5,4,4,4,1,2,2,8,3,4,2,3,3,3,1,4,4,5,4,2,3,4,5,2,3,2,4,3,1,6,3,0,10,1,6,7,8,3,9,6,10,2,6,6,9,,8,6,10,8,10,,7,7,8,7,10,1,"S","S",0,"Left",0,0,1,1,,0.7489
"0000001562",60,0,5,"No degree","Married",1,,2,1,1,0,1,"Värmland","Svealand",4,5,5,4,1,5,1,1,2,8,3,3,3,3,2,3,2,3,2,3,2,2,3,5,4,2,3,2,3,3,1,7,7,7,6,0,7,2,9,2,6,2,9,1,3,5,10,3,9,5,2,7,10,0,5,10,5,8,5,1,"C","C",0,"Left",0,0,0,1,2,1.1008
"0000001989",90,0,6,"No degree","Married",0,"White collar",3,1,1,,3,"Stockholm","Svealand",3,4,5,5,4,1,1,1,1,8,2,1,4,3,2,3,,2,2,2,3,3,3,4,3,3,2,2,4,4,0,7,7,0,4,0,9,0,0,8,1,7,6,1,8,0,0,6,4,7,3,7,10,1,2,8,1,6,10,1,"M",,,"Right",0,1,0,1,3,0.6234
"0000000696",66,1,6,"No degree","Married",0,,4,1,1,,2,"Skåne","Götaland",4,5,5,3,1,1,1,1,1,10,3,3,3,3,3,4,2,3,3,2,3,3,4,5,5,3,2,4,4,3,1,7,7,7,8,1,8,1,5,1,1,5,8,1,8,1,4,1,1,6,6,10,8,0,5,9,2,7,6,1,"M","M",0,"Right",0,1,0,0,,0.6191
"0000002614",53,1,,,"Single",,,,,1,1,,"Västmanland","Svealand",2,3,,,,,,,,5,2,2,2,,1,3,3,,3,,,2,,,,,,,,,,2,0,7,,,,,,,,,,,,,,,,,,,,,,,,,,,,,,,,,,,,0.9037
"0000001872",83,0,8,"Postgraduate","Married",0,"White collar",4,1,1,,2,"Skåne","Götaland",3,4,4,3,4,3,3,3,2,6,3,3,2,3,2,2,2,2,3,2,,3,3,5,4,3,2,3,3,3,0,6,7,7,3,3,3,3,3,3,0,3,6,5,6,1,2,5,0,4,4,7,7,1,4,8,1,5,7,1,"L","M",1,"Right",0,1,0,0,,0.5283
"0000002302",77,1,7,"Bachelor","Divorced",,,,1,1,0,4,"Västra Götaland","Götaland",2,4,3,2,5,4,1,1,1,8,,,,,,,,2,3,2,3,3,3,5,3,3,3,4,3,3,0,7,,7,,10,10,,,,,,,10,10,,,,,,,,,,,,,,8,1,"SD","M",1,"Right",1,1,0,0,2,0.6191
"0000002589",56,1,5,"No degree","Single",0,"Worker",1,1,1,0,1,"Västernorrland","Norrland",2,3,5,4,3,4,1,1,1,10,1,1,2,2,2,3,2,1,1,1,4,1,2,3,5,1,1,2,2,2,0,7,7,7,10,0,0,6,6,0,6,0,10,0,0,5,5,0,5,0,0,10,10,0,0,10,0,10,0,1,"S","S",0,"Left",0,0,1,1,,1.0931
"0000002245",79,1,3,"No degree","Single",0,"White collar",3,2,1,0,3,"Västmanland","Svealand",3,4,5,4,4,3,2,2,2,7,3,3,2,2,2,2,1,2,2,1,,3,3,5,3,3,3,4,4,4,0,6,4,1,5,8,9,0,2,9,0,7,7,8,8,0,2,9,0,5,3,9,9,0,5,9,0,6,8,1,"KD","KD",0,"Right",0,1,0,0,2,1.1014
"0000001030",29,1,4,"No degree","Single",1,"White collar",2,2,1,0,4,"Stockholm","Svealand",2,4,4,3,4,4,2,2,4,6,3,3,2,4,3,3,2,2,1,2,3,2,2,4,3,2,3,1,1,2,1,0,4,7,3,8,8,0,4,6,0,6,3,7,9,,3,8,,,0,10,10,0,1,9,1,10,8,1,"SD","M",1,"Right",1,1,0,1,1,1.6674
"0000001526",48,0,4,"No degree","Divorced",1,"Worker",3,3,1,0,1,"Västra Götaland","Götaland",3,4,4,4,3,3,1,3,5,2,1,1,2,2,2,1,2,1,2,1,4,3,2,2,2,2,1,3,2,2,1,0,0,3,0,10,5,0,0,5,0,0,0,10,8,0,0,9,0,5,0,7,9,0,0,8,0,5,7,1,"SD","SD",0,"Right",1,1,0,0,3,1.1984
"0000002240",78,1,3,"No degree","Married",0,"White collar",4,2,1,0,3,"Stockholm","Svealand",4,4,5,5,3,1,4,4,2,7,3,2,3,3,2,2,1,2,3,2,3,3,1,4,4,2,2,2,3,1,0,7,3,4,1,0,8,0,5,8,0,8,2,0,9,0,3,8,0,7,2,9,10,0,4,8,2,7,8,1,"M","M",0,"Right",0,1,0,0,2,0.7489
"0000000600",45,1,8,"Postgraduate","Married",0,"White collar",4,1,1,0,2,"Stockholm","Svealand",3,5,5,1,1,1,1,1,1,8,2,2,2,3,2,3,1,3,3,1,3,3,3,4,3,2,3,2,3,3,1,3,7,5,9,0,0,8,5,0,8,5,7,0,0,5,5,0,5,5,1,10,9,0,5,9,4,7,1,1,"S","V",1,"Left",0,0,1,1,,0.7658
"0000002320",81,0,7,"Bachelor","Married",1,"White collar",2,2,0,,2,"Kalmar","Götaland",,,,,,,1,1,1,9,4,3,2,3,2,3,2,3,3,4,2,4,3,5,4,3,3,4,5,2,0,,,,8,1,9,1,5,8,5,5,8,5,7,1,7,5,1,6,2,10,8,1,8,8,5,5,,1,"M","M",0,"Right",0,1,0,1,2,0.821
"0000001473",77,0,2,"No degree","Divorced",0,"Self-employed",1,3,1,0,1,"Västernorrland","Norrland",2,3,5,4,3,4,2,3,4,6,2,2,2,3,,2,1,3,3,3,3,3,3,5,,2,3,5,4,4,1,6,0,0,8,1,5,5,7,6,9,3,8,0,4,,5,0,5,4,8,1,5,3,7,1,,4,5,1,"S",,,"Left",0,0,1,0,1,0.7541
"0000001292",23,1,4,"No degree","Single",0,"Worker",1,1,1,0,2,"Örebro","Svealand",1,3,4,2,3,3,2,3,3,6,3,,,,,,,3,3,3,,3,3,4,3,2,3,3,3,3,,1,,,1,6,10,7,2,2,1,2,5,5,3,4,2,5,2,6,4,5,4,6,4,3,3,5,4,1,"M",,,"Right",0,1,0,0,,1.7726
"0000000620",33,0,,,"Single",0,,5,,1,0,4,"Stockholm","Svealand",4,5,5,4,4,5,2,2,4,10,3,2,3,3,2,3,2,2,3,2,3,4,3,4,5,,1,3,3,4,1,4,7,7,,,,,,,,,6,7,6,1,3,0,6,6,5,9,9,0,3,9,1,8,7,1,"M","M",0,"Right",0,1,0,1,2,1.275
"0000000341",33,0,8,"Postgraduate","Married",0,"White collar",4,3,0,1,2,"Östergötland","Götaland",3,5,5,5,4,3,3,5,1,8,,2,3,3,1,3,,1,3,1,3,3,2,3,5,2,3,3,3,3,1,3,7,7,0,6,9,0,6,9,0,6,7,8,9,0,4,8,0,2,2,9,7,0,4,7,0,6,,1,"M","M",0,"Right",0,1,0,0,2,1.0805
"0000000627",46,0,8,"Postgraduate","Married",1,"White collar",5,1,1,0,3,"Stockholm","Svealand",3,4,5,1,,1,1,1,2,9,3,3,3,4,3,3,2,2,2,2,3,1,3,5,4,4,3,4,3,5,1,3,7,1,6,0,3,6,4,0,8,4,9,0,4,5,2,0,5,5,4,10,8,0,7,10,3,7,3,1,"S","MP",1,"Left",0,0,1,0,1,0.7712
"0000002243",34,1,5,"No degree","Divorced",0,,1,1,0,,3,"Stockholm","Svealand",3,3,3,5,4,3,3,3,5,5,3,3,2,3,2,1,3,3,3,1,4,3,4,5,4,2,4,1,4,2,1,2,0,7,9,0,0,5,5,5,5,5,10,0,0,5,5,5,5,5,0,10,10,0,5,6,4,8,4,1,"S",,,"Left",0,0,1,1,2,2.2526
"0000001255",47,1,,,"Married",,,,,0,1,,"Stockholm","Svealand",3,4,,,,,,,,,,,,,,,,,,,,,,,,,,,,,,2,0,,,,,,,,,,,,,,,,,,,,,,,,,,,,,,,,,,,,,1.0931
"0000000838",60,0,7,"Bachelor","Married",1,"Self-employed",5,6,1,0,2,"Västra Götaland","Götaland",3,5,5,5,1,3,1,1,2,9,4,3,3,3,3,3,2,2,3,1,3,4,3,5,4,3,3,2,3,3,1,7,5,0,2,8,8,2,2,8,1,7,6,10,10,8,2,6,2,8,4,5,7,2,5,6,2,6,5,1,"SD","KD",1,"Right",1,1,0,0,,0.91
"0000000005",49,0,8,"Postgraduate","Married",1,"White collar",5,4,1,1,3,"Stockholm","Svealand",3,5,5,4,2,3,3,3,3,8,3,3,3,3,3,3,1,2,3,2,3,4,3,4,4,4,3,2,3,3,1,3,3,0,,6,9,2,5,9,2,8,8,8,9,1,4,9,,8,4,8,7,1,5,7,2,6,,1,"KD","KD",0,"Right",0,1,0,0,1,0.7712
"0000000234",33,1,7,"Bachelor","Single",1,"White collar",1,2,1,0,3,"Stockholm","Svealand",3,4,4,5,1,1,1,3,3,7,2,2,3,4,2,3,1,3,3,1,3,2,3,4,5,2,2,4,3,3,1,2,0,7,9,0,1,9,6,1,8,2,9,0,1,10,8,1,7,1,3,6,10,0,6,10,1,9,2,1,"S","S",0,"Left",0,0,1,0,1,1.073
"0000000957",29,1,7,"Bachelor","Single",0,"Worker",1,3,1,0,2,"Östergötland","Götaland",3,4,5,4,2,1,1,1,1,8,3,2,3,4,2,3,2,3,4,3,4,4,4,5,5,2,2,3,3,3,1,5,7,7,8,0,1,10,6,0,9,3,10,0,0,10,8,0,10,3,5,10,10,0,6,10,3,8,0,1,"V","V",0,"Left",0,0,0,1,2,1.073
"0000000603",67,0,7,"Bachelor","Married",0,"White collar",4,1,1,0,4,"Västra Götaland","Götaland",3,5,5,1,1,1,1,1,1,8,3,3,3,3,2,3,2,3,3,2,4,4,3,5,4,3,2,3,3,3,0,7,,,9,0,5,1,7,1,1,8,9,2,2,1,3,1,2,5,6,10,9,0,5,9,3,7,7,1,"S","L",1,"Left",0,0,1,0,2,0.5283
"0000000371",31,0,7,"Bachelor","Single",1,"White collar",1,3,1,0,2,"Västra Götaland","Götaland",3,5,5,5,1,1,1,1,1,9,3,3,3,4,3,3,2,3,2,1,3,4,4,5,5,1,3,2,2,3,0,0,7,7,5,0,1,10,4,1,9,2,7,0,1,10,6,0,7,1,5,10,9,2,6,9,4,8,2,1,"MP","V",1,"Left",0,0,0,1,2,1.0805
"0000002102",88,1,6,"No degree","Widowed",0,"Worker",1,1,1,0,4,"Skåne","Götaland",3,3,4,4,4,4,4,4,4,5,2,2,2,3,2,2,,1,1,3,,4,3,,5,2,2,3,3,3,1,3,0,0,5,10,8,5,5,9,5,8,5,10,10,5,5,10,5,9,5,5,5,5,5,5,5,5,10,0,,,,,,,,0,,0.7489
"0000002435",84,0,3,"No degree","Widowed",,,,2,1,,,"Östergötland","Götaland",3,4,5,5,3,3,3,4,5,9,4,3,2,,3,3,2,2,3,,4,3,3,5,,3,,4,4,4,1,,,,,,,,,,,,,,,,,,,,1,8,8,0,3,8,2,6,8,1,"M",,,"Right",0,1,0,1,2,0.821
"0000000873",65,1,8,"Postgraduate","Married",1,"White collar",4,1,1,0,1,"Skåne","Götaland",3,5,5,5,1,1,1,1,3,7,2,2,2,4,2,3,1,3,4,1,4,3,3,5,5,2,2,3,3,3,1,6,7,7,7,0,0,10,3,0,10,0,10,0,0,5,1,0,4,1,4,10,10,0,7,10,1,8,1,1,"MP","V",1,"Left",0,0,0,1,3,0.6191
"0000000905",64,0,4,"No degree","Divorced",1,"White collar",2,1,1,1,2,"Dalarna","Svealand",2,4,5,4,3,3,4,3,4,8,3,3,4,3,3,3,2,3,3,2,3,3,3,5,4,2,2,3,3,3,1,3,3,7,8,8,7,6,6,6,5,5,8,9,7,7,8,10,5,7,5,8,8,4,5,6,3,6,6,1,,,,,,,0,0,,1.1984
"0000001773",63,0,4,"No degree","Single",0,"Worker",1,1,0,,3,"Stockholm","Svealand",3,4,4,,5,1,,,5,3,3,3,1,2,3,1,1,2,2,3,2,1,,,3,1,1,1,2,2,,,0,0,,10,10,,,,0,,9,10,10,,,,,,,9,,,,,,,9,,,,,,,,0,1,,1.1008
"0000002131",73,1,3,"No degree","Widowed",0,"Worker",1,1,1,0,1,"Dalarna","Svealand",3,3,3,3,3,3,3,3,3,5,2,2,2,2,2,2,2,3,3,3,3,3,2,5,3,2,2,3,4,3,,4,0,0,5,5,5,0,0,2,0,2,5,6,6,2,0,2,0,2,0,10,9,0,2,6,0,5,5,1,"SD",,,"Right",1,1,0,0,1,0.7489
"0000002440",51,1,3,"No degree","Single",0,"Worker",3,3,1,0,2,"Örebro","Svealand",,2,5,5,5,5,1,1,5,6,2,2,2,2,2,2,2,1,2,2,3,3,2,4,3,2,1,1,3,2,0,0,0,0,6,10,6,6,6,6,6,6,6,10,6,6,6,6,6,6,7,5,3,1,2,2,2,1,5,1,"SD","SD",0,"Right",1,1,0,0,,1.0931
"0000000415",67,1,7,"Bachelor","Divorced",0,"White collar",1,1,1,0,1,"Gävleborg","Norrland",3,3,5,,1,4,2,2,2,9,4,4,4,4,3,3,2,4,3,2,4,,3,1,4,2,3,4,5,3,1,7,3,4,9,0,8,10,8,0,8,8,10,0,8,10,8,0,10,9,3,9,4,0,4,6,3,4,2,1,"S","S",0,"Left",0,0,1,1,3,0.5247
"0000001810",47,0,8,"Postgraduate","Single",0,"Worker",4,4,1,1,1,"Skåne","Götaland",3,4,5,4,4,4,4,4,4,7,3,3,3,3,3,3,1,3,3,4,3,3,3,4,4,3,3,3,3,3,,1,0,0,9,1,8,9,9,8,9,9,9,1,9,9,9,9,9,9,4,9,6,0,6,6,4,5,3,1,"S","S",0,"Left",0,0,1,1,2,0.7712
"0000000933",68,1,3,"No degree","Single",1,"White collar",1,2,1,0,2,"Värmland","Svealand",3,3,5,1,1,3,1,1,1,7,3,3,3,4,3,4,2,3,3,1,4,4,4,5,4,2,2,4,4,3,0,6,0,0,9,0,2,8,5,2,8,6,9,0,4,6,7,1,5,5,2,10,9,0,5,9,3,5,3,1,"S","S",0,"Left",0,0,1,0,,0.7489
"0000000711",58,1,7,"Bachelor","Divorced",1,"White collar",2,2,1,0,3,"Stockholm","Svealand",4,5,5,5,1,1,1,1,1,10,4,3,3,3,3,4,2,3,2,1,2,3,4,5,5,2,2,1,2,3,1,2,0,0,10,1,1,10,5,2,9,5,10,3,3,10,8,1,9,3,2,10,10,0,5,10,3,8,2,1,"MP","S",1,"Left",0,0,0,1,3,0.7658
"0000002296",72,1,5,"No degree","Married",0,"White collar",2,4,1,1,1,"Uppsala","Svealand",2,3,5,5,1,3,3,3,3,10,4,4,4,4,4,3,1,4,4,3,4,4,3,5,4,3,4,3,3,3,0,7,0,0,10,0,0,9,8,0,9,5,10,0,2,8,9,0,9,5,2,10,10,0,5,9,2,5,3,1,"S","S",0,"Left",0,0,1,1,3,0.7489
"0000000301",66,1,8,"Postgraduate","Divorced",1,"White collar",,1,1,0,2,"Västernorrland","Norrland",4,5,5,5,1,1,1,1,1,10,4,4,4,4,3,4,2,4,4,1,4,4,4,5,5,3,3,,,3,0,7,0,7,10,0,4,9,7,1,10,3,10,0,2,9,9,0,9,2,1,10,10,0,5,10,3,9,1,1,"S","S",0,"Left",0,0,1,1,2,0.5247
"0000000209",64,0,4,"No degree","Divorced",1,"White collar",5,2,1,0,4,"Skåne","Götaland",2,4,5,5,3,1,2,2,2,10,4,3,3,4,3,3,1,2,2,2,3,3,3,5,4,2,3,3,3,2,1,7,1,0,2,0,7,1,5,5,0,7,4,0,7,2,6,4,2,6,2,5,6,1,5,6,3,6,5,1,"M","M",0,"Right",0,1,0,1,2,0.91
"0000001224",31,1,4,"No degree","Single",0,"Worker",3,1,1,1,3,"Stockholm","Svealand",2,3,5,5,3,4,1,3,3,6,1,2,2,3,1,2,2,3,3,2,3,2,2,2,4,2,2,2,2,2,1,0,1,7,7,0,4,5,8,0,7,3,6,0,5,8,9,2,5,4,2,10,8,0,5,9,4,6,4,1,"C","S",1,"Left",0,0,0,0,1,1.6674
"0000000530",51,0,8,"Postgraduate","Divorced",0,"White collar",5,1,1,0,3,"Stockholm","Svealand",3,4,5,4,2,1,2,3,1,8,2,2,3,2,2,2,2,2,2,2,3,3,4,5,2,2,2,4,4,4,1,7,7,7,7,0,7,1,5,0,6,5,8,7,4,6,4,4,6,5,3,10,9,0,6,6,5,6,8,1,"S","MP",1,"Left",0,0,1,0,1,0.91
"0000001352",34,1,4,"No degree","Single",1,"Worker",2,1,0,,2,"Stockholm","Svealand",2,3,3,3,4,3,2,2,4,4,3,3,3,3,3,3,3,2,2,2,,3,2,4,1,3,2,2,3,2,1,1,5,7,0,9,9,0,0,9,0,5,0,9,9,0,0,9,0,5,0,10,10,0,1,10,1,2,10,0,,,,,,,,1,2,1.6674
"0000000802",45,0,8,"Postgraduate","Married",1,"White collar",5,1,1,0,3,"Västra Götaland","Götaland",4,5,5,5,1,,1,1,1,8,3,3,4,4,2,3,2,2,3,1,3,2,3,4,4,3,2,3,3,3,0,6,7,5,6,2,7,5,3,3,3,8,8,6,7,8,2,3,3,7,5,6,8,1,7,10,3,6,7,1,"L","L",0,"Right",0,1,0,0,1,0.7712
"0000001756",37,1,4,"No degree","Single",1,"Worker",3,2,1,0,2,"Halland","Götaland",2,3,5,5,2,4,1,1,1,8,3,3,2,3,3,3,2,3,2,1,2,4,2,4,5,4,2,2,2,2,1,0,7,7,9,0,5,8,6,8,6,10,7,0,5,5,7,5,5,5,0,9,10,0,7,6,6,7,5,1,"L","MP",1,"Right",0,1,0,0,,1.6674
"0000002358",72,1,3,"No degree","Married",1,"Worker",2,1,1,0,1,"Skåne","Götaland",3,5,5,,,,3,,,10,3,3,3,3,,3,2,3,3,1,3,3,3,5,4,3,2,4,4,4,,,,,8,1,1,2,3,1,1,3,9,1,0,5,3,0,1,5,5,9,9,1,6,8,3,5,6,1,"S","S",0,"Left",0,0,1,0,,1.0396
"0000002316",77,1,8,"Postgraduate","Divorced",0,"White collar",1,6,1,0,4,"Skåne","Götaland",4,5,5,3,1,3,1,1,3,10,4,3,3,3,3,3,1,4,4,3,4,4,4,5,5,3,3,4,5,3,0,7,0,0,10,3,3,7,10,3,10,3,10,2,2,6,10,0,10,2,1,9,9,0,4,10,1,8,1,1,"MP","S",1,"Left",0,0,0,1,2,0.6191
"0000000436",65,0,8,"Postgraduate","Single",0,"White collar",4,1,1,0,3,"Stockholm","Svealand",2,5,5,4,3,2,2,2,1,8,3,3,3,4,2,3,1,3,3,3,,3,3,5,4,2,2,3,3,3,1,7,7,4,6,0,3,4,6,2,5,5,6,0,0,4,8,0,5,5,5,8,9,3,6,10,4,6,5,1,,,,,,,,0,,0.6234
"0000000118",45,1,7,"Bachelor","Married",1,"Worker",4,2,1,0,1,"Skåne","Götaland",2,4,5,1,4,1,2,4,2,9,3,3,3,4,2,4,2,3,2,1,4,4,4,4,5,2,1,2,3,3,0,2,6,6,9,0,6,3,8,3,3,5,10,0,3,3,9,3,6,2,5,10,9,1,5,10,2,9,4,1,"S","C",1,"Left",0,0,1,0,2,0.7658
"0000002656",55,0,4,"No degree","Divorced",0,"Worker",3,1,1,0,1,"Västra Götaland","Götaland",4,5,5,1,,3,1,1,3,6,,,1,,,1,,1,2,1,4,4,3,4,5,2,1,,,,1,0,7,7,1,10,6,3,0,7,0,5,3,10,5,5,0,7,0,5,2,6,8,0,2,,0,4,,1,"SD","SD",0,"Right",1,1,0,1,3,1.1008
"0000002250",78,0,6,"No degree","Divorced",,"White collar",1,3,1,,4,"Stockholm","Svealand",4,4,5,4,2,1,3,3,3,8,3,2,3,4,2,3,2,2,,1,3,3,3,5,5,3,3,3,3,2,0,7,7,7,4,2,9,1,5,7,5,8,5,2,9,1,5,8,3,9,4,10,8,0,5,8,3,7,8,1,"M","M",0,"Right",0,1,0,1,2,0.6234
"0000002807",77,1,6,"No degree","Single",0,"White collar",1,1,1,0,1,"Södermanland","Svealand",3,5,5,4,5,4,1,1,5,10,4,4,3,4,3,4,2,3,3,3,,4,3,5,5,3,3,3,4,3,0,,6,6,5,8,10,2,5,8,2,6,5,9,10,4,5,,2,6,4,9,9,0,4,8,3,5,7,1,"M","M",0,"Right",0,1,0,0,1,0.6191
"0000000244",46,0,8,"Postgraduate","Married",1,"Worker",5,2,1,0,4,"Uppsala","Svealand",3,4,5,5,1,1,1,2,3,8,3,3,4,3,2,3,1,3,3,2,3,3,3,4,5,,4,3,4,3,1,1,6,0,7,0,2,9,6,1,8,3,8,0,1,7,8,0,5,5,4,10,7,1,5,10,5,6,2,1,"S",,,"Left",0,0,1,1,2,0.7712
"0000001411",66,1,6,"No degree","Married",1,"White collar",4,1,0,1,1,"Västra Götaland","Götaland",2,4,5,4,3,2,2,4,,8,3,2,4,4,2,3,1,3,3,2,4,2,3,5,4,2,3,4,4,4,0,5,5,0,9,1,2,8,7,1,5,1,9,1,1,8,7,0,2,3,2,10,10,1,4,9,3,9,2,1,"S","S",0,"Left",0,0,1,1,2,1.1014
"0000002753",77,0,9,"Postgraduate","Married",0,"White collar",1,1,1,0,2,"Södermanland","Svealand",2,5,5,5,1,1,1,4,1,10,4,3,4,,3,4,2,,3,2,4,3,3,5,4,3,3,3,3,3,1,7,1,0,4,2,9,0,5,8,0,9,7,3,8,1,5,9,1,8,3,5,10,0,5,9,1,8,8,1,"M","M",0,"Right",0,1,0,1,2,0.5409
"0000000412",41,1,8,"Postgraduate","Married",1,"Worker",5,1,1,1,4,"Uppsala","Svealand",3,5,5,4,4,2,1,1,2,9,3,3,3,3,3,4,2,3,3,2,4,4,3,5,5,3,4,4,3,3,0,0,7,2,8,0,5,5,6,3,9,,10,0,5,5,6,3,8,5,2,10,9,1,3,9,3,8,3,1,"MP","MP",0,"Left",0,0,0,0,3,0.7658
"0000000522",51,1,8,"Postgraduate","Married",1,"White collar",5,6,1,0,2,"Skåne","Götaland",3,5,5,4,1,1,1,2,1,8,3,3,4,4,2,3,2,4,4,4,3,2,2,5,5,2,2,2,3,3,1,2,0,0,,,,,,,,,10,0,1,9,9,0,9,2,3,10,9,0,6,10,1,8,1,1,"S","MP",1,"Left",0,0,1,1,2,0.7658
"0000000996",57,1,5,"No degree","Single",1,"White collar",5,2,1,0,1,"Skåne","Götaland",3,4,5,5,1,3,1,1,1,9,3,3,2,3,3,3,2,3,3,1,4,4,3,5,5,2,,5,4,3,1,7,6,7,10,0,7,8,8,6,9,7,10,5,8,8,9,6,8,9,3,10,8,2,5,8,4,6,3,1,"S","S",0,"Left",0,0,1,1,2,1.1901
"0000001719",41,1,8,"Postgraduate","Married",0,"Worker",3,2,0,,2,"Kronoberg","Götaland",3,3,5,5,,,1,1,2,10,3,2,2,3,3,3,2,2,3,2,2,3,2,4,5,3,2,2,3,2,,2,,,8,0,7,5,5,6,6,5,8,0,6,5,5,6,5,5,3,9,7,0,5,7,4,7,4,1,"S",,,"Left",0,0,1,0,,0.7658
"0000000394",43,1,8,"Postgraduate","Married",1,"White collar",5,3,1,0,1,"Östergötland","Götaland",3,4,5,5,1,1,1,1,2,9,4,4,4,4,2,4,1,4,4,1,4,3,4,5,5,2,2,3,2,1,1,2,2,7,8,0,0,6,3,0,10,2,10,0,0,2,10,0,8,2,3,10,9,0,5,9,2,7,2,1,"S","MP",1,"Left",0,0,1,1,2,0.7658
"0000000867",61,0,6,"No degree","Divorced",1,"Worker",5,1,1,0,2,"Halland","Götaland",3,4,5,5,2,1,1,1,2,8,3,3,4,3,,3,2,3,3,2,4,3,3,5,4,3,2,2,4,3,0,6,4,7,10,0,8,3,9,3,5,5,10,0,8,6,10,1,2,7,4,10,,,5,10,1,7,4,1,"S","S",0,"Left",0,0,1,1,2,1.5282
"0000000869",43,0,7,"Bachelor","Single",0,"White collar",5,1,1,0,3,"Stockholm","Svealand",3,4,2,2,4,3,4,4,3,6,3,3,2,3,2,2,2,1,3,1,,3,2,3,2,4,2,2,2,4,1,0,7,7,5,8,8,8,0,7,3,3,5,10,7,7,0,,0,5,6,10,8,0,3,9,2,7,8,1,,,,,,,,0,,0.7712
"0000002379",85,0,3,"No degree","Married",0,"White collar",2,3,1,,2,"Värmland","Svealand",3,4,5,3,4,3,1,2,3,8,4,3,3,3,2,3,2,3,3,5,3,3,3,5,,2,3,2,5,4,1,0,5,4,,,,,,,,,,,,,,,,,7,1,,2,3,3,2,3,4,1,"S",,,"Left",0,0,1,0,1,0.821
"0000002397",67,1,3,"No degree","Divorced",0,"White collar",2,1,1,0,1,"Västra Götaland","Götaland",3,3,5,4,4,3,2,2,1,8,3,3,3,3,3,3,1,3,3,2,4,4,3,5,,3,3,4,5,5,0,2,5,0,8,10,10,6,5,8,0,6,9,10,9,6,5,9,0,5,3,10,9,0,2,9,1,2,10,1,"M","M",0,"Right",0,1,0,1,3,0.7489
"0000001850",72,1,8,"Postgraduate","Married",0,"White collar",2,3,1,0,1,"Skåne","Götaland",3,5,5,4,2,3,1,4,1,10,4,4,3,4,2,3,3,3,4,1,3,4,,5,4,3,4,3,4,3,0,5,0,3,6,3,8,3,1,9,0,9,10,4,8,4,0,9,1,7,5,9,10,1,3,8,1,6,6,1,"KD","KD",0,"Right",0,1,0,1,1,0.5247
"0000000826",44,0,8,"Postgraduate","Single",0,"Self-employed",5,2,1,0,3,"Stockholm","Svealand",3,4,4,5,1,3,1,5,1,8,2,2,3,3,2,3,1,3,3,4,3,3,2,3,3,2,2,4,3,3,1,4,7,7,3,0,6,3,7,3,3,8,2,0,5,9,9,0,2,9,2,10,8,0,5,9,1,6,,1,"L","C",1,"Right",0,1,0,0,,0.7712
"0000002092",71,0,6,"No degree","Divorced",0,,2,1,1,0,1,"Östergötland","Götaland",4,5,5,5,1,3,1,4,2,7,3,2,2,3,1,3,1,2,3,2,3,3,2,5,3,2,1,3,3,3,1,7,0,0,5,6,7,4,2,8,0,4,3,6,8,6,0,7,0,6,3,8,7,2,,7,2,5,6,1,"KD","KD",0,"Right",0,1,0,0,,0.5283
"0000002134",80,1,3,"No degree","Divorced",0,"Worker",1,2,1,,2,"Gotland","Götaland",3,5,5,4,4,4,,,5,6,2,2,2,2,2,2,1,3,3,2,2,3,3,2,5,,2,,,,,7,0,0,10,0,0,9,1,1,9,0,10,,0,,1,,,,,10,,1,10,9,1,10,0,1,"S","S",0,"Left",0,0,1,,2,0.7489
"0000002396",66,1,4,"No degree","Married",0,"White collar",3,2,1,0,1,"Jönköping","Götaland",3,4,5,2,2,3,1,1,1,9,3,4,4,3,2,2,2,4,4,4,4,4,3,5,5,3,3,4,4,3,0,7,7,0,10,3,5,6,8,1,1,7,10,7,5,6,9,1,2,5,3,10,9,0,4,9,4,6,4,1,"S","S",0,"Left",0,0,1,0,2,0.7489
"0000000283",52,1,8,"Postgraduate","Divorced",1,"Worker",5,1,1,0,2,"Västmanland","Svealand",3,4,5,4,4,3,2,4,4,9,3,3,3,4,3,3,2,3,3,2,2,3,3,5,3,2,2,2,3,2,0,2,7,7,10,0,2,5,6,0,5,2,10,0,5,6,7,0,3,3,2,10,10,0,5,10,0,6,1,1,"S","S",0,"Left",0,0,1,0,,0.7658
"0000002694",69,0,3,"No degree","Single",1,"Worker",1,3,1,0,2,"Skåne","Götaland",3,5,5,4,4,1,5,5,1,8,3,3,3,3,2,3,1,3,4,2,4,4,3,5,5,3,3,5,5,4,1,5,4,0,3,10,10,0,0,1,1,0,3,10,10,0,0,1,0,0,2,10,10,0,2,2,1,5,10,1,"SD","SD",0,"Right",1,1,0,1,2,0.7541
"0000001833",75,0,3,"No degree","Married",0,"Self-employed",1,1,1,0,1,"Östergötland","Götaland",3,3,3,5,1,4,,5,,0,3,1,1,4,1,3,1,2,2,1,3,4,3,1,3,2,3,3,2,4,0,0,0,0,3,10,9,5,0,6,0,2,8,10,8,9,0,7,0,6,5,9,9,0,5,9,0,5,8,1,"SD","SD",0,"Right",1,1,0,0,2,0.821
"0000000102",58,0,4,"No degree","Married",0,"Self-employed",5,2,1,0,2,"Västernorrland","Norrland",3,4,5,3,3,1,4,4,4,8,3,3,3,4,2,3,2,3,3,1,3,3,3,5,4,2,2,4,4,3,0,5,,7,,,,,,,,,8,8,9,,8,7,4,4,4,8,8,2,6,6,5,6,7,1,"C","C",0,"Left",0,0,0,0,,0.91
"0000001626",55,1,3,"No degree","Married",0,"Self-employed",3,2,1,0,1,"Kronoberg","Götaland",2,4,5,3,3,1,4,4,4,5,2,2,2,3,2,2,2,3,3,2,4,3,3,4,4,2,3,2,3,3,1,2,2,7,10,0,2,5,5,0,5,2,10,0,1,5,8,0,6,3,1,10,10,0,3,10,5,5,,1,"S","S",0,"Left",0,0,1,0,2,1.0931
"0000002205",82,1,6,"No degree","Widowed",0,"White collar",1,1,1,0,2,"Dalarna","Svealand",2,4,5,3,2,3,1,1,5,10,3,3,3,3,3,3,1,3,3,2,4,3,4,5,5,3,4,4,5,4,0,7,0,0,5,0,7,2,10,3,3,5,7,0,7,3,10,3,3,5,,10,7,0,5,7,3,6,5,1,"C","M",1,"Left",0,0,0,0,,0.6191
"0000001518",33,0,4,"No degree","Married",0,"Worker",4,1,1,0,1,"Västra Götaland","Götaland",2,3,3,5,4,3,1,1,,7,3,,3,4,2,3,2,1,3,2,,1,3,3,4,2,3,2,3,3,1,0,0,1,0,6,9,4,4,4,0,4,2,7,8,4,4,4,4,4,5,5,5,5,5,5,5,5,5,0,,"M",,,,,,0,1,1.6791
"0000000917",58,1,4,"No degree","Divorced",1,"White collar",2,1,1,0,3,"Stockholm","Svealand",3,3,5,5,1,1,5,5,5,0,1,1,1,1,1,3,2,1,3,1,,3,1,3,1,2,1,3,1,1,1,0,7,7,5,5,5,5,5,5,5,5,5,5,5,5,5,5,5,5,,,,,,,,,,1,,,,,,,,0,,1.0931
"0000001070",58,1,4,"No degree","Married",1,"White collar",4,1,1,0,2,"Dalarna","Svealand",2,3,5,3,3,3,1,3,3,8,3,3,3,3,2,4,2,3,3,2,3,4,3,4,3,3,3,4,3,3,1,7,5,5,9,2,5,8,8,6,6,6,9,4,6,6,8,6,6,6,3,10,8,1,5,8,4,7,4,1,"S","V",1,"Left",0,0,1,1,2,1.1901
"0000001232",57,0,3,"No degree","Married",1,"Worker",4,1,1,0,2,"Skåne","Götaland",3,4,5,5,1,1,3,4,3,8,3,3,3,3,2,4,2,4,4,1,3,3,3,4,4,3,2,4,5,4,1,7,2,7,9,1,3,1,8,2,7,4,10,1,1,3,10,2,10,2,3,10,9,0,5,9,3,7,6,1,"C","S",1,"Left",0,0,0,0,2,1.5282
"0000000221",35,0,6,"No degree","Married",1,"White collar",5,1,1,0,3,"Jönköping","Götaland",3,4,4,4,4,3,3,4,4,10,3,2,2,3,3,3,1,1,3,1,4,3,3,5,5,3,3,3,4,3,1,7,1,0,4,5,9,3,5,10,0,9,0,8,9,6,9,10,0,9,6,10,8,1,5,8,2,7,7,1,"KD","KD",0,"Right",0,1,0,1,2,1.275
"0000001325",66,1,3,"No degree","Single",1,"Worker",1,3,1,0,1,"Örebro","Svealand",2,4,4,4,5,3,5,3,3,7,3,3,3,3,2,3,1,3,3,3,3,3,3,3,4,3,3,4,3,3,0,1,0,0,2,9,10,0,2,2,0,2,10,1,9,2,0,2,0,10,2,8,10,0,2,10,0,6,10,1,"SD","M",1,"Right",1,1,0,1,2,0.7489
"0000002573",64,1,6,"No degree","Divorced",0,"White collar",1,1,0,,4,"Västerbotten","Norrland",3,4,5,5,4,3,1,4,2,6,2,3,2,3,2,3,2,3,3,1,2,1,3,3,4,2,1,2,2,3,0,2,7,1,5,0,2,7,6,0,5,3,9,0,2,7,8,0,7,2,3,10,10,1,5,10,2,8,1,1,"S",,,"Left",0,0,1,0,1,0.9037
"0000001867",60,0,2,"No degree","Married",0,"Worker",2,3,1,0,1,"Jönköping","Götaland",2,4,5,3,4,2,4,4,1,8,2,2,2,3,2,3,2,3,2,2,3,3,3,5,4,2,2,2,3,3,0,3,7,7,8,7,8,1,2,5,4,5,8,8,8,2,2,3,1,5,4,9,8,0,3,5,3,5,7,1,"M",,,"Right",0,1,0,1,,1.5282
"0000001673",33,1,4,"No degree","Single",1,"Worker",1,2,1,0,1,"Västra Götaland","Götaland",4,4,5,4,2,1,1,1,1,9,4,3,4,4,2,2,2,4,3,2,4,4,3,4,5,1,2,1,2,2,1,3,3,7,7,0,2,9,6,0,7,4,6,0,4,7,9,3,7,5,4,10,8,0,7,9,3,8,0,1,"V","V",0,"Left",0,0,0,1,2,1.2661
"0000002444",73,0,3,"No degree","Single",1,"Worker",1,1,1,0,4,"Skåne","Götaland",3,4,5,4,3,2,2,4,3,7,2,3,2,2,2,2,1,3,3,2,3,3,3,4,4,3,2,2,3,3,0,5,0,0,9,3,5,6,7,5,8,5,9,3,5,7,7,5,6,5,2,7,8,1,5,8,3,6,3,1,"S","S",0,"Left",0,0,1,0,2,0.7541
"0000001991",49,1,6,"No degree","Married",0,"Self-employed",5,2,1,0,4,"Västra Götaland","Götaland",2,3,5,4,2,3,2,4,2,8,3,3,3,3,2,2,1,2,2,2,3,2,3,5,5,3,2,3,2,3,1,4,1,0,0,0,9,0,0,8,0,7,0,0,8,1,0,10,0,5,4,7,10,0,5,9,2,8,8,1,"M","M",0,"Right",0,1,0,1,2,0.9037
"0000001379",27,1,4,"No degree","Married",1,,2,2,1,0,1,"Västra Götaland","Götaland",3,5,5,4,1,4,1,1,4,9,3,3,4,4,3,3,,4,4,2,3,4,3,3,4,2,3,3,4,3,1,,5,7,10,2,1,9,,3,6,3,10,1,1,10,10,2,5,1,3,10,10,0,4,10,3,8,2,1,"S","V",1,"Left",0,0,1,1,3,1.6674
"0000002502",78,0,4,"No degree","Widowed",0,"White collar",1,1,1,0,2,"Jämtland","Norrland",3,4,5,4,4,2,3,4,5,10,3,2,2,3,3,3,2,2,3,2,4,4,4,4,4,3,3,4,4,3,1,5,0,0,1,9,8,0,0,7,0,3,2,10,9,0,0,7,0,5,1,9,9,0,2,8,0,6,8,1,"SD","M",1,"Right",1,1,0,1,2,0.5283
"0000001304",61,1,4,"No degree","Married",1,"Worker",3,2,1,0,1,"Västra Götaland","Götaland",2,3,4,4,4,5,1,1,2,5,3,3,2,3,2,2,2,3,3,2,4,3,3,4,4,2,3,4,3,3,1,0,0,0,10,0,5,5,5,3,9,3,10,0,5,5,5,5,5,5,,,,,,,,,,1,"S","S",0,"Left",0,0,1,1,2,1.0931
"0000001620",51,0,5,"No degree","Married",0,,5,1,1,0,3,"Stockholm","Svealand",3,4,5,5,2,3,2,4,3,9,2,2,2,3,2,3,2,2,2,2,3,3,3,5,5,3,2,1,2,3,1,5,1,0,6,8,9,0,1,8,0,7,8,7,7,1,0,7,0,8,4,5,9,0,1,9,0,6,,1,"M","KD",1,"Right",0,1,0,0,2,0.91
"0000001743",49,1,3,"No degree","Married",1,"Worker",2,1,0,,1,"Skåne","Götaland",2,3,,,5,,5,,,10,2,2,3,2,,2,,1,2,1,,3,2,5,,3,4,3,2,3,1,0,0,0,0,8,10,0,0,9,0,5,0,8,10,0,0,9,0,6,0,10,10,0,0,8,0,6,,1,,,,,,,,,2,1.6078
"0000002272",82,1,6,"No degree","Married",0,"White collar",2,,1,,2,"Västra Götaland","Götaland",3,3,4,4,4,4,3,3,4,5,2,2,3,3,2,2,2,2,3,2,,3,2,4,4,3,3,3,4,3,1,7,0,0,8,8,8,6,6,8,6,5,8,9,8,8,6,9,5,8,,9,10,1,5,7,3,5,6,1,,,,,,,,,2,0.5247
"0000002583",68,1,7,"Bachelor","Divorced",0,"White collar",2,1,1,0,2,"Stockholm","Svealand",4,5,5,5,1,1,1,1,4,7,4,3,3,4,2,3,2,4,4,5,,4,2,4,5,1,1,1,1,3,0,7,7,7,10,0,0,7,8,0,7,0,10,0,0,6,9,0,2,0,1,10,10,0,5,10,5,5,,1,"S","S",0,"Left",0,0,1,1,3,0.5247
"0000002273",87,1,2,"No degree","Widowed",0,,1,4,1,0,1,"Värmland","Svealand",2,3,4,1,4,4,1,1,1,5,3,3,3,4,3,3,2,3,3,3,3,3,3,5,4,3,3,3,3,3,0,4,0,0,5,0,8,0,7,8,0,7,5,2,8,,7,8,5,7,4,6,10,0,5,9,4,7,8,1,"M","M",0,"Right",0,1,0,0,2,0.7489
"0000000216",40,1,8,"Postgraduate","Married",1,"Self-employed",5,1,0,,4,"Stockholm","Svealand",3,5,5,3,2,4,1,1,3,9,4,4,4,4,4,4,2,2,3,2,4,4,4,5,5,4,4,4,5,4,1,4,7,7,2,9,8,0,2,6,0,5,6,9,8,6,0,7,0,6,4,9,7,1,4,7,0,5,9,1,"SD","M",1,"Right",1,1,0,1,2,1.073
"0000001602",50,0,3,"No degree","Married",1,"Worker",4,1,1,0,1,"Norrbotten","Norrland",3,5,5,5,1,4,2,2,4,10,4,3,2,1,3,2,2,2,4,2,4,4,4,5,5,3,4,3,3,3,1,3,3,3,7,6,8,0,2,9,1,4,7,7,7,1,4,9,0,3,5,8,9,0,3,9,1,6,,1,"KD","KD",0,"Right",0,1,0,0,,1.1008
"0000002532",69,0,6,"No degree","Single",0,,1,1,0,1,1,"Värmland","Svealand",4,5,5,5,1,3,1,4,2,8,3,2,4,3,2,3,1,3,3,2,3,3,2,5,3,2,2,2,3,3,0,7,3,0,1,0,1,6,1,0,5,1,3,0,0,5,0,1,5,0,7,8,10,2,7,10,5,8,,1,"V","V",0,"Left",0,0,0,0,,0.6234
"0000001361",27,1,,,"Single",,,,,0,,,"Västra Götaland","Götaland",2,3,4,,3,3,2,3,3,8,3,1,1,4,2,3,3,2,3,,,,,,,,,,,,,1,0,1,,,,,,,,,,,,,,,,,,,,,,,,,,,,,,,,,,,,1.6674
"0000001423",75,1,,,"Single",0,"Worker",1,,0,,2,"Stockholm","Svealand",2,4,4,5,4,5,,,3,6,2,3,2,3,2,2,2,3,3,3,,2,3,3,4,2,2,2,4,3,0,2,0,0,8,0,2,4,6,4,7,6,8,0,2,3,6,2,1,3,5,10,10,0,4,8,5,7,4,1,,,,,,,,1,1,0.7489
"0000000111",67,1,7,"Bachelor","Divorced",0,"White collar",4,1,1,0,2,"Kronoberg","Götaland",3,4,5,5,1,3,1,2,2,9,4,3,4,3,3,3,2,3,4,1,2,3,4,5,5,3,4,2,3,,1,5,7,7,9,0,6,4,8,6,2,10,9,0,5,4,10,4,2,7,8,0,5,3,8,5,3,9,,1,"L","KD",1,"Right",0,1,0,0,2,0.5247
"0000000082",41,0,8,"Postgraduate","Married",0,"Worker",3,1,1,0,2,"Kronoberg","Götaland",3,4,5,5,3,2,1,4,3,5,2,2,2,3,2,2,2,1,2,1,3,2,2,4,3,1,2,1,2,3,0,1,7,7,7,8,5,7,2,3,0,3,3,7,1,7,1,6,0,7,7,2,10,4,8,8,5,7,2,1,"SD","V",1,"Right",1,1,0,0,2,0.7712
"0000002659",67,0,9,"Postgraduate","Married",1,,4,6,1,0,1,"Östergötland","Götaland",2,1,1,1,1,1,1,1,5,0,1,1,1,1,1,1,1,1,1,5,,1,1,1,1,4,1,1,1,1,1,0,0,0,0,0,0,0,0,0,0,0,0,0,0,0,0,0,0,0,10,0,6,10,10,0,0,0,10,1,,,,,,,,0,,1.0469
"0000002265",22,1,8,"Postgraduate","Single",0,,1,1,1,0,4,"Västra Götaland","Götaland",3,4,5,2,2,2,1,1,2,8,3,3,3,3,3,3,2,3,3,1,3,3,4,5,5,2,3,3,3,3,1,3,2,7,,,,,,,,,8,5,9,1,9,6,2,7,4,9,8,1,5,8,3,6,6,1,"C","C",0,"Left",0,0,0,0,,1.346
"0000002292",82,1,2,"No degree","Divorced",0,"White collar",1,2,1,,3,"Stockholm","Svealand",2,2,3,5,4,3,2,2,4,4,3,3,3,3,2,2,1,2,2,3,4,4,2,4,3,3,4,3,4,4,0,3,0,0,3,3,9,0,7,4,3,4,3,5,10,3,3,4,3,3,2,2,8,2,4,2,2,2,8,1,"M","M",0,"Right",0,1,0,1,2,0.8153
"0000002274",76,0,7,"Bachelor","Married",0,"White collar",5,1,1,1,3,"Stockholm","Svealand",3,5,5,5,1,3,1,1,1,9,4,3,4,3,3,3,2,3,3,2,4,4,3,5,5,3,3,3,3,3,0,7,4,0,6,4,8,3,7,7,5,9,8,4,9,3,8,,6,8,3,10,8,0,5,9,2,7,7,1,"L","L",0,"Right",0,1,0,0,,0.5283
"0000000087",54,1,6,"No degree","Single",1,"White collar",5,1,1,0,3,"Stockholm","Svealand",3,4,5,4,2,2,1,4,2,9,3,3,3,3,2,3,2,3,3,3,4,3,3,5,5,3,3,2,3,3,1,7,5,7,10,0,1,6,8,1,7,6,10,0,0,8,9,0,8,6,4,10,10,1,6,10,2,8,5,1,"S","S",0,"Left",0,0,1,0,2,0.9037
"0000000960",58,0,6,"No degree","Married",0,"White collar",5,1,1,0,2,"Halland","Götaland",4,5,5,5,1,3,1,1,1,10,4,4,4,3,3,3,2,2,3,1,3,4,3,5,4,3,2,2,3,4,0,7,7,7,5,1,9,0,7,6,2,8,6,4,8,1,2,7,1,7,5,5,8,1,7,8,4,7,8,1,"M","M",0,"Right",0,1,0,0,1,0.91
"0000002530",34,1,6,"No degree","Single",0,"White collar",2,2,1,0,1,"Östergötland","Götaland",2,1,4,1,1,4,1,1,1,9,2,2,2,2,2,3,3,3,3,2,3,4,4,5,2,2,2,2,4,4,1,2,1,7,3,10,5,2,5,10,7,3,10,9,5,5,5,8,5,5,9,9,9,0,4,9,2,4,9,1,"SD","KD",1,"Right",1,1,0,1,2,1.2661
"0000001397",63,1,3,"No degree","Married",1,"Worker",3,4,1,0,2,"Norrbotten","Norrland",3,5,5,4,4,3,1,1,5,7,3,3,3,3,2,2,2,2,3,1,3,4,3,5,3,3,1,4,3,3,1,7,0,1,5,5,8,3,5,9,0,2,8,8,8,2,2,8,0,8,4,10,9,0,4,9,1,4,5,1,"KD","KD",0,"Right",0,1,0,1,3,1.0931
"0000002693",44,1,5,"No degree","Married",0,"Worker",1,1,1,0,2,"Skåne","Götaland",3,4,5,3,3,2,4,2,3,7,2,1,1,3,2,1,2,1,3,2,,1,2,3,3,2,3,2,2,3,0,4,7,7,2,4,3,0,1,0,1,3,5,5,3,1,0,1,5,2,5,5,5,5,5,5,5,5,5,,,,,,,,,0,,1.5176
"0000001800",66,1,6,"No degree","Married",1,"Worker",1,1,0,,,"Västra Götaland","Götaland",3,4,5,5,2,1,,,,,,,,,,,,,,2,,,3,4,4,3,2,4,3,3,0,7,6,2,10,0,8,8,7,3,5,8,10,0,5,3,5,2,3,6,6,10,9,0,5,7,3,7,3,,,"S",,,,,,1,2,0.6191
"0000000664",57,1,4,"No degree","Married",1,"White collar",5,1,1,1,3,"Stockholm","Svealand",3,4,5,4,1,2,1,1,1,9,3,3,4,4,2,3,2,3,3,2,3,3,3,5,4,2,3,4,4,3,1,7,6,7,6,0,7,1,9,5,5,9,8,0,6,2,9,5,2,7,4,10,9,0,7,9,3,7,7,1,"C","L",1,"Left",0,0,0,0,2,1.1901
"0000000167",32,0,8,"Postgraduate","Single",1,"White collar",4,1,1,1,4,"Stockholm","Svealand",3,4,4,3,2,3,1,4,1,9,4,4,4,4,3,3,2,3,3,2,3,4,4,5,3,4,3,4,3,3,1,0,7,7,7,5,8,2,5,7,2,8,8,7,7,2,6,6,0,8,6,5,8,3,6,8,2,8,8,1,"M","L",1,"Right",0,1,0,0,2,1.0805
"0000002228",77,0,4,"No degree","Married",0,"White collar",,1,1,0,1,"Örebro","Svealand",,4,5,3,1,3,1,1,1,10,4,4,4,4,3,3,1,3,3,3,3,3,4,5,5,3,2,3,5,3,1,4,0,0,5,1,7,5,7,3,8,9,7,5,5,7,5,5,7,9,3,10,10,0,5,8,3,8,7,1,"L","C",1,"Right",0,1,0,0,2,0.6234
"0000000458",59,1,6,"No degree","Married",1,"Worker",4,1,1,0,2,"Västernorrland","Norrland",3,4,5,2,2,1,1,1,1,10,4,4,2,3,3,3,2,4,4,2,4,3,3,5,5,3,3,2,4,3,1,6,2,7,10,0,0,3,3,0,1,1,10,0,0,2,8,0,1,1,,10,,0,5,10,6,9,1,1,"S","S",0,"Left",0,0,1,1,3,0.9037
"0000002712",78,0,2,"No degree","Married",0,"White collar",2,1,1,0,2,"Värmland","Svealand",3,4,5,4,4,3,2,1,1,10,3,3,2,3,2,3,1,1,3,4,4,4,3,5,2,3,3,3,3,3,0,7,4,0,3,7,8,3,1,9,0,5,2,9,9,6,0,10,0,6,0,9,10,0,2,8,0,4,8,1,"KD","KD",0,"Right",0,1,0,1,2,0.7541
"0000002480",87,1,2,"No degree","Divorced",1,"White collar",2,1,1,,2,"Norrbotten","Norrland",4,5,5,4,5,1,1,1,1,10,4,4,4,4,3,3,2,4,4,2,4,4,4,5,5,3,3,3,4,4,0,7,7,0,10,0,0,8,0,0,7,0,10,0,0,8,9,0,8,0,0,10,10,0,0,10,0,,0,1,"S","S",0,"Left",0,0,1,1,,1.1014
"0000000602",56,1,6,"No degree","Widowed",1,"White collar",3,2,1,0,2,"Kronoberg","Götaland",2,4,5,4,4,1,4,4,1,7,2,1,2,3,1,1,1,2,2,1,,1,3,4,3,2,2,2,3,2,1,1,2,2,5,0,7,0,6,0,0,8,7,0,5,5,3,0,0,7,3,10,9,0,4,9,1,7,6,1,,,,,,,,0,2,0.9037
"0000001233",25,1,8,"Postgraduate","Single",1,"White collar",2,1,1,0,4,"Stockholm","Svealand",2,5,5,5,2,3,2,4,2,7,3,3,3,4,3,3,2,2,3,1,4,3,3,5,4,3,3,3,3,2,1,1,4,6,6,2,8,1,2,4,0,4,5,5,5,5,5,4,2,5,4,9,7,1,4,8,3,6,6,1,"M","M",0,"Right",0,1,0,0,2,1.1407
"0000001605",32,0,5,"No degree","Single",1,"Worker",2,1,1,1,2,"Östergötland","Götaland",1,1,5,5,3,3,3,3,4,7,2,2,3,4,1,3,2,3,3,2,,4,3,4,4,2,3,3,3,2,1,0,0,0,7,3,5,5,6,5,5,6,7,3,3,5,6,4,5,5,2,10,6,1,5,8,3,4,4,0,,"C",,,,,,0,,1.275
"0000002562",80,1,3,"No degree","Married",0,"Self-employed",2,3,1,0,2,"Västerbotten","Norrland",2,3,5,5,4,2,3,,,8,3,2,3,3,3,3,2,3,3,3,3,3,3,5,4,2,2,3,4,5,0,7,2,0,2,3,9,2,6,5,3,4,8,6,8,5,8,6,6,5,5,1,9,1,1,1,1,6,5,1,"M","M",0,"Right",0,1,0,0,2,0.7489
"0000002513",83,1,5,"No degree","Married",,,,3,1,0,,"Kalmar","Götaland",4,3,5,3,3,5,1,1,1,8,3,3,3,3,2,2,1,3,3,,3,3,3,5,5,2,,4,,4,0,7,0,0,10,0,2,2,9,6,6,7,10,0,2,2,10,3,0,6,,,,,,,,,,1,"S","C",1,"Left",0,0,1,1,2,1.1014
"0000001344",38,1,7,"Bachelor","Married",0,"Worker",1,4,0,,3,"Örebro","Svealand",3,3,3,3,3,3,4,3,4,9,2,2,2,2,1,1,2,2,3,2,,3,3,5,5,2,3,2,2,1,1,4,2,2,6,8,8,3,4,8,5,6,6,8,7,6,4,6,,,0,8,5,0,0,6,0,,7,1,,"S",,,,,,0,,1.2661
"0000001792",73,1,8,"Postgraduate","Married",0,"White collar",3,1,1,0,4,"Uppsala","Svealand",2,4,5,4,4,3,1,4,3,7,3,3,3,3,3,3,3,3,4,2,,4,3,3,4,3,2,3,3,3,1,3,7,7,8,0,8,0,8,5,0,8,8,0,8,0,8,5,0,8,5,10,6,0,5,2,2,5,6,1,,,,,,,,0,,0.5247
"0000001394",61,1,5,"No degree","Divorced",0,"Worker",1,1,1,0,2,"Uppsala","Svealand",2,3,5,5,5,3,3,3,4,6,2,2,2,2,2,2,1,1,1,1,,4,3,5,1,2,2,2,3,3,1,1,0,0,0,10,10,0,0,10,0,0,0,10,10,0,0,10,0,0,0,10,10,0,0,10,0,5,10,1,,,,,,,,0,,1.0931
"0000000320",34,1,8,"Postgraduate","Married",1,"White collar",,1,1,0,4,"Västra Götaland","Götaland",3,4,5,5,1,2,1,3,4,7,3,2,3,3,2,3,2,2,2,2,3,3,3,4,4,2,2,3,3,3,1,0,7,7,4,0,0,8,6,0,8,2,7,0,0,6,7,0,7,5,4,9,8,1,8,8,4,7,2,1,"MP","V",1,"Left",0,0,0,0,2,1.073
"0000002282",73,0,3,"No degree","Single",1,"White collar",3,1,1,0,2,"Västernorrland","Norrland",2,5,5,5,4,3,4,4,3,8,3,3,3,3,2,2,2,3,3,2,,3,3,5,4,3,2,4,3,3,0,7,2,7,3,3,7,2,5,5,1,5,3,3,5,3,3,5,1,5,5,6,7,1,5,6,5,7,7,1,,,,,,,,0,1,0.7541
"0000002749",49,1,8,"Postgraduate","Married",0,"White collar",5,2,1,0,3,"Skåne","Götaland",3,5,5,5,1,1,1,1,1,9,3,3,3,3,3,4,2,3,4,1,4,3,4,5,5,3,3,3,3,3,1,5,0,7,6,3,9,3,9,7,7,10,9,8,8,8,8,7,8,8,4,4,10,0,6,10,5,8,8,1,"L",,,"Right",0,1,0,1,1,0.7658
"0000001335",67,1,3,"No degree","Married",1,"Worker",3,3,1,0,1,"Halland","Götaland",4,4,4,5,4,2,2,4,4,,3,3,4,4,3,2,2,3,3,2,4,4,3,5,3,3,3,4,3,3,1,7,7,7,9,4,6,5,6,6,7,6,10,4,7,7,6,2,7,7,3,8,8,1,5,8,4,7,4,1,"S","S",0,"Left",0,0,1,1,2,0.7489
"0000002683",59,1,6,"No degree","Married",0,"White collar",3,,1,0,3,"Stockholm","Svealand",3,5,5,4,1,3,1,4,4,10,4,4,4,4,4,3,2,3,3,2,3,3,3,5,5,3,3,4,4,3,1,7,6,2,4,10,9,0,6,7,1,7,8,10,9,0,5,9,0,7,3,10,10,0,5,8,1,8,10,1,"SD","M",1,"Right",1,1,0,1,2,0.9037
"0000000976",60,0,3,"No degree","Married",0,"Self-employed",3,1,1,0,2,"Gotland","Götaland",4,4,4,4,1,2,1,4,2,8,3,3,3,4,2,3,1,3,3,3,4,4,2,4,4,2,3,3,3,2,1,3,1,7,8,0,1,9,6,0,10,4,9,0,1,9,7,0,9,3,5,10,9,1,6,10,3,7,2,1,"MP","S",1,"Left",0,0,0,1,1,0.91
"0000000332",48,0,8,"Postgraduate","Married",,"Self-employed",4,1,1,0,1,"Skåne","Götaland",3,5,4,3,4,5,4,4,4,2,2,2,2,2,2,2,2,2,3,2,4,3,2,3,3,3,3,2,2,3,1,1,6,7,5,2,9,1,5,7,0,7,6,6,8,6,2,7,1,7,3,5,8,1,5,9,2,7,8,1,"M","M",0,"Right",0,1,0,1,2,1.1984
"0000001968",87,1,3,"No degree","Widowed",0,"White collar",1,3,1,,1,"Skåne","Götaland",3,4,5,4,3,3,1,1,3,10,3,3,3,4,2,3,,3,3,4,4,3,3,5,4,3,3,4,4,4,0,7,0,0,10,,4,3,5,,4,5,10,0,5,3,,0,5,5,,1,,10,5,10,3,,,1,"S","S",0,"Left",0,0,1,0,2,1.0396
"0000001581",70,0,4,"No degree","Married",0,"White collar",1,1,1,0,2,"Värmland","Svealand",3,5,5,,,,,5,,6,2,2,2,3,3,2,2,1,1,2,4,4,2,5,5,3,2,3,3,4,1,4,,,4,10,4,2,0,3,0,,0,,5,2,0,2,0,0,0,10,7,0,0,3,0,5,10,1,"SD","SD",0,"Right",1,1,0,1,3,0.7541
"0000000189",51,0,7,"Bachelor","Married",1,"White collar",5,1,1,0,1,"Västra Götaland","Götaland",1,4,5,4,2,1,1,3,4,9,3,4,4,4,2,1,1,4,3,1,4,2,3,5,4,2,1,1,2,3,1,1,1,5,9,0,7,3,7,5,2,5,,,,,,,,,4,9,8,8,4,6,5,,5,1,"S","S",0,"Left",0,0,1,0,,0.7712
"0000002145",58,1,5,"No degree","Married",0,"Self-employed",3,3,1,0,2,"Östergötland","Götaland",2,4,4,5,5,2,1,1,2,9,4,3,2,3,2,4,2,3,3,2,4,4,3,5,4,3,4,4,3,1,1,2,0,7,6,9,10,5,5,8,5,8,,9,10,,,,,,1,8,10,0,9,9,1,9,10,1,"M",,,"Right",0,1,0,0,2,1.1901
"0000001424",27,0,4,"No degree","Single",0,"Worker",2,3,1,1,3,"Stockholm","Svealand",2,4,4,3,4,5,3,4,1,5,3,3,1,4,1,2,2,1,2,3,4,3,2,3,4,2,1,2,3,3,0,2,7,7,0,10,10,0,0,10,0,5,0,10,10,0,0,10,0,5,3,10,10,0,1,10,0,5,10,1,"SD","SD",0,"Right",1,1,0,0,1,1.0805
"0000002249",90,1,2,"No degree","Widowed",1,"Worker",1,1,1,,2,"Västmanland","Svealand",3,4,5,5,4,3,3,3,2,5,2,2,1,3,2,2,1,3,3,3,,3,3,3,3,2,1,3,3,3,,7,0,0,7,0,7,7,7,0,7,7,8,0,8,8,8,0,8,8,5,10,10,5,5,10,5,5,5,1,,,,,,,,0,,0.7489
"0000001214",67,0,3,"No degree","Married",0,"Worker",2,1,1,0,1,"Södermanland","Svealand",3,4,5,5,4,4,1,1,1,7,3,2,2,3,2,3,1,3,3,2,3,3,3,4,4,2,4,2,3,3,1,7,0,0,8,0,3,0,5,3,5,3,9,0,1,0,7,3,5,7,3,10,7,0,4,6,2,5,4,1,"S","S",0,"Left",0,0,1,0,,1.0469
"0000002287",71,0,2,"No degree","Married",1,"Worker",2,2,1,0,1,"Halland","Götaland",2,4,5,4,4,4,3,3,3,5,2,2,1,2,2,2,1,2,2,1,3,3,3,3,4,3,3,4,3,2,1,2,0,0,8,5,5,5,5,5,5,5,10,5,6,5,5,5,5,5,0,5,10,0,6,9,6,0,4,1,"S","S",0,"Left",0,0,1,1,2,1.1092
"0000000676",35,0,8,"Postgraduate","Married",0,"White collar",5,2,1,0,3,"Stockholm","Svealand",2,5,5,5,1,1,1,3,1,10,3,3,4,4,2,2,1,2,3,1,3,3,4,5,5,1,3,2,5,3,1,5,7,7,7,0,7,0,6,7,2,8,8,3,7,0,5,6,0,5,3,10,9,0,5,8,1,6,6,1,"L","C",1,"Right",0,1,0,0,1,1.0805
"0000002835",81,0,6,"No degree","Widowed",0,"Worker",1,6,0,,3,"Stockholm","Svealand",4,4,5,5,5,1,1,3,3,10,3,3,2,3,2,1,2,3,3,4,,,3,5,3,3,2,4,5,4,,7,0,0,7,7,7,5,5,5,0,5,6,6,6,2,1,5,0,5,5,6,6,2,2,5,0,4,6,0,,,,,,,,0,2,0.821
"0000000030",43,0,8,"Postgraduate","Married",0,"White collar",5,1,1,0,4,"Stockholm","Svealand",3,5,5,5,4,1,3,4,5,9,3,3,3,4,2,4,2,3,4,3,4,4,4,5,5,3,3,4,4,4,0,1,7,7,10,0,6,5,9,0,8,7,10,0,4,8,10,0,8,7,3,10,9,0,4,10,3,7,4,1,"S","M",1,"Left",0,0,1,0,2,0.7712
"0000002232",77,0,2,"No degree","Married",1,"White collar",3,2,1,0,2,"Västmanland","Svealand",4,5,5,1,1,5,1,1,1,10,3,4,3,4,3,3,1,3,4,3,4,4,4,5,5,2,4,4,4,3,0,7,7,7,10,0,0,7,7,0,7,0,10,0,0,7,7,0,5,0,0,10,10,0,6,10,4,10,0,1,"S","S",0,"Left",0,0,1,1,3,0.7541
"0000001848",72,0,2,"No degree","Married",0,"Self-employed",1,2,1,0,1,"Kalmar","Götaland",2,4,5,1,1,1,1,1,4,5,3,3,3,3,3,3,2,3,3,3,3,3,3,4,4,3,3,4,4,3,1,7,0,1,8,4,2,3,4,3,5,2,9,6,1,4,4,2,3,3,2,9,9,2,3,10,1,10,7,1,"S","S",0,"Left",0,0,1,0,,1.0469
"0000002658",84,1,2,"No degree","Single",0,"Worker",1,1,1,0,1,"Östergötland","Götaland",2,2,2,2,4,3,3,3,3,3,2,,,,,,,3,3,4,2,2,2,3,2,3,4,4,3,3,0,1,0,0,,,,,10,,,,6,,,,,,,,,,,,6,,,,,1,"C","C",0,"Left",0,0,0,0,2,1.1014
"0000002661",81,0,5,"No degree","Married",0,"White collar",4,1,1,0,2,"Gävleborg","Norrland",4,5,5,5,2,4,,,5,5,2,2,2,2,2,1,2,1,1,1,4,4,2,4,3,3,3,1,1,3,1,0,7,,0,8,8,0,0,8,0,3,0,7,7,6,0,6,0,6,1,5,7,1,1,7,1,5,7,1,"SD","M",1,"Right",1,1,0,1,1,0.821
"0000000989",62,0,6,"No degree","Married",1,"White collar",5,2,1,0,3,"Stockholm","Svealand",3,5,5,4,1,1,1,4,4,9,3,3,3,3,3,3,1,3,3,2,3,3,3,4,5,2,3,3,3,3,1,0,,0,6,0,5,4,6,3,6,5,7,2,2,2,4,4,6,5,4,9,8,2,7,8,2,6,6,1,"S","C",1,"Left",0,0,1,0,,0.91
"0000001197",45,1,8,"Postgraduate","Married",0,"White collar",5,1,1,0,2,"Norrbotten","Norrland",4,2,5,5,1,2,4,4,4,10,2,2,3,4,2,3,2,1,1,1,4,4,4,5,1,4,1,1,4,4,1,7,3,0,0,10,10,0,0,0,0,0,0,10,10,0,0,0,0,0,0,10,10,0,0,10,0,10,10,1,"SD","M",1,"Right",1,1,0,1,3,1.1901
"0000001582",52,0,3,"No degree","Married",0,"Worker",5,1,1,0,3,"Västra Götaland","Götaland",3,3,4,4,4,4,1,1,1,7,3,3,2,3,2,2,2,2,3,2,3,3,3,4,4,2,3,4,4,2,1,1,3,7,5,9,9,2,2,8,1,2,7,9,9,2,2,8,1,2,3,9,9,0,5,8,1,7,8,1,"SD","SD",0,"Right",1,1,0,0,,1.1008
"0000000151",38,1,9,"Postgraduate","Married",1,"White collar",5,1,1,0,4,"Stockholm","Svealand",4,5,5,5,3,3,1,1,4,9,4,4,4,3,3,2,1,1,1,2,4,4,3,4,5,3,3,2,3,3,1,7,7,7,,,,,,,,,0,10,10,0,10,10,0,10,3,5,8,0,6,10,0,7,8,1,"M","M",0,"Right",0,1,0,1,3,1.073
"0000002290",76,1,7,"Bachelor","Married",0,"Worker",3,1,1,0,1,"Västra Götaland","Götaland",4,4,5,,1,1,1,1,1,7,4,4,4,3,3,3,1,3,3,5,4,3,3,5,5,2,1,4,4,3,1,7,7,0,10,0,6,8,6,1,8,5,10,1,3,4,4,1,9,3,0,10,10,0,6,10,2,8,0,1,"S","S",0,"Left",0,0,1,1,3,0.6191
"0000002291",84,0,5,"No degree","Married",,,,,1,,,"Västra Götaland","Götaland",3,5,5,4,1,3,,,,,,,,,,,,,,,,,3,5,2,4,,3,,4,0,6,0,0,1,7,9,0,2,10,0,5,1,6,9,0,2,10,0,7,,5,,0,2,10,,7,8,,,"KD",,,,,,0,2,0.821
"0000000689",48,1,7,"Bachelor","Single",1,"White collar",5,1,1,0,2,"Östergötland","Götaland",2,4,5,5,1,2,1,2,2,8,3,3,3,3,3,3,3,3,3,4,4,4,3,5,5,3,3,1,3,3,0,2,6,6,9,0,7,7,8,7,8,7,9,0,4,5,8,5,5,5,3,10,7,0,5,8,2,10,4,1,"S",,,"Left",0,0,1,0,2,0.7658
"0000000213",44,1,8,"Postgraduate","Divorced",1,"White collar",2,2,1,0,4,"Västra Götaland","Götaland",3,3,5,5,1,1,1,2,2,7,3,3,3,4,2,4,1,3,3,2,3,3,3,5,4,2,2,3,3,3,1,5,1,7,8,0,,,6,0,8,1,9,0,,,9,0,8,0,4,8,8,2,5,9,3,7,2,1,"V","V",0,"Left",0,0,0,1,2,0.7658
"0000000367",56,0,7,"Bachelor","Married",1,,5,1,1,,3,"Stockholm","Svealand",3,5,5,2,1,3,1,1,3,8,3,3,2,3,2,1,1,1,1,1,4,4,3,3,4,3,2,3,2,2,1,5,5,7,6,9,9,0,0,7,0,7,9,10,9,,7,0,9,6,5,10,9,0,2,8,2,5,7,1,"M","M",0,"Right",0,1,0,0,2,0.91
"0000001066",55,1,4,"No degree","Single",1,,1,1,1,0,3,"Stockholm","Svealand",3,4,5,3,3,4,1,1,1,8,2,,3,3,3,2,3,1,2,3,3,3,3,5,4,3,3,4,4,5,1,7,7,7,1,10,9,0,0,9,0,8,5,10,9,0,0,9,0,0,0,10,10,0,4,10,0,10,6,1,"M","SD",1,"Right",0,1,0,0,,1.0931
"0000000490",49,0,8,"Postgraduate","Married",1,"White collar",4,1,1,0,2,"Skåne","Götaland",4,5,5,5,1,3,2,2,1,8,3,3,2,3,2,2,2,2,3,2,,4,3,4,5,3,3,3,3,3,1,3,7,4,6,5,7,0,3,5,0,6,6,5,7,2,4,4,1,7,6,6,9,0,4,8,1,7,7,1,"M","S",1,"Right",0,1,0,1,2,0.7712
"0000002293",76,1,4,"No degree","Married",0,"White collar",1,2,1,0,2,"Kalmar","Götaland",3,4,5,5,4,3,4,4,5,9,3,3,3,3,3,3,2,3,3,3,3,3,4,5,4,3,4,4,4,3,,6,4,2,9,5,7,5,5,7,6,9,10,5,6,6,6,7,6,8,5,8,8,1,6,7,4,6,6,1,"L","S",1,"Right",0,1,0,1,2,0.7489
"0000000761",52,0,3,"No degree","Married",0,"Self-employed",5,2,1,0,1,"Skåne","Götaland",3,5,5,5,1,3,1,1,3,10,3,3,3,3,3,3,1,3,4,1,4,4,4,5,5,4,2,3,3,4,0,3,6,1,3,2,6,0,2,7,0,7,7,7,6,6,5,7,3,6,0,0,10,0,10,10,0,10,10,1,"L","M",1,"Right",0,1,0,0,2,1.1984
"0000002294",74,0,8,"Postgraduate","Married",1,"White collar",4,2,1,0,1,"Gävleborg","Norrland",3,4,5,5,2,3,1,2,2,10,3,3,4,3,3,3,1,3,3,3,4,4,4,5,4,3,3,3,3,3,0,7,1,0,5,0,8,1,9,5,6,9,8,1,7,3,10,2,5,6,5,10,9,0,9,10,5,8,6,1,"C","L",1,"Left",0,0,0,0,1,0.5283
"0000000724",62,1,8,"Postgraduate","Divorced",,,,,1,0,,"Stockholm","Svealand",2,4,,,,,,,,,,,,,,,,,,,,,,,,,,,,,,4,0,1,,,,,,,,,,,,,,,,,,,,,,,,,,1,,,,,,,,,,0.7658
"0000000285",67,1,8,"Postgraduate","Widowed",,"White collar",1,1,1,0,1,"Örebro","Svealand",4,4,5,1,1,1,1,1,5,10,4,4,3,4,3,3,2,3,4,2,4,3,3,5,5,2,3,2,4,3,1,7,4,7,10,0,1,8,5,1,6,3,10,0,0,5,6,0,4,3,2,10,10,0,5,10,4,7,1,1,"S","S",0,"Left",0,0,1,1,3,0.5247
"0000002798",84,1,8,"Postgraduate","Married",1,"White collar",3,1,1,,1,"Västra Götaland","Götaland",3,5,5,5,4,4,2,4,4,8,3,3,3,3,2,3,2,2,3,2,2,2,3,5,3,4,4,3,4,3,0,7,3,7,7,4,7,1,6,7,6,8,10,7,5,2,6,7,3,7,2,9,8,0,7,8,1,7,7,1,"L","L",0,"Right",0,1,0,1,2,0.5247
"0000000091",51,1,8,"Postgraduate","Married",1,"Self-employed",5,2,1,0,1,"Västra Götaland","Götaland",3,5,5,5,2,1,1,1,2,8,4,4,4,4,3,4,2,3,4,3,4,2,3,5,5,2,2,4,3,3,1,0,0,7,8,0,5,2,10,2,8,2,10,0,2,2,10,2,8,2,4,5,8,0,7,8,2,6,5,1,"MP","C",1,"Left",0,0,0,1,2,0.7658
"0000001456",69,0,5,"No degree","Married",1,"Self-employed",3,3,1,0,1,"Västra Götaland","Götaland",3,5,5,5,1,1,1,1,1,9,4,4,4,2,3,3,3,2,2,2,4,4,4,5,4,3,3,3,3,3,1,0,3,5,2,7,7,0,3,6,0,0,6,8,7,0,0,7,0,6,4,9,8,0,4,8,0,6,8,1,"M","SD",1,"Right",0,1,0,1,2,0.821
"0000000353",73,0,9,"Postgraduate","Widowed",0,"White collar",3,2,1,0,4,"Stockholm","Svealand",4,5,5,5,1,3,1,1,2,9,4,3,4,3,2,3,2,2,2,2,4,4,3,5,5,3,3,4,2,3,0,0,7,1,1,4,10,0,3,9,0,7,4,5,9,0,2,8,0,8,2,8,9,0,5,9,1,7,8,1,"M","KD",1,"Right",0,1,0,1,2,0.5409
"0000001136",36,0,5,"No degree","Single",1,"White collar",2,1,1,0,2,"Skåne","Götaland",4,4,5,2,3,5,1,3,2,8,2,4,3,4,2,4,1,3,3,2,3,2,3,4,4,2,3,3,3,3,1,5,4,5,9,0,0,10,4,0,10,0,9,0,0,9,5,0,10,1,5,10,10,1,6,10,3,8,2,1,"MP","V",1,"Left",0,0,0,0,3,1.275
"0000001648",59,0,3,"No degree","Married",1,"Worker",5,1,1,0,2,"Jönköping","Götaland",3,4,5,5,3,3,1,1,1,9,3,3,3,3,3,2,2,2,3,3,3,3,3,5,3,1,1,3,3,3,1,6,0,0,8,8,8,8,2,7,0,2,6,8,8,8,0,5,0,5,6,,8,2,6,8,4,6,6,1,"SD","SD",0,"Right",1,1,0,0,,1.1008
"0000000309",29,1,7,"Bachelor","Single",1,"Worker",3,1,1,0,2,"Värmland","Svealand",1,3,5,4,1,1,3,3,3,6,3,2,3,4,2,3,1,3,2,1,,3,3,5,4,2,2,3,2,4,1,1,6,7,10,0,0,9,8,0,8,0,8,9,0,7,10,0,6,0,2,10,10,0,3,10,2,7,2,1,,"S",,,,,,0,1,1.073
"0000001139",47,1,4,"No degree","Single",1,"White collar",2,1,1,0,1,"Örebro","Svealand",1,3,5,5,4,3,1,4,4,8,2,3,4,4,2,2,1,2,2,1,4,3,3,4,4,2,2,3,3,4,1,2,,,7,9,7,5,5,3,0,5,6,10,2,8,2,0,5,9,2,8,9,5,5,9,9,5,6,1,"SD","S",1,"Right",1,1,0,1,2,1.1901
"0000000466",29,1,7,"Bachelor","Divorced",1,"Worker",2,1,1,0,1,"Västerbotten","Norrland",2,2,5,4,3,3,1,3,3,7,2,2,2,3,2,3,2,3,3,3,,2,3,3,3,2,2,2,3,4,1,0,0,0,5,5,5,5,5,5,5,5,5,5,5,5,5,5,5,5,,,,,,,,,,,,"V",,,,,,0,,1.073
"0000001060",57,1,5,"No degree","Single",0,"White collar",5,2,1,0,1,"Kalmar","Götaland",2,3,5,5,2,1,3,4,3,8,3,3,3,3,3,4,2,3,3,1,,4,3,1,4,3,3,3,3,3,1,3,7,7,5,5,5,5,5,5,5,,5,5,5,5,5,5,5,5,4,10,9,0,5,8,5,6,5,,,,,,,,,0,1,1.1901
"0000000670",46,0,6,"No degree","Single",1,"White collar",4,1,1,0,4,"Västernorrland","Norrland",4,5,5,5,3,5,4,2,3,1,3,2,3,3,1,1,2,1,1,2,,2,2,2,5,3,1,3,3,4,1,0,7,3,2,5,7,0,0,6,0,5,2,7,7,0,0,7,0,5,2,3,8,0,6,8,0,8,7,,,,,,,,,0,1,1.1984
"0000000684",47,0,8,"Postgraduate","Single",1,"White collar",3,4,1,0,2,"Södermanland","Svealand",4,5,5,5,1,1,1,1,2,10,4,1,4,4,2,4,2,,3,2,4,1,4,5,5,2,4,2,3,3,1,1,7,7,7,0,1,6,8,0,10,1,9,0,1,4,9,0,10,0,2,,,1,9,,5,,7,1,"MP","MP",0,"Left",0,0,0,1,2,0.7712
"0000000154",47,0,8,"Postgraduate","Married",1,"White collar",5,1,1,0,3,"Västra Götaland","Götaland",4,4,5,5,2,2,1,2,1,9,4,3,4,4,3,4,2,3,3,1,4,4,4,5,5,3,2,2,3,4,1,1,1,2,9,0,6,3,8,2,8,6,10,0,6,4,8,1,7,5,4,8,9,1,7,9,3,6,,1,"MP","C",1,"Left",0,0,0,1,2,0.7712
"0000002406",68,1,6,"No degree","Single",0,"Worker",1,1,1,,1,"Skåne","Götaland",3,4,5,4,4,2,3,3,3,8,3,3,3,4,2,3,2,3,3,2,3,3,3,3,5,2,2,4,4,2,1,7,7,7,3,5,9,10,2,8,0,2,9,8,9,10,2,9,1,3,2,10,9,1,5,8,5,8,7,1,"M","V",1,"Right",0,1,0,0,,0.6191
"0000001612",58,0,5,"No degree","Single",1,"Worker",2,2,1,0,1,"Skåne","Götaland",3,4,5,5,2,3,3,4,3,8,3,3,2,3,2,3,2,1,3,1,3,3,3,5,5,3,2,3,3,3,1,7,7,7,3,10,8,0,0,7,0,5,5,10,7,5,1,9,0,5,5,7,10,0,0,9,0,6,7,1,"SD","SD",0,"Right",1,1,0,1,2,0.91
"0000001103",49,0,4,"No degree","Single",1,"White collar",3,1,1,0,1,"Uppsala","Svealand",2,4,5,4,3,3,2,4,2,7,3,3,3,3,2,2,1,3,3,3,3,3,2,4,3,3,3,2,3,3,1,7,7,0,7,5,3,6,5,2,6,6,8,2,0,2,6,0,5,1,4,9,8,2,5,8,3,5,4,1,"S","S",0,"Left",0,0,1,0,,1.1984
"0000002280",74,0,2,"No degree","Single",0,"Worker",2,1,1,0,2,"Södermanland","Svealand",2,4,5,5,2,1,1,1,1,9,3,3,2,4,2,3,1,2,3,1,,4,3,5,5,1,2,3,3,3,0,7,7,0,5,5,5,5,5,5,5,5,5,5,5,5,5,5,5,5,1,10,10,0,4,10,3,9,6,1,,,,,,,,0,1,1.0469
"0000002175",35,1,5,"No degree","Married",0,"Self-employed",3,1,1,0,1,"Skåne","Götaland",3,4,5,4,3,1,1,3,3,7,3,2,3,4,2,3,2,3,3,3,3,3,2,5,3,1,1,3,3,2,1,1,3,4,9,0,0,9,8,0,6,0,8,0,0,10,10,0,10,2,3,10,10,1,6,10,1,8,2,1,"S","C",1,"Left",0,0,1,0,2,1.2661
"0000001008",56,0,4,"No degree","Married",1,"White collar",4,1,1,0,4,"Västra Götaland","Götaland",2,3,5,4,4,3,3,1,3,9,3,3,3,4,2,3,1,3,3,4,3,4,3,4,4,2,3,2,4,4,1,3,5,0,9,0,0,1,9,0,0,0,9,0,0,0,8,0,0,0,1,10,10,0,4,10,4,10,3,1,"C","S",1,"Left",0,0,0,0,2,1.1984
"0000001493",60,1,7,"Bachelor","Married",0,"White collar",5,2,1,0,1,"Stockholm","Svealand",4,4,5,5,2,1,1,1,2,10,4,4,4,3,3,3,1,3,3,3,3,4,4,5,5,3,3,2,3,3,1,,7,7,7,0,4,2,8,0,7,9,8,0,5,5,8,0,5,5,2,9,8,1,7,9,4,7,5,1,"C","C",0,"Left",0,0,0,1,2,0.9037
"0000002054",75,0,5,"No degree","Married",1,"White collar",2,2,1,0,2,"Västmanland","Svealand",3,5,5,4,1,5,,,4,8,4,3,4,2,2,3,2,3,3,2,3,3,4,5,4,3,4,4,5,3,0,4,0,0,,0,3,,3,0,,7,10,0,2,0,5,0,3,2,1,10,9,0,5,10,1,9,2,1,"S","S",0,"Left",0,0,1,1,2,0.7541
"0000002597",84,0,2,"No degree","Married",1,"Worker",1,1,1,0,2,"Skåne","Götaland",2,,5,4,5,5,,3,4,10,3,4,3,4,3,4,3,4,4,2,4,2,3,5,5,3,3,4,,3,0,7,0,0,0,,1,9,1,,,,10,,9,1,9,,,,1,10,10,0,5,9,2,5,2,1,"S","S",0,"Left",0,0,1,1,2,1.1092
"0000001708",28,0,6,"No degree","Single",1,"Worker",2,2,1,1,3,"Stockholm","Svealand",2,4,5,3,4,4,1,1,1,9,2,2,2,3,2,2,3,3,3,4,,3,3,4,4,1,3,4,4,3,1,4,0,0,9,1,3,8,7,5,7,7,9,1,3,8,7,5,7,5,1,10,10,0,7,7,2,7,1,1,,,,,,,,0,,1.275
"0000001619",56,0,3,"No degree","Divorced",1,,4,1,1,0,4,"Södermanland","Svealand",3,4,4,2,2,4,2,4,4,8,3,2,2,3,2,2,1,2,1,1,3,3,3,4,4,4,2,4,3,4,1,5,7,5,8,9,6,1,2,8,0,7,8,9,6,5,0,8,0,5,6,6,9,1,5,8,1,6,6,1,"SD","SD",0,"Right",1,1,0,0,1,1.1984
"0000001998",80,1,7,"Bachelor","Married",0,"White collar",3,2,1,,1,"Västra Götaland","Götaland",3,5,5,4,2,1,1,1,3,10,4,3,3,4,2,3,1,2,3,1,,1,4,5,4,1,4,3,5,4,0,7,0,0,5,5,5,5,5,5,5,5,5,5,5,5,5,5,5,5,3,10,9,1,3,8,4,6,5,1,,"KD",,,,,,0,,0.6191
"0000001449",49,1,3,"No degree","Married",1,"Worker",5,1,1,0,3,"Skåne","Götaland",2,3,5,5,5,5,2,2,2,7,2,2,2,2,2,2,2,2,3,3,4,3,,,5,3,3,,,,,6,6,6,0,10,10,0,0,8,0,0,0,10,10,0,0,7,0,0,,,,,,,,,,1,"M","M",0,"Right",0,1,0,,,1.0931
"0000000697",68,1,8,"Postgraduate","Married",1,"Self-employed",2,1,1,0,3,"Stockholm","Svealand",4,4,5,5,1,1,1,1,3,10,4,4,4,4,3,4,3,3,4,2,4,3,4,5,5,2,2,3,3,3,0,3,7,7,9,0,1,10,6,1,9,,9,0,1,9,7,1,8,1,3,9,10,0,7,10,2,7,0,1,"V","V",0,"Left",0,0,0,1,2,0.5247
"0000000567",48,1,7,"Bachelor","Married",1,"White collar",5,1,1,0,1,"Västernorrland","Norrland",3,4,5,4,2,1,2,2,4,,3,3,3,4,3,3,2,3,3,3,4,2,3,4,5,1,2,4,4,3,1,3,1,5,10,0,1,10,8,1,9,7,10,0,1,9,9,2,9,7,0,10,10,0,3,8,5,6,0,1,"S","S",0,"Left",0,0,1,1,2,0.7658
"0000002082",73,1,3,"No degree","Married",0,"White collar",1,1,1,0,1,"Skåne","Götaland",2,4,5,1,3,1,1,1,1,10,4,4,3,,3,3,1,3,3,3,,3,3,5,5,3,2,3,3,3,1,7,7,0,9,0,0,5,6,0,8,7,10,0,2,5,7,0,7,6,2,10,10,0,8,10,6,8,5,1,,,,,,,,,2,0.7489
"0000002652",18,0,4,"No degree","Single",0,,1,1,1,1,4,"Skåne","Götaland",3,5,5,5,2,4,1,1,1,8,3,3,3,4,3,2,2,2,3,1,4,4,3,4,5,3,2,3,3,2,1,5,5,7,5,8,10,0,0,8,0,5,4,10,10,0,0,10,0,5,3,8,10,0,5,8,2,6,8,1,"M",,,"Right",0,1,0,0,3,2.2763
"0000001502",51,0,3,"No degree","Married",1,"Worker",4,2,1,0,2,"Skåne","Götaland",3,5,4,1,4,4,4,1,1,1,1,1,1,1,,1,3,1,2,1,3,3,2,3,5,3,2,2,2,4,0,7,7,7,0,9,9,2,0,8,0,7,0,10,10,2,0,9,0,8,0,10,10,0,0,10,0,8,10,1,"SD","C",1,"Right",1,1,0,0,2,1.1008
"0000002522",85,1,2,"No degree","Single",0,"Worker",1,1,1,,1,"Kalmar","Götaland",4,4,5,5,3,5,,,1,10,4,,,,,,,4,3,3,4,3,4,5,5,3,2,4,5,4,0,5,0,0,10,0,0,3,2,0,8,3,10,0,0,3,6,0,8,5,0,10,10,2,7,10,2,6,0,1,"S","S",0,"Left",0,0,1,1,3,1.1014
"0000002411",82,1,2,"No degree","Divorced",0,"White collar",,1,1,0,2,"Västernorrland","Norrland",3,4,5,3,4,3,3,3,3,9,3,3,2,3,3,3,2,3,3,3,2,3,3,3,3,3,3,4,4,4,1,7,7,5,9,0,3,3,5,3,5,5,9,0,3,3,5,3,5,5,3,6,9,1,5,8,5,8,,1,"S","S",0,"Left",0,0,1,1,2,1.1014
"0000001052",43,1,5,"No degree","Married",0,,5,1,1,0,3,"Stockholm","Svealand",3,5,5,4,1,3,2,3,4,8,3,3,3,4,2,2,1,3,3,1,4,3,3,5,5,2,3,2,3,2,1,0,7,7,6,6,10,0,5,9,0,9,8,1,9,5,1,8,1,5,2,8,10,0,5,8,1,8,8,1,"M","M",0,"Right",0,1,0,1,2,1.1901
"0000002244",84,1,3,"No degree","Married",0,,2,1,1,0,2,"Kalmar","Götaland",3,4,5,4,4,3,,,,5,3,3,,,2,,,3,3,1,2,,3,5,5,2,3,4,4,3,,2,,,,,,,,,,,10,0,0,10,10,0,10,0,0,,,0,0,,0,,0,1,"S","S",0,"Left",0,0,1,1,,1.1014
"0000000368",57,1,8,"Postgraduate","Married",0,"White collar",2,3,1,0,1,"Västra Götaland","Götaland",3,5,5,3,3,1,1,1,3,8,4,4,4,4,3,4,2,3,3,2,,3,4,5,4,3,3,2,4,3,0,1,2,,9,0,5,5,7,5,7,6,9,1,6,6,9,5,6,7,2,10,8,1,4,9,3,6,3,1,,"S",,,,,,1,2,0.7658
"0000001269",61,1,4,"No degree","Single",,"Worker",2,2,1,0,1,"Västernorrland","Norrland",3,4,5,1,1,1,3,3,4,5,3,3,3,3,2,,,3,3,2,3,3,3,4,4,2,3,4,4,4,1,4,4,0,9,3,4,6,7,6,7,6,9,6,3,1,8,,7,2,0,10,9,1,3,6,2,6,0,1,"S","S",0,"Left",0,0,1,1,2,1.0931
"0000001887",84,0,8,"Postgraduate","Married",1,"White collar",4,1,1,0,2,"Kalmar","Götaland",4,5,5,5,4,4,3,3,4,9,3,3,4,3,2,3,1,2,1,2,4,4,3,5,4,3,3,2,3,3,0,7,7,0,4,0,10,0,2,8,0,7,2,4,8,1,1,8,0,8,0,4,10,0,2,9,0,6,9,1,"M","M",0,"Right",0,1,0,1,3,0.5283
"0000000749",24,0,6,"No degree","Single",0,"Worker",2,2,1,0,2,"Västra Götaland","Götaland",2,4,4,4,5,3,2,4,3,9,4,4,3,4,3,3,2,,3,2,4,4,4,5,5,3,3,3,3,4,1,2,2,7,7,7,9,1,6,7,1,8,7,8,9,1,8,8,1,9,3,9,8,2,5,8,3,7,8,1,"M","M",0,"Right",0,1,0,1,2,1.3555
"0000001851",91,1,,,"Married",1,"Worker",1,,1,,2,"Östergötland","Götaland",3,3,5,3,5,4,3,3,4,8,3,3,4,3,3,3,4,3,3,4,,,3,4,3,,3,4,4,4,0,5,,0,7,4,4,6,7,4,7,5,9,5,5,6,7,5,7,5,,5,7,3,6,7,4,6,5,1,,,,,,,,0,2,0.7489
"0000000784",50,0,4,"No degree","Married",1,"White collar",4,2,1,0,1,"Uppsala","Svealand",3,4,4,4,5,4,5,5,4,8,2,1,3,3,3,1,,1,2,1,4,4,2,4,5,2,2,3,4,2,1,5,6,1,3,8,9,0,0,9,0,3,5,9,8,2,0,10,0,2,3,10,8,0,0,10,0,3,8,1,"KD","C",1,"Right",0,1,0,1,2,1.1008
"0000001179",60,0,8,"Postgraduate","Single",1,"White collar",4,1,1,0,4,"Stockholm","Svealand",2,4,5,4,1,3,3,4,2,10,4,3,4,4,2,3,2,3,3,2,3,3,4,5,5,3,4,3,5,3,1,1,1,1,7,0,5,5,8,3,6,7,10,3,2,7,8,0,5,5,3,10,6,0,5,7,2,5,5,1,"C","C",0,"Left",0,0,0,0,1,0.7712
"0000002156",70,0,6,"No degree","Married",0,"Worker",3,1,1,0,3,"Stockholm","Svealand",3,4,5,5,1,2,1,5,5,6,4,4,2,4,2,2,2,3,3,2,4,3,3,5,4,2,3,5,5,4,1,7,0,4,,,,,,,,,10,0,10,2,10,4,3,7,4,10,8,2,6,6,5,5,4,1,"S","C",1,"Left",0,0,1,1,2,1.0469
"0000001105",64,0,3,"No degree","Divorced",0,"Worker",2,1,1,0,2,"Jämtland","Norrland",2,4,5,4,4,3,4,4,4,8,2,3,2,4,2,,,3,3,3,3,4,3,4,3,3,3,3,3,3,1,4,7,0,8,9,9,7,5,7,0,6,8,9,9,7,5,7,0,6,0,10,10,0,5,8,5,10,8,1,"M","M",0,"Right",0,1,0,0,,1.1008
"0000000125",43,0,6,"No degree","Married",1,"White collar",5,1,1,0,3,"Skåne","Götaland",3,4,5,,1,2,1,4,1,8,3,3,3,3,3,3,2,3,3,1,3,3,3,4,4,3,3,3,4,4,1,0,7,7,9,5,8,0,4,6,3,6,9,6,7,6,7,7,6,7,4,6,7,1,6,8,4,6,,1,"S","M",1,"Left",0,0,1,0,1,0.91
"0000001928",90,1,2,"No degree","Widowed",0,"Worker",1,2,0,,2,"Västmanland","Svealand",3,4,5,,,,,,1,8,3,3,3,4,3,3,,3,3,2,4,3,3,5,5,2,3,4,4,4,0,6,,,10,,,,,,,,10,,,,,,,,5,,,,,,,,5,1,"S","S",0,"Left",0,0,1,1,,1.1014
"0000001095",56,1,4,"No degree","Married",1,"White collar",4,1,1,0,1,"Gävleborg","Norrland",3,3,5,5,1,3,1,1,5,7,3,2,1,1,1,2,1,1,4,1,4,3,3,5,5,2,2,3,3,2,0,1,0,1,5,1,4,0,1,0,0,8,9,0,0,0,0,0,0,10,6,10,10,0,6,10,3,7,7,1,"L","C",1,"Right",0,1,0,0,2,1.1901
"0000001281",25,1,4,"No degree","Single",1,"Worker",1,1,1,0,2,"Skåne","Götaland",2,3,4,3,3,3,2,2,5,1,1,1,1,2,1,2,1,1,2,1,,1,1,2,1,2,2,3,2,2,1,0,0,4,2,5,2,0,0,1,0,0,1,2,1,0,0,1,0,0,0,6,8,0,5,8,5,10,5,1,,"SD",,,,,,0,,1.7726
"0000001302",51,1,,,"Married",,,,,1,0,,"Blekinge","Götaland",2,3,,,,,,,,,,,,,,,,,,,,,,,,,,,,,,1,7,7,,,,,,,,,,,,,,,,,,,,,,,,,,,,,,,,,,,,1.0931
"0000001183",58,0,8,"Postgraduate","Married",1,"Self-employed",2,6,0,,2,"Dalarna","Svealand",3,2,4,3,4,2,4,2,4,6,3,3,,,,,,3,3,3,3,3,3,3,5,3,2,3,3,3,1,3,,,10,0,4,7,9,5,8,,10,,,7,,,8,,1,10,8,2,2,5,4,5,0,1,"C","C",0,"Left",0,0,0,0,,0.7712
"0000002692",76,1,3,"No degree","Widowed",0,"White collar",1,1,1,0,1,"Västra Götaland","Götaland",4,4,5,3,4,2,1,1,1,10,3,3,3,2,2,2,1,2,2,4,3,2,4,5,4,1,1,1,3,3,1,7,7,0,9,5,6,2,0,2,0,0,7,3,5,2,0,5,0,2,2,8,9,0,7,7,5,8,3,1,"M","S",1,"Right",0,1,0,0,1,0.7489
"0000002298",80,1,2,"No degree","Divorced",0,"Worker",1,1,1,0,2,"Södermanland","Svealand",3,4,5,,,,1,1,1,9,4,4,4,3,2,4,2,2,3,2,4,4,3,5,2,2,2,3,3,3,1,7,0,0,5,8,7,5,5,5,5,5,5,9,7,5,5,6,1,4,3,9,8,0,5,5,0,5,7,1,"SD","SD",0,"Right",1,1,0,0,1,1.1014
"0000002393",65,0,9,"Postgraduate","Single",0,"White collar",1,2,1,0,4,"Uppsala","Svealand",4,5,5,2,1,1,1,1,2,7,3,2,4,4,2,3,2,3,3,2,1,1,2,5,4,1,3,3,3,3,,0,6,1,2,0,0,2,0,0,3,0,1,0,0,1,0,0,1,0,8,10,10,7,10,10,7,9,0,1,"MP","V",1,"Left",0,0,0,0,1,0.5409
"0000000190",61,0,4,"No degree","Divorced",1,"White collar",3,1,1,0,2,"Östergötland","Götaland",3,4,5,5,1,2,1,2,2,8,3,3,4,4,3,3,2,3,3,2,3,2,3,5,4,3,3,3,3,3,0,6,7,3,5,8,8,1,6,4,0,8,7,5,8,1,4,4,0,7,7,8,8,2,4,8,0,6,8,1,"SD","SD",0,"Right",1,1,0,0,2,0.91
"0000001960",87,1,6,"No degree","Widowed",0,"White collar",1,2,0,,3,"Skåne","Götaland",2,4,5,3,4,3,1,1,1,9,3,3,2,3,3,3,1,3,2,2,3,3,3,4,3,2,4,4,4,3,1,7,0,0,8,5,8,5,,7,7,8,10,5,8,,7,8,4,7,4,10,10,0,5,8,5,5,8,1,"M","M",0,"Right",0,1,0,0,2,0.8153
"0000002720",64,1,8,"Postgraduate","Married",0,"Self-employed",1,1,0,,3,"Stockholm","Svealand",4,4,5,5,2,4,1,2,4,10,4,4,4,3,3,3,2,3,3,2,4,4,3,5,4,3,3,4,4,3,0,6,2,2,8,0,5,5,9,1,8,5,9,0,5,6,9,1,7,5,4,10,8,1,5,9,5,6,4,1,"C","MP",1,"Left",0,0,0,1,2,0.7658
"0000000236",55,0,5,"No degree","Married",1,"Worker",2,3,0,,2,"Södermanland","Svealand",4,2,4,5,5,2,4,5,1,7,2,2,2,4,1,2,1,3,2,3,2,2,3,5,1,2,4,2,3,3,1,3,7,0,7,8,7,9,2,0,8,0,4,7,4,8,1,0,5,0,6,7,7,2,6,9,3,8,4,1,"V","V",0,"Left",0,0,0,0,,0.91
"0000001806",22,1,4,"No degree","Single",0,,1,1,1,1,4,"Västra Götaland","Götaland",2,4,4,5,4,3,1,3,2,9,3,3,3,3,2,3,2,3,2,1,3,3,3,5,3,3,2,2,2,1,1,,,7,8,1,9,5,6,3,0,5,9,0,10,8,5,4,1,2,4,9,8,2,4,7,0,6,6,1,"M",,,"Right",0,1,0,0,2,1.346
"0000001845",83,1,,,"Divorced",,,,,1,0,,"Västra Götaland","Götaland",2,,,,,,,,,,,,,,,,,,,,,,,,,,,,,,,,,,,,,,,,,,,,,,,,,,,,,,,,,,,,,,,,,,,,,0.7489
"0000001647",56,0,4,"No degree","Married",1,"Worker",4,2,0,,4,"Skåne","Götaland",3,5,5,5,4,4,1,2,4,8,3,3,3,2,2,2,2,3,4,3,4,3,3,4,4,3,3,3,3,3,1,6,7,0,10,5,8,9,9,6,8,7,10,5,8,8,9,8,10,8,2,10,8,0,5,9,1,6,3,1,"S","S",0,"Left",0,0,1,1,2,1.1008
"0000001958",80,1,3,"No degree","Widowed",0,,1,1,1,0,3,"Västra Götaland","Götaland",3,4,2,2,2,2,1,1,1,,2,2,3,4,2,2,2,4,4,4,4,4,4,5,5,3,4,4,4,3,0,,,0,10,10,5,5,0,7,1,1,10,10,5,6,0,7,1,1,,,,,,,,,,1,"S","S",0,"Left",0,0,1,0,2,1.0396
"0000000514",50,0,,,"Single",,"White collar",,,1,1,3,"Stockholm","Svealand",3,,,3,,3,,,,,,,,,,,,,,,,,,,,,,,,,,,,,,,,,,,,,,,,,,,,,,,,,,,,,,,,,,,,,,,,0.91
"0000000853",66,0,8,"Postgraduate","Married",1,"White collar",4,3,1,0,2,"Värmland","Svealand",4,5,5,5,1,1,1,3,4,10,4,3,2,4,2,3,1,2,2,2,4,3,3,5,5,3,3,4,3,3,0,3,7,0,1,5,8,0,2,10,0,8,3,5,8,0,1,10,0,8,2,5,8,0,3,8,0,6,8,1,"KD","KD",0,"Right",0,1,0,1,2,0.5283
"0000002616",76,0,3,"No degree","Married",,"Worker",1,1,1,,1,"Stockholm","Svealand",2,3,3,5,3,2,4,3,3,10,3,2,3,3,1,3,1,2,3,1,3,3,3,5,3,3,3,2,2,2,1,0,0,0,9,8,8,7,7,5,5,6,8,8,8,6,8,6,5,6,4,10,9,1,5,5,4,6,6,1,"S","S",0,"Left",0,0,1,0,,0.7541
"0000002495",65,0,8,"Postgraduate","Married",0,"White collar",2,2,1,0,2,"Örebro","Svealand",3,5,5,5,1,1,1,3,2,10,4,4,4,4,3,3,2,3,3,1,4,3,4,5,5,3,2,3,3,3,1,7,7,0,7,0,2,8,3,1,6,2,7,1,2,8,2,1,7,2,3,10,9,0,6,9,4,6,2,1,"V","V",0,"Left",0,0,0,1,2,0.5283
"0000001388",60,1,3,"No degree","Divorced",0,"Worker",2,2,1,0,2,"Skåne","Götaland",2,4,5,4,5,3,1,2,3,10,2,2,2,3,2,2,2,1,1,3,4,3,3,5,3,2,4,3,3,3,1,2,0,0,0,10,7,2,0,0,0,0,0,10,2,0,0,5,0,0,0,10,10,0,10,10,5,10,10,1,"SD","SD",0,"Right",1,1,0,0,,1.0931
"0000002627",69,1,4,"No degree","Married",,"Worker",1,1,0,,3,"Västra Götaland","Götaland",3,3,5,3,4,4,1,3,5,9,3,3,3,3,2,3,2,3,3,2,2,2,3,4,4,2,3,3,4,3,0,5,7,7,9,0,5,0,10,5,9,5,10,0,5,1,10,5,9,4,4,10,7,0,6,6,5,5,5,1,"S","S",0,"Left",0,0,1,1,2,0.7489
"0000000705",56,0,8,"Postgraduate","Married",1,"Self-employed",2,4,1,0,3,"Stockholm","Svealand",4,5,5,5,1,3,1,4,2,,4,4,4,3,3,3,2,2,3,4,4,4,4,5,5,4,4,4,3,3,1,7,0,0,3,0,8,0,8,10,1,7,8,1,8,1,8,10,3,8,2,10,9,,7,7,1,6,8,1,"KD","KD",0,"Right",0,1,0,1,3,0.7712
"0000001600",47,0,4,"No degree","Divorced",1,"Worker",3,3,0,,2,"Västra Götaland","Götaland",2,4,5,5,3,2,1,3,5,8,3,3,2,4,2,3,2,2,2,5,4,3,4,5,4,3,4,3,4,2,1,7,5,0,10,0,2,7,7,6,3,6,9,1,2,5,8,7,4,5,3,10,8,2,5,8,2,6,3,1,"S","S",0,"Left",0,0,1,1,3,1.1984
"0000000880",48,0,6,"No degree","Divorced",1,"White collar",4,1,1,0,2,"Norrbotten","Norrland",3,4,5,5,4,3,3,3,3,8,3,3,3,3,2,3,2,2,3,2,3,3,3,4,5,3,3,2,3,2,1,7,7,7,7,3,5,5,5,4,3,5,8,3,5,3,6,5,3,6,1,8,7,0,3,8,1,2,3,1,"S","S",0,"Left",0,0,1,0,2,1.1008
"0000001165",36,0,5,"No degree","Single",1,"Worker",4,1,1,0,1,"Halland","Götaland",3,3,5,5,3,4,1,5,1,6,3,3,3,4,2,4,1,2,3,2,4,4,3,4,2,2,3,2,2,3,1,2,4,0,8,9,3,3,5,5,9,3,7,8,5,5,7,5,5,5,3,7,7,1,5,6,5,5,6,1,"SD","S",1,"Right",1,1,0,0,2,1.275
"0000002039",70,0,4,"No degree","Married",1,"Worker",2,1,0,,1,"Västra Götaland","Götaland",2,,3,3,2,4,2,1,5,5,2,3,2,3,2,2,2,3,3,3,3,3,3,4,5,3,3,3,4,3,0,6,3,6,10,0,6,8,8,3,9,6,10,0,6,8,8,2,9,7,0,10,8,1,3,9,2,5,0,1,"S","S",0,"Left",0,0,1,1,2,0.7541
"0000000322",40,1,8,"Postgraduate","Married",1,"Worker",4,2,1,0,1,"Kronoberg","Götaland",3,5,5,5,1,1,1,3,3,7,3,3,2,4,3,3,2,4,4,2,4,4,3,3,5,2,2,2,3,4,1,3,0,7,9,0,0,6,9,0,6,0,10,0,3,3,10,4,4,,3,10,10,1,7,9,4,9,4,1,"S","S",0,"Left",0,0,1,1,2,1.073
"0000002310",85,1,4,"No degree","Married",0,"White collar",2,2,1,,2,"Blekinge","Götaland",3,3,5,1,5,3,,,5,10,3,3,3,3,3,3,3,3,3,2,4,4,4,5,5,4,4,3,3,3,0,7,0,0,8,10,10,0,0,9,0,8,10,10,10,2,0,10,0,10,1,10,10,0,2,8,0,7,10,1,"M","KD",1,"Right",0,1,0,1,2,1.0396
"0000000279",22,1,,,"Single",,,,,1,1,,"Skåne","Götaland",1,3,3,,,,2,3,2,8,2,3,,,,,,2,2,,3,3,,,,,,,,,,2,,,,,,,,,,,,,,,,,,,,,,,,,,,,1,"M",,,"Right",0,1,0,,,1.1407
"0000001883",75,1,5,"No degree","Widowed",0,"White collar",1,1,1,,1,"Västmanland","Svealand",3,4,5,3,5,5,4,4,4,6,3,3,2,4,3,3,2,3,3,1,3,3,3,2,3,2,3,4,3,2,1,3,4,5,10,5,9,7,9,5,9,9,9,7,9,6,10,5,6,9,5,4,10,0,4,4,6,5,3,1,"S","S",0,"Left",0,0,1,0,2,0.7489
"0000002051",83,0,2,"No degree","Married",1,"Worker",2,3,1,0,2,"Gävleborg","Norrland",3,4,4,5,4,3,1,1,5,8,3,3,2,,2,3,1,2,3,2,3,3,3,5,5,3,3,2,3,4,0,7,2,0,10,8,2,7,2,5,5,5,10,9,2,7,2,5,5,5,5,9,10,3,5,7,0,8,4,1,"S","S",0,"Left",0,0,1,1,2,1.1092
"0000001508",64,0,4,"No degree","Married",0,"Self-employed",3,1,1,0,1,"Västra Götaland","Götaland",2,4,5,5,2,1,1,1,2,9,3,3,4,3,3,3,2,3,3,4,3,3,3,4,5,3,3,3,3,3,1,7,0,0,3,0,9,1,5,7,1,9,8,0,9,1,5,7,0,8,3,10,9,1,4,9,1,8,7,1,"L","L",0,"Right",0,1,0,0,2,1.1008
"0000002686",70,0,9,"Postgraduate","Single",0,"White collar",1,3,1,0,3,"Västra Götaland","Götaland",2,1,4,3,2,3,1,1,4,4,3,2,3,2,2,2,1,3,2,1,,3,1,4,4,2,2,3,3,3,,0,7,0,4,0,0,0,5,3,3,2,5,5,5,5,5,5,5,5,2,9,9,1,5,8,2,7,5,0,,,,,,,,0,2,0.5409
"0000000757",65,0,3,"No degree","Married",1,"Worker",2,1,1,0,1,"Södermanland","Svealand",4,5,5,5,1,1,1,1,1,8,4,4,2,3,2,3,1,3,4,2,4,4,,4,5,2,2,3,3,3,0,7,0,0,10,0,0,10,7,0,10,4,10,0,0,5,7,0,10,4,0,10,10,0,3,10,1,8,0,1,"S","S",0,"Left",0,0,1,1,3,1.0469
"0000000426",32,1,8,"Postgraduate","Single",1,"White collar",4,2,1,0,2,"Skåne","Götaland",2,2,3,4,2,5,3,3,3,5,3,2,2,3,2,3,2,2,3,1,3,4,3,4,4,2,3,2,3,1,1,2,3,7,5,8,6,1,6,5,1,10,8,9,6,1,6,8,1,10,0,10,10,0,0,10,0,10,8,1,"L","L",0,"Right",0,1,0,0,1,1.073
"0000001126",37,0,2,"No degree","Single",0,"Worker",3,1,1,0,2,"Skåne","Götaland",2,3,4,4,4,3,2,5,5,3,2,2,1,3,2,1,2,1,2,1,,3,2,3,1,3,1,3,3,5,1,0,7,7,0,9,8,0,0,9,0,5,0,9,8,5,0,10,0,0,0,10,7,0,0,8,0,3,8,0,,,,,,,,0,,2.1412
"0000001486",75,0,6,"No degree","Divorced",1,"White collar",2,1,1,0,3,"Stockholm","Svealand",2,4,5,4,2,3,2,4,3,8,2,2,3,3,2,3,2,3,3,3,2,3,3,5,3,3,4,3,4,3,0,,,,2,7,7,1,2,3,0,4,4,9,8,0,1,0,1,6,3,8,9,0,4,7,1,7,7,1,"L","M",1,"Right",0,1,0,0,,0.821
"0000000487",30,1,8,"Postgraduate","Married",1,,2,3,1,0,2,"Västra Götaland","Götaland",3,5,5,1,2,3,2,4,4,8,3,3,3,3,3,3,2,3,3,2,4,4,4,5,5,2,2,4,4,3,1,6,3,7,9,1,7,7,3,7,7,6,9,6,4,7,3,6,8,7,2,10,6,0,5,8,1,6,2,1,"S","S",0,"Left",0,0,1,0,2,1.2661
"0000002584",65,0,3,"No degree","Divorced",0,"Self-employed",2,1,1,0,1,"Västra Götaland","Götaland",2,4,5,5,4,5,5,5,5,7,2,2,2,3,2,3,2,1,3,2,3,4,3,5,3,3,3,4,4,3,,5,1,0,1,10,9,0,0,9,0,2,1,10,9,2,0,9,0,3,1,9,10,0,2,10,0,6,9,1,"SD","SD",0,"Right",1,1,0,1,2,1.0469
"0000001330",66,1,6,"No degree","Married",0,"Worker",5,1,1,0,2,"Västra Götaland","Götaland",3,4,4,,,,,,5,10,2,2,1,3,2,2,2,1,1,2,3,3,3,4,2,3,4,2,3,2,0,,,,5,10,8,7,0,7,0,0,6,9,9,3,0,8,0,1,5,8,10,0,0,8,0,5,,1,"SD","M",1,"Right",1,1,0,0,1,0.5247
"0000002216",77,0,8,"Postgraduate","Married",0,"White collar",5,1,1,0,2,"Västmanland","Svealand",3,4,5,5,4,3,4,4,1,8,2,3,4,4,3,3,,2,2,2,,3,3,5,,2,2,3,3,3,1,3,3,0,,,,,,,,,,,,,,,,,3,9,8,0,4,4,1,5,6,1,,,,,,,,0,2,0.5283
"0000001184",63,1,6,"No degree","Married",1,"Worker",4,3,1,0,1,"Västra Götaland","Götaland",3,4,5,5,5,3,2,2,2,10,3,3,3,4,3,3,3,3,3,2,4,4,,,3,2,1,,,,,7,0,3,6,7,4,3,5,8,2,4,6,8,3,2,7,8,2,4,,,,,,,,,,1,"KD","S",1,"Right",0,1,0,,,1.1901
"0000002014",89,1,3,"No degree","Married",0,"White collar",3,1,1,,2,"Västmanland","Svealand",,3,5,5,5,,,,,9,,3,3,3,2,2,2,3,3,2,3,3,3,5,5,3,2,4,3,3,0,7,5,7,9,5,10,2,8,8,6,7,9,6,10,3,7,8,5,7,9,,10,0,7,8,3,8,10,1,"M","M",0,"Right",0,1,0,0,3,1.0396
"0000001763",21,0,4,"No degree","Single",0,"Worker",1,2,0,1,2,"Västra Götaland","Götaland",3,4,2,4,2,3,1,4,4,8,3,2,2,3,2,2,2,2,3,1,2,2,3,4,4,2,3,2,3,2,0,1,2,6,8,1,7,8,8,2,5,5,7,6,8,9,9,4,5,8,4,10,7,2,5,8,3,6,7,1,"V",,,"Left",0,0,0,0,,1.3555
"0000001190",33,0,4,"No degree","Single",,"Worker",3,1,1,0,2,"Norrbotten","Norrland",2,3,5,5,1,1,2,3,1,9,3,3,3,4,2,4,2,3,3,2,3,4,3,5,3,3,3,3,3,4,1,0,4,7,9,0,7,5,5,2,6,5,9,0,5,8,7,6,5,5,1,9,9,0,5,8,2,8,2,1,"S",,,"Left",0,0,1,0,,1.6791
"0000000683",27,1,8,"Postgraduate","Single",0,"White collar",5,1,1,0,4,"Stockholm","Svealand",2,4,5,3,1,3,1,1,1,9,4,4,4,4,4,4,4,2,3,2,4,4,4,4,3,3,3,3,3,3,1,0,0,7,4,7,10,2,5,7,1,7,10,7,10,5,5,7,5,5,3,10,8,0,4,7,0,7,7,1,"M","M",0,"Right",0,1,0,1,2,1.073
"0000002540",83,1,6,"No degree","Married",0,,2,3,1,0,1,"Västerbotten","Norrland",3,4,5,5,3,3,1,1,1,8,3,2,3,3,2,3,2,2,2,2,4,4,3,5,4,3,1,4,3,3,0,7,0,7,1,5,10,1,3,8,0,6,2,6,9,3,3,8,0,7,1,10,9,0,4,8,0,6,,1,"M","M",0,"Right",0,1,0,1,2,0.5247
"0000000434",31,0,7,"Bachelor","Single",0,"White collar",5,3,1,1,2,"Stockholm","Svealand",3,5,5,3,2,3,4,4,5,10,4,2,4,3,2,3,2,2,3,3,3,3,3,4,3,1,3,2,4,5,1,0,3,3,4,8,8,8,8,6,0,4,5,8,0,5,0,6,0,5,6,9,8,2,2,8,2,8,5,1,"C",,,"Left",0,0,0,0,3,1.275
"0000000200",61,1,6,"No degree","Divorced",1,"White collar",4,1,1,0,3,"Stockholm","Svealand",2,,5,5,1,1,1,3,4,8,3,3,4,3,2,3,1,3,3,1,4,4,3,5,2,2,1,3,3,3,1,5,0,0,1,10,9,0,5,4,1,4,1,10,8,0,5,7,0,3,4,10,10,0,4,6,0,6,10,1,"SD","SD",0,"Right",1,1,0,1,3,1.1901
"0000002544",63,1,8,"Postgraduate","Single",0,"White collar",,4,1,0,2,"Östergötland","Götaland",2,3,5,3,1,1,1,2,2,8,3,3,3,3,2,2,1,3,3,3,,3,3,5,3,3,3,3,3,3,,4,0,7,5,0,5,5,5,1,5,5,8,0,1,8,8,0,7,2,2,10,9,1,4,9,2,,,1,,,,,,,,0,,0.7658
"0000000098",44,0,6,"No degree","Married",0,"White collar",5,1,1,0,2,"Västra Götaland","Götaland",3,4,4,4,5,3,4,4,3,9,4,3,4,4,3,4,2,2,3,4,4,4,4,5,5,3,2,2,3,3,1,5,,,3,6,10,0,3,8,2,6,4,8,9,1,3,6,3,6,3,6,8,1,3,6,2,6,8,1,"M","M",0,"Right",0,1,0,0,2,0.91
"0000002269",74,0,5,"No degree","Married",0,,1,3,1,0,1,"Kalmar","Götaland",2,3,4,2,5,3,2,4,3,5,3,2,2,3,1,2,2,3,2,2,3,3,3,5,3,3,4,4,,3,0,,,,,,,,,,,,,,,,,,,,,,,,,,,,,1,"S","S",0,"Left",0,0,1,0,1,0.7541
"0000001681",28,0,5,"No degree","Single",1,"Worker",2,2,1,1,2,"Västra Götaland","Götaland",3,4,5,5,3,3,3,3,3,8,2,2,2,2,2,2,3,2,3,2,,2,3,4,5,3,2,2,2,2,1,1,6,6,5,7,7,2,2,7,0,3,7,7,5,3,0,7,0,7,3,6,9,0,3,9,0,6,7,1,,,,,,,,0,,1.275
"0000002019",68,1,3,"No degree","Divorced",0,"Worker",2,3,1,0,1,"Västerbotten","Norrland",3,4,5,5,4,4,,,4,7,3,2,3,3,2,2,2,2,3,3,3,3,3,4,4,2,2,4,3,3,1,7,7,7,10,0,2,2,2,6,9,2,10,1,9,3,0,3,0,3,2,10,6,5,1,7,2,6,3,1,"S","S",0,"Left",0,0,1,1,3,0.7489
"0000001254",39,1,7,"Bachelor","Married",0,"Worker",4,2,1,0,2,"Norrbotten","Norrland",2,5,5,4,2,3,1,1,1,9,3,3,2,3,3,3,2,3,2,2,4,4,4,5,5,2,4,1,3,3,1,5,1,5,10,0,9,5,9,6,6,6,10,0,9,5,10,8,5,5,5,10,8,0,3,8,2,7,5,1,"S","S",0,"Left",0,0,1,1,3,1.073
"0000001544",44,0,8,"Postgraduate","Married",0,"White collar",5,1,1,0,4,"Östergötland","Götaland",2,5,5,3,1,1,1,1,1,7,3,3,3,2,3,3,1,3,3,1,4,4,3,5,5,2,3,3,3,3,1,5,4,5,6,10,10,0,0,10,0,0,10,10,10,2,0,7,5,3,3,10,8,0,3,10,0,4,10,1,"SD","SD",0,"Right",1,1,0,1,2,1.1984
"0000000029",40,1,6,"No degree","Married",1,,4,1,1,0,1,"Blekinge","Götaland",4,5,5,4,2,5,4,4,2,7,3,2,2,3,2,3,1,2,4,1,2,1,2,4,3,2,1,4,3,,1,2,3,5,7,2,5,7,3,2,0,5,8,5,5,8,4,6,1,5,5,8,7,2,3,8,2,7,5,1,"L","M",1,"Right",0,1,0,0,2,1.5316
"0000000464",53,1,7,"Bachelor","Single",1,"Worker",5,1,1,0,3,"Skåne","Götaland",3,4,5,3,3,5,1,1,4,8,3,2,2,3,2,2,1,2,2,1,,3,3,5,4,3,2,4,3,3,1,0,7,0,8,9,8,2,3,7,2,2,7,10,9,7,0,8,0,5,3,8,10,2,5,8,2,7,8,1,,,,,,,,1,2,0.7658
"0000002012",73,0,6,"No degree","Married",0,"White collar",2,2,1,1,3,"Västra Götaland","Götaland",3,5,5,3,2,3,1,1,3,9,4,4,4,3,2,3,1,3,4,2,3,3,4,5,4,2,2,4,4,4,0,7,7,0,8,0,1,9,2,1,6,3,9,0,0,10,2,1,6,4,2,10,10,0,5,10,3,4,1,1,"V","V",0,"Left",0,0,0,0,2,0.5283
"0000001018",39,1,8,"Postgraduate","Married",1,"White collar",,1,0,,1,"Västmanland","Svealand",2,4,5,3,3,4,1,1,4,9,3,3,3,3,2,3,2,3,4,2,3,3,4,5,4,3,3,2,5,3,1,0,7,7,6,9,6,5,5,6,6,5,6,8,6,5,5,7,5,4,3,9,5,0,5,6,5,4,9,1,"SD","SD",0,"Right",1,1,0,0,1,1.073
"0000001267",42,1,4,"No degree","Divorced",1,"Worker",1,3,0,1,2,"Stockholm","Svealand",1,2,2,2,2,2,2,2,2,5,4,4,4,4,4,4,4,3,3,4,4,4,3,5,5,3,4,4,4,4,1,0,1,7,8,0,6,7,6,10,6,7,8,0,6,7,6,10,7,7,5,5,5,5,5,5,5,5,5,1,"KD","S",1,"Right",0,1,0,0,,1.1901
"0000002682",83,0,2,"No degree","Married",,"Worker",1,,1,0,1,"Västra Götaland","Götaland",3,4,5,,5,3,1,1,2,8,3,3,2,2,2,2,2,3,3,2,4,3,3,5,5,3,3,3,4,3,0,7,7,7,10,0,0,10,0,0,2,0,10,0,0,10,0,0,2,0,0,10,10,0,10,10,2,10,0,1,"S","S",0,"Left",0,0,1,1,3,1.1092
"0000002315",21,0,6,"No degree","Single",0,,1,1,1,0,4,"Uppsala","Svealand",1,3,4,3,1,1,1,4,4,8,2,1,2,4,1,3,1,2,4,3,3,2,2,5,3,2,3,2,3,3,1,2,5,5,3,0,0,5,2,0,2,2,6,0,0,7,0,0,2,5,4,7,6,2,5,7,4,5,2,1,"V",,,"Left",0,0,0,0,1,1.3555
"0000002252",81,1,,,"Married",,,5,,0,,3,"Stockholm","Svealand",4,5,5,5,2,4,1,4,1,9,4,2,4,3,2,3,1,2,3,2,,4,3,4,5,3,2,4,4,3,1,7,0,0,2,3,10,0,3,10,0,5,4,5,9,0,0,10,0,5,1,5,10,0,3,10,0,5,8,1,,"M",,,,,,1,2,0.5247
"0000002317",87,1,2,"No degree","Widowed",0,"White collar",1,4,1,0,1,"Västra Götaland","Götaland",2,3,5,5,5,5,,,3,7,4,4,4,3,3,3,2,3,3,3,4,3,3,5,5,3,3,3,3,3,0,7,4,7,7,9,10,4,7,7,5,7,8,8,9,2,7,6,0,6,2,9,10,0,4,6,0,5,9,1,"M","M",0,"Right",0,1,0,0,1,0.7489
"0000001583",32,0,5,"No degree","Married",1,"Worker",2,2,1,0,3,"Stockholm","Svealand",3,4,5,4,4,3,1,2,4,7,3,3,3,4,3,4,2,,3,1,3,3,3,4,4,2,2,4,3,3,1,3,0,6,6,6,7,5,4,8,3,8,2,8,9,8,3,8,1,8,7,5,7,3,8,7,4,7,6,1,"L","KD",1,"Right",0,1,0,0,,1.275
"0000002570",85,1,8,"Postgraduate","Single",0,,1,4,1,0,3,"Stockholm","Svealand",3,3,3,3,2,1,3,3,3,7,3,3,3,3,2,2,2,3,2,4,,,3,3,3,3,3,4,3,3,0,7,0,0,8,5,3,6,7,6,6,6,9,5,5,6,8,5,10,6,,,,,,,,,5,0,,,,,,,,0,2,0.5247
"0000000058",33,1,8,"Postgraduate","Married",1,"White collar",5,1,1,0,1,"Västra Götaland","Götaland",3,4,4,5,1,1,1,4,4,8,3,3,4,4,2,3,2,3,4,2,4,3,3,4,5,2,2,4,3,3,1,1,0,7,10,0,4,2,7,3,8,1,10,0,1,,10,1,3,1,3,7,8,0,5,9,2,10,5,1,"S","MP",1,"Left",0,0,1,1,1,1.073
"0000000666",66,0,4,"No degree","Married",1,"White collar",4,1,1,0,3,"Stockholm","Svealand",4,5,5,5,1,1,1,2,1,9,3,3,3,4,3,4,2,3,4,4,2,3,3,5,4,3,4,3,3,3,1,7,5,3,9,2,8,1,8,8,7,5,10,8,7,2,9,9,7,7,,8,9,1,7,7,2,7,,1,"KD","KD",0,"Right",0,1,0,0,,0.6234
"0000000123",46,1,8,"Postgraduate","Married",1,"White collar",5,2,1,0,3,"Stockholm","Svealand",4,5,5,5,2,1,1,1,1,7,3,3,3,3,3,3,2,3,3,3,3,4,3,5,5,2,3,4,3,4,1,7,7,7,7,0,5,0,8,1,5,8,10,0,1,2,10,2,7,5,3,10,9,0,5,10,3,5,5,1,"C","C",0,"Left",0,0,0,1,2,0.7658
"0000000352",61,1,9,"Postgraduate","Divorced",1,"White collar",,,1,0,4,"Stockholm","Svealand",4,4,5,5,1,1,1,1,1,10,4,2,4,4,2,4,2,3,4,2,,4,4,5,5,2,3,3,3,3,,7,7,7,5,5,5,5,5,5,5,5,5,5,5,5,5,5,5,5,5,10,7,1,6,8,1,7,6,1,,,,,,,,0,,0.7841
"0000000045",56,0,7,"Bachelor","Married",1,"White collar",5,1,0,1,3,"Stockholm","Svealand",3,5,4,5,5,5,2,4,4,8,3,3,2,4,3,2,2,1,1,2,3,2,2,2,3,2,2,3,1,4,,6,5,7,6,9,4,8,1,7,2,5,6,9,5,9,4,9,5,6,5,10,8,4,6,9,3,5,8,1,"V","V",0,"Left",0,0,0,1,3,0.91
"0000002338",68,1,3,"No degree","Married",1,"Worker",3,1,1,0,2,"Dalarna","Svealand",2,4,4,4,3,3,1,1,1,5,3,3,2,2,3,1,1,2,2,2,,3,3,3,3,3,2,3,3,3,1,0,0,0,6,6,5,2,4,6,0,4,8,6,8,0,5,4,0,0,2,10,10,0,5,9,1,5,,,,,,,,,,0,1,1.0396
"0000001034",63,1,8,"Postgraduate","Divorced",1,"White collar",1,1,1,0,3,"Västra Götaland","Götaland",3,4,5,,1,1,1,1,1,8,4,4,4,4,3,4,2,3,3,1,4,,3,4,5,1,1,4,3,3,1,5,7,5,10,0,1,10,2,0,8,1,10,0,1,10,3,0,9,0,2,10,10,0,8,10,4,8,2,1,"V","V",0,"Left",0,0,0,1,2,0.9037
"0000000081",64,0,7,"Bachelor","Married",0,"White collar",4,3,1,0,3,"Stockholm","Svealand",3,5,5,4,4,4,1,2,2,9,3,3,3,3,2,3,1,2,3,4,3,2,3,5,5,3,3,4,4,2,1,5,4,0,6,0,8,5,9,8,5,9,8,0,7,7,8,7,4,8,5,10,8,3,7,8,3,7,7,1,"L","C",1,"Right",0,1,0,0,1,0.7712
"0000000821",56,1,4,"No degree","Married",,"White collar",5,3,1,0,1,"Skåne","Götaland",2,4,5,3,2,3,2,2,1,6,3,3,3,4,2,2,1,3,3,3,4,4,3,5,4,3,3,2,4,3,0,5,3,7,7,5,9,0,0,5,0,5,7,7,9,1,0,5,0,5,5,8,9,0,3,7,2,7,8,1,"M","M",0,"Right",0,1,0,0,2,1.1901
"0000001862",71,0,,,"Divorced",0,,,,0,,,"Västmanland","Svealand",3,5,5,,,,5,,,1,3,,,,,,,,,,3,3,3,3,2,3,3,4,,,0,1,1,0,,,,0,,,,,,,,,,,,,,,,0,,,,,,1,,,,,,,0,,2,1.1092
"0000001036",57,1,5,"No degree","Divorced",1,"White collar",2,2,1,0,2,"Skåne","Götaland",2,4,5,4,2,3,1,4,4,2,3,2,2,3,2,1,1,2,2,1,4,3,2,5,3,2,1,2,3,3,1,0,4,0,4,8,7,5,5,5,4,10,5,9,5,5,5,5,5,5,,,,,,,,,,1,"SD",,,"Right",1,1,0,1,3,1.1901
"0000001167",34,0,5,"No degree","Single",0,"Worker",4,1,1,0,4,"Västmanland","Svealand",3,4,5,5,3,3,3,3,3,9,3,1,3,3,3,2,1,1,2,1,4,4,2,4,4,3,3,2,3,2,1,0,5,2,5,5,9,4,1,,0,,1,5,8,6,0,9,0,7,1,6,9,1,1,9,3,5,8,1,"M","M",0,"Right",0,1,0,0,1,1.6791
"0000000779",63,0,6,"No degree","Married",1,"White collar",4,1,1,0,2,"Dalarna","Svealand",4,5,5,1,5,3,1,1,3,8,3,3,3,4,3,3,1,3,3,3,4,4,3,5,4,2,3,3,3,3,1,7,0,0,8,10,9,4,4,9,0,5,9,9,8,2,2,9,0,5,6,9,9,2,5,9,4,7,8,1,"SD","SD",0,"Right",1,1,0,1,3,1.1008
"0000002080",73,1,3,"No degree","Widowed",0,"Worker",2,1,1,0,2,"Värmland","Svealand",3,4,5,4,4,3,4,4,4,7,3,3,2,4,2,3,3,3,4,3,4,3,3,4,5,2,2,5,5,3,1,,,7,10,0,0,0,7,0,9,5,10,0,0,0,9,0,8,0,3,10,10,4,4,10,4,9,3,1,"S","S",0,"Left",0,0,1,0,2,0.7489
"0000002325",79,0,6,"No degree","Married",1,"White collar",3,2,1,0,2,"Jämtland","Norrland",3,4,5,4,3,1,1,2,4,8,3,3,3,3,3,3,3,3,3,2,4,4,3,5,5,3,4,4,4,3,1,7,0,0,9,3,8,8,7,5,8,7,10,7,8,8,8,6,7,6,2,10,8,1,5,8,3,5,2,1,"S","S",0,"Left",0,0,1,1,2,0.6234
"0000000175",33,1,8,"Postgraduate","Single",1,"White collar",5,1,1,0,1,"Östergötland","Götaland",2,4,4,4,2,3,2,4,2,9,3,3,3,3,3,3,2,3,3,4,3,3,3,4,3,3,3,4,3,3,1,1,0,7,7,0,8,1,4,5,1,8,6,2,7,3,5,6,5,5,3,9,8,0,4,7,4,6,5,1,"L","S",1,"Right",0,1,0,0,,1.073
"0000002459",75,0,8,"Postgraduate","Married",1,"White collar",5,1,1,0,3,"Stockholm","Svealand",3,,5,3,1,1,1,1,1,9,4,3,4,3,3,4,2,3,4,2,3,3,4,5,5,2,3,3,3,3,1,7,7,0,10,0,5,3,10,1,4,6,10,0,4,2,10,0,5,7,5,8,9,0,6,10,3,7,7,1,"L","L",0,"Right",0,1,0,0,2,0.5283
"0000001504",75,0,3,"No degree","Married",0,"Self-employed",,1,1,,1,"Skåne","Götaland",3,3,5,5,4,5,,,5,10,3,3,3,3,3,3,2,3,3,3,3,3,3,5,2,3,3,3,4,3,0,1,1,0,10,,,,,,,,10,,,,,,,,5,,,,,,,,,1,"S","S",0,"Left",0,0,1,0,2,0.7541
"0000002062",76,0,3,"No degree","Divorced",0,"White collar",4,3,1,0,2,"Västra Götaland","Götaland",3,3,5,4,4,4,3,2,4,7,3,3,3,3,2,3,2,3,3,2,3,3,3,5,4,3,3,3,4,4,0,5,0,2,9,8,8,9,8,7,7,6,9,8,7,9,8,7,7,6,1,7,9,1,6,8,3,5,2,1,"S","S",0,"Left",0,0,1,1,1,1.0469
"0000002241",71,0,2,"No degree","Married",,"Worker",,1,1,0,2,"Blekinge","Götaland",3,4,1,5,1,1,1,1,5,5,3,3,3,3,1,3,1,3,2,1,1,1,3,3,1,2,2,3,3,4,1,2,0,0,8,,,,,,,,10,,,,,,,,,,,,,,,,,1,"S","S",0,"Left",0,0,1,1,3,0.7541
"0000001398",91,0,3,"No degree","Married",1,"White collar",1,6,1,,2,"Kalmar","Götaland",3,4,5,2,1,2,1,1,2,10,4,3,3,2,3,2,1,4,4,2,4,3,4,5,4,3,3,3,4,3,1,5,0,0,10,0,1,8,8,2,6,1,10,1,1,7,9,1,7,1,3,10,10,0,5,10,6,8,3,1,"S","S",0,"Left",0,0,1,1,3,1.0469
"0000001316",32,1,5,"No degree","Single",1,,,1,1,0,2,"Södermanland","Svealand",4,4,5,,,,5,3,,7,3,3,3,4,3,2,2,1,2,1,4,4,3,5,5,2,3,2,3,1,1,3,,,0,10,9,0,3,8,0,7,3,10,8,0,8,9,4,3,4,10,10,0,3,10,2,7,6,1,"SD","SD",0,"Right",1,1,0,1,2,1.6674
"0000001443",74,1,5,"No degree","Married",0,"White collar",2,1,1,0,1,"Västra Götaland","Götaland",3,5,5,5,5,3,1,5,4,8,2,2,2,3,2,3,1,2,3,1,,2,3,5,3,3,2,3,,3,0,7,4,0,3,5,5,0,5,5,0,5,7,5,5,2,2,7,0,5,3,7,8,0,3,7,0,5,5,1,,,,,,,,0,1,0.6191
"0000001616",48,0,,,"Married",0,"White collar",4,,1,0,1,"Jönköping","Götaland",2,4,5,4,4,3,4,2,2,8,4,4,3,3,3,3,3,3,3,2,3,3,3,5,4,3,4,4,4,3,1,7,7,3,9,1,6,3,9,3,5,3,9,2,4,2,9,3,6,3,1,9,10,0,4,8,5,7,3,1,"C","S",1,"Left",0,0,0,0,1,1.1984
"0000001062",33,0,4,"No degree","Married",0,"White collar",5,1,1,0,4,"Stockholm","Svealand",3,5,5,3,5,3,1,1,3,9,3,3,3,3,3,2,1,3,4,3,4,3,3,4,4,3,3,2,3,4,1,3,7,7,8,0,2,5,5,1,9,5,10,1,0,6,5,1,7,3,4,8,9,0,6,10,5,7,5,1,"MP","MP",0,"Left",0,0,0,0,2,1.6791
"0000001323",67,1,3,"No degree","Divorced",0,"Worker",3,1,1,0,2,"Norrbotten","Norrland",3,3,5,5,4,3,3,2,1,6,3,3,2,3,2,2,2,2,3,2,3,3,3,4,3,3,2,4,4,4,0,4,,3,2,9,8,2,1,7,2,4,2,9,8,2,2,7,1,5,0,10,8,0,1,10,1,9,,1,"SD","S",1,"Right",1,1,0,0,,0.7489
"0000002703",82,0,7,"Bachelor","Married",,"White collar",2,1,1,0,3,"Stockholm","Svealand",3,5,5,5,1,2,1,1,1,9,3,3,4,3,2,3,1,3,3,3,4,4,3,5,4,3,2,2,3,3,0,7,0,0,,0,2,4,7,2,9,6,10,0,0,3,,2,10,6,1,10,9,0,4,9,2,4,3,1,"S","S",0,"Left",0,0,1,1,2,0.5283
"0000001436",41,0,5,"No degree","Single",1,"Worker",2,1,1,0,2,"Västerbotten","Norrland",2,2,5,4,2,5,1,1,2,9,3,3,4,2,2,2,2,3,3,3,,3,3,5,4,3,4,3,4,3,1,3,1,7,5,5,5,5,5,5,1,5,5,5,5,1,5,5,1,2,3,9,8,0,5,4,3,4,,1,,,,,,,,0,1,0.91
"0000000119",55,1,8,"Postgraduate","Married",1,"White collar",5,1,0,1,2,"Uppsala","Svealand",3,5,5,4,1,3,1,1,1,10,3,4,4,4,3,2,1,4,4,2,4,4,3,5,4,2,3,3,3,4,1,7,7,,8,0,0,1,10,0,5,0,10,0,0,2,10,0,4,2,6,10,10,1,6,10,6,9,7,1,"S","C",1,"Left",0,0,1,0,1,0.7658
"0000002479",83,1,4,"No degree","Married",0,"Self-employed",2,1,1,0,,"Västmanland","Svealand",4,4,5,5,3,,1,1,5,10,3,3,3,4,3,2,1,1,2,5,4,4,3,4,5,3,2,4,4,3,0,5,0,0,5,6,10,0,0,9,0,7,7,8,10,0,0,10,0,9,2,7,10,0,4,10,0,7,8,1,"M","M",0,"Right",0,1,0,1,2,0.8153
"0000001092",58,0,,,"Married",,,,,0,,,"Stockholm","Svealand",1,,,,,,,,,,,,,,,,,,,,,,,,,,,,,,,,,,,,,,,,,,,,,,,,,,,,,,,,,,,,,,,,,,,,,0.91
"0000000763",58,0,5,"No degree","Married",1,"Worker",4,2,1,0,2,"Skåne","Götaland",3,5,5,4,3,4,4,5,3,3,2,2,2,3,2,1,1,2,3,2,,2,2,4,3,2,2,3,4,3,1,5,5,0,5,9,9,1,0,5,0,5,5,10,8,2,0,8,0,,4,8,8,2,1,7,0,6,8,1,,"M",,,,,,1,2,1.1008
"0000001296",55,1,6,"No degree","Single",0,"Worker",2,1,1,0,2,"Uppsala","Svealand",3,5,5,3,1,1,1,3,4,10,3,3,2,3,3,3,2,3,3,2,3,3,3,5,3,2,3,4,3,3,,7,7,7,10,5,2,10,2,1,1,4,10,5,2,10,5,2,2,5,3,6,9,0,5,9,3,8,2,1,"V","S",1,"Left",0,0,0,1,2,0.9037
"0000001768",55,1,4,"No degree","Married",1,"Worker",1,3,1,0,2,"Gotland","Götaland",3,4,5,4,1,1,1,1,3,5,3,2,2,4,2,4,2,3,1,2,3,3,2,4,5,2,2,2,2,1,1,0,,,7,0,0,9,4,0,,3,8,0,1,7,7,0,6,1,,10,9,0,,10,2,8,1,1,"V",,,"Left",0,0,0,1,2,0.9037
"0000001920",71,1,3,"No degree","Widowed",0,"White collar",1,1,1,0,2,"Dalarna","Svealand",3,3,5,1,4,2,1,1,2,9,3,4,3,3,3,3,2,4,4,2,,3,4,5,5,2,3,4,5,3,1,3,4,3,10,0,1,8,8,0,8,1,10,0,1,8,8,0,8,1,0,10,10,0,2,10,2,9,1,1,"S","S",0,"Left",0,0,1,1,2,0.7489
"0000001691",64,0,3,"No degree","Married",1,"Worker",1,1,0,,2,"Stockholm","Svealand",1,3,1,1,1,1,1,1,1,6,3,3,3,3,3,3,3,3,3,2,,2,3,3,3,2,4,2,4,4,1,1,0,0,9,0,7,6,6,1,8,6,8,0,5,6,3,0,1,5,9,0,0,,3,0,5,,2,1,,,,,,,,0,1,1.1008
"0000001821",71,1,6,"No degree","Married",0,"White collar",3,1,1,1,1,"Västra Götaland","Götaland",3,5,5,5,1,3,,,3,7,3,3,3,3,2,3,1,3,4,1,3,4,3,4,5,2,2,3,4,3,1,6,7,2,9,0,2,8,5,0,7,2,10,0,1,8,6,0,7,3,1,10,9,0,5,10,3,5,1,1,"V","S",1,"Left",0,0,0,1,2,0.6191
"0000001854",72,1,5,"No degree","Divorced",0,"White collar",4,3,1,0,2,"Västernorrland","Norrland",2,3,5,5,4,3,4,3,2,8,3,2,,2,2,2,2,3,3,1,2,4,3,5,5,2,3,1,,3,0,5,1,6,7,3,6,5,9,5,7,7,9,3,5,5,9,5,9,7,,,,,,,,,,1,"C","C",0,"Left",0,0,0,,,0.6191
"0000001027",34,1,5,"No degree","Single",0,"White collar",5,1,1,1,2,"Västra Götaland","Götaland",2,5,5,4,3,3,2,3,4,8,2,2,3,3,3,3,1,3,3,2,3,2,3,5,4,2,2,3,2,3,0,4,2,1,7,0,7,6,8,0,7,6,7,0,0,7,9,0,6,6,4,10,7,0,6,8,2,7,6,1,"C","S",1,"Left",0,0,0,0,2,1.6674
"0000000660",67,0,3,"No degree","Married",1,"White collar",5,1,1,0,3,"Stockholm","Svealand",4,4,5,5,,,1,4,4,8,3,3,3,4,2,4,2,3,3,1,4,3,3,4,5,2,3,4,3,3,1,3,,,9,0,2,9,6,1,10,5,8,0,1,8,6,1,6,2,3,10,9,1,5,10,5,6,2,1,"V","MP",1,"Left",0,0,0,0,1,0.7541
"0000002778",72,1,3,"No degree","Divorced",0,"Worker",,1,1,0,1,"Stockholm","Svealand",3,4,5,5,4,3,1,4,3,9,3,3,2,3,3,2,1,2,3,2,4,3,3,5,5,2,1,4,4,4,0,7,2,6,8,10,8,1,0,10,0,1,10,9,8,9,0,10,0,5,6,9,9,0,3,9,0,7,9,1,"SD","SD",0,"Right",1,1,0,1,2,1.0396
"0000002790",59,1,3,"No degree","Married",0,"Worker",1,6,1,1,1,"Västmanland","Svealand",2,3,4,5,4,3,,,,,,,,,,,,,,1,,,2,4,3,3,3,3,3,3,1,0,1,1,2,9,8,1,5,8,0,5,3,9,8,5,2,8,5,5,2,8,10,0,3,8,0,2,7,,,"SD",,,,,,1,2,1.0931
"0000002464",81,1,2,"No degree","Married",,,,3,1,0,1,"Halland","Götaland",3,4,4,4,5,4,5,5,5,7,3,3,3,3,2,,1,3,3,2,2,3,3,5,2,3,3,3,4,3,0,7,3,0,,,,,8,,,,,1,1,,2,1,,1,,,5,,7,,5,5,,1,"M","C",1,"Right",0,1,0,,2,0.7489
"0000002334",71,1,3,"No degree","Divorced",0,"Self-employed",3,1,1,1,1,"Dalarna","Svealand",3,3,5,5,4,3,4,4,3,6,2,2,3,3,2,2,1,3,3,2,,3,3,3,2,2,1,3,3,3,0,7,,5,5,5,5,5,5,5,5,5,5,5,5,5,5,5,5,5,1,5,10,1,5,10,5,10,5,1,,,,,,,,0,,0.7489
"0000001121",45,0,7,"Bachelor","Married",0,"Worker",4,3,1,0,1,"Örebro","Svealand",3,4,2,3,3,3,4,4,1,5,2,1,2,2,1,1,2,2,3,2,4,3,2,3,2,3,2,2,3,4,1,1,2,0,0,7,2,2,0,4,0,0,0,7,0,3,0,4,0,0,2,4,3,0,1,3,0,1,8,,,,,,,,0,1,3,0.91
"0000001710",57,0,4,"No degree","Divorced",0,"Self-employed",2,1,1,1,2,"Värmland","Svealand",1,4,3,3,5,3,5,3,3,6,2,2,3,3,2,2,2,3,3,2,3,3,2,4,3,3,3,4,4,3,,2,2,1,0,10,10,1,1,0,0,1,0,10,10,0,0,0,0,0,0,10,10,0,0,10,0,6,10,1,"M","M",0,"Right",0,1,0,0,1,1.1008
"0000002819",69,0,3,"No degree","Married",0,"Worker",3,3,1,0,2,"Kronoberg","Götaland",3,4,5,1,1,1,1,1,1,10,4,3,4,3,3,3,2,3,4,3,4,4,4,5,5,3,4,3,3,3,1,7,7,0,10,4,8,9,8,5,8,8,10,2,7,7,9,4,5,7,3,9,8,1,4,8,4,5,4,1,"S","S",0,"Left",0,0,1,0,2,0.821
"0000002475",77,0,3,"No degree","Married",1,"Worker",2,1,0,,3,"Västra Götaland","Götaland",1,3,3,3,3,1,1,1,1,8,3,3,3,3,3,3,1,3,3,3,3,3,3,5,3,2,2,4,4,4,1,7,3,0,1,5,4,3,3,4,4,3,0,3,3,4,3,5,2,3,5,1,2,1,3,1,3,3,4,1,"S",,,"Left",0,0,1,1,2,0.821
"0000001505",49,0,7,"Bachelor","Married",1,"White collar",5,1,1,0,1,"Kalmar","Götaland",3,4,5,4,1,1,1,4,3,9,3,2,3,4,2,3,2,3,4,2,3,4,4,5,4,2,3,2,4,3,0,6,0,7,8,0,1,10,6,0,10,7,10,0,0,10,10,0,9,0,2,8,10,0,6,10,3,6,0,1,"MP","V",1,"Left",0,0,0,1,3,1.1008
"0000000454",63,1,7,"Bachelor","Single",1,"Worker",2,3,1,0,2,"Skåne","Götaland",3,5,5,5,4,4,1,1,4,8,3,3,3,3,3,3,3,3,2,1,3,3,3,5,5,3,3,,,,,7,7,7,10,8,6,8,10,6,8,6,10,9,8,8,10,6,8,7,,,,,,,,,,1,"S","S",0,"Left",0,0,1,,3,0.7658
"0000002767",69,1,5,"No degree","Widowed",,"White collar",1,2,1,0,4,"Skåne","Götaland",3,4,5,3,1,2,1,1,1,8,3,3,3,,3,3,2,3,2,3,,3,3,5,4,2,2,2,4,3,0,7,7,0,8,0,4,7,8,1,8,7,9,0,6,8,9,0,7,7,2,10,9,1,5,10,4,6,5,1,,,,,,,,0,,0.6191
"0000000553",52,1,8,"Postgraduate","Single",1,"White collar",3,1,1,0,2,"Jönköping","Götaland",3,4,4,5,2,1,1,4,1,8,2,2,3,3,2,4,1,3,3,2,3,4,3,5,4,3,3,3,3,3,0,7,0,0,4,2,7,1,4,4,2,6,6,2,6,1,4,2,2,6,4,,8,0,,9,1,8,7,1,"M","L",1,"Right",0,1,0,0,1,0.7658
"0000002364",23,1,8,"Postgraduate","Single",0,,4,1,1,0,4,"Stockholm","Svealand",4,4,5,3,1,1,1,2,2,9,4,3,3,4,2,4,2,4,3,2,4,3,4,5,4,2,3,3,3,3,1,0,7,7,10,0,1,7,7,0,8,2,10,0,,5,10,0,9,2,3,9,10,0,6,10,4,6,,1,"S","S",0,"Left",0,0,1,1,2,1.1407
"0000002668",86,1,3,"No degree","Divorced",0,"White collar",1,3,1,0,2,"Västernorrland","Norrland",3,4,4,4,3,3,,3,,6,2,2,4,4,2,2,2,3,3,3,,3,3,4,3,2,2,4,4,3,0,7,0,0,8,2,4,5,4,2,6,5,9,3,,6,6,3,5,4,4,10,8,2,6,8,4,5,5,1,"S","S",0,"Left",0,0,1,1,2,0.7489
"0000002146",69,1,5,"No degree","Married",1,"White collar",4,1,1,0,1,"Södermanland","Svealand",3,4,5,4,4,1,1,2,2,8,3,3,3,3,3,2,2,3,2,1,3,4,3,4,5,3,3,3,4,3,0,7,0,7,9,0,6,6,10,6,8,6,9,2,6,6,10,4,8,6,6,10,9,2,6,8,5,7,6,1,"C","C",0,"Left",0,0,0,1,2,0.6191
"0000000574",60,0,7,"Bachelor","Married",1,"White collar",4,1,1,0,3,"Stockholm","Svealand",3,5,5,5,1,4,2,2,3,10,4,4,4,3,3,4,2,4,4,2,4,4,4,5,5,3,4,2,5,3,0,7,7,2,,,,,,,,,10,0,2,9,9,2,9,3,2,10,10,0,4,7,3,8,1,1,"S","S",0,"Left",0,0,1,1,,0.7712
"0000000995",46,0,,,"Divorced",,,,,1,0,,"Stockholm","Svealand",3,,,,,,,,,,,,,,,,,,,,,,,,,,,,,,,,,,,,,,,,,,,,,,,,,,,,,,,,,,,,,,,,,,,,,0.91
"0000002023",78,0,2,"No degree","Married",0,"Self-employed",1,1,1,1,1,"Dalarna","Svealand",3,4,5,3,3,1,1,1,1,8,3,3,3,3,2,3,2,4,3,3,4,3,3,5,5,2,2,4,4,4,1,7,0,0,10,0,8,9,8,4,5,8,10,0,6,8,8,6,7,7,2,8,10,0,8,10,4,8,6,1,"S","S",0,"Left",0,0,1,1,2,0.821
"0000001035",32,1,4,"No degree","Single",1,"White collar",5,2,1,0,2,"Norrbotten","Norrland",3,4,5,3,3,3,4,4,3,5,3,3,3,3,2,,2,2,2,1,3,4,3,3,4,3,3,3,4,2,1,1,2,7,6,3,9,3,5,9,2,6,7,7,7,5,5,9,3,6,4,10,7,1,7,8,0,7,7,1,"M","M",0,"Right",0,1,0,1,2,1.6674
"0000000473",60,1,6,"No degree","Married",1,"Worker",5,2,1,0,2,"Östergötland","Götaland",3,3,5,5,1,1,1,2,2,9,3,3,3,3,2,3,1,3,3,2,3,3,3,5,4,1,2,3,4,3,1,6,6,4,8,0,1,10,5,0,8,3,9,0,0,8,8,0,5,1,5,10,10,0,5,10,4,8,2,1,"V","V",0,"Left",0,0,0,1,2,0.9037
"0000001747",19,1,4,"No degree","Single",0,"Worker",,1,1,0,3,"Stockholm","Svealand",2,3,5,4,1,1,1,1,2,9,4,4,4,4,3,3,3,3,3,3,3,3,4,5,4,2,2,2,3,3,1,3,3,2,10,0,5,7,10,0,3,5,10,0,5,8,10,0,2,4,0,10,8,0,3,10,1,5,3,1,"C",,,"Left",0,0,0,0,2,1.7726
"0000000233",29,1,8,"Postgraduate","Single",0,"White collar",2,1,1,0,3,"Stockholm","Svealand",3,4,5,5,1,4,4,4,2,7,2,3,2,3,2,2,1,3,3,2,3,2,3,4,4,3,2,4,4,3,0,1,7,4,4,4,6,3,6,7,6,5,5,6,6,7,6,8,3,5,3,8,7,1,5,7,2,6,6,1,"KD","KD",0,"Right",0,1,0,0,2,1.073
"0000001009",50,1,3,"No degree","Single",1,"Worker",3,1,1,0,1,"Örebro","Svealand",2,5,5,4,3,5,4,4,3,2,2,2,2,2,2,2,2,1,1,1,4,4,2,4,4,1,1,2,2,3,0,0,4,7,1,10,8,0,,5,0,5,0,10,7,,0,6,0,5,0,10,10,0,0,7,0,7,8,1,"SD","SD",0,"Right",1,1,0,1,3,1.5176
"0000001794",79,0,3,"No degree","Single",,"Self-employed",,2,1,0,1,"Norrbotten","Norrland",3,4,5,5,4,3,3,4,4,,2,2,1,3,2,2,4,2,3,4,,2,3,5,3,3,3,2,3,4,0,5,0,0,,,,,,,,,8,8,,5,0,7,4,6,,,,,,,,,,1,,,,,,,,1,2,0.821
"0000001650",44,1,6,"No degree","Married",0,"Worker",3,6,0,,3,"Västmanland","Svealand",2,2,2,4,2,4,3,3,4,9,3,3,3,4,3,3,3,3,3,4,,2,4,4,4,2,4,2,3,2,1,1,4,3,5,5,5,5,5,10,5,5,5,5,5,5,5,5,5,5,1,7,2,2,7,8,8,2,7,1,,,,,,,,0,2,1.6078
"0000000585",38,1,8,"Postgraduate","Married",0,"White collar",4,1,1,1,4,"Stockholm","Svealand",3,5,5,5,1,1,1,1,1,7,3,3,3,3,1,1,1,3,3,2,4,4,3,5,5,2,3,4,3,1,1,0,0,7,8,0,2,8,6,0,10,2,9,0,,,10,0,10,5,3,,9,1,5,10,3,8,3,1,"MP","MP",0,"Left",0,0,0,0,1,1.073
"0000000074",58,1,7,"Bachelor","Married",1,"Self-employed",5,1,1,0,2,"Örebro","Svealand",4,4,5,5,1,1,1,1,1,10,2,3,3,4,2,3,2,3,4,2,4,4,4,5,5,2,2,4,4,3,0,7,7,4,10,0,0,0,9,0,3,3,10,0,0,0,10,0,2,0,6,10,10,0,7,9,6,7,6,1,"S","S",0,"Left",0,0,1,1,2,0.9037
"0000000228",41,0,8,"Postgraduate","Married",1,"Self-employed",3,1,1,0,4,"Västra Götaland","Götaland",4,5,5,5,1,3,1,4,2,10,3,3,3,4,3,4,2,3,4,1,3,3,4,5,5,2,3,4,4,3,1,2,0,7,5,0,0,10,3,0,10,0,8,0,0,10,3,0,7,0,5,10,10,0,7,10,2,8,0,1,"MP","V",1,"Left",0,0,0,0,2,0.7712
"0000002741",27,1,6,"No degree","Married",1,"White collar",4,1,1,0,1,"Uppsala","Svealand",2,5,5,5,2,2,1,5,2,9,,3,3,3,2,3,2,3,3,3,3,,4,5,2,4,4,2,3,3,1,3,7,7,7,0,9,4,4,7,4,6,7,3,6,5,5,4,5,5,4,10,6,0,5,7,2,6,5,1,"M","L",1,"Right",0,1,0,0,1,1.2661
"0000001244",54,1,4,"No degree","Divorced",1,"Self-employed",2,1,0,,2,"Västra Götaland","Götaland",3,4,5,4,1,3,1,1,4,7,3,2,2,2,2,2,1,3,3,2,3,2,4,5,4,3,2,5,5,3,1,3,0,0,8,5,8,7,7,5,7,5,9,7,9,9,9,8,5,7,6,8,6,3,5,6,5,7,5,1,"M","V",1,"Right",0,1,0,0,1,1.1901
"0000000793",55,0,4,"No degree","Married",1,"White collar",5,2,1,1,2,"Jönköping","Götaland",3,5,5,5,1,3,4,3,4,9,3,3,3,3,3,4,3,1,2,2,4,4,3,5,5,3,3,3,3,3,1,7,7,7,1,8,9,3,0,8,0,7,0,9,10,5,0,9,0,8,1,9,10,0,1,8,0,7,8,1,"M","M",0,"Right",0,1,0,1,2,1.1984
"0000001567",33,0,4,"No degree","Single",1,"Worker",1,1,1,0,1,"Västra Götaland","Götaland",3,5,5,4,5,3,2,4,4,10,3,3,3,4,3,2,3,2,3,1,4,4,4,4,5,3,4,3,3,3,1,3,7,7,,10,10,0,0,5,,3,0,10,10,0,0,6,0,5,1,10,10,0,0,8,0,,10,1,"SD","M",1,"Right",1,1,0,1,3,1.6791
"0000000109",55,1,6,"No degree","Married",1,"White collar",5,1,1,0,2,"Västra Götaland","Götaland",3,5,5,,2,,,,4,8,2,2,3,4,2,3,2,2,2,1,3,2,3,5,5,3,2,3,2,3,1,,,,3,8,9,4,2,6,3,4,7,9,9,5,3,8,5,5,3,9,8,1,2,,,5,8,1,"SD","M",1,"Right",1,1,0,1,3,0.9037
"0000000399",61,0,8,"Postgraduate","Divorced",1,"White collar",5,2,1,0,2,"Västerbotten","Norrland",2,4,5,5,2,1,1,1,1,10,4,4,4,4,4,3,2,4,4,4,4,4,4,5,5,3,3,,4,3,1,3,1,6,10,0,6,6,9,6,7,6,10,2,6,6,9,6,6,6,4,7,6,0,5,5,5,5,4,1,"S","S",0,"Left",0,0,1,1,2,0.91
"0000000253",32,1,8,"Postgraduate","Single",0,"Worker",2,1,1,1,4,"Skåne","Götaland",2,3,5,3,2,3,,3,4,7,3,3,2,3,2,2,2,3,3,2,3,3,3,3,3,2,1,2,3,2,1,1,3,4,8,2,8,2,7,9,2,5,6,2,8,5,8,8,5,5,3,7,8,0,5,7,3,5,6,1,"KD","KD",0,"Right",0,1,0,0,2,1.073
"0000000328",38,0,8,"Postgraduate","Married",1,"Worker",5,2,1,0,1,"Kronoberg","Götaland",2,3,5,5,1,3,4,4,2,7,3,3,3,3,2,3,2,2,3,1,4,4,3,4,3,3,2,3,4,4,1,3,7,7,3,5,9,0,5,8,4,7,4,8,8,1,6,9,0,8,3,10,9,0,3,7,2,7,8,1,"M","M",0,"Right",0,1,0,0,1,1.0805
"0000002342",73,0,4,"No degree","Married",0,"White collar",3,2,1,0,2,"Kronoberg","Götaland",3,5,5,4,2,3,1,1,1,10,4,4,4,3,2,3,1,2,2,2,,4,4,5,3,4,3,3,3,3,0,7,7,0,5,9,9,1,0,9,0,9,8,10,9,5,0,9,0,9,5,7,9,1,2,10,1,8,8,1,,,,,,,,1,2,0.821
"0000002752",62,0,3,"No degree","Married",0,"Worker",2,1,1,0,2,"Kalmar","Götaland",2,3,4,4,4,4,2,4,5,5,2,2,2,2,2,2,2,2,2,2,,2,2,4,3,2,2,4,4,4,1,1,6,5,0,10,7,1,0,8,0,6,0,10,8,0,0,8,0,6,0,8,8,1,0,6,0,3,8,1,"SD","SD",0,"Right",1,1,0,0,2,1.1008
"0000002217",67,1,4,"No degree","Married",,"Worker",2,1,1,0,2,"Västmanland","Svealand",3,3,3,3,2,3,3,3,3,8,3,3,3,3,2,2,2,3,3,3,,3,3,3,3,2,2,4,3,3,1,3,1,1,6,1,7,5,4,4,6,4,6,1,7,5,4,4,6,5,6,1,7,2,6,7,7,4,5,,,,,,,,,0,,0.7489
"0000002760",69,1,5,"No degree","Divorced",0,,1,3,1,0,2,"Västernorrland","Norrland",3,5,5,1,1,1,1,1,5,10,4,4,4,4,3,3,3,3,3,3,,4,3,5,5,2,3,2,3,3,1,,7,7,5,0,2,5,5,0,5,2,8,0,2,5,5,0,2,2,,,,,,,,,,1,,,,,,,,0,,0.7489
"0000002538",79,0,2,"No degree","Single",0,"White collar",3,3,1,0,1,"Kalmar","Götaland",3,3,3,4,5,3,3,3,3,7,2,2,2,2,2,2,2,3,3,3,4,3,3,3,4,3,4,4,4,3,1,4,1,0,9,5,8,8,8,8,8,8,10,4,6,5,8,4,5,5,1,9,10,0,8,7,7,8,3,1,"S","S",0,"Left",0,0,1,1,2,0.7541
"0000000948",44,1,5,"No degree","Single",0,"Worker",2,1,1,0,1,"Värmland","Svealand",2,4,2,5,1,5,1,1,1,7,3,3,3,4,2,2,2,3,3,2,,2,3,4,4,2,2,4,3,3,,1,,,7,0,0,6,2,0,7,3,9,0,0,5,2,0,5,5,4,10,9,1,8,10,3,7,3,1,"MP","MP",0,"Left",0,0,0,0,1,0.9037
"0000000452",65,1,6,"No degree","Married",1,"White collar",2,3,1,0,2,"Halland","Götaland",2,4,5,4,2,1,2,4,4,9,3,2,3,3,2,3,2,3,3,2,4,3,3,4,4,2,3,3,3,3,1,7,2,5,8,0,4,7,6,1,9,3,9,0,4,6,7,1,9,4,,10,,2,5,9,5,8,4,1,"MP","MP",0,"Left",0,0,0,1,2,0.6191
"0000002714",68,0,4,"No degree","Single",1,,1,2,1,0,1,"Kalmar","Götaland",3,4,5,5,4,4,1,1,1,9,3,3,3,3,3,2,2,3,3,1,3,2,3,3,4,2,3,4,4,2,1,2,0,0,6,8,6,9,7,5,4,7,8,9,4,8,3,4,3,7,4,9,9,3,5,7,4,5,4,1,"V","C",1,"Left",0,0,0,0,1,0.7541
"0000002726",75,1,2,"No degree","Divorced",,"Worker",1,1,1,,1,"Västra Götaland","Götaland",4,5,5,,,,,,,,,,,,,,,,,1,,3,3,5,4,2,3,4,3,,0,7,,,0,10,7,0,0,5,0,5,0,10,8,1,0,9,0,1,2,10,9,0,2,7,2,4,10,,"S","SD",1,"Left",0,0,1,,,0.7489
"0000000690",39,0,9,"Postgraduate","Married",1,"Self-employed",4,1,1,1,2,"Skåne","Götaland",4,4,5,5,2,1,1,1,1,9,3,3,3,3,2,3,2,3,3,1,3,2,3,5,4,2,2,2,2,3,1,4,5,5,6,1,2,3,3,2,7,5,7,6,6,6,6,6,6,6,4,9,9,2,6,9,3,6,4,1,"MP",,,"Left",0,0,0,1,3,1.1063
"0000001730",50,0,8,"Postgraduate","Single",1,"Worker",1,2,1,0,2,"Skåne","Götaland",4,5,4,5,4,3,3,4,5,6,2,2,2,2,2,2,3,2,2,2,4,3,2,3,4,2,2,3,2,2,1,7,7,7,1,6,3,4,2,5,0,4,1,6,3,4,2,5,0,4,5,6,7,3,4,8,3,6,,1,,,,,,,0,1,3,0.7712
"0000002038",74,0,7,"Bachelor","Married",0,"White collar",3,1,1,0,3,"Stockholm","Svealand",3,4,5,5,1,1,1,1,1,8,4,4,4,3,3,3,2,3,3,2,4,3,4,5,5,2,3,2,4,3,0,7,7,3,10,0,2,9,6,1,9,1,10,0,1,9,8,0,8,0,3,10,10,1,6,10,4,10,1,1,"S","S",0,"Left",0,0,1,1,2,0.5283
"0000001503",33,0,2,"No degree","Single",1,"White collar",1,1,0,,4,"Västra Götaland","Götaland",4,5,5,,,,4,,3,6,4,,,,,,,1,1,3,,3,4,4,,4,4,1,4,2,1,1,1,0,,,,,,,,,9,3,5,,5,6,,5,7,6,7,6,8,8,6,8,7,0,,,,,,,,1,3,1.5423
"0000002154",68,0,8,"Postgraduate","Widowed",0,,1,2,0,0,4,"Skåne","Götaland",3,3,4,5,5,5,4,5,3,7,2,2,2,2,2,2,1,2,2,2,,2,3,3,3,2,3,3,3,2,,7,7,0,6,0,3,7,6,4,7,6,6,0,3,7,6,3,6,6,5,10,7,3,5,7,5,6,4,1,,,,,,,,0,,0.6234
"0000000687",56,1,8,"Postgraduate","Married",1,"White collar",5,2,1,0,3,"Halland","Götaland",4,5,5,5,1,2,3,3,4,9,3,3,3,3,2,3,1,2,2,1,3,3,3,5,4,3,3,3,3,3,1,6,7,0,1,2,8,0,5,5,0,7,6,7,7,5,7,6,0,5,4,4,7,0,4,6,0,6,,1,"M","L",1,"Right",0,1,0,0,,0.7658
"0000001301",40,1,3,"No degree","Divorced",0,"Worker",1,1,0,,3,"Stockholm","Svealand",2,3,3,1,3,4,1,1,4,7,2,2,2,2,2,2,2,2,3,2,3,3,2,3,3,2,2,,3,2,1,2,0,3,1,8,9,1,1,1,1,1,1,7,8,1,1,1,1,1,,8,,0,0,7,0,7,7,1,"M","M",0,"Right",0,1,0,0,2,2.1262
"0000002431",44,1,6,"No degree","Single",0,,1,3,1,0,,"Uppsala","Svealand",4,5,5,5,5,5,3,4,5,3,2,2,2,3,3,3,1,1,1,1,4,4,1,1,1,1,1,1,1,1,0,7,7,,0,7,8,0,8,10,0,0,0,8,10,0,10,10,0,0,2,10,9,0,2,10,0,6,10,1,"KD","C",1,"Right",0,1,0,0,3,1.0931
"0000000149",62,0,3,"No degree","Married",0,"White collar",4,2,1,1,1,"Västra Götaland","Götaland",3,4,5,2,4,2,3,4,2,5,3,3,3,3,2,3,2,3,3,2,4,4,3,5,3,3,3,2,3,3,0,5,7,7,4,6,10,0,0,8,0,6,8,8,9,0,0,9,0,7,2,10,9,0,5,8,3,6,7,1,"M","M",0,"Right",0,1,0,1,2,1.1008
"0000000786",58,0,4,"No degree","Married",1,"White collar",4,1,1,,2,"Norrbotten","Norrland",3,4,5,4,1,1,4,4,1,9,3,3,2,3,2,3,1,3,3,5,4,4,3,5,5,2,2,3,4,5,1,0,7,0,10,0,7,7,5,2,2,7,10,0,5,5,5,4,7,5,0,10,10,0,4,1,2,3,2,1,"S","S",0,"Left",0,0,1,1,3,1.5282
"0000002467",69,1,3,"No degree","Single",1,"Worker",2,2,1,,2,"Kalmar","Götaland",2,4,5,1,1,3,1,1,2,8,3,3,2,3,2,3,3,3,3,2,,3,3,4,3,3,2,3,3,3,1,4,0,0,7,7,7,7,7,7,7,7,6,6,6,6,6,6,6,6,4,9,10,0,6,9,4,8,5,,,,,,,,,0,,0.7489
"0000001412",31,0,4,"No degree","Divorced",1,,1,1,1,1,4,"Skåne","Götaland",2,3,5,1,4,3,3,3,5,9,3,4,4,3,3,3,2,4,3,4,4,4,4,5,3,3,3,3,3,3,,6,1,0,10,4,5,5,5,5,10,5,7,4,5,5,5,5,5,5,2,10,6,0,4,7,3,5,5,1,"S","S",0,"Left",0,0,1,0,1,1.6791
"0000002441",66,1,5,"No degree","Married",1,,1,2,1,0,1,"Västra Götaland","Götaland",2,3,5,5,4,4,1,1,1,10,2,2,2,2,2,2,2,3,3,2,4,3,3,5,3,2,3,5,5,3,1,5,0,7,10,0,0,8,0,0,0,1,10,0,,3,2,5,1,,0,10,10,0,10,10,3,10,0,1,"S","S",0,"Left",0,0,1,0,1,0.7489
"0000000344",38,1,8,"Postgraduate","Married",0,"Worker",3,1,0,1,2,"Kalmar","Götaland",3,3,5,5,2,3,1,4,4,7,3,3,2,3,2,2,2,3,3,1,4,3,2,3,2,1,2,2,3,2,1,1,2,7,10,0,6,6,10,2,4,6,8,0,4,5,9,1,5,5,0,10,6,1,4,9,4,4,3,1,"S","M",1,"Left",0,0,1,1,1,1.073
"0000001585",53,0,3,"No degree","Single",1,"Worker",2,3,1,0,2,"Jämtland","Norrland",3,4,5,5,5,4,2,3,4,7,3,3,3,2,3,3,2,4,4,3,3,4,3,5,5,3,3,4,4,3,1,4,1,3,10,0,3,3,5,2,2,4,9,0,3,1,5,2,4,6,0,10,8,2,2,3,3,2,2,1,"S","S",0,"Left",0,0,1,1,3,1.1008
"0000000237",65,1,8,"Postgraduate","Married",1,,5,1,1,0,3,"Stockholm","Svealand",3,4,5,4,1,3,1,3,3,9,4,4,3,3,2,4,2,4,4,3,2,2,4,5,5,3,4,5,5,3,1,6,0,0,9,0,5,3,5,2,3,6,9,0,5,2,5,0,2,4,3,8,8,1,5,10,1,5,5,1,"L","L",0,"Right",0,1,0,1,2,0.5247
"0000000968",63,1,3,"No degree","Single",1,"Worker",4,1,1,0,1,"Stockholm","Svealand",3,4,5,5,5,5,3,3,3,9,3,3,2,3,2,2,2,4,4,3,4,3,3,4,5,2,3,4,4,3,1,7,0,5,10,0,2,9,7,0,9,2,,,,,,,,,2,10,9,0,4,10,3,8,2,1,"S","V",1,"Left",0,0,1,1,2,1.0931
"0000000911",36,1,7,"Bachelor","Married",1,"White collar",3,1,0,1,4,"Södermanland","Svealand",3,3,5,5,2,3,1,1,5,9,3,3,1,4,2,2,2,4,3,4,4,4,3,4,5,2,3,5,5,5,1,2,3,0,10,0,0,8,5,0,8,0,10,0,0,7,7,0,7,0,0,10,,,5,10,2,10,0,1,"S","S",0,"Left",0,0,1,1,3,1.073
"0000001334",64,1,3,"No degree","Single",1,"Worker",,1,1,0,2,"Västra Götaland","Götaland",3,4,5,3,3,3,1,1,2,8,2,2,3,3,2,3,2,3,3,1,3,3,3,5,3,3,3,3,,3,1,7,7,6,9,0,0,1,5,0,6,2,,0,0,0,4,0,,3,3,10,10,0,7,10,3,9,3,1,"S","S",0,"Left",0,0,1,1,2,1.0931
"0000000437",63,1,,,"Single",1,"White collar",5,,1,0,4,"Stockholm","Svealand",3,4,5,3,2,1,,,,,,,,,,,,,,1,,,3,5,5,,3,3,3,2,1,5,0,7,10,0,2,10,5,0,10,5,10,0,3,8,5,0,5,5,2,10,9,0,5,8,2,7,2,,,"V",,,,,,1,2,0.7658
"0000001401",61,1,6,"No degree","Single",0,"Worker",2,3,1,0,1,"Skåne","Götaland",4,5,5,5,,,3,3,,9,4,4,2,4,3,2,2,1,2,2,,4,3,5,5,4,3,4,5,4,0,7,,,0,9,10,0,5,9,0,8,8,10,10,0,8,9,0,9,4,10,10,0,3,9,0,8,9,1,"M","KD",1,"Right",0,1,0,1,3,1.1901
"0000002347",58,1,,,"Married",,,,,1,0,,"Stockholm","Svealand",3,4,4,4,1,1,1,2,2,8,3,3,3,3,2,4,2,3,3,,3,1,3,5,5,,,3,3,3,1,0,7,0,4,0,6,5,7,1,6,1,6,0,3,6,7,2,6,4,4,8,8,1,6,8,5,7,6,1,"C",,,"Left",0,0,0,0,,0.9037
"0000000356",43,1,9,"Postgraduate","Married",1,"White collar",5,1,1,1,2,"Uppsala","Svealand",2,3,5,5,2,3,1,1,4,8,3,3,4,4,3,3,2,4,4,2,3,3,4,4,4,2,3,3,3,3,1,0,3,4,10,0,7,5,6,2,8,4,10,1,6,5,7,3,5,5,2,10,10,0,6,10,1,7,2,1,"S","S",0,"Left",0,0,1,0,1,0.7841
"0000002021",83,0,5,"No degree","Widowed",0,,2,1,1,0,3,"Skåne","Götaland",3,4,5,5,5,4,4,3,2,10,3,3,3,3,2,3,1,2,2,4,3,3,3,5,5,4,4,3,3,3,0,7,7,0,0,7,10,0,0,7,0,5,1,8,9,0,0,8,0,9,0,8,10,0,0,8,0,5,10,1,"M","M",0,"Right",0,1,0,1,2,0.821
"0000000913",56,0,,,"Married",0,"Worker",4,,1,0,2,"Jönköping","Götaland",3,5,5,3,2,1,1,2,1,10,3,3,3,3,3,3,2,3,3,5,4,3,3,5,5,2,3,,,,,6,1,0,9,0,4,6,6,2,7,4,10,2,6,7,8,3,8,5,4,8,9,1,5,9,3,6,3,1,"S","S",0,"Left",0,0,1,1,2,0.7712
"0000001372",40,0,5,"No degree","Divorced",0,"Worker",2,3,0,,2,"Västra Götaland","Götaland",2,1,2,,3,2,,4,,1,2,2,3,,,,,2,4,3,2,,2,,,4,4,5,4,,,,,,10,0,0,10,10,10,10,10,10,0,0,10,10,0,10,0,,,,,,,,,,,"S","S",0,"Left",0,0,1,,3,1.5423
"0000001940",71,0,2,"No degree","Divorced",0,,1,1,0,,2,"Västra Götaland","Götaland",,1,2,2,2,2,4,4,4,7,2,2,2,2,2,2,2,2,3,2,,2,3,4,5,3,4,3,3,3,,2,0,0,,6,,,,,,,,5,,,,,,,,5,,,,,,,5,,,,,,,,,0,,0.7541
"0000001324",52,1,3,"No degree","Single",,"Worker",5,2,1,0,1,"Södermanland","Svealand",,4,3,4,3,3,2,2,3,7,2,2,,3,2,2,2,3,3,2,,3,3,4,4,2,4,2,3,3,1,5,7,6,,,,,,,,,,,,,,,,,3,10,8,0,5,,4,,4,1,,,,,,,,,,1.0931
"0000000345",33,1,,,"Single",,,,,1,0,,"Skåne","Götaland",4,5,4,,,,2,3,3,6,,,,,,,,,,,,,,,,,,,,,,4,6,0,,,,,,,,,,,,,,,,,,,,,,,,,,,,,,,,,,,,1.073
"0000000347",43,1,8,"Postgraduate","Married",1,"White collar",5,1,1,0,2,"Dalarna","Svealand",3,4,5,,2,3,1,4,4,9,3,3,3,,3,,1,2,3,2,4,3,3,5,4,3,3,3,2,3,1,7,7,0,,,,,,,,,9,0,2,2,9,1,,,2,10,8,0,5,8,4,7,2,1,"S","S",0,"Left",0,0,1,0,2,0.7658
"0000001252",64,1,4,"No degree","Divorced",1,"Worker",1,2,1,0,2,"Uppsala","Svealand",2,5,5,5,1,1,1,1,1,9,4,4,4,3,3,3,1,3,2,3,4,4,3,5,,2,2,2,3,2,0,7,,,,,,,,,,,,,,,,,,,2,10,7,0,5,6,5,6,4,1,"S",,,"Left",0,0,1,1,1,0.9037
"0000002672",78,0,2,"No degree","Married",0,"Worker",2,4,1,0,2,"Jönköping","Götaland",2,3,4,2,3,1,1,1,1,8,3,3,2,3,3,3,2,3,4,3,3,3,3,4,3,3,4,4,4,3,1,5,0,0,10,7,6,8,7,6,6,6,9,9,8,7,8,6,5,6,1,9,9,1,2,9,4,7,2,1,"S","S",0,"Left",0,0,1,1,2,0.7541
"0000002624",91,0,,,"Widowed",,"Worker",,,1,,2,"Uppsala","Svealand",3,4,,,,5,,,5,8,,,,,,,,4,3,2,,3,3,5,5,,3,,3,,0,7,,,,,,,,,,,10,,,,,,,,0,,,,,,,,0,1,"S","S",0,"Left",0,0,1,1,1,0.7541
"0000001623",32,0,4,"No degree","Single",1,"Worker",2,1,1,0,1,"Kalmar","Götaland",2,3,3,5,4,3,1,1,5,5,2,2,3,2,2,2,3,2,3,2,4,3,2,3,3,2,2,3,3,3,0,2,0,0,4,9,1,2,3,6,0,2,4,10,1,2,1,7,0,3,4,8,6,2,2,7,3,3,8,1,"SD",,,"Right",1,1,0,1,2,1.6791
"0000002662",79,0,2,"No degree","Married",0,"Worker",2,2,1,0,3,"Stockholm","Svealand",2,3,5,5,3,1,1,3,3,8,3,3,3,3,2,2,2,3,3,2,3,3,3,5,5,2,2,1,,3,1,7,0,7,8,5,5,5,0,1,5,2,9,5,0,5,0,0,0,4,4,10,10,0,4,10,4,8,5,1,"S","SD",1,"Left",0,0,1,0,,1.1092
"0000001212",23,1,4,"No degree","Single",0,"Worker",3,1,1,0,2,"Västernorrland","Norrland",3,5,5,4,1,1,1,1,1,7,3,3,1,3,3,2,1,3,4,,4,3,3,3,5,1,,3,3,5,1,0,6,7,10,0,1,10,10,0,3,0,10,0,0,10,10,0,6,0,0,10,10,0,0,10,0,10,0,1,"C","V",1,"Left",0,0,0,1,3,1.7726
"0000002165",74,0,4,"No degree","Married",0,"White collar",1,4,1,1,1,"Västra Götaland","Götaland",4,4,5,4,1,4,1,1,1,10,3,3,3,3,3,2,2,3,2,2,3,3,3,5,4,2,2,2,3,2,0,7,7,7,6,0,9,5,10,8,4,6,8,1,9,6,10,5,5,6,0,10,10,0,4,6,2,5,6,1,"C","C",0,"Left",0,0,0,1,3,0.7541
"0000001781",71,1,3,"No degree","Widowed",0,"Worker",1,1,1,0,1,"Västra Götaland","Götaland",1,1,1,1,1,1,1,1,1,10,1,1,1,1,1,1,1,2,2,3,3,2,2,3,2,1,2,3,3,3,0,0,0,0,7,0,0,0,0,0,0,0,7,0,0,0,0,0,0,0,2,0,0,0,0,0,0,0,2,1,"S",,,"Left",0,0,1,0,1,0.8153
"0000001048",63,1,6,"No degree","Married",1,"White collar",3,3,1,0,1,"Gävleborg","Norrland",4,5,5,5,1,1,1,1,3,8,4,4,4,4,4,4,1,4,4,2,4,4,4,5,5,3,4,4,3,3,0,7,7,0,,,,,,,,,10,0,1,8,10,0,9,4,2,9,10,0,5,10,2,6,2,1,"MP","MP",0,"Left",0,0,0,1,3,0.9037
"0000000971",59,0,6,"No degree","Divorced",1,"White collar",2,1,0,,2,"Västra Götaland","Götaland",3,4,4,4,,,1,1,,8,2,3,3,3,3,3,3,2,4,2,2,3,3,4,4,3,4,4,4,5,1,1,1,,10,5,8,9,6,7,7,7,9,5,7,8,8,7,6,7,8,0,5,7,3,4,4,4,7,1,"S","S",0,"Left",0,0,1,0,2,0.91
"0000002335",67,0,6,"No degree","Married",0,"White collar",4,3,1,0,3,"Västra Götaland","Götaland",4,5,5,1,1,1,1,1,1,10,4,3,3,3,2,3,2,2,3,5,3,4,4,5,5,3,2,4,4,3,1,7,7,7,3,3,9,0,2,9,0,9,5,8,9,1,0,8,0,10,2,10,10,0,2,10,0,8,8,1,"L","KD",1,"Right",0,1,0,1,3,0.7541
"0000001664",26,0,4,"No degree","Single",1,"White collar",3,1,1,0,4,"Stockholm","Svealand",3,4,5,5,3,1,1,5,1,10,2,2,3,4,1,2,2,1,4,2,3,3,3,5,5,3,2,3,3,3,1,3,3,7,4,8,7,0,3,7,1,5,4,10,8,0,0,7,2,8,3,9,8,0,5,7,1,6,10,1,"SD","M",1,"Right",1,1,0,0,,1.275
"0000002363",80,0,2,"No degree","Married",0,"Worker",1,2,1,0,1,"Skåne","Götaland",3,4,5,4,4,3,3,4,5,8,3,3,3,2,2,3,2,3,3,3,4,3,3,4,4,3,3,4,4,3,1,1,0,0,10,0,2,6,7,0,6,5,10,0,0,3,7,0,5,5,5,10,10,1,5,10,4,5,5,1,"S","S",0,"Left",0,0,1,1,2,1.1092
"0000000525",57,0,8,"Postgraduate","Married",1,"White collar",5,2,1,0,1,"Uppsala","Svealand",2,4,4,5,3,2,2,4,1,8,3,3,3,4,3,3,1,3,3,2,4,4,3,5,4,3,2,3,3,3,1,7,7,0,3,5,8,0,5,9,1,7,5,5,7,1,7,8,3,5,4,10,10,0,5,8,2,7,8,1,"KD","KD",0,"Right",0,1,0,0,2,0.7712
"0000001690",58,0,6,"No degree","Married",1,"Worker",4,1,0,,3,"Västra Götaland","Götaland",4,4,4,3,4,3,1,3,5,4,3,3,3,4,2,2,2,3,4,4,4,4,4,4,1,2,4,2,3,4,1,2,7,7,9,0,5,10,9,0,6,1,10,0,5,10,9,0,1,0,0,10,5,0,1,10,1,10,0,1,"V","S",1,"Left",0,0,0,0,,0.91
"0000001474",53,0,4,"No degree","Married",0,"Self-employed",3,1,1,0,1,"Västra Götaland","Götaland",2,4,5,3,5,3,1,1,1,9,3,3,2,4,2,3,2,1,2,2,4,4,4,5,5,3,3,3,3,2,1,0,7,4,0,10,9,0,0,9,0,0,5,10,10,0,0,8,0,8,3,10,10,0,0,8,0,5,10,1,"SD","SD",0,"Right",1,1,0,1,3,1.1984
"0000001571",35,0,7,"Bachelor","Divorced",1,,2,1,0,1,4,"Skåne","Götaland",4,5,5,5,5,1,1,1,5,10,4,4,4,4,4,2,2,3,1,2,,4,4,5,5,3,3,1,1,1,1,7,7,7,9,3,7,10,8,5,4,6,9,3,7,10,8,5,4,6,5,10,10,0,5,10,5,5,5,1,,,,,,,,0,,1.275
"0000002135",52,1,8,"Postgraduate","Married",0,"White collar",3,1,1,0,3,"Stockholm","Svealand",4,5,5,3,1,1,1,1,3,10,3,4,3,4,3,4,2,3,4,2,4,4,4,5,5,2,3,2,3,3,1,1,0,7,9,0,0,10,4,0,9,5,10,0,1,9,5,0,10,6,5,10,10,0,8,10,3,9,0,1,"MP","V",1,"Left",0,0,0,1,2,0.7658
"0000002367",68,1,4,"No degree","Divorced",0,"Worker",1,1,1,0,3,"Västra Götaland","Götaland",4,4,5,4,2,1,1,1,5,9,3,3,3,3,2,3,1,3,3,3,4,4,3,4,5,2,3,1,4,3,1,7,4,0,9,0,5,9,7,1,8,5,10,0,0,9,5,1,8,5,2,9,10,0,4,8,3,5,1,1,"S","S",0,"Left",0,0,1,1,2,0.8153
"0000000633",24,0,4,"No degree","Single",1,"Worker",2,1,1,0,2,"Jämtland","Norrland",3,3,5,3,4,4,2,3,3,8,2,2,2,3,2,2,2,2,2,2,3,3,3,4,3,2,3,3,3,3,1,0,2,0,3,4,5,7,4,2,4,4,5,2,5,7,4,2,5,5,7,6,5,1,4,8,4,3,1,1,"V",,,"Left",0,0,0,1,2,1.7851
"0000000254",32,1,8,"Postgraduate","Married",1,,5,1,1,0,1,"Dalarna","Svealand",2,4,4,5,1,1,1,1,1,9,4,4,4,4,3,4,2,3,3,1,4,2,3,4,5,3,4,3,3,3,1,7,7,7,8,0,5,4,7,3,8,5,10,0,5,3,10,5,5,5,5,10,7,3,7,7,4,7,6,1,"MP","MP",0,"Left",0,0,0,0,2,1.073
"0000000959",45,0,9,"Postgraduate","Single",0,"Worker",5,1,1,0,3,"Stockholm","Svealand",4,5,3,5,1,3,1,5,1,1,1,1,4,4,1,1,1,1,1,1,4,1,2,4,5,1,1,2,2,3,0,0,7,0,1,1,2,1,1,1,1,1,0,0,0,0,0,0,0,0,4,4,4,4,4,4,4,4,10,1,"M","M",0,"Right",0,1,0,0,1,0.7712
"0000002214",75,0,4,"No degree","Divorced",0,"White collar",1,1,1,0,2,"Skåne","Götaland",3,5,5,1,1,1,1,1,1,10,4,4,4,4,4,3,1,2,3,3,3,3,4,5,5,3,3,4,4,4,0,2,2,0,3,7,10,0,6,10,0,8,3,5,10,0,2,9,0,8,2,7,10,0,2,10,0,7,8,1,"M","L",1,"Right",0,1,0,1,2,0.821
"0000001981",64,0,6,"No degree","Married",1,"Self-employed",1,4,0,,3,"Stockholm","Svealand",3,3,4,4,5,4,2,3,5,5,3,3,2,3,2,3,2,3,3,1,,1,3,5,3,3,2,3,4,1,1,3,7,0,10,2,4,10,7,5,5,3,10,2,3,10,9,0,2,3,7,10,10,1,3,7,3,9,5,1,,,,,,,,0,2,0.91
"0000002838",66,1,6,"No degree","Married",1,"White collar",1,1,1,0,2,"Västra Götaland","Götaland",3,3,,5,2,1,1,4,1,7,3,1,3,,1,2,1,4,4,1,,3,3,5,1,2,4,,,2,0,7,7,4,10,0,0,1,3,1,0,1,10,1,0,6,0,0,0,5,,,,,,,,,,1,"S","M",1,"Left",0,0,1,1,2,0.6191
"0000000941",31,1,,,"Single",,,,,1,0,,"Stockholm","Svealand",2,,,,,,,,,,,,,,,,,,,,,,,,,,,,,,,,,,,,,,,,,,,,,,,,,,,,,,,,,,,,,,,,,,,,,1.6674
"0000000398",37,1,8,"Postgraduate","Married",1,,3,1,1,0,2,"Dalarna","Svealand",3,5,5,4,2,1,1,1,1,8,3,3,3,3,2,3,2,3,3,3,3,3,3,5,5,2,3,2,2,3,1,1,4,7,9,0,1,10,5,0,10,5,10,0,0,9,8,0,5,5,3,10,10,0,4,9,0,5,2,1,"MP","V",1,"Left",0,0,0,1,2,1.073
"0000001239",37,1,8,"Postgraduate","Single",0,"Worker",4,2,1,0,1,"Halland","Götaland",2,4,5,5,1,3,3,4,2,7,3,3,3,3,3,3,2,3,3,1,4,2,3,4,5,2,2,3,2,3,1,4,7,4,9,0,5,5,8,3,5,3,9,0,3,4,8,2,5,5,2,7,7,0,4,9,4,7,3,1,"S","S",0,"Left",0,0,1,0,1,1.073
"0000000902",65,0,4,"No degree","Married",1,"White collar",3,2,1,0,1,"Örebro","Svealand",4,4,5,5,2,4,2,1,4,7,3,2,2,3,3,1,1,1,2,2,,3,2,4,4,3,1,1,1,3,1,0,7,0,0,8,,8,2,8,0,1,0,8,4,8,0,8,0,2,2,6,6,3,2,9,0,2,8,1,,,,,,,,0,,0.6234
"0000000355",55,0,9,"Postgraduate","Married",1,"White collar",3,6,1,0,2,"Västernorrland","Norrland",3,5,5,5,1,3,3,3,4,7,4,3,4,3,2,2,2,1,3,1,4,3,3,5,4,3,1,2,3,3,1,4,5,5,4,8,7,2,2,9,1,5,3,10,8,3,1,10,0,4,4,5,7,2,1,5,1,6,5,1,"KD","KD",0,"Right",0,1,0,1,1,0.7896
"0000002111",88,1,6,"No degree","Married",1,"White collar",3,2,1,0,2,"Örebro","Svealand",3,4,5,5,1,1,1,1,1,10,4,4,3,4,3,3,2,3,3,3,4,4,4,5,5,3,3,2,3,3,1,7,0,0,10,0,6,6,8,3,9,6,10,0,6,6,9,2,8,6,1,8,9,0,6,8,4,6,,1,"S","S",0,"Left",0,0,1,1,3,0.5247
"0000002044",81,1,2,"No degree","Married",,"Worker",2,2,1,0,2,"Västerbotten","Norrland",3,4,5,5,5,4,,,5,9,,3,,,,,,3,4,4,4,4,3,4,5,2,4,3,4,3,,5,,,10,0,1,7,7,0,7,6,10,2,1,7,8,0,8,4,4,10,9,5,3,10,2,,4,1,"S","S",0,"Left",0,0,1,1,2,0.7489
"0000001847",66,1,8,"Postgraduate","Married",1,"White collar",5,1,1,0,3,"Västra Götaland","Götaland",4,3,5,5,1,2,1,1,1,8,3,2,4,3,1,3,1,1,2,3,4,3,3,5,3,3,4,4,3,3,0,7,7,0,3,3,3,3,3,3,3,3,3,3,3,3,3,3,3,3,,,,,,,,,,1,"KD","KD",0,"Right",0,1,0,0,,0.5247
"0000002177",75,1,7,"Bachelor","Divorced",1,,2,1,1,0,4,"Örebro","Svealand",2,4,5,5,4,4,,,4,8,3,3,3,4,2,3,1,3,4,1,4,4,3,5,4,2,2,4,4,3,0,6,0,0,9,0,2,8,6,6,9,5,9,0,6,8,8,7,6,6,2,10,9,1,7,7,1,7,2,1,"S","S",0,"Left",0,0,1,1,2,0.5247
"0000002629",73,0,2,"No degree","Married",0,"White collar",1,1,1,0,2,"Södermanland","Svealand",3,5,5,5,1,4,,,,,,,,,,,,,,2,,,3,5,5,3,3,3,4,4,1,,1,1,2,9,6,3,4,5,0,3,3,10,5,2,1,5,0,3,4,10,10,,0,6,0,5,10,,,"SD",,,,,,1,3,1.0469
"0000001837",90,0,,,"Widowed",0,"White collar",1,,1,,2,"Västerbotten","Norrland",,4,5,5,5,1,1,1,1,8,3,3,2,4,3,4,1,3,3,5,4,3,3,5,5,,1,5,5,3,0,,0,0,10,5,5,7,5,5,10,5,10,8,,5,8,5,,5,4,5,10,0,5,10,0,10,,1,"S","S",0,"Left",0,0,1,1,3,0.821
"0000001368",56,0,5,"No degree","Single",1,"Worker",2,1,1,0,2,"Skåne","Götaland",3,5,5,5,1,5,1,1,4,8,3,3,3,3,2,3,1,3,3,2,4,3,3,5,5,2,3,2,4,1,1,7,7,0,6,0,1,9,6,1,10,2,5,0,0,8,7,0,9,1,5,10,10,0,6,9,2,8,1,1,"MP","MP",0,"Left",0,0,0,1,3,1.1984
"0000002371",69,1,4,"No degree","Married",0,"White collar",,2,1,1,1,"Västra Götaland","Götaland",2,3,5,4,3,2,2,,,8,4,4,2,3,3,3,2,,,,,3,3,5,3,,,,,,0,3,6,0,,,,,,,,,,,,,,,,,,,,,,,,,7,1,,,,,,,,0,,0.7489
"0000001700",42,0,4,"No degree","Single",1,"Worker",2,1,1,0,3,"Västra Götaland","Götaland",2,5,5,1,2,1,1,1,5,0,2,2,2,4,2,3,2,3,3,1,3,3,3,5,4,3,3,3,3,3,1,0,7,7,8,5,0,0,0,0,0,0,7,7,0,0,5,0,0,0,4,10,10,0,6,10,3,7,5,1,,"S",,,,,0,0,,1.1984
"0000001282",20,1,4,"No degree","Single",0,"Self-employed",5,1,1,0,2,"Södermanland","Svealand",3,4,5,4,1,1,1,4,3,9,3,3,3,4,3,3,3,3,3,2,4,2,4,4,5,3,3,2,2,3,1,4,7,5,10,0,6,2,9,1,6,7,10,0,7,7,10,0,5,6,6,5,9,0,7,10,3,7,6,1,"S",,,"Left",0,0,1,0,2,1.7726
"0000001496",81,0,8,"Postgraduate","Married",1,"White collar",2,3,1,0,2,"Västmanland","Svealand",3,4,5,5,1,1,1,2,3,10,4,2,4,4,3,3,2,2,2,3,4,4,4,5,4,3,4,2,2,3,0,6,1,0,5,2,8,3,10,6,3,6,9,5,6,3,10,6,3,8,3,9,8,0,5,7,2,5,5,1,"C","C",0,"Left",0,0,0,1,2,0.5283
"0000001389",44,1,5,"No degree","Single",0,"Worker",2,2,1,0,1,"Västra Götaland","Götaland",1,1,5,3,3,1,2,4,5,8,2,2,1,3,1,2,2,2,3,1,2,2,1,5,,1,3,4,3,1,1,0,7,7,,,,,,,,,,,,,,,,,,,,,,,,,,1,"S",,,"Left",0,0,1,0,1,1.1901
"0000001548",45,0,4,"No degree","Married",0,"White collar",2,1,1,1,1,"Skåne","Götaland",3,4,5,4,5,5,4,,5,6,2,2,2,3,3,1,1,1,3,2,4,4,3,5,5,2,2,4,4,4,0,2,7,7,0,0,10,4,6,6,4,6,6,0,10,0,0,3,5,0,3,6,10,2,1,3,1,4,8,1,"M","M",0,"Right",0,1,0,1,2,1.1984
"0000000921",60,1,3,"No degree","Married",1,"White collar",2,1,1,0,1,"Uppsala","Svealand",3,3,5,3,4,3,3,3,3,5,3,3,2,3,3,3,2,3,3,3,3,3,3,3,3,3,3,3,3,3,1,3,3,3,9,1,7,5,7,5,5,5,8,1,7,5,7,5,5,5,3,7,7,3,,7,3,3,3,1,"S","S",0,"Left",0,0,1,1,2,1.0931
"0000002814",76,0,2,"No degree","Single",0,"Worker",1,,1,0,2,"Örebro","Svealand",4,4,5,5,1,1,1,1,5,8,3,3,3,2,2,2,2,1,2,2,4,3,1,5,5,3,3,3,3,4,0,7,,,4,10,5,0,2,10,0,2,5,10,9,2,2,9,0,8,5,9,9,0,2,9,0,5,7,1,"SD","SD",0,"Right",1,1,0,0,2,1.1092
"0000002631",79,1,4,"No degree","Married",0,"White collar",2,1,1,0,2,"Skåne","Götaland",2,4,5,3,4,3,2,2,2,10,2,2,2,3,2,2,1,2,2,2,4,3,2,5,3,2,2,3,3,3,0,7,4,0,7,8,10,,,7,5,7,8,9,10,6,7,8,5,7,3,10,10,0,5,10,3,8,8,1,"M","M",0,"Right",0,1,0,0,2,0.7489
"0000000879",66,0,7,"Bachelor","Married",0,"Self-employed",2,1,1,0,1,"Västra Götaland","Götaland",3,4,5,5,1,2,1,1,5,9,3,3,3,3,3,3,2,2,3,2,3,3,4,5,4,3,2,3,3,3,1,7,7,7,4,4,10,3,8,7,2,8,7,5,9,5,8,8,2,7,4,9,8,1,7,7,2,6,8,1,"M","M",0,"Right",0,1,0,1,2,0.6234
"0000001675",23,1,,,"Single",1,"White collar",3,,1,0,3,"Västra Götaland","Götaland",3,4,4,4,1,2,1,3,4,7,3,3,2,4,3,3,1,2,2,1,4,4,3,5,4,3,2,3,3,2,1,4,3,7,3,8,10,3,5,4,3,10,4,6,10,5,8,2,3,8,2,10,8,0,3,9,0,7,7,1,"M","V",1,"Right",0,1,0,1,3,1.7726
"0000000704",75,1,8,"Postgraduate","Married",1,"Worker",1,1,1,,1,"Stockholm","Svealand",4,5,5,1,1,1,1,1,5,8,3,1,4,3,3,2,1,2,3,1,,3,4,5,5,2,1,3,3,3,0,6,7,7,5,0,3,9,5,1,7,3,1,0,3,8,10,0,0,5,6,8,10,3,5,5,3,7,5,1,,,,,,,,0,1,0.5247
"0000002259",80,1,3,"No degree","Married",0,"Worker",3,2,1,0,2,"Värmland","Svealand",2,3,5,4,5,4,,,4,8,3,3,3,3,2,2,2,4,3,3,4,3,3,5,4,2,2,2,4,3,0,4,0,2,8,0,6,4,2,5,6,6,10,3,7,6,6,4,8,5,,,,,,,,,,1,"S","S",0,"Left",0,0,1,0,1,0.7489
"0000002170",90,0,4,"No degree","Married",0,"Self-employed",1,3,1,0,4,"Stockholm","Svealand",,5,4,4,4,1,4,4,4,5,2,2,2,2,2,3,1,3,4,4,4,3,3,5,1,3,3,5,5,5,0,7,0,0,10,,,,,,,,10,,,,,,,,0,,,,,,,,,,"S","S",0,"Left",0,0,1,0,2,0.821
"0000002278",18,1,4,"No degree","Single",0,,1,1,1,1,,"Stockholm","Svealand",2,3,3,3,3,3,1,1,2,4,2,2,2,,2,3,3,2,2,2,3,3,2,3,3,2,2,3,3,3,1,1,1,7,9,0,4,9,9,0,9,3,8,0,4,8,8,0,8,8,7,0,3,8,8,0,9,3,10,1,"S",,,"Left",0,0,1,0,,2.2604
"0000000951",56,1,6,"No degree","Divorced",1,"Worker",2,1,1,0,1,"Östergötland","Götaland",2,3,3,3,3,3,2,2,2,7,3,3,3,3,3,2,2,3,3,2,4,4,3,4,4,3,4,2,3,3,0,4,0,0,9,5,5,5,8,5,8,5,10,6,3,7,8,5,8,6,8,2,2,2,8,2,8,2,7,1,"S","S",0,"Left",0,0,1,0,1,1.1901
"0000002839",34,0,4,"No degree","Single",0,,2,2,1,0,1,"Gävleborg","Norrland",4,5,4,4,2,1,4,3,1,8,3,3,2,4,3,3,2,1,2,1,4,3,4,4,5,3,2,2,3,4,1,5,5,7,5,1,10,1,7,6,0,10,5,5,8,1,4,7,0,9,4,6,9,0,5,8,0,8,9,1,"M","L",1,"Right",0,1,0,1,3,1.6791
"0000000554",66,1,6,"No degree","Divorced",1,"White collar",2,1,1,0,2,"Jönköping","Götaland",3,5,5,4,4,3,1,1,2,8,2,2,3,2,2,2,1,3,3,2,,4,3,3,5,1,2,2,3,3,1,7,7,7,6,0,0,9,4,0,7,2,6,0,0,9,6,0,8,0,5,10,10,2,6,10,4,9,,,,,,,,,,,2,0.8153
"0000002261",82,0,2,"No degree","Divorced",0,"Worker",1,1,1,0,2,"Örebro","Svealand",3,4,5,5,1,1,1,1,2,9,4,4,4,3,3,3,2,3,3,2,4,3,4,5,4,3,3,3,4,3,0,7,5,0,8,2,2,4,5,2,5,3,8,1,2,4,5,2,5,3,2,8,10,0,5,,,5,2,1,"S","S",0,"Left",0,0,1,1,2,1.1092
"0000002730",19,0,4,"No degree","Single",0,"Worker",2,2,1,0,1,"Jämtland","Norrland",2,3,5,4,3,4,1,4,4,6,3,3,3,3,2,2,2,2,3,3,,3,2,3,4,2,3,2,3,3,1,0,0,7,3,8,9,3,3,9,0,6,2,8,10,3,2,10,0,5,1,9,9,1,1,9,0,7,8,,,,,,,,,0,,1.7851
"0000001305",56,1,3,"No degree","Single",0,"Worker",1,1,1,0,1,"Norrbotten","Norrland",1,3,5,5,4,3,1,5,5,6,2,2,2,2,1,2,1,2,1,1,,3,2,3,2,2,2,3,3,3,1,0,0,3,1,6,6,5,5,6,0,5,5,5,5,5,5,5,5,5,5,5,5,5,5,5,5,5,5,1,,,,,,,,0,,1.1901
"0000000132",41,1,6,"No degree","Married",0,"White collar",4,1,1,0,2,"Västerbotten","Norrland",3,5,5,4,2,1,1,5,4,9,2,2,3,4,3,3,1,4,4,2,4,4,3,4,3,1,4,5,5,3,1,1,,,10,0,0,7,10,0,8,2,,,,,,,,,3,10,10,0,4,10,3,8,1,1,"S","S",0,"Left",0,0,1,0,2,0.7658
"0000001611",39,0,4,"No degree","Single",1,"Worker",4,1,1,0,2,"Halland","Götaland",3,4,5,5,1,1,2,5,4,9,2,1,3,3,2,3,1,3,3,2,2,1,3,5,2,2,3,2,3,3,0,7,7,0,0,0,0,0,0,0,0,0,5,0,0,5,8,0,5,5,4,10,8,0,6,9,1,6,3,1,"S",,,"Left",0,0,1,0,1,1.6791
"0000001080",45,1,5,"No degree","Single",1,"White collar",5,1,1,0,1,"Uppsala","Svealand",3,2,4,1,1,5,1,1,1,6,3,3,2,3,2,1,1,2,3,2,4,3,2,5,2,2,3,4,4,3,1,6,7,7,6,9,8,0,1,5,0,5,7,10,8,0,0,5,0,0,5,7,8,1,5,6,1,6,7,1,"SD","M",1,"Right",1,1,0,1,2,1.1901
"0000001415",49,0,4,"No degree","Married",1,,4,1,1,,2,"Örebro","Svealand",3,3,5,4,3,1,1,4,,10,3,3,2,3,2,3,2,3,3,2,3,3,3,4,5,2,3,3,3,2,1,2,5,2,8,0,1,6,6,0,5,1,9,0,1,5,8,1,5,5,1,10,10,0,5,9,5,7,2,1,"S","S",0,"Left",0,0,1,1,2,1.1984
"0000000462",32,1,7,"Bachelor","Single",1,"Worker",4,1,1,0,1,"Kalmar","Götaland",3,5,5,1,4,3,1,4,4,3,3,3,2,4,2,2,2,3,2,1,2,1,3,2,4,2,1,1,2,1,1,6,3,5,6,7,8,2,6,8,1,6,10,6,6,1,4,8,6,2,3,10,9,1,2,7,1,9,7,1,"SD","L",1,"Right",1,1,0,0,1,1.073
"0000001778",71,0,7,"Bachelor","Married",0,"White collar",5,1,1,0,1,"Södermanland","Svealand",3,4,5,3,4,3,4,4,2,9,4,3,2,2,3,3,1,2,2,3,3,3,3,5,4,3,3,2,4,3,,2,5,1,5,3,9,5,5,10,0,9,8,7,7,7,7,10,0,8,3,5,9,1,4,8,0,6,8,1,"KD","M",1,"Right",0,1,0,1,2,0.5283
"0000002150",68,1,3,"No degree","Widowed",0,,1,2,0,,2,"Stockholm","Svealand",1,2,2,2,2,2,4,4,4,2,2,2,2,2,2,2,2,1,1,2,,2,2,2,1,2,2,2,2,2,1,1,1,1,3,3,3,3,3,3,3,3,3,3,3,3,3,3,3,3,2,2,2,2,2,2,2,2,2,,,,,,,,,0,,1.0396
"0000000788",46,0,6,"No degree","Single",1,"White collar",3,1,1,0,2,"Västra Götaland","Götaland",2,5,5,5,4,4,2,2,2,9,3,2,3,4,1,3,2,1,2,2,4,2,4,5,5,3,1,2,3,2,1,1,3,1,6,8,10,0,0,8,0,5,9,10,10,0,0,9,0,9,5,6,10,0,2,9,0,7,8,1,"M","M",0,"Right",0,1,0,1,3,0.91
"0000000727",51,0,7,"Bachelor","Single",1,"White collar",2,3,1,1,3,"Stockholm","Svealand",3,5,5,4,4,4,2,4,4,7,3,3,2,3,3,2,2,3,3,2,4,4,3,4,3,3,2,3,4,3,1,7,7,1,8,9,7,1,1,1,0,2,9,8,5,4,1,2,0,2,7,6,10,1,4,8,1,5,6,1,"SD","SD",0,"Right",1,1,0,1,2,0.7712
"0000000405",62,0,8,"Postgraduate","Divorced",0,"White collar",3,1,1,0,1,"Kalmar","Götaland",4,5,5,5,5,1,3,4,3,8,4,3,4,4,3,4,2,2,2,3,3,4,4,5,5,3,4,1,4,4,1,7,7,5,5,8,8,8,5,8,5,5,6,8,7,8,5,9,6,7,3,8,8,2,2,6,1,8,6,1,"KD","M",1,"Right",0,1,0,1,2,0.91
"0000002246",36,0,3,"No degree","Single",0,,1,1,1,0,2,"Västmanland","Svealand",1,5,1,5,3,3,2,4,3,7,2,2,2,3,1,2,1,2,4,2,,2,2,3,2,3,3,4,4,3,1,0,7,0,5,5,5,0,0,0,0,5,5,5,5,0,0,0,0,5,4,5,6,1,4,6,0,5,5,0,,,,,,,,0,,2.1412
"0000002671",71,0,4,"No degree","Single",1,"Farmer",1,2,1,0,1,"Kalmar","Götaland",3,4,4,5,2,1,4,4,4,8,2,1,2,3,2,3,1,2,3,1,,4,3,4,4,3,3,3,3,3,1,7,,,1,8,8,0,4,5,0,4,2,10,8,2,5,9,0,2,2,10,10,0,4,2,2,2,8,1,,,,,,,,0,1,0.6234
"0000001906",81,1,2,"No degree","Married",1,"Worker",2,2,1,,2,"Kalmar","Götaland",3,4,3,3,3,3,,,5,7,,3,,,,,,3,3,2,3,3,3,4,5,3,3,3,,3,1,5,0,0,9,8,5,7,7,7,7,7,10,8,5,,7,5,6,7,5,5,9,3,,7,3,,5,1,"S","S",0,"Left",0,0,1,0,2,1.1014
"0000001521",52,0,4,"No degree","Divorced",0,"Worker",1,3,0,,2,"Skåne","Götaland",1,2,,,,,4,,,6,,,,,,,,,,2,,3,3,4,,2,3,1,1,1,1,0,0,0,10,0,6,10,10,0,10,0,10,0,,10,10,1,,,,,,,,,,,,0,,,,,,,,0,3,1.6191
"0000001069",51,1,8,"Postgraduate","Married",0,"Self-employed",5,1,1,0,4,"Västra Götaland","Götaland",4,5,5,5,1,2,1,1,3,8,3,3,3,3,3,2,2,1,2,2,3,4,3,4,5,4,3,3,3,3,1,2,7,7,1,9,9,0,2,9,1,7,2,9,9,3,0,9,0,8,2,7,8,0,4,7,2,6,9,1,"SD","M",1,"Right",1,1,0,1,2,0.9037
"0000001657",51,0,4,"No degree","Divorced",0,"Self-employed",2,1,1,0,1,"Skåne","Götaland",2,3,5,5,3,3,4,1,3,1,1,1,1,3,2,1,2,1,1,1,3,3,1,2,3,2,1,2,1,2,0,2,4,7,3,8,6,3,3,5,0,5,3,10,6,0,0,4,5,5,0,9,9,0,2,7,0,7,8,1,"SD","SD",0,"Right",1,1,0,1,2,1.1984
"0000002782",18,0,3,"No degree","Single",0,"Worker",1,1,1,0,,"Västerbotten","Norrland",1,5,5,5,5,1,3,3,3,10,4,4,3,3,4,1,1,1,1,3,4,2,3,5,5,4,4,3,3,3,1,0,0,0,0,10,10,0,0,10,0,0,0,10,10,0,5,10,0,0,4,10,9,0,5,8,0,4,10,1,"SD",,,"Right",1,1,0,0,3,2.2763
"0000000380",55,1,6,"No degree","Married",1,"Worker",2,1,1,0,1,"Västra Götaland","Götaland",2,4,5,3,4,3,3,3,5,9,2,2,3,2,2,3,2,3,3,2,3,3,3,5,3,3,4,4,5,3,1,1,0,0,9,6,8,6,6,6,6,6,8,5,7,5,3,4,5,5,5,9,7,3,5,5,2,5,5,1,"S","M",1,"Left",0,0,1,0,2,0.9037
"0000000342",55,1,7,"Bachelor","Married",1,"White collar",3,1,1,0,2,"Västerbotten","Norrland",4,5,5,5,3,1,1,3,3,8,3,3,4,4,2,4,1,3,4,2,4,4,3,4,5,1,2,3,3,3,1,3,3,7,8,0,2,10,2,0,8,5,10,0,2,10,0,0,5,5,3,10,10,0,8,10,1,8,0,1,"V","V",0,"Left",0,0,0,1,3,0.7658
"0000002392",81,0,3,"No degree","Married",0,,1,1,1,,2,"Blekinge","Götaland",3,5,5,3,3,3,1,1,1,9,4,4,2,4,4,2,1,2,1,3,,3,2,4,4,3,3,3,2,2,1,3,4,0,5,5,5,5,5,5,5,5,5,5,5,5,5,5,5,5,5,5,5,5,5,5,5,5,5,1,,,,,,,,0,,0.821
"0000001684",58,0,6,"No degree","Divorced",0,"Worker",2,1,0,,1,"Dalarna","Svealand",2,4,5,5,2,3,1,1,5,9,3,2,4,4,2,2,1,2,3,3,,4,4,5,3,2,3,3,2,2,1,1,1,1,5,7,5,5,5,5,5,5,5,9,5,5,5,5,5,5,,7,,0,5,7,6,7,4,0,,"S",,,,,,0,,0.91
"0000001360",20,1,6,"No degree","Single",0,"Worker",,1,1,0,3,"Örebro","Svealand",2,4,5,3,3,1,1,2,2,8,3,3,2,3,2,3,2,2,3,4,,3,3,4,4,2,3,2,3,2,1,5,5,7,9,0,9,3,5,1,5,5,9,0,8,5,5,0,5,5,3,10,7,0,3,10,2,6,5,1,,,,,,,,0,2,1.346
"0000000006",43,0,8,"Postgraduate","Single",1,"White collar",3,2,1,0,2,"Västernorrland","Norrland",2,4,4,4,3,2,4,3,2,8,3,3,3,4,3,3,2,3,2,2,3,3,3,5,4,3,3,2,3,3,1,4,7,7,6,0,8,3,9,6,4,6,6,1,8,1,9,4,2,5,5,8,7,1,6,8,1,6,6,1,"C","C",0,"Left",0,0,0,0,1,0.7712
"0000000702",45,0,5,"No degree","Single",0,"Self-employed",2,1,1,1,4,"Skåne","Götaland",2,2,5,5,1,1,1,4,3,9,2,2,3,4,2,3,1,3,3,2,2,3,3,5,4,2,3,2,2,1,1,1,1,7,8,0,0,6,2,0,8,2,9,0,2,5,2,2,5,5,2,10,9,1,7,8,3,7,3,1,"MP","MP",0,"Left",0,0,0,0,1,1.1984
"0000001738",51,0,5,"No degree","Single",1,"Worker",1,6,1,0,2,"Stockholm","Svealand",2,5,5,5,1,3,1,1,5,7,3,1,1,3,2,2,2,1,2,1,4,2,2,5,3,1,2,2,1,3,1,3,7,0,3,10,7,5,0,9,0,7,0,10,7,5,0,6,0,5,0,7,5,3,0,9,0,7,5,1,"SD","KD",1,"Right",1,1,0,0,2,1.1008
"0000002380",73,0,3,"No degree","Married",0,"Worker",2,1,1,0,1,"Dalarna","Svealand",2,3,5,,,,2,,,8,2,,,,,2,,2,3,3,,2,3,4,3,3,3,3,,,1,5,7,,0,0,2,0,2,0,0,1,6,0,0,0,0,0,0,1,5,9,10,0,4,8,4,7,5,0,,,,,,,,0,2,0.7541
"0000002222",64,0,6,"No degree","Married",0,"White collar",2,1,0,1,4,"Uppsala","Svealand",4,5,5,1,1,2,1,1,2,7,4,4,3,3,3,2,2,2,2,1,3,4,3,3,4,3,3,2,3,2,1,5,3,0,3,9,9,0,2,7,0,3,7,9,7,0,1,8,0,5,3,7,8,0,4,8,1,4,7,1,"SD","M",1,"Right",1,1,0,1,2,0.91
"0000002520",74,1,2,"No degree","Married",0,"Worker",2,1,1,0,1,"Skåne","Götaland",3,5,,,5,,,,5,7,3,2,1,4,2,2,2,2,3,1,4,3,4,5,2,3,4,5,4,5,1,4,,,7,10,9,3,2,8,3,6,7,10,9,3,2,8,3,6,8,10,7,4,1,6,1,5,7,1,"SD","SD",0,"Right",1,1,0,1,1,1.1014
"0000000241",42,0,9,"Postgraduate","Single",1,"White collar",5,3,1,0,2,"Västerbotten","Norrland",1,1,2,4,3,3,1,4,1,8,3,3,3,3,2,3,2,3,3,2,3,3,3,5,4,3,2,3,3,3,0,0,1,3,5,0,0,8,2,0,7,2,5,5,5,5,5,5,5,5,5,6,8,2,7,8,2,7,3,1,"V",,,"Left",0,0,0,0,,0.7896
"0000002381",70,0,2,"No degree","Divorced",0,"Worker",1,1,1,0,1,"Jönköping","Götaland",2,3,5,5,2,1,1,3,5,8,3,2,3,3,2,2,1,3,3,1,3,3,3,5,3,2,2,2,4,3,0,7,,,10,0,1,6,3,0,0,2,10,0,1,6,3,0,0,3,0,10,10,3,9,10,2,10,1,1,"S","S",0,"Left",0,0,1,1,3,0.7541
"0000000137",31,1,8,"Postgraduate","Single",1,"White collar",5,1,1,0,4,"Västra Götaland","Götaland",3,5,5,5,1,1,3,3,4,6,3,2,2,3,3,3,2,3,,2,3,3,3,3,4,3,4,2,3,3,1,2,1,1,8,1,5,6,8,2,8,6,10,3,5,7,10,3,6,5,3,5,8,0,5,9,1,6,5,1,"S","C",1,"Left",0,0,1,0,,1.073
"0000001598",59,0,3,"No degree","Married",1,"Worker",3,3,1,0,2,"Halland","Götaland",2,3,5,5,1,1,2,2,1,9,4,3,3,3,2,3,1,3,3,2,3,3,4,5,5,3,4,3,5,3,1,6,7,0,5,4,9,3,4,6,2,7,,,,,,,,,0,8,10,0,3,9,1,7,7,1,"M","M",0,"Right",0,1,0,0,1,1.5282
"0000002691",80,0,9,"Postgraduate","Married",1,"Self-employed",4,1,1,,2,"Uppsala","Svealand",4,5,5,5,1,4,1,1,4,7,4,2,4,3,2,3,1,2,1,1,2,3,1,5,5,1,1,2,1,3,1,7,7,0,3,5,7,3,3,5,0,5,4,5,7,3,3,5,0,5,3,10,7,0,3,5,0,5,6,1,"M","M",0,"Right",0,1,0,0,1,0.5409
"0000001041",57,0,,,"Single",,,,,1,0,,"Södermanland","Svealand",2,3,,,,,,,,,,,,,,,,,,,,,,,,,,,,,,7,,,,,,,,,,,,,,,,,,,,,,,,,,,,,,,,,,,,,,1.1008
"0000000059",54,0,6,"No degree","Divorced",1,"White collar",5,2,1,0,3,"Skåne","Götaland",3,5,5,5,4,3,1,4,3,7,3,3,3,2,2,2,2,2,3,2,3,4,4,5,5,3,3,4,3,4,1,7,7,7,5,8,8,2,5,8,0,6,4,8,5,6,2,8,0,6,4,8,9,2,5,9,1,8,9,1,"KD","KD",0,"Right",0,1,0,0,2,1.1984
"0000001711",44,0,4,"No degree","Single",0,"Self-employed",3,1,1,0,1,"Dalarna","Svealand",3,5,5,5,4,3,3,3,3,8,3,3,3,,3,2,2,2,2,2,4,4,3,5,5,3,2,3,3,2,1,5,0,7,3,7,9,0,3,9,0,,5,9,9,0,0,10,0,5,3,9,8,0,4,8,2,5,8,1,"KD","M",1,"Right",0,1,0,1,2,1.1984
"0000000449",63,1,6,"No degree","Married",1,"White collar",4,2,1,0,2,"Värmland","Svealand",3,4,5,4,2,1,1,1,2,6,3,3,3,3,3,3,2,4,4,3,3,3,3,5,4,2,3,4,4,3,0,5,7,7,10,0,,,8,0,9,1,10,0,0,9,9,0,9,2,2,8,10,0,4,10,3,8,2,1,"S","S",0,"Left",0,0,1,1,3,0.9037
"0000000536",35,0,8,"Postgraduate","Married",1,"White collar",5,3,1,0,3,"Västra Götaland","Götaland",2,5,5,5,1,1,1,3,1,9,4,4,4,4,4,4,3,4,4,2,4,4,4,5,5,2,3,2,3,3,1,0,,,8,0,2,4,9,2,6,5,9,0,4,6,10,1,5,5,4,10,7,1,5,6,3,6,5,1,"C","C",0,"Left",0,0,0,0,2,1.0805
"0000001275",58,0,4,"No degree","Married",,"White collar",1,1,0,,1,"Västra Götaland","Götaland",3,2,5,5,5,4,2,5,5,7,3,2,2,3,2,2,2,2,3,2,2,2,3,5,1,2,3,4,5,2,1,5,7,7,9,3,6,8,7,3,8,6,8,2,6,6,7,6,,5,1,10,5,1,7,9,2,1,,1,"S",,,"Left",0,0,1,1,2,1.1008
"0000001807",79,1,5,"No degree","Married",0,"White collar",3,2,1,0,2,"Skåne","Götaland",2,5,5,5,5,4,4,4,1,9,2,2,2,3,2,3,2,2,3,3,4,,4,5,5,3,2,3,3,3,1,5,4,7,1,10,10,0,0,8,0,2,6,10,9,0,0,9,0,0,1,9,10,0,2,9,0,5,10,1,"SD","M",1,"Right",1,1,0,1,1,0.7489
"0000000139",34,1,7,"Bachelor","Single",0,"White collar",5,1,1,1,3,"Stockholm","Svealand",1,2,5,3,4,3,4,2,2,9,3,3,3,4,2,3,2,3,4,2,3,3,3,5,,3,4,2,3,4,1,0,1,7,,,,,,,,,,,,,,,,,2,10,8,0,5,7,4,7,8,1,"M",,,"Right",0,1,0,0,1,1.073
"0000002311",69,0,8,"Postgraduate","Single",0,"White collar",1,2,1,0,1,"Västmanland","Svealand",4,5,5,5,4,5,2,2,4,4,2,2,2,3,2,2,2,2,1,1,2,2,2,3,2,2,2,3,1,3,1,7,7,7,1,8,7,1,1,7,0,4,1,9,7,0,0,8,0,5,5,9,7,3,5,8,2,5,6,1,"SD",,,"Right",1,1,0,0,,0.6234
"0000002059",77,1,8,"Postgraduate","Widowed",1,,3,1,1,0,4,"Stockholm","Svealand",3,5,5,4,2,2,3,4,2,7,2,2,2,3,2,2,1,1,1,2,3,3,3,4,4,2,,3,3,3,0,5,1,0,2,2,9,3,5,,,7,6,6,8,4,3,6,3,6,2,10,8,1,3,9,3,6,8,1,"M","M",0,"Right",0,1,0,0,2,0.5247
"0000002011",80,1,8,"Postgraduate","Divorced",0,"White collar",1,1,1,0,,"Västerbotten","Norrland",3,5,5,4,1,1,1,2,2,10,4,4,3,3,3,3,1,3,3,2,4,4,4,5,4,2,2,,3,3,,0,,0,8,0,4,7,8,3,9,6,7,0,5,5,9,3,7,5,3,,8,2,,8,4,6,,1,"MP","V",1,"Left",0,0,0,0,,0.5247
"0000002207",74,0,8,"Postgraduate","Divorced",1,"White collar",5,1,1,0,3,"Östergötland","Götaland",4,5,5,4,1,3,1,2,,10,3,3,4,3,3,4,2,3,3,2,4,3,4,5,5,3,3,3,3,3,1,6,,,8,0,2,4,7,1,6,3,9,0,1,4,7,0,8,5,3,10,8,1,5,9,,6,4,1,"MP","S",1,"Left",0,0,0,1,1,0.5283
"0000001228",39,1,5,"No degree","Divorced",1,"Worker",2,1,1,0,4,"Uppsala","Svealand",3,5,3,4,4,3,1,2,1,5,2,3,1,3,2,2,1,3,4,1,,4,3,4,5,2,2,3,3,2,1,0,2,0,5,5,5,0,1,0,4,1,0,0,0,0,0,0,0,0,1,7,10,0,4,10,2,8,6,1,,"S",,,,,,0,2,1.6674
"0000000734",67,1,,,"Married",1,"White collar",2,,1,0,2,"Södermanland","Svealand",3,4,5,5,1,1,,,,,,,,,,,,,,2,,,4,5,5,1,2,4,4,3,0,2,1,0,10,0,1,5,5,1,6,6,10,0,0,5,5,1,5,5,5,10,9,3,5,,,7,5,,,"S",,,,,,1,2,0.5247
"0000002673",37,1,4,"No degree","Single",0,"Worker",1,1,1,1,4,"Uppsala","Svealand",3,5,5,5,2,3,2,3,4,8,3,3,3,3,3,3,2,2,2,1,3,3,3,4,4,,2,3,3,3,1,1,7,2,5,5,7,4,5,5,4,6,7,6,8,6,5,4,5,6,5,9,8,0,5,8,2,,7,1,,"M",,,,,0,1,2,1.6674
"0000002387",87,0,8,"Postgraduate","Widowed",0,"White collar",3,1,1,0,3,"Stockholm","Svealand",3,5,4,5,4,3,2,4,2,8,3,3,3,3,2,3,,2,3,2,4,,3,4,4,3,3,4,4,3,0,7,0,0,8,7,8,6,6,4,3,7,9,8,8,7,6,4,4,7,2,8,9,0,4,8,1,7,8,1,"M","M",0,"Right",0,1,0,0,2,0.5283
"0000002388",82,1,2,"No degree","Widowed",0,"Farmer",1,4,1,0,1,"Västerbotten","Norrland",2,3,5,2,2,2,1,1,1,10,3,3,3,3,3,3,2,2,3,3,3,3,3,5,5,2,3,3,4,4,1,5,0,0,0,0,10,0,2,9,0,6,0,5,10,0,2,10,0,6,2,10,9,0,3,9,3,5,8,1,"M","M",0,"Right",0,1,0,1,,1.1014
"0000000912",43,1,8,"Postgraduate","Single",1,"White collar",2,1,0,,4,"Västra Götaland","Götaland",3,4,5,5,3,1,1,3,3,7,3,3,3,3,3,2,2,3,3,5,4,4,2,5,5,2,3,3,3,4,1,,3,,5,0,0,10,1,0,10,0,5,0,0,7,0,0,7,5,4,8,10,0,7,7,1,9,0,1,"V","MP",1,"Left",0,0,0,0,2,0.7658
"0000001091",54,1,7,"Bachelor","Married",1,"White collar",3,1,1,0,4,"Stockholm","Svealand",3,4,5,5,1,1,1,4,2,9,4,4,4,3,4,4,2,3,4,1,4,4,3,5,3,2,3,2,4,3,1,2,7,7,8,5,3,4,5,5,5,5,10,7,8,5,5,5,5,5,3,9,8,0,5,8,3,7,3,1,"S","S",0,"Left",0,0,1,1,3,0.7658
"0000001001",52,1,6,"No degree","Single",0,"Worker",,1,1,0,1,"Jönköping","Götaland",2,2,5,4,2,3,3,3,4,9,3,2,3,4,,4,3,,2,2,3,4,3,5,2,,3,4,2,3,1,1,0,7,3,7,9,1,8,6,1,6,8,9,9,1,10,8,2,9,1,10,9,0,5,8,2,9,,1,"KD","M",1,"Right",0,1,0,0,1,1.1901
"0000001336",62,1,3,"No degree","Married",,"Worker",2,1,1,,1,"Skåne","Götaland",2,3,5,5,2,1,3,3,3,6,2,2,3,4,2,4,3,3,3,1,4,3,2,5,1,2,2,,,,,7,3,3,7,9,7,5,5,5,0,3,7,9,7,2,5,5,5,2,5,5,5,5,5,5,5,5,,1,"SD","SD",0,"Right",1,1,0,,2,1.0931
"0000000652",49,1,8,"Postgraduate","Married",1,"White collar",5,2,1,0,4,"Skåne","Götaland",3,4,4,5,1,1,1,2,2,9,4,4,4,4,3,3,1,3,3,2,4,4,4,5,5,1,3,2,3,3,,1,6,6,7,0,1,9,4,1,8,3,8,0,0,7,6,0,8,4,4,9,10,1,8,10,3,7,1,1,"V","V",0,"Left",0,0,0,1,2,0.7658
"0000001568",21,1,6,"No degree","Single",,"Worker",,3,1,0,1,"Kalmar","Götaland",,,,,,,1,4,3,8,4,4,4,4,2,4,1,4,4,1,4,3,4,5,5,1,,1,2,3,1,,,,7,0,0,0,6,0,5,2,8,0,0,0,8,0,7,0,3,10,9,0,4,10,5,7,2,1,"S",,,"Left",0,0,1,,,1.346
"0000002058",75,1,2,"No degree","Married",0,"Worker",1,1,1,0,1,"Västra Götaland","Götaland",2,3,3,5,1,1,3,3,3,6,2,1,3,2,2,3,1,2,2,2,,1,2,4,5,2,4,5,3,2,0,,3,7,8,10,8,0,0,8,,6,8,10,,0,,8,0,6,6,6,10,3,7,7,3,5,8,,,,,,,,,0,,0.7489
"0000001147",51,1,4,"No degree","Single",0,"Worker",2,3,1,1,2,"Västernorrland","Norrland",2,4,5,,,,4,,,8,2,2,2,2,2,,,4,4,1,4,3,3,5,4,2,2,3,4,2,1,3,,,10,0,0,8,7,0,9,0,10,0,0,9,9,0,9,0,0,10,10,0,6,10,3,7,1,1,"S","S",0,"Left",0,0,1,1,2,1.1901
"0000001100",29,1,5,"No degree","Single",1,"White collar",4,1,1,1,3,"Stockholm","Svealand",4,5,5,,,,,4,,6,2,2,2,4,2,4,1,3,3,,4,2,3,5,5,1,3,3,3,2,1,5,7,5,7,0,0,9,5,0,10,0,4,0,0,10,10,0,10,0,3,10,10,0,5,10,0,10,0,1,"MP","MP",0,"Left",0,0,0,0,2,1.5316
"0000000754",50,0,4,"No degree","Married",0,,5,1,1,0,1,"Västra Götaland","Götaland",4,5,5,1,1,1,1,1,1,10,4,4,4,4,4,4,3,3,3,4,4,4,4,5,5,2,4,3,3,3,1,7,7,7,6,0,5,1,10,5,2,6,8,0,5,2,10,4,2,5,2,10,8,0,5,7,1,7,6,1,"C","C",0,"Left",0,0,0,1,3,0.91
"0000001193",61,1,3,"No degree","Widowed",1,"Worker",2,1,1,0,1,"Halland","Götaland",3,5,5,5,1,1,1,3,4,10,2,2,3,3,2,2,2,3,3,3,4,4,3,5,5,2,2,3,3,3,0,7,7,7,10,5,5,5,5,0,0,0,10,9,9,0,0,0,0,0,0,10,10,0,10,10,0,5,0,1,"S","S",0,"Left",0,0,1,1,3,1.0931
"0000000630",63,0,8,"Postgraduate","Widowed",0,"White collar",4,1,1,0,2,"Dalarna","Svealand",3,5,5,4,1,1,1,2,2,8,4,3,3,3,3,3,2,3,3,2,4,3,3,5,5,2,3,2,3,3,1,7,7,6,6,1,6,2,9,6,5,7,9,8,6,3,9,6,4,6,5,5,9,0,6,8,2,7,5,1,"C","C",0,"Left",0,0,0,1,2,0.7712
"0000000181",29,0,8,"Postgraduate","Single",0,"White collar",2,1,1,0,2,"Östergötland","Götaland",4,5,4,5,4,4,4,4,4,9,3,3,3,3,3,3,3,1,2,1,,2,2,5,4,3,3,2,3,3,1,1,6,4,4,8,9,0,5,9,0,8,7,9,9,7,2,9,0,9,4,7,9,0,5,9,1,7,8,1,,,,,,,,0,2,1.0805
"0000002236",75,0,5,"No degree","Married",0,"White collar",3,1,1,0,2,"Stockholm","Svealand",3,4,5,3,2,2,1,3,3,9,3,3,3,3,3,3,2,3,3,3,3,3,3,5,4,2,3,4,4,4,0,7,7,4,8,2,1,4,4,2,8,4,9,6,1,4,4,1,7,7,3,6,10,0,8,8,2,6,3,1,"S","S",0,"Left",0,0,1,1,,0.6234
"0000001194",18,1,3,"No degree","Single",0,,5,2,1,0,2,"Västra Götaland","Götaland",2,4,5,4,2,3,2,4,2,6,3,2,2,3,2,3,2,3,3,3,3,3,3,4,4,3,3,2,3,3,1,7,4,7,9,0,5,6,7,2,7,6,9,0,6,4,7,2,4,5,3,10,8,1,4,9,4,7,,1,"S",,,"Left",0,0,1,1,2,2.2604
"0000002394",78,1,3,"No degree","Widowed",1,"Worker",,2,1,0,1,"Gävleborg","Norrland",3,4,5,5,1,,1,3,3,8,3,3,2,3,2,2,1,3,4,3,4,3,3,4,3,3,4,4,5,3,1,7,,,10,0,2,7,8,0,6,4,10,0,2,7,8,0,6,4,4,10,10,1,6,10,3,10,4,1,"S","KD",1,"Left",0,0,1,0,1,0.7489
"0000002574",83,1,6,"No degree","Married",0,"White collar",3,,1,0,3,"Stockholm","Svealand",,4,5,5,4,3,1,4,1,6,3,3,3,3,2,3,,3,3,2,,2,3,5,4,2,2,,,,1,4,1,0,5,0,2,0,8,0,8,8,9,0,8,0,8,0,8,9,,,,,,,,,,1,"C","L",1,"Left",0,0,0,0,1,0.7489
"0000002744",76,0,7,"Bachelor","Married",,"White collar",3,2,1,0,2,"Skåne","Götaland",3,4,5,3,3,1,1,1,1,8,3,3,3,3,3,3,2,2,2,2,,3,3,5,4,2,4,4,4,3,0,7,7,0,5,7,9,1,5,7,5,7,8,7,7,5,5,7,5,7,5,9,9,2,6,7,4,7,8,1,,,,,,,,0,2,0.5283
"0000000963",65,1,5,"No degree","Married",0,"Worker",2,1,0,,1,"Västra Götaland","Götaland",2,2,5,3,3,3,1,1,1,9,3,3,3,3,2,3,1,3,2,2,4,4,3,5,5,2,3,2,3,3,1,4,0,0,8,1,9,1,5,6,1,5,8,6,9,1,5,6,1,5,3,8,10,0,6,7,3,7,8,1,"M","KD",1,"Right",0,1,0,0,,0.7489
"0000000703",54,0,8,"Postgraduate","Single",0,,3,3,1,0,3,"Stockholm","Svealand",3,4,5,4,1,2,1,4,4,9,3,3,3,4,2,4,1,3,4,2,3,2,3,4,4,2,3,2,3,3,0,4,2,5,8,1,2,9,5,2,9,4,9,1,1,9,5,1,7,4,4,8,9,1,6,9,2,6,2,1,"MP","V",1,"Left",0,0,0,1,2,0.7712
"0000002430",43,0,6,"No degree","Single",0,"White collar",4,1,1,0,2,"Värmland","Svealand",4,5,5,4,4,3,4,4,4,9,4,4,4,4,3,2,2,4,4,4,,4,3,5,5,3,4,1,4,5,1,,,7,10,0,5,8,9,4,8,6,10,2,6,8,10,4,9,6,0,10,10,3,3,10,2,7,0,1,"S","S",0,"Left",0,0,1,1,3,1
"0000001997",71,1,7,"Bachelor","Divorced",0,"White collar",2,1,1,0,2,"Skåne","Götaland",3,4,5,5,1,1,1,1,1,7,3,3,3,4,2,3,1,3,,3,3,3,3,5,3,2,1,3,3,3,0,5,7,0,8,0,2,1,2,0,2,2,9,0,0,1,1,0,1,3,,,,,,,,,4,1,"S","M",1,"Left",0,0,1,1,2,0.5247
"0000001265",34,1,,,"Married",,,,,1,0,,"Stockholm","Svealand",3,4,,,,,,,,,,,,,,,,,,,,,,,,,,,,,,0,5,7,,,,,,,,,,,,,,,,,,,,,,,,,,,,,,,,,,,,1.6674
"0000001439",58,0,6,"No degree","Married",1,"White collar",5,2,1,0,4,"Stockholm","Svealand",3,4,4,5,1,1,1,1,1,9,3,3,4,4,2,3,2,4,4,4,3,3,4,5,5,2,2,4,4,2,1,1,7,7,8,0,0,3,8,0,3,0,9,0,0,9,10,0,4,3,3,10,9,0,5,10,2,8,4,1,"C","S",1,"Left",0,0,0,0,1,0.91
"0000001698",65,0,6,"No degree","Single",0,"White collar",5,1,1,0,1,"Västra Götaland","Götaland",3,5,5,5,3,3,3,3,2,8,3,3,3,4,3,3,2,2,3,1,3,4,3,5,5,3,1,4,4,4,1,7,7,1,1,8,9,0,1,9,2,7,,,,,,,,,1,8,9,0,5,9,3,7,9,1,"KD","M",1,"Right",0,1,0,0,2,0.6234
"0000000738",72,0,8,"Postgraduate","Married",1,"White collar",3,4,1,0,3,"Stockholm","Svealand",4,4,5,3,1,1,1,1,1,9,4,3,3,3,3,4,1,3,3,2,4,3,4,5,5,2,1,3,3,3,0,7,1,0,8,0,2,10,7,2,9,3,10,0,1,9,7,1,8,2,1,10,9,0,5,9,2,7,1,1,"MP","V",1,"Left",0,0,0,1,2,0.5283
"0000000753",63,0,8,"Postgraduate","Divorced",1,"White collar",5,1,1,0,3,"Stockholm","Svealand",2,4,5,5,1,1,1,3,2,9,4,4,3,4,3,2,1,3,3,2,2,3,3,4,4,2,2,3,,3,1,4,0,0,9,5,8,7,8,7,7,7,9,4,8,7,8,6,6,7,3,8,8,2,5,6,4,5,5,1,"S","KD",1,"Left",0,0,1,0,2,0.7712
"0000000706",50,0,5,"No degree","Married",0,"Self-employed",4,1,1,1,4,"Örebro","Svealand",2,4,5,5,1,3,1,4,5,9,4,4,4,4,3,3,2,3,3,1,4,4,3,5,4,2,3,2,2,2,1,5,7,7,6,0,8,3,6,6,3,6,8,8,6,3,4,7,0,8,3,9,7,1,5,7,3,6,7,1,"M","S",1,"Right",0,1,0,0,,1.1984
"0000001574",60,0,3,"No degree","Single",1,"Worker",5,1,0,1,2,"Västra Götaland","Götaland",3,4,5,3,2,2,1,2,3,9,4,3,3,4,2,3,1,3,4,2,,2,3,5,5,3,2,2,3,3,1,5,7,0,7,4,3,4,6,3,0,4,6,6,6,6,7,7,1,6,4,7,8,2,6,8,5,7,4,0,,"S",,,,,,0,1,1.5282
"0000000197",42,0,6,"No degree","Married",1,"White collar",5,2,1,0,2,"Örebro","Svealand",2,4,3,4,4,4,4,5,3,7,4,3,2,4,2,2,2,3,4,2,3,3,3,4,4,3,3,2,4,2,1,1,7,7,10,7,8,8,6,7,8,7,9,7,8,7,8,7,7,8,7,2,6,5,4,3,4,3,5,1,"S","M",1,"Left",0,0,1,0,,1.1984
"0000001278",28,1,5,"No degree","Single",1,"Worker",3,3,1,0,2,"Dalarna","Svealand",3,5,4,5,2,1,2,5,4,7,3,3,2,4,2,3,2,3,3,2,3,3,3,3,5,3,3,3,3,2,1,0,4,7,10,0,6,6,10,2,6,5,9,0,5,5,9,3,5,5,3,10,8,0,4,8,5,7,4,1,"S","V",1,"Left",0,0,1,0,2,1.2661
"0000002518",73,1,8,"Postgraduate","Married",1,,5,1,1,0,2,"Gävleborg","Norrland",3,5,5,3,2,1,1,4,3,8,3,3,3,3,2,3,,3,4,1,4,4,4,5,5,,3,4,5,3,1,7,3,0,9,0,7,7,8,1,7,7,10,1,4,6,8,1,7,6,2,10,9,1,6,9,3,6,3,1,"S","S",0,"Left",0,0,1,1,2,0.5247
"0000001097",29,1,3,"No degree","Single",1,,2,1,1,0,1,"Blekinge","Götaland",3,4,5,5,2,2,1,4,2,8,3,2,3,4,2,3,1,3,3,1,3,4,3,5,5,3,4,3,2,3,1,3,0,7,9,0,1,9,9,4,6,0,8,0,2,9,9,0,5,5,1,5,10,0,3,8,4,8,1,1,"C","C",0,"Left",0,0,0,0,,1.2661
"0000002434",73,1,5,"No degree","Married",0,"White collar",2,3,1,0,1,"Gävleborg","Norrland",3,4,5,3,2,3,1,1,4,8,3,3,3,3,2,4,1,3,3,3,3,3,3,5,2,2,2,3,3,3,1,0,0,0,6,0,6,3,9,2,3,4,8,7,7,3,10,5,3,6,4,4,10,0,6,8,3,7,6,1,"C","C",0,"Left",0,0,0,0,2,0.6191
"0000000324",42,1,8,"Postgraduate","Married",1,"White collar",5,1,0,,4,"Västra Götaland","Götaland",2,4,5,1,4,3,1,2,1,9,3,3,3,3,2,2,1,3,3,2,3,3,3,4,4,2,3,3,4,2,1,4,4,7,9,0,7,5,10,5,9,5,9,0,7,10,10,5,9,5,0,9,5,5,1,8,4,1,5,1,"C",,,"Left",0,0,0,0,2,0.7658
"0000002126",76,1,4,"No degree","Single",0,"White collar",1,2,1,0,2,"Skåne","Götaland",2,3,5,4,2,1,4,4,3,8,3,3,3,3,2,3,2,3,3,3,3,3,3,5,3,2,2,4,4,3,1,7,0,0,9,1,3,7,7,2,7,7,9,1,3,7,7,2,7,7,4,9,8,2,5,8,5,8,5,1,"S","M",1,"Left",0,0,1,0,,1.0396
"0000000135",52,1,5,"No degree","Single",1,"White collar",5,2,1,0,1,"Västra Götaland","Götaland",2,4,4,3,3,3,2,2,2,3,2,2,2,3,2,2,2,2,3,1,4,3,2,4,4,3,2,3,3,3,1,2,3,7,0,9,6,5,5,7,1,5,0,10,7,5,3,5,4,5,,,,,,,,,,1,"SD","SD",0,"Right",1,1,0,1,2,0.9037
"0000001566",33,0,7,"Bachelor","Single",0,"Worker",2,1,1,0,4,"Skåne","Götaland",4,4,5,5,1,3,1,4,4,9,3,2,3,4,2,3,1,2,3,1,3,2,3,5,4,4,1,3,3,3,1,0,3,7,6,1,7,1,3,7,1,7,7,0,6,2,,8,0,7,4,10,8,0,6,8,1,7,5,1,"L","M",1,"Right",0,1,0,0,,1.275
"0000000858",42,1,7,"Bachelor","Married",1,"White collar",3,1,1,1,2,"Dalarna","Svealand",2,3,5,,,,1,1,1,7,3,2,3,4,1,3,2,3,3,1,2,2,3,5,3,3,2,3,3,2,0,4,2,6,7,0,8,0,8,7,1,7,9,0,7,5,3,6,2,4,3,10,8,0,5,9,3,7,6,1,"M",,,"Right",0,1,0,0,,0.7658
"0000001557",46,0,4,"No degree","Single",1,"Worker",4,1,1,1,1,"Värmland","Svealand",3,3,4,4,4,4,3,4,4,6,2,2,3,4,2,2,2,2,3,2,3,3,2,2,2,2,2,2,2,3,1,4,4,2,7,9,8,6,0,8,0,9,6,9,8,5,0,8,0,8,3,10,7,8,1,8,0,7,7,1,"SD","KD",1,"Right",1,1,0,0,2,1.1984
"0000002187",91,0,8,"Postgraduate","Married",0,"Self-employed",1,3,0,,2,"Kalmar","Götaland",4,4,5,5,5,5,,5,,7,4,3,3,3,2,1,2,3,3,4,3,4,3,5,5,3,3,3,3,3,1,7,0,0,5,7,6,2,5,4,4,5,10,8,5,5,7,5,5,5,4,10,9,0,4,5,3,7,8,1,"SD","M",1,"Right",1,1,0,1,1,0.5283
"0000002818",77,1,4,"No degree","Widowed",0,"White collar",1,1,1,0,3,"Stockholm","Svealand",,1,3,3,4,1,,,1,,2,2,2,3,2,2,2,1,2,2,3,,3,5,4,3,1,4,3,2,1,,,,5,5,5,5,5,5,5,5,5,5,5,5,5,5,5,5,2,5,9,1,2,6,0,8,9,1,"M",,,"Right",0,1,0,0,,0.7489
"0000001881",25,0,7,"Bachelor","Single",0,,3,1,1,0,2,"Halland","Götaland",3,4,5,3,4,3,2,3,5,8,2,3,2,3,2,2,2,2,2,2,3,3,3,4,5,3,2,3,3,2,1,3,7,7,2,9,8,1,2,8,1,6,2,10,8,5,0,10,0,5,2,8,9,0,2,9,0,6,9,1,"SD","SD",0,"Right",1,1,0,1,2,1.1487
"0000002230",76,0,2,"No degree","Married",0,"Worker",1,2,1,0,2,"Norrbotten","Norrland",4,5,5,3,5,3,1,1,1,10,3,4,2,4,3,2,2,1,2,1,4,4,3,5,5,1,4,5,4,3,1,7,7,0,0,10,10,0,0,9,0,4,0,10,9,0,0,9,0,6,0,10,10,0,3,10,0,10,10,1,"SD","SD",0,"Right",1,1,0,1,3,1.1092
"0000001017",62,1,5,"No degree","Divorced",1,"White collar",4,1,1,0,3,"Östergötland","Götaland",3,4,5,4,3,4,3,3,3,9,4,4,4,4,3,3,2,4,4,3,3,3,3,4,4,3,4,3,3,3,1,7,7,1,10,0,1,4,10,3,7,3,10,0,0,0,10,1,2,2,2,10,10,0,3,9,5,8,4,1,"S","S",0,"Left",0,0,1,1,,1.0931
"0000000043",51,0,9,"Postgraduate","Married",0,"White collar",5,2,1,0,1,"Uppsala","Svealand",4,5,5,5,1,3,4,3,2,10,4,3,3,3,3,2,1,1,2,1,4,4,3,5,5,3,2,2,3,3,1,2,7,7,1,9,8,0,3,10,0,5,0,8,9,0,2,9,0,8,1,7,8,0,3,10,0,6,10,1,"KD","KD",0,"Right",0,1,0,1,2,0.7896
"0000000823",63,0,4,"No degree","Single",1,"White collar",4,1,1,0,3,"Stockholm","Svealand",3,5,5,5,1,4,1,1,2,9,3,4,2,3,3,3,2,3,2,1,4,3,3,4,4,2,2,3,4,3,1,1,7,7,9,1,6,2,7,3,8,2,8,1,2,2,7,2,3,2,2,8,8,0,5,8,2,6,3,1,"S","S",0,"Left",0,0,1,0,,1.1008
"0000002410",86,0,2,"No degree","Widowed",1,"Worker",1,,1,0,2,"Uppsala","Svealand",3,4,5,3,3,1,1,1,1,8,3,3,3,3,3,2,1,3,3,4,4,4,3,5,5,3,3,4,5,3,0,3,0,0,9,0,2,10,2,0,8,1,10,0,0,10,6,0,7,2,1,10,10,0,6,10,1,6,,1,"V","V",0,"Left",0,0,0,0,1,1.1092
"0000000292",40,1,7,"Bachelor","Single",1,"Worker",5,1,1,0,2,"Västra Götaland","Götaland",3,4,5,5,1,1,1,1,1,10,3,3,4,4,3,3,2,3,3,2,3,3,4,5,5,2,3,2,3,3,1,0,7,7,9,0,1,10,7,0,10,1,9,0,0,9,8,0,9,1,3,10,9,0,5,9,1,7,1,1,"MP","V",1,"Left",0,0,0,1,2,1.073
"0000000910",68,1,7,"Bachelor","Divorced",0,"White collar",3,1,1,0,1,"Västra Götaland","Götaland",3,4,5,5,1,1,1,1,2,9,3,4,4,4,2,3,1,4,3,3,4,4,3,5,5,1,1,2,3,3,1,0,7,7,10,0,0,5,5,0,10,5,10,0,0,5,7,0,10,4,4,10,10,0,7,10,3,7,3,1,"MP","S",1,"Left",0,0,0,0,2,0.6191
"0000001040",59,1,5,"No degree","Divorced",1,"White collar",2,1,1,0,2,"Södermanland","Svealand",2,3,5,5,2,2,1,2,4,7,3,3,3,4,2,3,2,4,3,4,4,3,3,5,5,2,2,3,4,3,0,7,7,1,10,5,1,8,7,0,2,5,10,4,0,6,7,0,5,2,2,7,9,1,4,9,3,7,3,1,"S","S",0,"Left",0,0,1,0,2,1.0931
"0000002386",72,0,2,"No degree","Married",0,"Worker",2,1,1,0,2,"Södermanland","Svealand",3,4,5,1,1,1,1,1,1,9,3,3,3,2,3,2,2,3,3,2,3,3,3,4,4,2,3,3,3,2,0,1,0,0,10,9,1,4,2,1,0,4,9,9,8,3,2,2,4,3,3,9,4,1,3,7,1,5,4,1,"S","S",0,"Left",0,0,1,1,2,0.7541
"0000000036",52,1,3,"No degree","Married",1,"White collar",5,1,1,1,3,"Stockholm","Svealand",2,3,5,4,3,3,4,4,2,9,3,3,3,3,3,2,1,3,3,2,,4,3,4,4,3,3,3,3,4,1,1,3,0,8,8,9,0,5,9,7,8,9,9,7,2,5,8,5,9,10,10,,0,4,10,2,10,10,1,"M","M",0,"Right",0,1,0,0,2,1.1901
"0000002403",83,0,2,"No degree","Single",0,,1,,1,0,2,"Skåne","Götaland",2,3,5,5,5,3,,,,,,,,,,,,,,3,,,3,5,5,,3,,,3,0,,,,10,,,,,,,,10,,,,,,,,10,,,,,,,,,,,"S",,,,,,,2,1.1092
"0000000561",55,1,,,"Single",,,,,1,0,,"Stockholm","Svealand",2,3,5,5,1,3,1,1,4,5,,,,3,2,1,1,3,3,,,,,,2,,,,,,,4,7,7,,,,,,,,,9,,,,,,,,,,,,,,,,,1,"S","S",0,"Left",0,0,1,,,1.0931
"0000001359",64,1,,,"Divorced",1,"Worker",2,,1,0,1,"Dalarna","Svealand",2,3,5,5,4,3,1,1,1,8,2,2,2,,3,2,1,1,2,2,3,3,3,5,3,2,4,3,3,3,0,5,0,7,6,9,8,5,5,8,0,8,7,9,8,5,4,9,0,5,0,9,10,0,5,8,0,,6,1,"SD","S",1,"Right",1,1,0,0,1,1.0931
"0000001435",33,1,5,"No degree","Single",1,"White collar",3,1,1,0,2,"Uppsala","Svealand",2,4,5,5,2,2,2,4,2,8,3,3,2,4,2,3,1,2,2,1,2,2,3,4,3,2,3,1,2,3,1,2,6,7,8,0,7,4,6,0,6,5,10,0,5,3,4,0,3,5,0,10,10,0,3,10,3,8,5,1,"S","S",0,"Left",0,0,1,0,,1.2661
"0000001500",51,0,3,"No degree","Married",0,"Worker",3,1,1,0,1,"Halland","Götaland",3,4,5,3,4,3,1,1,1,9,4,3,2,3,3,3,2,3,4,2,4,4,4,5,5,3,3,4,5,5,0,7,6,7,8,8,10,1,7,5,0,7,9,7,9,5,9,5,0,7,4,10,7,0,5,10,1,5,,1,"M","M",0,"Right",0,1,0,0,2,1.1008
"0000002534",66,1,3,"No degree","Married",0,"Worker",,1,1,0,1,"Kalmar","Götaland",2,4,5,3,5,4,1,1,3,8,2,2,3,2,2,3,2,2,2,2,3,3,3,5,3,3,3,3,3,3,1,3,1,4,0,5,8,0,1,7,0,9,7,8,8,0,0,8,0,8,5,10,10,0,2,6,2,6,5,1,"L","KD",1,"Right",0,1,0,0,2,1.0396
"0000000225",42,1,8,"Postgraduate","Single",1,"White collar",3,1,1,0,3,"Stockholm","Svealand",4,5,5,5,1,1,1,4,2,8,3,3,3,4,2,3,1,3,3,2,4,4,3,5,5,2,1,4,2,3,1,5,0,6,7,0,1,8,4,1,9,3,8,0,0,8,8,0,9,2,4,10,9,0,7,10,1,8,1,1,"MP","V",1,"Left",0,0,0,1,3,0.9037
"0000001049",44,1,4,"No degree","Married",0,"Self-employed",4,3,1,0,1,"Gotland","Götaland",2,4,3,4,2,1,1,2,2,8,4,4,4,3,2,4,1,3,3,2,3,3,3,5,5,2,2,3,3,5,1,3,7,7,10,0,0,0,10,0,7,0,10,0,0,6,10,0,6,0,0,10,8,0,5,9,1,7,3,1,"C","MP",1,"Left",0,0,0,0,1,1.1901
"0000000161",48,0,7,"Bachelor","Single",1,"White collar",3,1,1,0,1,"Gävleborg","Norrland",3,5,5,5,2,3,1,1,1,7,3,2,2,3,1,3,1,4,3,2,3,2,2,5,,3,2,3,4,3,1,7,7,0,,,,,,,,,,,,,,,,,3,8,8,1,6,8,0,5,5,1,"L",,,"Right",0,1,0,0,2,0.7712
"0000001242",49,1,,,"Married",0,,4,,1,0,1,"Stockholm","Svealand",2,4,5,5,1,3,1,1,1,10,3,3,3,,3,3,2,3,4,2,3,3,3,5,4,3,3,4,3,3,1,,5,7,6,2,9,0,4,7,5,5,9,5,7,0,4,3,5,6,4,9,8,0,5,9,3,6,8,1,"M","M",0,"Right",0,1,0,0,2,1.1901
"0000002742",63,1,6,"No degree","Married",0,"Worker",5,1,0,1,1,"Uppsala","Svealand",4,5,5,1,1,5,1,1,4,4,3,3,2,2,2,1,3,1,3,1,3,3,3,5,4,2,1,4,2,3,1,5,0,7,1,9,7,1,1,8,0,6,1,10,8,4,0,9,0,6,2,7,10,0,1,9,0,5,7,1,"SD","SD",0,"Right",1,1,0,1,2,1.0931
"0000000655",43,0,5,"No degree","Married",0,"White collar",5,2,1,0,3,"Stockholm","Svealand",3,4,5,5,1,3,1,1,2,10,4,3,3,3,2,3,2,2,3,2,3,3,4,5,4,3,4,3,3,3,1,1,1,6,4,0,9,0,5,10,0,7,1,0,8,2,5,8,0,6,3,10,8,0,5,8,1,7,7,1,"KD","KD",0,"Right",0,1,0,0,2,0.91
"0000000849",47,0,8,"Postgraduate","Married",0,"White collar",5,1,1,1,3,"Skåne","Götaland",3,5,5,5,1,1,3,3,4,9,3,3,3,3,2,2,1,2,2,2,,4,4,5,4,4,4,3,3,3,1,0,7,3,1,3,7,0,5,5,0,6,4,3,7,0,5,4,0,5,4,9,7,1,5,8,2,6,7,1,,,,,,,,0,2,0.7712
"0000000564",57,0,6,"No degree","Married",1,"White collar",4,1,1,1,4,"Västra Götaland","Götaland",3,4,5,4,4,5,4,4,2,10,3,3,3,4,3,4,2,2,2,2,4,4,4,5,5,3,3,3,3,4,0,7,0,0,4,10,9,0,4,9,0,7,5,10,10,0,3,10,0,9,4,9,8,0,4,8,1,6,9,1,"SD","SD",0,"Right",1,1,0,1,3,0.91
"0000002417",75,0,8,"Postgraduate","Divorced",0,"White collar",2,6,1,0,1,"Västra Götaland","Götaland",4,5,5,5,1,1,1,1,3,8,3,3,3,3,2,3,1,3,3,2,2,3,3,5,5,2,3,4,4,3,1,6,7,0,7,0,3,1,6,2,6,4,8,0,3,1,6,1,1,2,4,9,8,2,5,8,3,7,4,1,"C","MP",1,"Left",0,0,0,0,,0.5283
"0000000750",61,1,8,"Postgraduate","Single",1,"White collar",5,4,1,0,2,"Skåne","Götaland",4,4,5,5,1,1,1,2,2,8,4,3,3,3,2,4,2,3,3,4,4,4,,,5,2,2,,,,,3,7,7,9,0,2,7,6,1,7,4,9,0,1,6,8,0,8,8,,,,,,,,,,1,"S","S",0,"Left",0,0,1,,,0.7658
"0000002357",64,1,7,"Bachelor","Married",1,"White collar",2,3,1,1,1,"Dalarna","Svealand",3,4,5,5,2,1,1,2,1,9,4,3,3,3,2,3,1,3,3,2,3,3,3,5,4,3,3,2,3,3,1,7,7,5,6,0,9,1,7,8,3,8,7,1,5,5,3,5,4,7,5,6,9,0,6,9,3,8,8,1,"M","M",0,"Right",0,1,0,1,,0.7658
"0000001641",28,0,8,"Postgraduate","Single",0,"Self-employed",2,1,1,0,4,"Stockholm","Svealand",2,4,5,3,2,1,1,4,4,9,3,3,3,4,2,3,2,3,3,2,3,2,3,5,4,3,3,1,3,4,1,3,2,1,8,1,8,0,6,3,0,7,9,9,8,9,0,8,0,7,6,9,8,0,5,9,1,5,6,1,"M","L",1,"Right",0,1,0,0,1,1.0805
"0000001414",51,1,7,"Bachelor","Married",1,"Worker",4,1,1,0,1,"Skåne","Götaland",4,5,5,5,1,1,1,1,1,9,4,4,4,4,3,4,2,4,4,2,4,4,4,5,5,1,3,4,4,3,0,6,7,7,10,0,1,7,4,0,7,1,10,0,1,6,6,0,7,1,7,0,1,9,3,0,6,2,8,1,"S","S",0,"Left",0,0,1,1,3,0.7658
"0000000988",24,1,4,"No degree","Single",1,"Worker",1,1,1,1,2,"Gävleborg","Norrland",3,4,5,5,1,3,1,4,3,8,3,2,3,4,1,3,1,3,3,2,3,2,3,3,4,2,2,1,3,3,0,1,4,7,6,0,4,8,6,0,6,5,6,0,4,5,6,1,5,5,3,10,7,1,5,10,2,5,2,1,"V","V",0,"Left",0,0,0,0,2,1.346
"0000002309",72,1,7,"Bachelor","Divorced",0,"White collar",1,2,1,0,1,"Dalarna","Svealand",3,5,5,5,1,1,1,1,1,,3,3,3,3,3,3,2,3,3,1,3,3,4,5,5,3,3,3,3,3,1,7,7,7,9,0,0,9,5,0,1,3,10,0,0,8,7,0,3,5,2,9,9,1,4,9,3,6,2,1,"S","V",1,"Left",0,0,1,1,2,0.5247
"0000001431",39,0,5,"No degree","Married",1,"Worker",4,1,1,0,3,"Stockholm","Svealand",3,4,5,5,2,3,3,3,3,8,3,3,3,4,3,3,2,3,3,1,4,3,3,3,4,1,1,2,3,3,1,4,1,0,9,0,4,9,6,2,7,4,9,0,3,9,6,2,5,4,3,10,8,1,5,9,4,6,2,1,"S","V",1,"Left",0,0,1,1,2,1.275
"0000002262",82,0,2,"No degree","Divorced",1,"Worker",1,1,1,0,3,"Stockholm","Svealand",3,3,3,5,4,3,1,1,4,,2,2,1,3,2,1,1,3,3,3,3,4,4,5,4,3,2,5,5,3,1,5,0,0,9,,,,,,,,10,,,,,,,,0,,,,,,,,1,1,"S","S",0,"Left",0,0,1,0,,1.1092
"0000001577",52,0,3,"No degree","Divorced",1,"Worker",2,1,1,0,2,"Dalarna","Svealand",3,4,5,5,4,1,1,1,4,5,3,3,3,3,2,3,2,3,3,2,4,4,2,3,4,3,3,2,4,3,0,5,0,0,9,5,0,5,5,4,8,2,10,5,0,4,7,0,5,3,1,9,10,4,5,9,4,6,1,1,"S","SD",1,"Left",0,0,1,1,2,1.1008
"0000001056",36,1,4,"No degree","Married",1,,2,1,1,0,3,"Västra Götaland","Götaland",3,4,5,5,5,4,1,4,4,8,2,2,2,3,2,2,2,1,2,2,4,4,3,4,5,2,2,2,2,3,0,0,1,1,5,5,8,5,5,5,5,5,5,5,5,8,5,5,5,5,0,10,10,0,2,10,2,10,8,1,"M","S",1,"Right",0,1,0,0,,1.6674
"0000001065",25,1,4,"No degree","Single",1,"Worker",,1,1,0,2,"Uppsala","Svealand",3,4,5,4,1,1,1,4,3,5,3,2,3,4,2,3,2,3,4,3,4,3,3,5,5,2,2,1,2,3,1,0,6,7,9,0,0,10,7,0,10,1,,,,,,,,,3,10,10,0,6,10,1,10,0,1,"MP","V",1,"Left",0,0,0,1,3,1.7726
"0000001146",48,0,6,"No degree","Married",,"Worker",3,6,0,,2,"Stockholm","Svealand",2,3,5,4,5,3,4,5,3,10,3,4,3,2,,3,4,1,2,3,4,3,4,5,3,3,4,5,5,5,1,0,1,5,,0,0,7,7,0,,8,10,0,0,9,10,0,7,8,0,10,0,0,10,10,10,0,10,1,"KD","SD",1,"Right",0,1,0,0,,1.1008
"0000000121",53,1,6,"No degree","Divorced",0,"White collar",4,2,1,0,4,"Västra Götaland","Götaland",2,5,5,2,1,1,1,1,1,8,3,3,3,3,2,3,2,2,2,2,4,3,3,5,4,3,3,2,4,4,1,6,7,7,0,3,9,0,7,7,0,7,0,3,9,0,5,8,0,5,2,10,9,0,4,8,1,6,8,1,"M","M",0,"Right",0,1,0,0,1,0.7658
"0000002439",78,0,3,"No degree","Married",0,,1,2,1,0,1,"Värmland","Svealand",3,4,5,4,4,4,2,2,4,9,4,4,4,3,3,3,3,4,3,4,4,4,3,5,5,3,4,3,4,3,0,7,7,7,,0,,6,9,5,5,5,10,0,6,6,9,5,5,6,3,10,8,1,4,8,3,7,3,1,"S","S",0,"Left",0,0,1,1,3,0.7541
"0000002567",68,0,3,"No degree","Married",0,"White collar",3,1,1,0,1,"Skåne","Götaland",3,4,5,3,4,3,1,1,3,9,3,3,2,3,2,3,2,3,3,1,3,3,3,4,4,3,2,4,4,3,1,2,7,7,2,8,9,1,5,6,0,5,6,8,8,1,1,7,0,5,3,9,8,0,5,7,3,7,8,1,"SD","M",1,"Right",1,1,0,0,,0.7541
"0000001038",51,1,4,"No degree","Single",1,"Worker",,1,1,1,3,"Västra Götaland","Götaland",3,4,4,4,4,4,3,3,3,6,1,1,1,2,1,2,1,2,3,1,,2,3,3,3,1,1,3,4,5,1,1,3,3,5,5,5,5,5,5,5,5,8,0,5,4,8,0,5,5,4,4,4,4,4,4,4,4,4,1,,,,,,,,0,,1.1901
"0000001176",58,1,6,"No degree","Married",1,"White collar",5,6,1,0,3,"Stockholm","Svealand",3,4,5,5,1,3,4,4,2,9,4,3,3,3,,3,2,3,3,1,3,4,4,5,4,3,3,3,3,3,1,7,4,7,5,0,7,0,9,7,3,9,,,,,,,,,4,10,8,0,6,8,2,6,6,1,"C","C",0,"Left",0,0,0,0,,1.1901
"0000000519",32,0,7,"Bachelor","Single",0,"White collar",2,2,1,1,2,"Skåne","Götaland",4,5,5,5,2,3,1,3,3,8,3,3,4,4,2,3,1,2,3,2,2,2,3,4,4,4,3,2,3,3,1,4,7,7,3,0,8,1,9,8,1,9,7,5,8,10,0,3,5,8,4,3,7,0,8,5,1,6,6,1,"M","KD",1,"Right",0,1,0,0,1,1.0805
"0000001391",50,0,4,"No degree","Single",1,"Worker",3,1,1,0,2,"Jämtland","Norrland",2,5,4,4,3,5,1,,,10,4,4,4,3,2,2,3,1,1,1,3,2,4,4,5,2,2,4,5,4,1,4,6,4,1,10,9,0,0,10,0,8,0,10,9,0,1,10,0,8,5,8,10,0,1,9,0,7,9,1,"KD","M",1,"Right",0,1,0,1,2,1.1984
"0000001115",28,0,4,"No degree","Single",1,"Worker",4,1,1,0,2,"Västra Götaland","Götaland",2,2,5,5,2,5,1,4,1,8,3,3,3,2,2,2,2,3,3,1,3,3,3,4,4,2,3,1,2,1,1,0,0,6,8,0,6,6,5,0,5,5,7,0,5,7,5,0,5,5,4,9,10,1,7,9,2,6,4,1,"S","S",0,"Left",0,0,1,0,1,1.6791
"0000001172",27,0,4,"No degree","Married",,"Worker",,1,1,0,2,"Västerbotten","Norrland",3,4,5,5,4,3,1,5,4,5,2,2,3,3,2,1,1,2,3,2,,4,3,5,3,1,2,2,3,3,1,5,7,0,5,7,8,0,9,7,0,5,0,10,9,0,0,5,0,7,2,5,10,0,1,8,0,6,8,1,,"M",,,,,,0,2,1.6791
"0000001475",71,1,4,"No degree","Widowed",0,"White collar",4,2,1,0,1,"Skåne","Götaland",3,3,5,4,4,3,1,3,3,5,3,3,3,3,3,3,2,3,3,2,,2,3,4,4,3,2,2,3,3,,5,7,3,5,4,5,5,5,5,4,5,5,5,5,5,5,5,5,5,3,10,8,2,5,5,2,5,6,1,,,,,,,,0,2,0.8153
"0000000319",78,1,9,"Postgraduate","Single",1,"White collar",1,3,1,0,4,"Stockholm","Svealand",3,5,5,3,2,1,1,1,1,8,2,3,3,4,2,,,3,3,4,3,3,2,4,3,2,2,4,3,3,1,5,2,0,9,0,1,7,1,0,6,6,10,0,0,6,1,0,5,1,4,10,10,0,6,10,6,7,3,1,"S","S",0,"Left",0,0,1,1,2,0.5247
"0000002264",19,0,7,"Bachelor","Single",0,,2,1,1,1,2,"Stockholm","Svealand",2,3,3,4,3,3,1,3,4,6,3,3,2,4,2,2,1,2,1,1,,2,2,3,2,3,2,4,,2,1,2,0,1,6,1,3,8,7,2,2,4,4,0,6,8,5,5,5,5,2,9,8,1,2,8,2,6,4,,,,,,,,,0,,1.7851
"0000002288",66,0,3,"No degree","Married",,"Worker",2,1,1,0,1,"Skåne","Götaland",3,5,5,2,5,3,1,1,1,6,3,2,1,2,2,3,2,2,4,1,3,3,4,5,5,1,4,5,5,3,1,3,7,7,9,10,9,7,1,9,0,3,10,10,9,7,0,8,0,2,0,10,10,0,7,10,0,10,,1,"SD","M",1,"Right",1,1,0,1,,1.0469
"0000000014",53,0,8,"Postgraduate","Married",1,"White collar",5,3,1,0,2,"Västra Götaland","Götaland",4,5,5,5,1,2,4,4,4,7,2,2,4,3,2,2,2,1,1,1,4,4,2,3,5,2,1,2,2,3,1,4,7,7,3,6,8,0,0,7,0,7,0,7,5,0,0,6,0,6,3,10,10,0,4,10,0,7,10,1,"M","M",0,"Right",0,1,0,1,3,0.7712
"0000002110",69,0,9,"Postgraduate","Single",0,"White collar",1,,0,,3,"Stockholm","Svealand",3,5,5,5,5,5,5,4,3,0,3,3,3,3,3,3,3,3,3,4,,3,3,2,2,3,3,4,4,4,0,0,0,1,1,,4,1,5,,9,1,5,5,5,5,5,5,5,5,,,0,,,,,0,0,0,,,,,,,,0,1,0.821
"0000001584",67,0,4,"No degree","Married",0,"White collar",4,2,1,0,3,"Västra Götaland","Götaland",3,5,5,1,3,3,1,1,1,10,3,3,2,3,3,2,2,1,1,1,,4,4,5,5,4,4,2,4,4,1,3,5,7,0,10,9,1,0,9,0,6,0,10,9,2,0,10,0,6,0,10,10,0,3,10,0,9,10,1,,"SD",,,,,,1,3,0.7541
"0000001826",88,1,4,"No degree","Married",0,"White collar",4,1,1,0,2,"Stockholm","Svealand",3,4,5,5,2,4,2,5,2,6,3,3,3,3,2,3,2,2,2,3,3,3,3,5,5,3,3,2,2,3,0,7,2,1,5,5,9,0,2,8,0,6,7,6,9,0,5,8,0,6,2,5,10,0,3,8,0,7,8,1,"M","M",0,"Right",0,1,0,0,,0.7489
"0000002776",23,0,4,"No degree","Single",0,"Worker",5,1,1,0,1,"Skåne","Götaland",2,4,4,3,4,2,4,4,3,5,2,2,1,2,2,1,1,1,1,1,4,4,2,2,4,3,1,1,2,3,1,0,0,7,0,10,8,0,0,7,0,4,0,10,8,0,0,7,0,4,0,10,8,0,0,8,0,6,10,1,"SD","SD",0,"Right",1,1,0,1,3,1.7851
"0000000899",64,1,4,"No degree","Divorced",1,"White collar",2,1,1,0,3,"Stockholm","Svealand",2,3,3,3,4,2,3,3,3,8,2,2,2,3,2,2,2,2,3,1,3,3,3,4,2,2,4,4,4,4,1,1,5,6,7,1,7,4,7,6,3,8,7,4,3,2,7,7,3,7,5,10,10,3,8,9,8,8,6,1,"L","S",1,"Right",0,1,0,0,,1.0931
"0000002256",49,0,3,"No degree","Single",0,"Worker",1,1,1,0,3,"Stockholm","Svealand",2,3,3,4,4,3,2,3,5,3,2,2,1,3,2,2,2,1,3,2,2,2,2,3,4,1,2,3,3,1,0,3,0,6,5,6,1,2,1,0,1,0,5,7,0,2,0,2,3,1,6,8,1,1,4,4,4,2,5,1,"S",,,"Left",0,0,1,0,,1.5282
"0000001814",86,0,3,"No degree","Married",0,"White collar",2,1,1,0,2,"Gotland","Götaland",2,5,5,1,5,2,1,3,3,10,4,4,4,4,4,4,2,3,3,1,,4,3,5,5,3,3,4,3,3,1,0,0,0,10,0,0,0,10,0,0,10,10,10,5,0,10,5,0,10,0,0,10,0,10,0,0,5,6,1,,"S",,,,,,0,3,0.6234
"0000000321",34,1,8,"Postgraduate","Single",1,"Worker",4,2,1,0,3,"Uppsala","Svealand",2,4,5,5,2,3,2,5,4,8,2,3,3,4,2,3,2,2,3,2,3,3,3,4,3,3,3,4,3,4,1,0,0,7,7,0,6,7,7,7,7,7,5,0,7,7,7,7,5,7,3,8,7,3,6,6,4,6,3,1,"C","MP",1,"Left",0,0,0,0,,1.073
"0000000229",47,1,6,"No degree","Single",1,"White collar",5,2,1,0,3,"Stockholm","Svealand",2,4,5,5,2,4,3,3,3,8,3,3,3,3,2,3,2,3,3,2,3,3,3,4,3,2,3,2,3,3,1,5,1,7,8,0,4,3,8,4,5,3,8,0,2,4,9,4,6,3,1,5,9,5,3,4,3,4,3,1,"C","S",1,"Left",0,0,0,0,1,1.0931
"0000000474",35,1,7,"Bachelor","Married",1,"Worker",4,1,1,0,2,"Västra Götaland","Götaland",2,4,5,3,2,3,1,4,4,8,3,3,2,3,3,3,3,3,3,2,3,3,3,4,3,2,3,3,3,3,1,0,7,7,6,,8,2,6,5,5,6,6,2,8,2,5,5,5,5,5,10,,0,5,4,5,5,6,1,"M","M",0,"Right",0,1,0,0,,1.073
"0000000726",51,1,8,"Postgraduate","Single",1,"White collar",5,1,1,0,1,"Västra Götaland","Götaland",3,5,5,5,1,1,1,1,1,9,4,4,3,3,3,4,2,3,4,1,3,3,3,5,5,2,2,3,3,3,1,7,7,4,9,0,1,8,7,1,8,4,10,0,0,10,8,0,7,5,4,8,10,1,6,10,3,7,3,1,"MP","S",1,"Left",0,0,0,0,2,0.7658
"0000000416",62,1,7,"Bachelor","Married",1,"White collar",2,2,1,,2,"Skåne","Götaland",2,4,5,5,4,3,1,4,4,7,3,3,2,3,2,2,2,3,3,2,4,4,3,5,5,2,2,3,3,2,1,2,0,2,9,0,3,7,5,2,3,3,9,0,0,7,3,3,3,3,2,10,9,0,4,6,3,8,2,1,"S","L",1,"Left",0,0,1,1,2,0.7658
"0000002283",82,0,8,"Postgraduate","Married",1,"White collar",3,1,1,0,,"Skåne","Götaland",4,5,5,5,4,3,2,2,1,8,3,3,4,4,3,3,2,3,2,2,4,3,3,4,5,3,2,3,3,3,1,6,1,0,7,8,8,7,5,8,1,6,5,9,8,9,2,9,0,9,2,8,9,,3,7,1,5,6,1,"L","SD",1,"Right",0,1,0,1,1,0.5283
"0000002362",71,1,6,"No degree","Married",0,"White collar",2,1,1,1,1,"Dalarna","Svealand",2,4,5,4,3,5,,,,,,,,,,,,,,2,,,3,4,5,2,2,4,4,3,1,2,,,8,5,5,5,6,5,5,7,8,6,5,5,6,5,5,7,2,,10,0,5,,,9,5,,,"S",,,,,,0,,0.5247
"0000002234",72,1,8,"Postgraduate","Married",0,"White collar",2,2,1,0,1,"Uppsala","Svealand",4,4,4,4,4,1,2,4,2,8,3,2,2,3,2,3,2,3,3,1,4,3,3,5,4,1,2,4,3,4,0,5,4,4,7,0,2,3,8,0,9,3,10,3,0,2,10,0,9,5,5,10,9,2,6,10,5,7,4,1,"MP","MP",0,"Left",0,0,0,1,2,0.5247
"0000001879",73,0,2,"No degree","Married",,"Worker",,1,1,0,,"Västra Götaland","Götaland",2,3,,,4,,,,4,7,2,2,1,3,1,2,2,1,3,4,,3,3,5,3,2,3,4,4,4,1,,,,0,9,9,0,0,8,0,0,0,8,9,0,0,9,0,0,3,8,8,0,0,7,0,6,5,,,"M",,,,,,1,1,0.7541
"0000000575",71,0,7,"Bachelor","Married",0,"White collar",4,4,1,0,2,"Uppsala","Svealand",3,5,5,5,1,1,1,2,2,9,4,4,4,3,3,3,2,3,3,2,3,3,3,5,4,3,3,4,3,3,1,6,7,7,5,0,5,3,7,6,5,5,8,1,8,2,9,4,5,8,3,9,9,1,4,8,3,6,4,1,"C","KD",1,"Left",0,0,0,0,1,0.5283
"0000001039",54,1,5,"No degree","Married",1,,3,3,1,0,1,"Västra Götaland","Götaland",2,4,5,5,1,3,1,1,4,9,3,3,3,3,3,3,1,3,3,1,3,3,3,4,4,1,2,1,3,2,0,1,0,0,,0,9,,9,,,,,,9,,9,,,,,,,,,,,,7,1,"C","C",0,"Left",0,0,0,0,,0.9037
"0000000069",28,1,8,"Postgraduate","Married",1,"White collar",4,1,1,1,3,"Stockholm","Svealand",3,4,5,3,3,2,1,4,4,8,3,3,2,4,2,3,2,3,3,2,4,3,3,5,5,2,2,2,3,3,1,3,3,7,8,0,5,7,7,3,5,5,8,0,5,7,10,3,5,5,3,8,10,0,7,10,5,,3,1,"S","S",0,"Left",0,0,1,0,2,1.073
"0000000104",30,0,4,"No degree","Single",1,"Farmer",3,2,1,0,1,"Östergötland","Götaland",2,3,5,3,3,3,4,3,5,8,2,2,2,3,2,3,2,2,3,1,,2,3,4,3,3,3,2,3,3,1,3,1,7,4,5,8,0,8,0,0,0,5,3,8,2,8,0,0,2,2,3,7,5,6,5,3,2,7,1,"C","C",0,"Left",0,0,0,0,2,1.6791
"0000001312",62,1,7,"Bachelor","Divorced",0,"Worker",1,1,1,0,1,"Jämtland","Norrland",2,5,5,5,1,5,1,1,5,5,4,2,2,3,2,2,1,1,1,1,4,3,2,5,5,3,3,2,2,3,0,7,7,0,0,10,9,0,0,0,0,1,0,10,10,0,1,0,0,0,0,10,10,0,3,2,0,4,10,1,"SD","SD",0,"Right",1,1,0,1,3,0.9037
"0000001969",76,0,2,"No degree","Married",0,"Self-employed",5,2,1,0,2,"Skåne","Götaland",3,4,5,4,4,3,4,4,4,8,3,3,3,3,2,2,1,2,2,3,4,3,3,5,4,3,2,3,3,3,0,7,4,0,2,10,8,0,2,7,1,5,3,10,8,0,0,7,0,5,3,7,8,0,3,7,0,6,7,1,"SD","SD",0,"Right",1,1,0,1,3,1.1092
"0000001733",74,0,5,"No degree","Divorced",0,,1,1,0,,2,"Stockholm","Svealand",1,1,1,1,1,1,1,1,5,0,1,1,1,1,1,1,1,3,4,3,4,4,3,5,5,1,4,1,1,1,1,0,0,0,0,0,0,10,10,0,0,0,0,0,0,10,0,0,0,0,10,10,10,0,5,10,5,10,0,1,"V","V",0,"Left",0,0,0,0,2,0.7541
"0000000558",49,0,7,"Bachelor","Divorced",1,"Worker",3,1,1,0,2,"Uppsala","Svealand",3,5,5,5,2,2,4,3,1,9,3,3,4,4,2,2,1,2,3,1,4,3,3,5,5,3,3,3,3,3,1,2,6,2,6,9,9,1,0,8,0,4,7,9,9,2,0,9,0,5,5,9,8,0,5,8,2,6,8,1,"SD","M",1,"Right",1,1,0,0,2,0.91
"0000000410",63,0,6,"No degree","Single",,"Worker",5,2,1,0,2,"Norrbotten","Norrland",3,4,5,4,5,2,2,5,3,8,3,3,2,3,3,3,2,2,3,3,4,3,3,4,4,3,2,4,4,4,1,7,7,1,7,10,7,5,0,8,0,2,6,10,7,5,0,8,0,3,2,5,9,1,5,8,3,7,4,1,"SD","SD",0,"Right",1,1,0,1,2,0.91
"0000002543",70,1,4,"No degree","Divorced",0,"Worker",1,3,1,0,1,"Västerbotten","Norrland",3,4,5,5,1,1,3,3,3,8,4,4,4,4,3,3,1,3,3,2,4,4,3,5,4,,4,5,5,3,0,0,0,0,10,0,6,8,8,9,10,9,10,0,8,6,8,6,6,8,5,0,10,1,6,5,5,8,5,1,"S","S",0,"Left",0,0,1,1,2,0.8153
"0000001856",79,1,8,"Postgraduate","Married",0,,4,2,1,0,2,"Västernorrland","Norrland",4,5,5,5,1,1,1,1,3,8,3,4,3,4,3,4,1,4,4,3,3,3,3,4,5,1,4,3,3,3,0,7,5,5,10,0,0,3,7,0,10,2,10,0,0,3,,0,10,4,1,9,10,0,5,10,1,7,1,1,"MP","S",1,"Left",0,0,0,1,2,0.5247
"0000001658",48,1,5,"No degree","Married",1,"Worker",3,6,0,,3,"Kalmar","Götaland",3,4,5,3,4,1,2,1,4,8,4,4,3,4,3,2,2,4,4,5,4,4,4,5,5,3,3,3,5,5,1,5,7,7,10,0,6,8,7,5,9,5,10,0,7,7,10,6,5,10,3,10,7,1,5,7,3,8,3,1,"S","S",0,"Left",0,0,1,0,2,1.6078
"0000000748",55,0,3,"No degree","Single",1,"White collar",3,1,1,0,1,"Norrbotten","Norrland",3,4,5,4,4,1,1,1,4,10,3,3,3,4,3,3,2,2,2,1,4,3,3,5,4,2,3,2,3,3,0,5,7,5,2,2,10,0,3,1,0,2,2,6,9,0,4,2,1,2,3,8,10,0,6,6,2,8,10,1,"M","M",0,"Right",0,1,0,1,3,1.1008
"0000001811",72,1,6,"No degree","Married",1,,2,,1,0,3,"Stockholm","Svealand",3,4,5,5,1,,,2,2,9,3,3,3,3,2,3,2,3,3,3,3,3,3,4,5,3,3,4,4,4,1,5,7,7,9,0,5,6,8,3,9,6,10,0,3,6,8,2,7,6,3,8,9,1,6,8,4,7,3,1,"S","S",0,"Left",0,0,1,0,1,0.6191
"0000002842",76,1,5,"No degree","Married",1,"White collar",2,3,1,0,2,"Kronoberg","Götaland",2,4,5,5,2,3,2,2,2,9,4,3,4,2,3,3,3,3,3,3,,3,3,5,5,3,3,3,4,4,0,5,2,7,5,5,10,5,6,8,4,6,6,6,10,5,8,8,4,7,2,10,10,0,4,9,2,8,8,1,,"M",,,,,,0,2,0.7489
"0000001797",71,1,,,"Divorced",,,,,1,0,,"Skåne","Götaland",3,,,,,,,,,,2,2,,,,,,1,3,,,,,,,,,,,,,,,,,,,,,,,,,,,,,,,,,,,,,,,,,,,,,,,,,,,1.1014
"0000002684",72,0,3,"No degree","Married",0,"Worker",2,2,1,0,1,"Gävleborg","Norrland",3,4,5,5,4,3,3,3,3,8,2,2,1,2,2,2,1,1,2,4,3,3,2,3,3,3,4,3,3,3,1,7,7,0,0,8,8,0,0,8,0,10,0,8,8,0,0,8,0,10,4,10,9,0,4,9,0,5,5,1,"L","L",0,"Right",0,1,0,0,2,0.7541
"0000000827",56,1,5,"No degree","Married",0,"Self-employed",5,1,1,0,2,"Halland","Götaland",3,4,5,4,2,4,1,4,2,8,4,4,3,3,3,3,2,3,3,2,4,3,4,5,5,3,4,2,4,3,1,5,1,6,6,6,10,3,1,9,1,9,10,7,9,7,1,7,6,5,4,7,10,0,5,9,1,9,8,1,"M","M",0,"Right",0,1,0,1,2,0.9037
"0000000812",28,1,8,"Postgraduate","Single",1,"White collar",5,1,1,0,2,"Halland","Götaland",3,5,5,5,4,3,3,4,2,9,4,4,3,3,3,2,2,3,3,4,4,4,4,5,5,3,3,4,3,4,,5,7,7,7,5,10,3,8,8,5,8,8,5,,5,7,8,5,,3,7,9,0,4,8,2,7,8,1,"M","M",0,"Right",0,1,0,1,2,1.073
"0000002420",72,0,2,"No degree","Married",1,"Worker",1,1,1,0,2,"Skåne","Götaland",3,4,5,3,,1,1,2,1,7,3,3,2,3,3,3,3,3,3,4,4,3,3,5,5,3,3,4,4,3,1,6,7,7,10,6,6,6,7,5,6,6,10,8,3,3,8,0,7,5,0,7,10,0,3,8,5,4,0,1,"S","S",0,"Left",0,0,1,1,3,1.1092
"0000000715",42,1,8,"Postgraduate","Single",1,"Worker",4,1,1,0,3,"Stockholm","Svealand",3,4,5,4,1,1,1,4,3,9,4,3,3,4,3,4,2,3,3,1,3,3,3,4,5,2,2,2,3,3,1,2,4,6,7,0,0,10,6,0,9,3,8,0,1,9,7,0,9,2,4,9,10,0,6,10,2,,0,1,"MP","V",1,"Left",0,0,0,1,2,0.7658
"0000002445",77,0,2,"No degree","Married",0,"Worker",,1,1,0,2,"Norrbotten","Norrland",2,4,5,2,2,3,,,5,9,3,3,2,2,1,1,1,3,3,1,,1,3,5,4,3,3,4,4,4,1,5,0,0,9,,,,9,,,,9,,,,9,,,,6,,,,,,,,2,0,,,,,,,,0,2,1.1092
"0000002101",84,0,8,"Postgraduate","Married",0,"White collar",3,3,1,0,4,"Stockholm","Svealand",4,4,5,2,1,3,1,1,1,9,3,3,4,3,2,3,1,2,2,2,4,3,3,5,4,3,3,2,3,3,0,7,7,0,0,4,9,2,0,8,1,10,8,9,10,3,0,9,0,9,4,6,9,0,3,10,2,7,8,1,"M","L",1,"Right",0,1,0,1,2,0.5283
"0000002306",43,0,7,"Bachelor","Married",1,"White collar",5,2,1,0,2,"Skåne","Götaland",3,4,5,3,3,3,2,4,4,8,3,3,3,4,3,3,2,3,4,3,3,3,3,5,5,3,3,3,4,4,0,7,3,0,8,6,8,6,8,6,7,9,9,8,5,5,8,5,6,7,4,5,6,0,5,7,2,6,5,1,"L","M",1,"Right",0,1,0,0,2,0.7712
"0000000681",79,0,8,"Postgraduate","Married",0,"White collar",3,4,1,0,2,"Skåne","Götaland",,,,,,,1,1,1,9,3,3,4,4,2,3,1,3,3,3,3,3,4,5,5,3,2,3,3,3,0,,,,7,3,7,1,5,3,3,9,8,8,8,2,6,6,3,9,4,9,8,1,5,9,2,6,6,1,"L","L",0,"Right",0,1,0,0,1,0.5283
"0000002450",18,1,,,"Single",,,,,0,0,,"Stockholm","Svealand",,,,,,,,,,,,,,,,,,,,,,,,,,,,,,,,,,,,,,,,,,,,,,,,,,,,,,,,,,,,,,,,,,,,,,2.2604
"0000002794",71,0,9,"Postgraduate","Married",1,"White collar",5,1,1,0,3,"Stockholm","Svealand",2,5,5,5,1,1,1,2,1,9,4,4,3,3,2,4,1,3,2,2,4,4,4,5,5,3,3,3,2,3,0,7,4,0,,,,,,,,,9,2,1,2,9,7,3,9,4,9,8,1,5,7,3,6,6,1,"L","L",0,"Right",0,1,0,1,2,0.5409
"0000001963",73,0,3,"No degree","Married",1,"Worker",2,2,1,0,1,"Västra Götaland","Götaland",3,5,5,5,4,1,1,1,3,10,3,3,3,3,2,3,1,3,3,2,3,3,4,5,3,3,2,4,4,3,1,7,0,0,10,2,2,9,6,2,3,1,10,3,1,9,8,2,2,2,0,10,10,0,5,7,6,7,1,1,"S","V",1,"Left",0,0,1,1,3,0.7541
"0000000722",34,1,7,"Bachelor","Single",1,"White collar",5,1,1,1,2,"Skåne","Götaland",3,4,5,4,2,3,2,4,3,7,3,3,4,4,3,3,2,3,3,2,4,3,2,2,5,2,3,2,2,3,1,3,5,7,10,0,1,8,5,1,10,3,10,0,0,8,7,1,10,2,3,10,9,0,6,9,2,7,2,1,"MP","S",1,"Left",0,0,0,1,3,1.073
"0000001043",54,1,3,"No degree","Married",1,"Worker",,2,1,0,3,"Västra Götaland","Götaland",3,,5,3,2,,,,5,7,3,3,3,3,3,2,2,2,3,3,3,3,3,4,5,3,4,3,3,4,,1,,1,4,7,9,0,6,3,0,2,5,8,7,0,2,2,0,2,3,7,10,0,3,3,0,3,8,1,"M","M",0,"Right",0,1,0,0,1,1.0931
"0000000220",36,0,5,"No degree","Single",1,"White collar",5,1,1,0,4,"Västra Götaland","Götaland",4,5,4,5,2,2,2,5,2,7,3,2,3,4,2,2,2,3,2,1,3,4,2,2,5,1,2,3,3,3,1,6,7,7,7,0,1,9,4,0,9,3,9,1,1,7,7,0,9,3,5,10,10,1,7,10,2,8,2,1,"MP","V",1,"Left",0,0,0,1,3,1.275
"0000000783",55,0,3,"No degree","Married",1,"White collar",4,1,1,1,2,"Örebro","Svealand",2,3,5,3,3,3,3,3,3,5,2,2,2,3,2,2,2,2,2,3,4,4,2,4,3,3,2,3,3,3,1,3,7,7,5,10,7,3,0,7,0,0,5,10,7,3,0,7,0,0,3,10,10,0,3,10,3,5,7,1,"SD","SD",0,"Right",1,1,0,1,3,1.1008
"0000002762",36,1,9,"Postgraduate","Married",1,"Worker",2,1,1,1,3,"Stockholm","Svealand",3,2,5,5,3,1,1,4,4,9,3,3,2,4,2,2,2,3,3,3,3,3,3,5,4,2,2,3,3,3,0,0,6,2,9,0,2,9,5,2,10,5,9,0,5,5,5,5,5,5,2,10,9,0,5,7,2,4,2,1,"MP","MP",0,"Left",0,0,0,0,,1
"0000001604",58,0,3,"No degree","Single",1,"Worker",3,1,1,0,1,"Gävleborg","Norrland",3,4,5,5,4,3,2,3,3,8,3,3,3,4,3,3,3,2,3,2,4,4,3,4,4,3,3,4,4,3,1,2,7,7,1,10,9,0,4,8,0,4,1,10,9,0,4,8,0,4,3,10,9,0,4,8,0,6,10,1,"SD","SD",0,"Right",1,1,0,1,3,1.5282
"0000002812",66,1,5,"No degree","Married",1,"White collar",3,2,1,0,4,"Skåne","Götaland",2,4,5,3,4,2,1,1,1,8,2,2,3,3,2,3,2,1,1,1,3,2,4,5,3,2,1,3,5,3,1,1,0,0,2,0,8,0,2,1,2,8,2,0,,0,2,1,,9,4,7,10,2,2,2,2,8,,1,"L","M",1,"Right",0,1,0,0,1,0.8153
"0000000552",43,1,6,"No degree","Married",1,"White collar",5,1,1,0,2,"Örebro","Svealand",2,4,5,5,2,3,1,1,1,10,4,4,4,4,3,4,2,3,4,2,4,4,4,5,5,3,3,4,4,3,1,5,7,0,7,1,10,1,5,7,1,7,8,7,10,4,7,7,3,6,7,10,10,0,6,9,4,7,8,1,"M","M",0,"Right",0,1,0,0,1,0.9037
"0000002695",76,1,2,"No degree","Divorced",0,"Worker",,6,1,0,1,"Västra Götaland","Götaland",,3,5,3,4,3,2,3,3,8,3,3,2,3,3,3,1,3,3,2,4,3,3,5,5,3,2,3,3,3,1,7,0,0,6,8,9,0,3,10,3,7,8,8,9,0,3,10,1,7,5,10,10,0,3,9,2,6,9,1,"KD","KD",0,"Right",0,1,0,1,2,1.1014
"0000000424",73,1,7,"Bachelor","Married",0,"White collar",4,1,1,0,3,"Stockholm","Svealand",4,5,5,5,1,1,,4,3,9,3,3,4,4,3,3,2,3,4,2,3,4,3,5,5,4,3,3,3,3,1,7,5,1,8,0,2,8,6,2,10,3,8,1,3,8,8,1,9,3,2,10,9,1,8,9,2,8,2,1,"MP","MP",0,"Left",0,0,0,1,3,0.5247
"0000001876",74,1,8,"Postgraduate","Single",1,"White collar",3,1,1,,2,"Västmanland","Svealand",4,5,5,4,3,1,1,5,2,,4,3,3,4,3,3,2,3,3,4,4,3,4,5,5,3,3,4,4,3,1,6,2,,10,0,2,9,7,2,10,3,10,0,1,8,7,1,9,3,2,10,10,0,5,10,2,8,1,1,"S","S",0,"Left",0,0,1,1,3,0.5247
"0000001378",65,0,3,"No degree","Married",0,"Self-employed",3,1,1,0,1,"Stockholm","Svealand",3,5,5,5,2,2,1,2,3,8,3,3,2,,,,,,4,1,,3,3,4,5,2,1,4,4,3,1,7,,,,,,,,,,,8,7,5,5,0,7,0,8,2,6,9,1,2,9,1,6,7,1,,,,,,,,0,,0.7541
"0000002076",74,0,7,"Bachelor","Married",0,"White collar",2,1,1,0,2,"Värmland","Svealand",3,4,5,4,1,1,1,1,1,7,3,3,4,3,3,3,1,3,3,2,,3,3,5,4,3,2,4,4,3,0,7,0,0,7,0,1,6,5,1,7,2,7,0,1,5,5,1,6,2,4,10,9,3,5,9,4,7,4,1,,,,,,,,1,2,0.5283
"0000000925",30,1,8,"Postgraduate","Single",0,"White collar",2,1,0,1,4,"Västra Götaland","Götaland",3,4,4,4,4,5,1,4,4,5,3,3,3,3,2,3,2,3,3,2,3,3,3,4,4,2,2,2,3,3,1,2,2,3,6,0,4,6,6,5,5,5,6,2,5,5,10,3,5,5,,,,,,,,,4,1,"S","S",0,"Left",0,0,1,0,1,1.073
"0000002139",78,1,2,"No degree","Divorced",0,,1,3,1,0,2,"Norrbotten","Norrland",,4,4,4,5,2,,3,,6,2,2,2,4,2,3,1,2,2,2,2,2,2,5,5,,2,3,3,4,1,7,0,0,9,10,9,0,0,6,0,0,10,10,5,0,0,5,0,0,,10,,,,,,,8,1,"SD","SD",0,"Right",1,1,0,1,2,0.6191
"0000000571",37,0,7,"Bachelor","Single",1,"White collar",4,1,1,1,2,"Södermanland","Svealand",3,2,5,5,4,3,1,4,4,8,2,1,3,3,1,2,1,2,4,,2,1,3,4,2,3,,3,3,2,1,2,5,7,3,5,7,2,7,5,1,5,1,5,7,2,8,6,1,5,2,8,9,2,3,7,3,7,7,1,"M",,,"Right",0,1,0,0,1,1.0805
"0000001276",22,0,4,"No degree","Single",,,5,1,1,0,4,"Västra Götaland","Götaland",3,4,4,5,3,5,1,4,2,9,3,3,2,4,3,2,1,3,3,2,2,3,3,5,5,2,3,1,3,3,1,0,2,7,8,0,2,6,10,0,3,1,10,0,0,7,10,0,,0,2,10,9,0,4,10,3,10,4,1,"MP","C",1,"Left",0,0,0,1,3,1.7851
"0000002680",77,1,3,"No degree","Married",0,"White collar",3,1,1,,2,"Skåne","Götaland",2,5,5,5,4,2,1,1,5,10,3,3,3,3,3,3,2,2,2,1,,4,3,5,5,3,3,3,4,4,0,7,7,7,6,6,6,4,0,6,0,3,6,7,6,5,0,6,0,5,6,5,8,2,5,5,1,5,6,1,,,,,,,,0,,0.7489
"0000000070",39,0,8,"Postgraduate","Married",0,"White collar",5,1,1,0,2,"Skåne","Götaland",4,5,5,5,1,1,3,4,2,8,3,3,3,4,2,4,2,3,4,2,3,2,3,5,5,2,3,3,2,4,1,2,7,7,6,0,3,4,8,2,8,6,,,,,,,,,4,5,9,2,8,9,3,7,5,1,"MP","L",1,"Left",0,0,0,0,2,1.0805
"0000000993",59,0,3,"No degree","Married",0,"Worker",3,1,1,0,2,"Kalmar","Götaland",3,4,5,4,4,3,1,3,3,9,3,3,3,3,3,2,1,3,3,3,3,3,4,5,5,3,3,2,3,3,1,5,4,5,9,0,5,5,8,6,9,5,9,0,5,5,8,5,8,5,5,10,8,2,5,7,5,6,5,1,"S","S",0,"Left",0,0,1,0,2,1.1008
"0000001662",38,1,5,"No degree","Single",1,"White collar",5,2,1,0,1,"Västra Götaland","Götaland",3,4,4,3,4,3,3,3,4,7,3,3,2,3,3,2,1,3,3,3,,3,3,4,4,2,2,3,3,3,1,1,,,5,5,5,5,5,5,5,5,5,5,5,5,5,5,5,5,5,5,5,5,5,5,5,5,5,1,,,,,,,,0,1,1.2661
"0000000544",52,1,8,"Postgraduate","Divorced",0,"White collar",3,3,1,0,3,"Stockholm","Svealand",4,5,5,5,1,1,1,2,5,10,3,1,4,3,2,3,1,3,3,2,3,1,4,5,5,2,2,4,3,2,1,1,7,0,7,0,7,2,8,0,9,2,8,0,7,7,9,0,8,0,4,8,6,,6,8,5,7,5,1,"MP","L",1,"Left",0,0,0,0,1,0.7658
"0000000428",54,1,7,"Bachelor","Married",1,"White collar",5,6,1,0,1,"Jönköping","Götaland",3,5,5,5,,,1,,,8,2,2,,3,2,3,,3,2,1,3,2,3,5,4,1,2,3,4,3,1,3,,,5,0,4,3,9,4,4,5,7,0,5,1,10,4,3,5,3,10,9,0,7,9,2,7,7,1,"C","C",0,"Left",0,0,0,0,2,0.7658
"0000002063",88,1,8,"Postgraduate","Married",0,"White collar",3,1,0,1,3,"Västra Götaland","Götaland",3,4,5,4,1,2,1,1,1,10,3,3,3,3,2,3,1,2,3,4,3,2,4,5,5,3,3,3,3,3,0,6,0,0,5,1,9,0,6,8,2,8,10,3,9,1,8,9,2,8,4,10,9,1,3,9,1,7,7,1,"M","M",0,"Right",0,1,0,0,1,0.5247
"0000001437",59,0,3,"No degree","Single",1,"Worker",2,1,1,0,1,"Örebro","Svealand",2,4,4,1,4,4,1,1,4,8,3,3,3,3,2,2,1,3,3,3,3,3,3,4,4,2,3,4,4,4,1,,,,9,2,5,4,7,2,1,3,10,4,5,5,7,2,1,2,10,5,2,2,8,6,6,3,9,1,"S","S",0,"Left",0,0,1,1,2,1.1008
"0000002649",55,1,6,"No degree","Divorced",0,"Self-employed",1,3,1,0,2,"Kalmar","Götaland",1,2,5,5,1,1,1,3,5,4,2,2,2,3,1,1,2,3,1,2,4,2,2,3,1,1,3,1,1,3,,,1,,5,0,,5,9,1,10,,0,0,2,,8,0,5,5,4,10,10,0,5,10,1,5,3,1,"V","S",1,"Left",0,0,0,1,2,0.9037
"0000001484",70,0,4,"No degree","Married",1,"White collar",5,2,1,0,1,"Jönköping","Götaland",3,4,5,5,1,1,1,1,1,9,4,4,4,2,2,3,1,3,3,1,4,1,3,5,5,3,2,2,3,3,1,7,7,2,9,0,4,0,10,0,0,9,10,5,5,5,10,0,5,9,5,10,9,1,6,10,3,7,5,1,"C","C",0,"Left",0,0,0,1,2,0.6234
"0000002461",79,0,5,"No degree","Married",0,"Worker",1,1,1,,1,"Västra Götaland","Götaland",3,3,5,4,2,3,1,,,9,3,3,4,3,3,3,1,3,3,4,3,2,3,5,5,3,4,,3,4,1,7,4,3,10,0,0,6,5,0,5,2,10,0,0,5,5,0,6,5,6,10,10,3,8,10,6,10,6,1,"S","S",0,"Left",0,0,1,1,2,0.7541
"0000001207",54,1,3,"No degree","Married",0,"Self-employed",3,1,1,0,,"Gävleborg","Norrland",2,3,3,3,3,3,3,3,4,2,1,1,1,1,1,3,3,2,3,3,3,2,2,3,3,3,3,3,3,3,,1,4,5,6,5,7,5,5,5,6,5,5,5,5,5,5,5,5,5,3,9,7,2,6,7,4,7,6,1,"M","S",1,"Right",0,1,0,0,,1.0931
"0000001635",63,0,3,"No degree","Single",,"Worker",3,1,1,0,2,"Södermanland","Svealand",2,4,5,5,4,3,2,4,4,6,2,2,2,3,2,2,2,2,2,2,4,3,3,3,3,2,4,2,4,3,1,1,0,0,3,10,8,2,5,7,1,3,3,10,8,3,7,8,1,5,7,7,8,0,3,4,0,5,5,1,"SD","SD",0,"Right",1,1,0,0,,1.1008
"0000000517",30,0,8,"Postgraduate","Single",1,"White collar",5,1,1,0,4,"Stockholm","Svealand",4,5,5,4,2,1,1,1,2,8,4,3,3,3,2,3,2,3,3,2,2,2,3,5,4,2,2,2,3,3,1,5,5,3,8,0,1,8,6,1,8,4,8,0,0,8,8,1,7,2,3,7,8,2,5,9,4,7,2,1,"V","V",0,"Left",0,0,0,0,1,1.0805
"0000000227",37,0,7,"Bachelor","Single",1,"White collar",5,2,1,0,3,"Stockholm","Svealand",3,4,5,3,2,1,2,3,4,9,4,4,3,3,3,3,2,3,3,2,4,3,3,4,4,3,3,3,3,3,1,5,1,7,9,1,5,8,6,1,9,5,9,1,5,7,7,2,10,4,4,8,9,1,6,9,4,6,3,1,"MP","S",1,"Left",0,0,0,0,2,1.0805
"0000002321",79,1,,,"Widowed",,"White collar",,,1,0,,"Västra Götaland","Götaland",3,3,4,3,2,4,1,2,4,9,3,3,3,3,2,3,2,3,3,2,4,3,3,4,5,2,3,2,3,3,1,7,0,2,9,5,7,7,7,7,7,7,9,7,7,7,7,7,7,7,,6,10,5,4,4,4,,4,1,"S","S",0,"Left",0,0,1,1,2,0.7489
"0000000206",31,0,8,"Postgraduate","Married",0,"White collar",5,3,1,0,1,"Skåne","Götaland",2,5,3,5,3,4,3,4,4,10,2,2,3,4,2,3,2,2,3,2,,2,3,5,3,4,2,2,3,5,1,1,4,6,5,8,10,0,5,8,0,8,6,9,8,0,4,8,0,8,4,8,7,0,5,6,3,6,8,1,,"M",,,,,,0,2,1.0805
"0000001208",49,1,,,"Married",,,,,1,0,,"Halland","Götaland",3,4,5,5,4,5,4,3,3,6,,,,,,,,,,,,,,,,,,,,,,2,,,,,,,,,,,,,,,,,,,,,,,,,,,,,,,,,,,,,,1.1901
"0000002225",77,0,4,"No degree","Single",,"White collar",1,1,1,1,2,"Uppsala","Svealand",3,4,5,4,5,2,2,2,1,9,4,3,3,3,3,3,,3,3,3,4,3,3,4,4,3,4,4,4,4,0,5,0,0,10,6,7,6,7,6,8,8,10,6,7,6,7,6,8,8,2,9,9,0,7,9,2,7,2,1,"S","S",0,"Left",0,0,1,,2,0.821
"0000002460",85,0,2,"No degree","Divorced",1,"Worker",1,2,1,,2,"Örebro","Svealand",4,5,5,1,4,3,,,,,,,,,,,,,,5,,,3,5,5,2,3,3,4,5,1,,,,9,4,3,8,6,3,7,5,10,4,3,9,7,3,6,4,0,8,10,0,4,9,1,7,0,,,"S",,,,,,1,,1.1092
"0000000870",37,0,4,"No degree","Married",1,"White collar",4,1,1,0,2,"Halland","Götaland",3,4,4,3,5,3,2,3,2,9,4,4,3,3,3,3,2,2,3,1,4,4,3,5,5,4,3,4,4,4,,3,1,1,,,,,,,,,0,9,9,0,3,9,0,8,3,9,10,0,2,8,3,6,9,1,"M","M",0,"Right",0,1,0,1,,1.6791
"0000000073",71,0,2,"No degree","Married",0,"White collar",3,1,1,0,2,"Gotland","Götaland",3,4,4,,4,3,4,4,2,7,2,2,3,3,2,3,2,,3,2,,3,3,5,2,2,3,4,4,3,1,2,6,7,8,1,5,5,7,6,2,6,8,5,6,6,7,6,1,7,1,5,9,1,6,7,2,7,5,1,,,,,,,,0,,1.1092
"0000000991",45,0,7,"Bachelor","Married",1,"White collar",5,1,1,1,4,"Stockholm","Svealand",3,5,5,5,1,3,2,3,4,8,3,3,3,3,2,2,1,1,1,1,3,4,3,5,5,3,2,3,3,4,1,1,3,1,0,9,10,0,0,5,0,2,0,10,10,0,0,7,0,3,0,7,10,0,0,10,0,2,10,1,"M","M",0,"Right",0,1,0,1,3,0.7712
"0000002843",76,1,7,"Bachelor","Widowed",0,"Self-employed",1,1,1,0,4,"Stockholm","Svealand",,4,5,5,4,2,1,1,,7,3,3,3,3,3,3,2,3,2,3,3,3,3,5,5,2,2,2,4,2,1,7,,,8,5,3,3,3,7,7,3,8,1,3,3,3,4,4,3,2,9,7,1,5,7,5,7,3,1,"S",,,"Left",0,0,1,0,1,1.0396
"0000002368",63,0,9,"Postgraduate","Divorced",1,"White collar",4,1,1,0,1,"Skåne","Götaland",4,5,5,5,2,3,1,1,4,7,3,3,3,3,2,3,2,2,1,4,3,,3,4,4,4,3,3,2,3,1,0,7,0,1,1,7,0,1,5,0,2,0,3,7,0,0,5,0,3,2,2,7,1,3,5,1,3,7,1,"M","M",0,"Right",0,1,0,0,1,0.7896
"0000001229",23,1,6,"No degree","Single",1,"White collar",2,1,1,0,2,"Västmanland","Svealand",2,4,5,4,2,3,2,2,1,8,3,3,2,2,2,3,2,3,4,1,4,3,3,4,2,2,2,3,4,2,1,0,2,0,9,7,2,3,8,0,2,1,10,10,2,2,8,0,5,0,0,10,9,3,2,9,4,7,5,1,"S","S",0,"Left",0,0,1,0,,1.346
"0000000524",45,1,8,"Postgraduate","Married",1,"White collar",5,1,1,0,3,"Stockholm","Svealand",3,5,5,5,1,1,1,1,1,9,4,4,4,4,2,3,1,3,3,3,4,3,3,5,5,3,2,2,3,3,1,4,7,7,10,0,2,5,9,0,7,6,10,0,6,8,10,0,8,6,5,10,8,1,7,10,2,8,6,1,"S","C",1,"Left",0,0,1,0,2,0.7658
"0000002632",92,1,2,"No degree","Widowed",0,"Worker",1,1,1,,1,"Kronoberg","Götaland",2,2,5,3,1,3,1,2,3,8,2,2,2,3,2,3,,3,3,,,,3,5,4,2,3,,,3,0,0,0,0,,2,,,,,,,,,,,,,,,,,,,,,,,2,0,,,,,,,,1,,1.1014
"0000002416",85,1,3,"No degree","Widowed",0,"White collar",1,1,1,0,2,"Södermanland","Svealand",3,4,5,4,5,1,3,4,4,8,3,3,3,2,3,2,1,3,3,2,,3,3,4,4,2,3,4,4,3,0,7,1,0,9,0,8,6,,7,2,7,10,1,9,7,7,5,7,8,3,10,8,2,8,8,2,8,3,1,"S","S",0,"Left",0,0,1,1,2,0.8153
"0000001419",56,1,6,"No degree","Married",1,"Worker",5,1,1,0,1,"Norrbotten","Norrland",2,3,5,5,1,3,3,4,3,7,2,2,3,3,2,3,2,2,3,2,3,3,3,4,4,3,2,3,2,2,1,7,2,7,3,8,7,7,3,3,0,5,1,8,7,9,0,1,5,5,2,8,8,0,4,7,3,6,6,1,"SD",,,"Right",1,1,0,0,,0.9037
"0000001460",77,0,2,"No degree","Married",1,"Farmer",1,1,1,0,1,"Jönköping","Götaland",3,4,5,5,4,4,4,4,3,9,3,3,3,3,3,3,,3,3,4,3,3,3,5,5,3,4,4,4,3,0,6,6,0,6,0,9,0,10,,,6,7,0,9,5,10,6,5,7,5,7,9,5,9,,,7,8,1,"C","C",0,"Left",0,0,0,0,2,1.1092
"0000001384",38,0,6,"No degree","Single",1,"Worker",2,2,1,0,4,"Skåne","Götaland",2,4,5,4,3,1,2,2,2,8,3,3,3,3,2,3,2,3,3,3,4,3,2,4,4,3,2,3,3,3,1,1,2,7,9,,,,,,,8,9,8,8,,8,8,,8,,,,,,,,,,1,"S","S",0,"Left",0,0,1,0,1,1.275
"0000000186",55,0,6,"No degree","Divorced",0,"White collar",5,3,1,0,4,"Stockholm","Svealand",3,4,5,4,2,2,1,2,2,8,4,4,4,4,3,3,2,3,4,1,4,4,3,5,5,3,4,1,4,2,,6,3,4,7,0,10,0,8,4,2,,8,1,9,,8,4,0,6,1,10,9,0,3,8,1,7,8,1,"M","M",0,"Right",0,1,0,0,2,0.91
"0000000469",63,1,6,"No degree","Single",1,"White collar",1,1,1,0,2,"Norrbotten","Norrland",3,4,5,5,1,1,1,1,2,9,4,4,3,4,3,4,1,3,4,3,3,2,3,5,5,3,2,3,4,4,1,3,7,0,5,0,5,2,2,0,1,4,6,0,5,2,2,0,0,2,4,9,8,0,8,8,0,7,4,1,"S","S",0,"Left",0,0,1,0,2,0.9037
"0000002433",75,0,,,"Married",0,"White collar",3,,1,0,1,"Skåne","Götaland",2,5,5,4,4,3,3,3,1,8,2,2,3,3,1,4,1,3,3,1,,3,3,5,4,3,3,3,3,3,0,7,7,,,,,,,,,,,,,,,,,,,,,,,,,,4,1,,,,,,,,1,,0.7541
"0000001235",29,0,4,"No degree","Single",1,"White collar",3,1,1,0,1,"Kronoberg","Götaland",2,4,5,3,2,4,1,1,5,3,1,3,2,3,2,1,1,1,2,3,4,4,2,3,3,3,2,4,3,2,1,2,3,7,0,10,8,0,3,9,0,1,0,10,9,0,0,9,0,1,2,10,9,0,3,9,0,4,7,1,"SD","SD",0,"Right",1,1,0,1,3,1.5423
"0000002474",77,0,7,"Bachelor","Married",0,"White collar",4,3,1,0,1,"Skåne","Götaland",4,5,5,3,1,3,3,3,3,10,3,3,3,3,3,3,2,2,3,4,4,4,3,5,5,3,3,3,3,3,,7,7,0,5,5,10,0,5,5,0,5,5,5,10,0,5,5,0,5,7,8,9,0,5,8,0,7,,1,"M","M",0,"Right",0,1,0,0,1,0.5283
"0000000451",27,1,7,"Bachelor","Single",1,"Worker",2,1,1,0,2,"Jönköping","Götaland",2,4,5,4,1,3,4,4,4,7,3,3,3,3,3,3,2,4,3,,3,3,3,4,3,2,,2,3,3,1,0,0,7,9,6,9,5,6,5,7,5,9,6,9,5,8,5,5,5,,,,,,,,,,1,"S",,,"Left",0,0,1,0,1,1.073
"0000002468",72,1,6,"No degree","Married",1,"Worker",2,3,1,0,2,"Halland","Götaland",3,4,5,4,5,3,3,3,3,6,3,3,3,4,3,3,2,3,4,3,4,3,3,3,3,2,3,3,4,3,0,1,1,3,10,5,5,5,5,7,7,5,10,6,5,5,5,6,7,5,5,4,5,5,4,4,4,5,5,1,"S","S",0,"Left",0,0,1,0,,0.7489
"0000000260",62,0,7,"Bachelor","Married",1,"White collar",5,1,1,1,4,"Västra Götaland","Götaland",3,5,5,4,1,1,1,1,4,9,4,4,4,4,2,3,1,3,3,2,4,4,3,5,5,2,4,4,4,3,1,6,6,0,10,0,4,9,5,3,8,7,10,0,4,5,4,,,5,2,10,7,1,7,8,4,,2,1,"S","S",0,"Left",0,0,1,1,3,0.7712
"0000000323",45,1,8,"Postgraduate","Married",,"White collar",5,1,1,1,3,"Stockholm","Svealand",4,5,5,5,1,1,1,1,2,8,3,3,4,4,2,4,2,4,4,1,4,4,3,5,5,3,2,3,3,3,1,6,1,6,9,0,3,6,6,0,8,2,10,0,3,6,10,0,8,2,4,10,8,2,6,10,5,8,4,1,"S","S",0,"Left",0,0,1,1,2,0.7658
"0000001889",73,1,6,"No degree","Married",0,"White collar",3,2,1,0,2,"Uppsala","Svealand",2,4,5,3,2,3,3,3,2,8,3,3,3,3,3,2,2,2,2,2,3,3,3,4,4,2,2,4,4,3,0,5,0,5,4,8,9,1,5,8,0,7,5,9,10,6,4,9,0,6,5,9,10,1,5,9,1,7,10,1,"KD","M",1,"Right",0,1,0,1,2,0.8153
"0000000453",62,1,8,"Postgraduate","Married",1,,,4,1,1,1,"Kalmar","Götaland",3,5,5,5,5,3,1,1,3,8,4,4,3,3,4,4,4,3,3,3,4,4,3,5,5,3,3,3,3,3,,5,1,1,5,5,9,0,7,10,5,9,5,5,8,0,7,10,5,9,3,10,10,0,8,9,2,8,,1,"KD","KD",0,"Right",0,1,0,1,3,0.9037
"0000002469",68,0,5,"No degree","Married",,"White collar",2,1,1,0,2,"Västra Götaland","Götaland",3,3,5,4,5,5,2,3,3,10,3,3,2,3,3,3,2,3,3,2,3,3,3,5,4,3,3,2,4,3,1,1,0,0,9,9,5,4,5,5,2,2,9,9,6,5,5,6,4,6,0,8,10,0,5,8,2,5,7,1,"SD","S",1,"Right",1,1,0,0,2,1.0469
"0000001622",64,0,6,"No degree","Married",1,"Self-employed",4,1,1,0,3,"Stockholm","Svealand",3,4,5,5,4,2,,,,9,3,3,3,3,2,3,2,3,,2,3,3,3,5,5,3,2,4,3,2,1,6,3,0,9,0,5,2,8,0,6,5,9,0,4,4,9,0,7,5,3,10,8,1,6,10,5,6,3,1,"M","S",1,"Right",0,1,0,1,2,1.1984
"0000001223",29,0,4,"No degree","Single",0,"Worker",3,1,1,0,1,"Västra Götaland","Götaland",3,3,3,,3,3,2,3,4,7,2,2,2,3,2,2,2,2,3,2,3,3,3,3,3,2,2,4,4,3,1,2,3,5,5,6,8,0,5,7,0,6,5,6,7,2,5,7,0,6,3,10,9,0,4,8,1,6,8,1,"M",,,"Right",0,1,0,1,1,1.6791
"0000000150",79,0,2,"No degree","Married",1,"Self-employed",4,1,1,,1,"Västra Götaland","Götaland",2,4,5,4,2,1,1,1,4,8,3,2,3,3,2,3,1,2,3,2,3,3,3,5,4,3,3,3,4,4,0,7,7,0,2,8,9,0,2,5,0,4,6,9,9,1,2,7,0,6,3,10,9,0,3,6,0,6,6,1,"SD","M",1,"Right",1,1,0,0,2,0.821
"0000002327",92,0,2,"No degree","Widowed",1,"White collar",2,1,1,,1,"Örebro","Svealand",2,3,5,5,2,3,1,1,1,9,3,3,3,3,2,3,1,4,3,1,4,4,3,5,5,3,4,2,3,3,0,7,0,0,10,0,1,6,6,0,6,2,10,0,0,6,7,0,5,0,0,10,9,3,4,10,3,7,1,1,"S","S",0,"Left",0,0,1,1,2,0.7541
"0000002626",53,1,5,"No degree","Divorced",0,,5,2,0,,3,"Stockholm","Svealand",2,4,4,3,5,3,3,3,4,5,3,2,2,3,,3,1,2,2,2,,3,2,3,3,1,3,1,2,3,0,4,0,0,5,5,5,5,5,5,5,5,5,5,5,5,5,5,5,5,,,,,,,,,,1,,,,,,,,0,,1.1901
"0000002141",60,1,6,"No degree","Divorced",1,,1,1,0,,4,"Västra Götaland","Götaland",3,4,4,,5,4,3,4,5,7,2,2,2,3,2,2,2,2,3,3,3,2,3,5,3,2,2,3,3,3,1,4,5,5,8,,,,,,,,9,,,6,,,,,7,1,5,6,5,2,5,5,4,1,"V","V",0,"Left",0,0,0,0,2,1.1901
"0000000745",72,0,4,"No degree","Divorced",0,"White collar",2,1,1,0,1,"Jämtland","Norrland",4,5,5,4,4,4,3,3,5,9,4,3,3,3,3,3,2,3,4,3,3,4,3,5,5,3,4,3,3,3,0,7,7,7,10,1,5,7,7,2,3,5,8,1,3,7,5,2,3,4,3,9,8,1,5,8,4,6,,1,"S","S",0,"Left",0,0,1,1,2,0.6234
"0000002354",66,1,4,"No degree","Divorced",0,"Worker",1,1,1,0,1,"Blekinge","Götaland",3,3,5,3,4,4,1,4,4,7,3,3,3,3,2,2,2,2,3,2,4,4,3,4,3,2,2,3,4,3,0,1,0,0,6,10,8,3,2,9,0,7,7,10,8,6,4,9,0,7,1,10,9,2,1,9,1,7,10,1,"SD","SD",0,"Right",1,1,0,1,3,0.7489
"0000001646",52,1,4,"No degree","Single",0,"Worker",,1,0,,1,"Kalmar","Götaland",2,4,,,,,,3,,8,3,3,3,3,3,3,3,3,3,3,3,3,3,4,5,,3,,,,,7,,,,,,,,,,,,,,,,,,,,,,,,,,,,,"S","S",0,"Left",0,0,1,0,,0.9037
"0000000239",61,1,8,"Postgraduate","Married",1,,3,1,1,0,3,"Stockholm","Svealand",3,5,5,5,1,1,1,2,1,8,4,3,4,4,3,3,1,3,4,2,3,4,4,5,5,2,3,3,3,3,1,7,0,0,,0,2,2,7,1,10,4,10,6,3,6,10,1,6,5,3,9,7,1,6,8,3,5,3,1,"MP","S",1,"Left",0,0,0,1,2,0.7658
"0000002698",21,0,,,"Single",,,,,1,0,,"Västra Götaland","Götaland",1,3,4,3,3,4,,,,,,,,,,,,,,,,,,,,,,,,,,1,1,4,,,,,,,,,,,,,,,,,,,,,,,,,,,,,,,,,,,,1.3555
"0000000142",61,0,6,"No degree","Divorced",1,"White collar",5,3,1,0,3,"Skåne","Götaland",3,5,5,4,1,3,4,4,2,10,3,3,4,3,3,3,2,3,4,4,4,4,4,5,4,3,4,5,4,2,1,5,7,7,7,8,9,0,2,8,0,7,9,9,8,0,2,8,0,6,3,10,8,0,3,7,1,6,7,1,"M","M",0,"Right",0,1,0,0,2,0.91
"0000000717",57,1,7,"Bachelor","Married",0,"White collar",3,1,1,0,1,"Västernorrland","Norrland",2,4,5,5,2,4,1,4,4,7,3,3,3,3,3,3,3,3,3,2,3,3,3,5,3,2,3,3,4,4,1,6,6,7,9,1,6,7,6,5,4,7,9,2,8,7,6,3,1,8,3,9,8,0,5,7,3,5,4,1,"S","S",0,"Left",0,0,1,0,2,0.7658
"0000000926",46,0,5,"No degree","Married",1,"White collar",5,3,1,0,2,"Västra Götaland","Götaland",4,5,5,4,3,3,4,4,3,8,2,2,2,3,2,3,1,1,3,1,4,4,3,5,,3,2,4,3,3,1,5,7,3,4,8,10,2,2,10,0,5,3,7,10,5,0,10,0,7,4,8,9,0,2,9,1,5,9,1,"SD","KD",1,"Right",1,1,0,1,2,0.91
"0000000882",58,0,5,"No degree","Single",1,"White collar",5,1,1,1,3,"Stockholm","Svealand",2,5,5,4,4,3,2,3,1,8,3,3,3,4,3,4,2,3,4,2,,3,3,5,3,3,1,2,4,4,1,3,5,5,5,0,8,1,8,1,1,8,10,0,9,5,10,6,5,5,3,10,10,0,5,9,1,7,7,1,,"C",,,,,,0,,1.1008
"0000001482",71,0,2,"No degree","Married",1,,2,1,1,0,1,"Gävleborg","Norrland",2,4,5,5,2,3,1,1,1,10,3,3,3,3,3,2,2,3,3,3,,4,3,5,5,4,2,4,4,4,0,7,,4,7,0,5,1,9,,,5,5,5,5,5,5,5,0,5,5,8,,1,5,8,3,,5,1,,,,,,,,0,2,0.7541
"0000000041",54,0,5,"No degree","Married",1,"White collar",5,2,1,0,2,"Örebro","Svealand",3,4,5,4,4,3,3,3,3,8,3,3,3,3,2,2,2,3,3,2,,3,3,4,4,3,2,3,3,3,1,5,3,0,5,5,4,4,4,4,4,4,6,6,4,4,4,4,4,4,4,5,6,3,5,5,4,6,5,1,,,,,,,,0,,1.1008
"0000000737",78,1,8,"Postgraduate","Divorced",0,,1,6,1,0,2,"Södermanland","Svealand",3,4,5,3,2,1,1,2,3,9,3,3,3,3,2,3,2,,3,2,,3,3,4,4,2,2,3,3,3,1,7,3,7,6,4,5,5,5,6,5,5,6,4,5,5,5,6,5,5,4,7,6,3,5,6,4,5,5,1,,,,,,,,0,,0.5247
"0000001613",58,0,6,"No degree","Married",0,"White collar",4,1,1,0,1,"Jönköping","Götaland",3,3,5,5,4,3,1,1,2,8,3,3,3,3,2,2,1,3,3,4,3,3,3,4,4,2,3,3,3,2,1,2,6,6,5,0,0,0,0,0,0,7,5,0,3,0,5,0,0,7,2,10,10,0,6,7,0,8,8,1,"L","L",0,"Right",0,1,0,0,2,0.91
"0000000153",49,1,6,"No degree","Married",1,"White collar",5,4,1,0,1,"Västra Götaland","Götaland",2,4,5,4,4,2,1,1,1,9,3,3,3,3,3,3,1,3,2,2,,3,3,5,4,2,2,2,3,1,1,6,2,0,6,0,6,3,8,4,5,4,9,0,7,2,9,2,5,5,3,5,8,1,5,7,4,6,5,1,,,,,,,,0,1,0.7658
"0000001915",77,1,2,"No degree","Married",0,"White collar",2,3,1,0,2,"Jönköping","Götaland",2,3,5,5,3,3,3,3,3,10,3,3,3,3,3,3,3,3,3,1,,3,4,5,3,3,3,4,4,2,1,7,,,10,,,,,,,,10,,,,,,,,,,,,,,,,,1,"S","S",0,"Left",0,0,1,1,2,0.7489
"0000001748",63,1,5,"No degree","Married",1,"White collar",2,3,1,0,1,"Västernorrland","Norrland",2,3,5,3,3,1,1,1,1,9,4,4,4,4,2,4,2,4,3,2,2,2,4,5,5,2,2,1,3,2,1,1,0,7,10,0,4,8,8,4,9,4,10,0,4,4,7,2,5,4,0,10,9,0,6,8,6,7,1,1,"S","S",0,"Left",0,0,1,1,2,1.1901
"0000002348",33,1,8,"Postgraduate","Single",0,,3,1,1,0,2,"Gävleborg","Norrland",3,4,5,5,1,3,1,4,4,8,4,4,3,3,3,3,2,3,3,2,4,4,4,5,3,3,3,4,4,3,,0,7,7,10,0,3,7,9,0,5,7,10,1,2,6,8,0,5,6,3,10,8,2,5,9,4,7,4,1,"S","S",0,"Left",0,0,1,0,2,1.073
"0000001112",40,0,4,"No degree","Single",1,"Worker",2,1,1,0,2,"Västernorrland","Norrland",3,5,4,5,4,3,,,,,,,,,,,,,,2,,,3,4,4,3,3,3,3,3,1,2,7,7,6,10,9,2,0,5,0,0,5,10,8,1,0,6,0,0,3,7,8,0,6,8,0,5,7,,,"SD",,,,,,1,2,1.6791
"0000001788",76,1,4,"No degree","Widowed",0,"White collar",,1,1,0,2,"Kronoberg","Götaland",3,4,5,5,3,1,,,5,7,4,1,3,4,3,3,1,,3,2,4,4,3,5,4,3,2,2,3,3,,7,0,0,10,0,0,9,,0,9,9,,,,,,,,,3,10,9,2,7,9,6,7,,1,"S","S",0,"Left",0,0,1,1,,0.7489
"0000001144",36,1,4,"No degree","Married",1,"Worker",3,1,1,0,2,"Östergötland","Götaland",3,5,5,4,1,3,4,4,1,8,3,3,3,3,3,3,3,3,3,2,4,4,4,5,5,3,3,4,4,3,1,3,7,7,9,0,8,2,8,6,2,6,10,0,8,2,7,5,1,5,3,,5,0,4,,2,6,5,1,"S","M",1,"Left",0,0,1,1,2,1.6674
"0000000313",63,1,7,"Bachelor","Married",1,"White collar",5,1,1,0,2,"Kronoberg","Götaland",3,5,5,1,1,3,1,4,4,10,4,3,3,3,3,3,2,3,4,2,4,2,4,5,3,2,4,3,3,3,1,7,,5,6,0,1,6,5,0,5,2,8,3,0,7,5,0,5,3,6,10,,0,6,10,3,8,4,1,"S","S",0,"Left",0,0,1,1,1,0.7658
"0000002599",22,0,4,"No degree","Single",0,,1,1,1,0,2,"Kronoberg","Götaland",3,5,5,3,4,1,1,3,3,10,4,4,4,4,3,4,2,3,3,3,3,4,4,5,4,2,3,3,3,2,1,4,4,7,8,2,8,8,7,4,6,5,9,3,7,9,7,8,3,6,2,10,8,0,5,9,1,8,4,1,"M","M",0,"Right",0,1,0,0,,1.3555
"0000001498",52,0,5,"No degree","Single",0,"Self-employed",2,1,1,0,2,"Stockholm","Svealand",3,5,4,5,5,3,5,4,4,4,2,2,,3,2,3,2,1,3,1,,3,3,5,4,2,3,2,3,3,1,2,2,2,0,10,8,,0,,0,,8,10,8,0,0,0,,0,,,,,,,,,,0,,,,,,,,0,,1.1008
"0000002267",73,0,4,"No degree","Single",0,"Worker",1,1,1,0,3,"Stockholm","Svealand",3,5,5,5,2,1,1,4,4,6,3,3,2,3,2,3,1,3,3,2,4,2,3,3,5,2,3,3,3,3,0,4,0,0,9,0,2,10,5,1,8,3,8,0,2,9,5,1,7,3,2,10,8,1,5,9,3,7,1,1,"V","V",0,"Left",0,0,0,1,2,0.821
"0000000824",51,1,3,"No degree","Married",0,"White collar",4,1,0,,3,"Stockholm","Svealand",2,4,5,1,1,1,1,1,1,6,2,2,3,3,2,2,2,1,3,3,3,3,3,4,4,2,4,3,3,3,1,3,7,7,0,9,7,0,0,8,0,6,3,9,7,0,0,9,0,7,5,8,8,1,1,8,1,5,,1,"SD","SD",0,"Right",1,1,0,1,2,1.5176
"0000000393",41,1,8,"Postgraduate","Married",1,"White collar",4,3,1,0,2,"Västra Götaland","Götaland",3,5,5,5,1,1,1,4,3,9,3,3,3,3,3,3,2,3,,2,4,4,4,4,4,2,3,2,3,2,1,0,5,7,10,1,4,7,8,4,9,7,10,0,5,5,8,4,6,6,,,,,,,,,3,1,"S","MP",1,"Left",0,0,1,1,2,0.7658
"0000002721",75,0,2,"No degree","Single",0,"Worker",1,2,1,0,1,"Västra Götaland","Götaland",2,3,2,4,4,3,3,3,3,5,3,3,3,2,1,1,1,3,3,3,2,3,3,4,4,3,3,3,3,3,,2,,,9,,,,,,,,10,,,,,,,,7,,,,,,,,,1,"S","S",0,"Left",0,0,1,1,2,0.7541
"0000001042",54,1,6,"No degree","Married",1,"White collar",2,2,1,0,3,"Stockholm","Svealand",2,5,5,3,1,3,4,3,3,5,3,3,3,3,2,1,1,2,2,1,4,4,2,2,5,3,4,3,3,3,1,0,0,0,0,6,6,0,0,5,0,9,0,6,6,5,0,6,0,7,0,6,6,0,0,6,0,3,9,1,"L",,,"Right",0,1,0,0,,0.9037
"0000000642",45,0,6,"No degree","Married",1,"White collar",5,1,1,0,1,"Södermanland","Svealand",3,5,4,5,2,3,1,1,1,9,4,4,4,4,3,3,2,2,2,1,2,2,3,5,3,3,4,3,3,3,1,0,7,3,8,1,8,2,6,3,1,6,9,0,8,8,1,1,0,7,4,8,7,2,5,7,0,5,5,1,"M","C",1,"Right",0,1,0,0,1,0.91
"0000000654",60,0,,,"Married",1,,5,,1,0,3,"Stockholm","Svealand",4,5,5,1,1,1,1,1,4,8,4,4,3,4,3,4,2,3,3,4,4,3,3,5,5,3,4,3,3,2,0,7,3,7,0,0,8,0,7,8,1,8,1,6,6,3,6,8,1,8,1,10,8,0,7,9,1,7,7,1,"M","C",1,"Right",0,1,0,0,,0.7712
"0000001064",57,1,3,"No degree","Single",0,"White collar",3,2,1,0,1,"Östergötland","Götaland",2,4,5,3,3,3,3,3,3,10,3,3,3,2,3,3,3,2,3,1,4,4,3,4,4,3,4,2,3,2,,3,5,5,2,9,10,4,5,5,1,5,2,9,10,4,5,5,1,5,1,9,10,1,1,9,1,7,,1,"M","M",0,"Right",0,1,0,1,2,1.0931
"0000002359",70,1,6,"No degree","Divorced",0,"White collar",1,1,1,0,2,"Värmland","Svealand",4,5,5,5,1,1,1,1,1,10,4,3,4,4,2,4,1,4,4,5,4,4,4,5,5,2,4,4,5,3,0,7,7,7,8,0,0,7,1,0,10,0,10,0,0,4,7,0,10,0,2,10,10,0,7,10,3,8,2,1,"MP","V",1,"Left",0,0,0,1,3,0.6191
"0000002784",71,1,5,"No degree","Married",1,"White collar",4,1,1,0,4,"Uppsala","Svealand",3,4,5,5,1,1,1,1,1,9,3,3,3,3,3,3,,3,3,2,3,4,3,5,5,3,2,3,3,3,1,7,0,0,9,0,0,10,5,0,7,5,10,0,2,10,10,0,5,2,3,10,10,0,5,10,4,7,2,1,"S","V",1,"Left",0,0,1,1,2,0.8153
"0000000495",51,0,7,"Bachelor","Married",,"White collar",5,2,1,0,2,"Jönköping","Götaland",4,5,5,5,1,1,1,1,3,10,4,4,4,4,2,4,2,3,3,5,4,2,3,5,4,3,1,4,3,3,1,7,7,7,6,0,6,2,10,0,9,5,5,0,6,0,10,0,5,2,4,10,6,3,5,8,4,5,5,1,"C","L",1,"Left",0,0,0,0,1,0.7712
"0000000158",57,1,7,"Bachelor","Single",1,"White collar",5,1,0,,1,"Stockholm","Svealand",3,5,4,4,2,3,4,4,2,9,3,3,3,4,2,3,2,3,4,1,3,3,4,5,5,3,2,5,5,3,1,3,0,5,9,0,7,7,9,0,6,6,10,6,3,8,10,0,4,4,4,10,8,3,4,8,4,6,4,1,"C","M",1,"Left",0,0,0,0,,0.9037
"0000002550",69,1,4,"No degree","Single",0,,,2,1,0,1,"Kronoberg","Götaland",2,4,5,5,3,4,3,4,4,9,3,3,3,3,2,3,2,,,1,4,4,3,5,3,3,4,4,3,3,1,5,0,0,5,5,5,5,5,5,5,5,,6,8,3,1,6,3,7,,,,,,,,,,1,"M","M",0,"Right",0,1,0,0,,0.8153
"0000002198",88,0,2,"No degree","Widowed",1,"Worker",,2,1,0,2,"Västra Götaland","Götaland",4,4,5,,,,1,1,1,9,3,4,3,2,2,2,1,3,3,3,4,4,3,5,5,3,3,4,4,5,1,7,,,10,0,0,7,8,0,7,6,10,0,0,3,8,0,8,7,,,,,,,,,,1,"S","S",0,"Left",0,0,1,1,3,1.1092
"0000002313",78,0,2,"No degree","Single",0,"Worker",2,2,1,0,2,"Uppsala","Svealand",3,3,5,3,4,5,1,1,5,9,4,4,2,4,2,3,1,3,3,3,4,4,3,4,4,2,3,4,5,5,1,6,3,0,10,0,0,9,5,5,5,0,10,,,,5,,5,0,0,10,10,1,9,9,1,,1,1,"S","S",0,"Left",0,0,1,1,2,0.7541
"0000002497",72,1,7,"Bachelor","Married",0,"White collar",5,1,0,,3,"Västra Götaland","Götaland",3,5,5,2,1,3,1,1,2,8,3,4,,,,,,3,3,2,3,3,3,5,3,2,2,2,4,3,1,3,,,7,3,5,5,7,7,5,7,9,4,4,5,5,6,5,5,4,10,10,0,5,7,,7,6,,"S","L",1,"Left",0,0,1,0,,0.8153
"0000001362",46,1,6,"No degree","Married",0,"White collar",3,1,1,1,3,"Västra Götaland","Götaland",3,4,5,5,3,2,3,4,1,4,2,2,3,3,1,1,1,1,3,1,,2,3,4,3,1,4,2,2,3,1,0,3,7,,,,,,,,,,,,,,,,,,,,,,,,,8,0,,,,,,,,0,2,0.9037
"0000000701",56,1,8,"Postgraduate","Married",0,"Self-employed",5,1,1,0,3,"Stockholm","Svealand",3,4,5,5,2,1,1,4,2,9,3,3,3,3,3,3,2,3,3,2,4,3,4,5,4,2,3,2,3,3,1,7,2,5,8,0,3,6,9,2,9,4,9,0,2,8,10,1,7,3,3,10,10,0,5,10,3,7,,1,"C","MP",1,"Left",0,0,0,1,2,0.7658
"0000000156",41,0,8,"Postgraduate","Single",1,"White collar",3,1,1,0,4,"Stockholm","Svealand",4,5,5,5,1,2,1,2,3,9,3,3,3,3,3,3,2,3,3,2,3,3,3,5,4,3,3,3,3,3,0,7,7,2,8,0,3,0,7,2,1,9,7,5,5,3,7,5,3,7,3,5,8,0,5,8,2,6,5,1,"L","L",0,"Right",0,1,0,1,2,0.7712
"0000001668",59,0,2,"No degree","Married",1,"Worker",2,1,1,0,2,"Södermanland","Svealand",2,3,2,1,2,2,4,3,4,3,2,1,2,2,1,3,1,1,1,4,2,3,2,4,5,4,4,2,3,3,1,1,0,0,1,2,0,0,0,0,0,1,1,2,0,1,0,0,0,0,4,7,3,4,6,0,0,2,5,1,"L",,,"Right",0,1,0,0,1,1.1008
"0000001902",70,0,6,"No degree","Married",1,"Worker",2,1,1,0,1,"Kronoberg","Götaland",2,,,,,,,,,,,,,,,,,,,3,,,4,5,4,3,2,4,5,4,0,7,7,0,0,7,7,0,0,2,0,2,0,6,5,0,0,4,0,2,0,9,10,0,2,8,0,5,8,,,"M",,,,,,1,2,0.6234
"0000002490",38,0,4,"No degree","Married",0,"Worker",4,1,1,0,1,"Blekinge","Götaland",3,3,5,5,5,3,1,1,1,8,3,3,2,3,2,3,1,2,3,2,,3,3,4,4,3,4,2,3,3,1,1,6,0,5,5,5,5,5,5,5,5,5,5,5,5,5,5,5,5,4,9,9,1,1,7,1,7,4,1,,,,,,,,0,,1.275
"0000002618",77,1,7,"Bachelor","Divorced",0,"White collar",1,2,1,0,2,"Västmanland","Svealand",4,4,5,5,1,3,1,1,4,10,4,4,3,4,3,3,2,3,4,3,4,2,3,5,5,2,3,3,4,4,1,5,5,6,10,0,0,5,6,0,10,0,10,0,0,5,9,0,10,0,1,10,10,0,4,10,0,10,1,1,"S","MP",1,"Left",0,0,1,1,2,0.6191
"0000001979",51,0,3,"No degree","Single",0,"Worker",1,4,1,1,2,"Östergötland","Götaland",4,5,5,4,4,3,3,3,5,3,1,4,2,3,2,3,1,1,1,1,4,3,2,3,4,2,1,4,3,1,1,3,0,0,0,10,10,0,0,9,0,6,0,10,10,0,0,10,0,8,7,9,10,0,0,8,0,5,5,1,"M","M",0,"Right",0,1,0,0,,1
"0000001073",29,0,4,"No degree","Single",1,"White collar",1,1,1,0,2,"Dalarna","Svealand",1,2,5,4,4,5,4,5,4,9,2,2,2,3,2,1,1,1,1,1,3,2,3,4,4,3,1,4,3,3,0,0,0,3,0,5,8,6,5,5,0,3,3,4,5,5,2,5,5,5,0,8,9,1,4,5,2,1,8,1,,"M",,,,,0,0,1,1.275
"0000001202",18,1,4,"No degree","Single",0,"White collar",5,1,1,0,2,"Örebro","Svealand",3,4,5,3,3,3,1,3,4,8,2,2,3,3,2,2,2,3,3,2,,3,3,4,4,2,3,3,3,3,1,5,4,7,9,0,2,9,8,2,9,5,10,5,3,9,9,0,9,6,3,10,10,0,4,8,2,7,3,1,,,,,,,,0,2,2.2604
"0000000872",32,0,8,"Postgraduate","Married",0,"White collar",5,1,1,0,3,"Stockholm","Svealand",4,5,5,5,2,3,1,4,2,10,4,4,3,4,,3,1,1,2,2,4,4,4,5,4,4,3,3,3,3,1,4,0,6,2,5,10,0,7,9,0,9,1,7,10,0,4,,0,10,3,6,10,0,7,10,1,9,,1,"M","KD",1,"Right",0,1,0,1,3,1.0805
"0000002528",76,1,7,"Bachelor","Married",0,"White collar",2,1,1,0,1,"Uppsala","Svealand",3,4,5,5,1,1,1,1,1,8,3,3,3,4,3,4,2,3,3,2,3,3,3,5,5,3,3,4,3,3,0,7,2,3,9,0,4,8,8,3,9,5,9,0,2,8,8,2,8,5,1,8,9,0,4,9,1,6,2,1,"MP","MP",0,"Left",0,0,0,1,2,0.5247
"0000001846",76,1,7,"Bachelor","Married",0,"White collar",4,,1,1,3,"Stockholm","Svealand",3,4,5,3,1,1,1,1,1,9,3,3,3,3,3,3,2,3,3,2,4,4,3,5,4,3,2,3,3,3,1,6,0,5,8,0,3,6,7,2,9,5,9,0,2,9,9,2,10,4,2,10,8,1,5,9,3,7,2,1,"MP",,,"Left",0,0,0,1,2,0.5247
"0000001448",52,0,4,"No degree","Single",1,"Farmer",2,1,1,0,1,"Uppsala","Svealand",3,4,5,5,3,3,2,4,4,3,2,2,2,3,1,2,1,1,2,1,3,3,2,3,3,1,1,3,2,3,1,0,0,0,0,2,5,0,0,8,0,1,0,5,5,0,0,6,0,1,1,5,8,0,0,8,0,2,8,1,"KD","KD",0,"Right",0,1,0,0,1,1.1008
"0000001463",86,0,6,"No degree","Married",,"Farmer",2,1,1,0,1,"Halland","Götaland",1,3,5,5,4,2,3,3,3,7,3,3,2,3,2,3,3,2,4,3,3,2,3,5,4,2,3,4,5,3,1,,7,7,5,6,7,2,3,6,1,2,,7,7,1,1,7,2,1,1,7,8,2,3,7,3,3,8,1,"SD","SD",0,"Right",1,1,0,0,2,0.6234
"0000002169",73,0,2,"No degree","Married",0,"Self-employed",1,1,1,0,1,"Skåne","Götaland",3,5,5,5,5,1,1,1,1,5,3,3,2,3,3,3,3,2,3,2,4,3,3,5,3,1,1,4,4,3,0,7,7,7,3,10,0,0,0,0,0,0,2,10,0,0,0,0,0,0,0,10,9,0,3,10,0,6,10,1,"SD","SD",0,"Right",1,1,0,1,3,1.1092
"0000000174",53,0,7,"Bachelor","Married",1,"White collar",5,1,0,,2,"Södermanland","Svealand",2,5,4,5,1,3,5,1,4,9,1,1,1,2,1,2,1,4,1,1,4,4,2,4,5,3,4,3,3,3,1,7,7,0,10,0,0,0,0,0,0,0,10,0,0,0,0,0,,0,5,10,7,3,7,7,7,5,5,1,"S","S",0,"Left",0,0,1,1,3,0.91
"0000000364",34,1,6,"No degree","Single",1,"Worker",3,1,1,0,2,"Södermanland","Svealand",3,5,5,5,4,4,2,4,2,8,3,3,3,4,2,3,2,2,3,1,4,3,3,4,4,2,3,2,3,4,,2,2,7,2,5,10,0,6,9,0,10,2,10,9,0,5,10,0,9,5,10,10,0,5,8,1,7,10,1,"M","M",0,"Right",0,1,0,1,2,1.2661
"0000000714",47,1,7,"Bachelor","Married",1,"White collar",5,2,1,0,1,"Dalarna","Svealand",4,5,2,4,2,4,1,1,2,9,4,4,3,4,3,4,2,4,4,2,4,4,3,5,5,2,2,2,3,5,1,2,7,7,,,,,,,,,10,0,0,8,10,0,5,5,3,10,9,0,4,10,4,6,3,1,"S","S",0,"Left",0,0,1,1,2,0.7658
"0000002176",71,0,3,"No degree","Married",1,"Worker",2,2,1,0,1,"Östergötland","Götaland",3,4,5,4,2,3,1,1,1,10,4,4,4,2,,2,2,3,3,2,4,3,3,5,5,,3,3,3,3,1,6,6,3,10,0,1,3,5,0,6,2,10,1,1,3,5,0,3,2,5,9,10,0,6,10,5,8,5,1,"S","S",0,"Left",0,0,1,1,3,0.821
"0000000408",20,1,4,"No degree","Single",0,,5,3,1,1,,"Stockholm","Svealand",3,4,3,4,2,4,2,4,3,7,3,3,3,4,2,2,1,3,3,2,,2,3,4,4,4,4,2,4,3,1,1,0,,6,0,6,2,6,2,6,4,4,0,3,3,3,4,3,3,3,8,7,0,4,9,4,7,,0,,,,,,,,0,,1.7726
"0000000599",45,1,8,"Postgraduate","Divorced",1,"White collar",5,2,1,0,2,"Skåne","Götaland",3,4,4,5,4,3,3,3,2,8,3,3,3,3,3,3,1,3,4,2,4,4,3,3,3,3,3,2,3,3,1,5,3,2,3,1,8,6,6,3,5,8,7,1,8,5,7,3,2,5,0,8,10,4,5,6,6,9,9,1,"M","M",0,"Right",0,1,0,0,,0.7658
"0000001596",31,0,,,"Single",,,,,1,1,,"Stockholm","Svealand",3,4,5,,,,3,3,4,7,2,2,4,4,3,3,3,1,2,,4,4,,,5,,,,,,,0,7,7,0,10,8,0,5,8,0,7,5,5,5,5,5,5,5,5,,,,,,,,,,1,"SD","SD",0,"Right",1,1,0,,,1.6791
"0000002645",46,1,4,"No degree","Married",1,"Worker",2,1,1,0,1,"Norrbotten","Norrland",1,4,3,3,4,4,1,1,4,5,1,1,1,1,1,1,1,2,3,3,,2,2,3,2,2,2,3,2,1,,1,1,1,0,0,0,0,0,0,0,0,0,0,0,0,0,0,0,0,0,10,10,0,0,10,10,10,0,1,,,,,,,,0,,1.1901
"0000000369",50,1,8,"Postgraduate","Married",0,"White collar",5,1,1,0,3,"Uppsala","Svealand",2,4,5,5,2,2,3,4,3,9,3,3,3,4,2,3,2,1,2,1,3,3,3,5,5,3,1,2,3,3,1,7,7,7,1,5,8,0,2,9,0,9,1,5,8,0,2,9,0,9,2,8,10,0,5,10,2,10,9,1,"L","L",0,"Right",0,1,0,0,,0.7658
"0000000496",65,1,6,"No degree","Single",0,"White collar",2,1,0,1,3,"Stockholm","Svealand",2,4,5,5,1,1,1,1,2,10,4,4,3,3,2,4,1,3,3,1,3,2,4,5,4,2,3,4,3,3,0,0,0,0,9,0,3,6,7,2,7,3,9,0,2,6,8,1,6,2,4,10,9,0,5,9,2,7,3,1,"S","S",0,"Left",0,0,1,0,2,0.6191
"0000001243",64,0,3,"No degree","Married",0,"Self-employed",3,1,1,1,2,"Skåne","Götaland",,5,5,4,2,4,4,4,1,10,2,3,3,4,1,3,2,1,2,1,4,4,3,5,5,4,1,2,3,3,0,7,,,3,10,9,0,0,9,0,5,1,10,8,0,0,9,0,8,2,10,9,0,2,9,0,8,10,1,"SD","KD",1,"Right",1,1,0,1,2,1.1008
"0000001479",42,0,3,"No degree","Married",0,"Worker",1,4,0,,2,"Gävleborg","Norrland",3,4,5,5,5,4,1,1,5,10,3,3,4,4,3,3,2,3,3,2,,4,4,5,4,4,4,2,2,2,,4,3,0,9,9,9,7,7,7,7,7,9,8,9,7,8,6,7,8,0,10,5,2,0,10,0,5,4,1,,,,,,,,0,2,1.1008
"0000002499",71,1,7,"Bachelor","Widowed",0,"White collar",2,1,1,0,2,"Värmland","Svealand",3,4,5,3,1,1,1,1,1,8,3,3,3,3,3,3,1,3,3,2,3,3,3,5,5,3,2,3,3,3,1,7,0,7,9,0,5,3,8,4,5,6,9,1,3,4,8,3,5,5,4,10,7,1,5,8,4,6,4,1,"S","S",0,"Left",0,0,1,0,2,0.5247
"0000001328",64,1,3,"No degree","Divorced",0,,4,2,1,,1,"Halland","Götaland",3,5,4,5,4,4,3,3,3,9,3,3,2,3,3,3,3,3,3,2,3,3,3,4,5,3,3,4,4,3,0,6,7,6,9,2,8,8,9,4,6,6,10,4,7,7,10,4,7,8,7,1,5,2,8,3,6,3,6,1,"C","C",0,"Left",0,0,0,1,2,1.0931
"0000002199",72,1,7,"Bachelor","Married",,"White collar",4,2,1,0,4,"Uppsala","Svealand",2,4,5,2,4,3,2,2,2,5,3,2,2,3,3,3,2,2,2,3,,3,2,4,3,3,2,2,3,4,0,6,0,0,2,8,8,1,0,9,0,5,5,9,9,1,0,9,0,6,4,8,9,1,2,9,1,5,8,1,"KD","KD",0,"Right",0,1,0,1,3,0.5247
"0000000390",35,0,7,"Bachelor","Single",1,,1,1,1,0,1,"Örebro","Svealand",3,4,5,4,1,1,1,4,4,6,2,2,3,3,2,3,2,2,3,2,2,2,2,4,2,2,3,4,2,3,1,1,5,4,2,0,0,5,2,1,5,,3,2,0,4,4,0,8,1,5,8,9,3,7,8,5,8,1,1,"MP","MP",0,"Left",0,0,0,0,1,1.0805
"0000000855",56,0,7,"Bachelor","Single",1,"White collar",5,1,1,0,3,"Stockholm","Svealand",4,4,5,5,1,5,1,3,4,6,3,2,2,2,2,2,2,1,2,1,3,3,2,3,4,1,1,2,,2,1,5,6,6,1,5,6,0,0,6,0,5,0,5,2,0,0,5,0,2,3,3,5,0,3,6,0,4,8,1,"KD","L",1,"Right",0,1,0,0,2,0.7712
"0000002064",65,1,,,"Married",,"Worker",2,1,1,,1,"Dalarna","Svealand",3,4,5,5,4,3,1,1,4,8,2,3,3,3,2,3,2,3,3,2,4,3,3,5,5,2,4,4,4,3,1,6,7,7,10,5,0,9,0,1,0,2,10,6,0,9,0,0,0,2,1,8,10,1,6,8,5,8,1,1,"S","S",0,"Left",0,0,1,1,2,0.7489
"0000002324",23,0,6,"No degree","Single",0,,,1,1,0,1,"Värmland","Svealand",2,4,5,2,1,3,1,2,2,9,4,3,4,4,2,3,1,2,3,2,,3,3,5,3,3,2,2,3,3,0,2,0,0,4,5,7,3,7,7,1,7,6,5,6,5,7,6,1,5,4,10,8,1,5,9,3,7,5,1,,,,,,,,0,,1.3555
"0000000895",54,0,8,"Postgraduate","Married",1,"White collar",5,1,1,0,1,"Västra Götaland","Götaland",3,5,5,5,1,1,2,2,3,8,3,3,4,3,3,3,1,3,3,2,4,3,3,5,5,2,2,2,4,4,1,7,7,0,9,0,8,0,10,0,0,8,9,7,6,5,6,0,0,6,4,9,9,0,5,10,1,6,5,1,"C","M",1,"Left",0,0,0,1,2,0.91
"0000000616",40,1,8,"Postgraduate","Married",0,"White collar",5,1,1,0,2,"Halland","Götaland",2,4,5,4,4,3,2,4,2,8,3,3,3,3,2,3,1,2,3,2,3,2,3,4,3,3,3,3,3,3,1,4,7,7,3,1,7,1,5,6,1,5,6,2,7,1,6,5,2,6,2,10,9,0,4,7,2,7,7,1,"M","M",0,"Right",0,1,0,0,2,1.073
"0000000840",42,0,5,"No degree","Married",1,"White collar",5,1,1,0,3,"Uppsala","Svealand",3,5,5,5,1,1,1,2,2,9,3,3,4,4,2,3,1,3,4,3,4,3,3,5,4,2,3,2,3,3,1,7,7,0,10,0,2,8,5,1,8,2,10,0,1,6,5,0,7,2,3,9,9,2,7,9,4,8,2,1,"S","S",0,"Left",0,0,1,1,2,0.91
"0000000624",32,0,7,"Bachelor","Single",1,"White collar",2,1,1,1,2,"Gävleborg","Norrland",3,5,5,5,1,4,3,5,3,9,3,3,3,3,2,3,1,3,3,2,3,3,3,4,4,3,3,3,3,3,1,4,7,7,5,9,9,0,0,7,0,2,8,9,6,5,0,5,0,5,4,8,9,0,3,7,0,6,7,1,"M","SD",1,"Right",0,1,0,0,,1.0805
"0000000002",59,0,5,"No degree","Married",0,"Self-employed",3,1,1,1,1,"Västra Götaland","Götaland",3,5,5,5,3,3,2,4,2,8,3,2,3,3,3,3,2,2,3,2,4,4,3,5,4,3,2,4,4,4,1,2,4,7,4,7,9,1,6,7,2,6,7,8,7,4,6,5,3,7,4,7,8,1,6,9,0,6,7,1,"M","M",0,"Right",0,1,0,0,2,0.91
"0000000974",67,0,3,"No degree","Single",0,"Self-employed",5,1,1,0,2,"Dalarna","Svealand",4,4,5,,1,1,1,1,4,10,4,3,3,3,3,3,2,3,2,2,3,3,4,5,5,2,2,4,4,3,1,7,7,7,7,0,5,0,5,4,1,7,9,1,5,5,5,4,0,6,3,10,10,0,7,,0,7,6,1,"L","L",0,"Right",0,1,0,0,1,0.7541
"0000000066",46,0,8,"Postgraduate","Married",1,"White collar",5,2,1,0,3,"Västra Götaland","Götaland",2,2,5,5,4,2,3,4,4,8,4,3,3,4,2,4,1,3,3,2,,4,4,5,5,3,4,5,5,5,1,4,0,1,7,5,7,5,0,0,3,5,9,7,4,0,0,0,4,6,4,7,7,1,,8,2,7,6,1,,,,,,,,0,,0.7712
"0000002506",54,0,3,"No degree","Single",1,"Worker",1,1,1,1,2,"Örebro","Svealand",3,2,4,4,3,3,2,4,2,4,2,2,3,2,1,2,1,3,3,3,4,2,2,1,5,2,2,5,2,2,,5,0,0,0,0,0,8,5,0,4,0,1,0,0,8,5,0,0,0,10,10,10,0,7,10,6,10,1,1,"V","V",0,"Left",0,0,0,0,,1.1984
"0000001572",60,0,3,"No degree","Single",1,"Worker",2,1,1,0,2,"Västernorrland","Norrland",3,5,5,5,5,3,3,3,5,5,3,3,3,3,3,3,2,3,4,3,3,3,3,5,5,,2,3,3,3,1,7,5,5,9,9,5,6,8,5,6,5,9,9,5,8,8,5,5,5,0,5,10,4,3,10,3,4,4,1,"SD","S",1,"Right",1,1,0,1,2,1.1008
"0000001260",43,1,8,"Postgraduate","Divorced",1,"White collar",1,2,0,,3,"Stockholm","Svealand",3,5,5,4,1,4,,,5,10,3,3,,4,3,4,2,3,4,4,4,4,,,5,3,4,,,,,6,1,4,10,0,0,10,5,0,9,5,,0,,5,9,0,,,,,,,,,,,,1,"S","S",0,"Left",0,0,1,,,0.7658
"0000000417",32,1,7,"Bachelor","Single",1,"Worker",2,1,1,0,2,"Stockholm","Svealand",2,3,4,3,5,4,3,3,4,3,2,2,2,3,2,2,2,2,2,3,3,3,2,4,4,,3,3,3,3,1,1,1,2,,,,,,,,,2,8,7,2,3,8,1,6,3,8,8,1,3,8,2,6,8,1,"SD","SD",0,"Right",1,1,0,1,2,1.073
"0000000497",66,1,4,"No degree","Single",0,"White collar",2,1,1,0,1,"Halland","Götaland",3,5,5,4,2,3,4,4,1,7,2,2,1,4,2,2,3,2,4,3,3,3,3,5,3,1,3,2,4,3,0,0,7,7,8,0,0,8,8,0,8,1,,,,,,,,,5,10,10,0,5,10,5,10,,1,"V","V",0,"Left",0,0,0,1,2,0.8153
"0000000797",53,0,7,"Bachelor","Married",1,"White collar",3,2,1,1,1,"Stockholm","Svealand",3,5,5,5,1,1,1,4,4,7,3,3,2,4,2,3,1,3,2,3,4,3,3,5,4,2,2,3,3,3,1,2,0,0,4,0,1,7,9,0,10,3,8,1,0,8,10,0,9,5,5,10,10,3,7,10,5,8,4,1,"MP","MP",0,"Left",0,0,0,0,2,0.7712
"0000001869",65,0,3,"No degree","Single",0,"Worker",1,2,1,0,2,"Kronoberg","Götaland",2,4,5,5,5,5,3,3,3,9,2,2,1,2,2,3,,2,3,1,3,3,3,5,4,2,3,,,3,,6,0,0,,9,,,,,,,,10,,,,,,,,,,,,,,,,1,"SD","SD",0,"Right",1,1,0,0,2,0.7541
"0000002069",71,1,3,"No degree","Divorced",0,"Self-employed",2,,1,,2,"Västra Götaland","Götaland",3,3,5,3,5,3,3,1,1,10,3,3,2,3,2,3,,3,4,3,,4,3,5,3,3,3,3,3,3,0,1,0,0,9,9,9,1,6,,1,5,10,10,10,0,6,9,1,4,5,10,10,0,5,10,0,5,,1,,,,,,,,0,1,0.7489
"0000000018",46,1,8,"Postgraduate","Single",1,"White collar",4,1,1,0,3,"Stockholm","Svealand",3,5,5,5,1,1,1,4,3,10,4,4,4,4,4,4,1,3,4,2,3,4,4,5,5,3,3,3,3,3,1,2,7,5,6,0,8,0,9,5,2,10,,,,,,,,,4,10,8,0,6,8,2,7,7,1,"L","M",1,"Right",0,1,0,0,2,0.7658
"0000001866",57,0,3,"No degree","Married",1,"Worker",1,3,1,0,3,"Västra Götaland","Götaland",3,4,5,5,2,1,1,1,4,3,2,2,3,2,2,2,1,3,3,2,3,3,2,3,2,2,2,3,2,2,1,2,3,0,4,2,0,6,0,0,2,0,3,2,0,5,0,0,2,0,3,6,10,1,8,9,3,7,1,1,"V","S",1,"Left",0,0,0,0,2,1.1008
"0000000290",61,1,6,"No degree","Married",0,"Worker",4,2,0,,2,"Skåne","Götaland",3,5,5,4,5,4,2,4,2,8,3,3,2,3,2,3,2,2,2,2,,4,3,5,5,3,2,3,3,2,1,2,3,1,3,8,9,4,5,4,0,5,7,8,9,4,2,4,1,4,4,9,9,1,5,6,1,5,8,1,"M","S",1,"Right",0,1,0,1,2,0.7658
"0000001310",43,1,,,"Single",,,,,1,1,,"Västra Götaland","Götaland",1,3,5,,,,2,5,,6,2,2,2,2,2,2,2,2,2,,3,2,,,5,,,,,,,2,,,,,,,,,,,,,,,,,,,,,,,,,,,,1,"S","S",0,"Left",0,0,1,,,1.1901
"0000000076",43,0,7,"Bachelor","Married",0,,5,1,1,0,3,"Västra Götaland","Götaland",3,5,5,5,1,3,3,4,4,9,3,3,3,4,3,4,2,3,3,2,4,3,4,5,5,3,3,3,3,3,1,6,4,6,5,0,9,2,7,6,3,8,7,0,8,3,8,5,2,9,4,9,7,1,5,6,3,6,7,1,"M","M",0,"Right",0,1,0,0,1,0.91
"0000000565",32,0,8,"Postgraduate","Single",1,"White collar",2,1,1,0,2,"Västernorrland","Norrland",2,3,4,4,2,3,1,1,1,10,3,3,3,3,3,3,1,3,3,1,3,3,3,5,4,3,3,2,3,3,0,0,1,2,5,5,5,5,5,5,5,5,5,5,5,5,5,5,5,5,,,,,,,,,7,1,"L",,,"Right",0,1,0,0,,1.0805
"0000000397",57,1,7,"Bachelor","Married",1,"White collar",3,2,1,0,1,"Skåne","Götaland",2,4,5,3,1,1,3,3,4,8,3,3,3,3,2,3,2,3,3,1,4,3,3,4,4,3,3,3,3,2,1,2,4,7,,,,,,,,,10,2,0,3,10,4,3,3,2,10,9,0,4,7,3,5,4,1,"S","S",0,"Left",0,0,1,1,2,0.7658
"0000001274",19,0,3,"No degree","Single",0,"Worker",2,3,1,0,2,"Skåne","Götaland",4,5,5,5,2,1,1,3,5,9,4,3,3,4,2,3,2,3,2,1,4,4,4,5,5,1,3,3,3,2,1,6,3,7,7,0,1,9,3,1,7,2,8,0,0,8,4,0,4,2,5,9,8,2,7,8,5,7,1,1,"V",,,"Left",0,0,0,1,3,1.7851
"0000001148",46,0,4,"No degree","Married",0,"Worker",2,1,1,0,4,"Stockholm","Svealand",3,4,5,4,2,1,1,1,4,8,3,2,2,3,2,3,3,2,2,2,2,2,3,5,3,2,3,3,2,3,1,3,5,7,6,0,8,6,2,6,7,6,8,0,8,8,2,7,6,7,5,10,7,1,4,7,3,6,6,1,"M","C",1,"Right",0,1,0,0,,1.1984
"0000000248",49,1,8,"Postgraduate","Married",1,"White collar",5,1,1,0,1,"Dalarna","Svealand",2,4,5,4,1,3,1,2,2,9,3,2,3,4,2,2,1,3,3,2,,1,3,5,4,3,3,2,3,3,1,0,7,7,5,2,4,4,5,3,3,3,6,5,5,5,5,4,5,5,5,8,5,1,5,8,1,9,5,1,,"S",,,,,,0,1,0.7658
"0000001965",67,0,3,"No degree","Married",1,"Worker",3,1,1,0,3,"Västra Götaland","Götaland",3,4,5,4,4,3,2,3,3,7,3,3,2,4,2,3,,4,4,2,4,3,2,4,3,3,2,4,3,3,0,7,0,0,10,2,6,7,8,2,9,6,10,1,3,6,9,3,9,6,0,10,8,0,5,8,4,4,0,1,"S",,,"Left",0,0,1,1,2,1.1092
"0000000205",35,0,8,"Postgraduate","Single",1,"White collar",2,1,1,0,2,"Östergötland","Götaland",3,4,5,5,1,1,1,1,1,9,4,4,4,3,3,4,2,3,3,2,3,2,3,5,4,3,3,3,3,4,0,5,7,4,8,0,5,2,9,3,4,6,9,2,4,3,9,2,4,3,3,10,9,0,5,9,2,6,5,1,"C","C",0,"Left",0,0,0,1,2,1.0805
"0000002836",22,0,4,"No degree","Single",0,"Worker",,1,1,0,2,"Västernorrland","Norrland",4,5,4,3,4,2,1,1,3,10,4,3,3,4,3,3,2,2,3,3,3,3,4,5,5,2,4,3,4,4,1,5,3,7,4,8,8,1,4,9,0,9,5,10,9,2,6,10,1,8,3,7,10,0,4,9,0,8,9,1,"KD",,,"Right",0,1,0,0,,1.7851
"0000001964",71,1,8,"Postgraduate","Single",0,"Worker",1,2,0,1,1,"Dalarna","Svealand",2,5,5,3,2,1,1,1,1,8,4,4,3,3,2,3,2,4,3,1,4,4,3,4,5,2,2,1,4,3,1,7,7,7,9,1,4,6,6,5,6,4,10,1,2,6,7,6,5,4,2,10,10,0,6,6,5,10,2,1,"S","V",1,"Left",0,0,1,0,1,0.5247
"0000000085",44,0,9,"Postgraduate","Married",1,"White collar",5,3,1,0,1,"Västra Götaland","Götaland",2,5,4,5,1,3,1,4,4,9,3,3,4,4,2,3,1,3,3,2,1,2,3,5,5,4,3,3,2,3,1,7,7,0,5,0,5,0,7,3,0,3,5,0,6,1,9,1,1,2,3,10,8,0,3,9,0,7,6,1,"C","M",1,"Left",0,0,0,0,2,0.7896
"0000000077",41,1,,,"Married",,,,,0,,,"Södermanland","Svealand",2,4,,,,,,,,,,,,,,,,,,,,,,,,,,,,,,0,3,2,,,,,,,,,,,,,,,,,,,,,,,,,,,,,,,,,,,,0.7658
"0000000955",66,0,,,"Divorced",0,"White collar",4,,1,0,2,"Kalmar","Götaland",3,4,5,5,4,2,2,3,4,8,3,3,3,3,2,2,2,3,3,2,,3,3,5,5,2,4,5,4,3,1,7,3,7,8,4,8,8,8,8,8,8,8,4,8,8,8,8,8,8,1,10,10,0,6,8,5,9,2,1,,,,,,,,0,,0.6234
"0000000990",36,0,6,"No degree","Single",1,"White collar",2,2,1,0,2,"Västra Götaland","Götaland",2,4,5,,,,1,,,7,2,2,2,3,3,2,2,1,3,2,4,4,3,4,4,3,4,1,3,1,1,3,7,0,5,8,8,0,2,7,0,5,7,10,10,3,0,8,0,5,3,9,8,0,0,8,0,6,7,1,"M","M",0,"Right",0,1,0,1,2,1.0805
"0000002715",55,1,8,"Postgraduate","Married",0,,2,1,0,,4,"Västmanland","Svealand",3,4,2,4,4,3,2,4,4,6,2,3,3,3,2,2,2,2,2,1,3,3,2,4,3,2,4,2,3,2,,3,1,0,5,5,5,5,5,5,5,5,5,5,5,5,5,5,5,5,3,10,8,1,,6,5,6,,1,"S","S",0,"Left",0,0,1,0,1,0.7658
"0000002108",71,1,6,"No degree","Married",,"Worker",1,2,1,0,3,"Stockholm","Svealand",3,4,5,3,3,4,1,1,1,9,3,3,2,,4,2,1,3,3,3,2,2,3,5,4,2,2,2,4,3,1,7,2,1,6,3,3,5,3,5,1,5,7,7,2,4,3,3,3,4,4,7,6,4,6,6,2,6,3,1,"S","V",1,"Left",0,0,1,0,1,0.6191
"0000001785",67,0,8,"Postgraduate","Single",,"White collar",4,1,1,0,4,"Västra Götaland","Götaland",4,5,5,5,5,3,4,5,1,10,3,3,4,3,3,3,2,1,1,3,4,4,4,5,5,3,3,3,3,4,0,7,7,7,,,,,,,,,0,10,10,0,0,10,0,10,0,10,10,0,0,10,0,7,10,1,"KD","KD",0,"Right",0,1,0,1,2,0.5283
"0000000507",45,1,8,"Postgraduate","Single",1,"White collar",5,1,1,0,3,"Stockholm","Svealand",2,4,5,4,2,3,3,4,1,8,3,3,3,4,3,3,2,4,4,1,3,2,3,5,5,3,2,2,3,3,1,2,7,6,,,,,,,,,10,2,1,1,9,2,2,6,3,10,8,0,5,9,3,6,5,1,"S",,,"Left",0,0,1,0,,0.7658
"0000001767",48,1,,,"Single",,,,,1,0,,"Skåne","Götaland",,,,,,,,,,,,,,,,,,,,,,,,,,,,,,,,,,,,,,,,,,,,,,,,,,,,,,,,,,,,,,,,,,,,,,1.1901
"0000000354",74,0,9,"Postgraduate","Married",1,,5,1,1,1,4,"Västra Götaland","Götaland",3,5,5,4,1,2,1,1,1,10,3,3,3,3,2,3,1,3,4,2,4,3,3,4,4,2,3,4,4,2,1,7,4,7,10,0,4,5,10,0,4,5,10,0,4,5,10,0,3,4,4,10,9,0,7,10,1,8,4,1,"C","C",0,"Left",0,0,0,1,2,0.5409
"0000001527",33,0,5,"No degree","Single",1,"Worker",3,1,1,0,1,"Västmanland","Svealand",2,4,5,5,2,3,2,3,4,8,3,3,3,4,2,3,2,3,3,2,3,4,2,2,4,2,2,3,3,3,1,0,7,7,7,0,3,10,5,3,8,5,7,0,6,10,6,2,6,5,3,10,10,0,6,9,2,7,0,1,"V","V",0,"Left",0,0,0,1,3,1.5423
"0000001462",45,1,6,"No degree","Single",1,"Self-employed",1,1,1,0,3,"Stockholm","Svealand",2,4,4,4,3,1,3,4,4,8,3,3,3,3,2,3,2,3,3,3,4,3,3,4,4,2,3,4,4,3,0,3,0,0,6,0,5,4,8,0,9,4,8,0,3,5,9,1,5,5,4,10,5,0,5,5,4,5,5,1,"C","C",0,"Left",0,0,0,0,2,1.1901
"0000000854",53,0,4,"No degree","Married",1,"White collar",5,2,1,0,4,"Skåne","Götaland",3,5,5,5,4,1,1,2,4,10,3,3,3,3,3,2,2,2,3,2,4,3,3,5,3,3,2,3,4,4,1,1,2,3,2,10,10,,1,9,0,,2,9,8,2,0,8,0,8,5,10,8,1,5,9,2,6,9,1,"SD","M",1,"Right",1,1,0,0,2,1.1008
"0000000316",24,1,8,"Postgraduate","Single",0,"Worker",3,1,1,0,4,"Skåne","Götaland",3,4,5,4,2,1,1,1,1,9,3,2,3,4,2,4,2,2,2,2,1,1,4,3,4,2,2,3,3,2,1,1,6,6,8,0,4,4,7,0,5,6,9,0,2,2,7,0,2,2,3,10,9,1,5,10,2,7,3,1,"L","C",1,"Right",0,1,0,0,,1.1407
"0000002793",79,0,2,"No degree","Widowed",0,"Worker",2,3,1,0,2,"Halland","Götaland",4,4,5,4,4,4,1,3,5,7,4,3,3,3,3,2,2,3,2,4,,3,3,5,5,3,3,2,3,3,0,4,0,3,7,7,9,0,1,7,0,4,7,8,9,0,0,7,0,4,3,10,10,0,3,9,1,7,9,1,,,,,,,,0,1,1.1092
"0000002457",86,0,5,"No degree","Married",0,"White collar",2,6,1,0,2,"Stockholm","Svealand",,4,5,,,,1,1,4,8,3,3,3,3,2,3,,3,2,,,,3,3,3,3,2,2,4,,0,7,0,0,,,,,,,,,,,,,,,,,,,,,,,,,,,,,,,,,,0,1,0.6234
"0000002510",70,0,3,"No degree","Married",,,,2,1,0,,"Örebro","Svealand",3,4,4,4,5,5,1,1,1,7,4,3,3,2,3,2,2,3,3,,3,3,3,5,5,3,,4,4,4,1,7,5,1,10,0,0,6,6,2,6,1,10,0,0,7,7,0,1,2,0,10,10,2,2,10,2,9,1,1,"S","S",0,"Left",0,0,1,1,3,0.7541
"0000002728",75,0,6,"No degree","Single",0,"White collar",2,1,1,0,1,"Skåne","Götaland",4,4,5,4,5,1,5,4,3,8,2,2,2,2,2,4,1,3,2,3,,2,3,5,4,4,2,4,4,3,0,6,0,0,8,9,9,0,1,7,0,2,9,9,8,0,0,7,0,2,4,10,9,0,5,8,1,6,9,1,,,,,,,,0,1,0.6234
"0000002337",56,0,4,"No degree","Single",0,"Worker",1,6,1,0,2,"Örebro","Svealand",4,4,5,4,1,1,1,1,4,9,4,3,3,3,3,3,1,4,4,2,4,3,4,5,5,3,3,3,3,3,0,7,7,0,10,5,5,9,6,6,6,6,10,9,9,10,9,9,9,10,3,5,9,1,5,9,4,7,3,1,"S","S",0,"Left",0,0,1,1,2,1.1984
"0000001376",48,1,7,"Bachelor","Single",1,"Worker",3,2,1,0,1,"Jönköping","Götaland",2,4,5,5,2,3,2,4,4,8,3,3,3,3,2,3,2,3,4,3,4,3,3,5,4,2,3,4,4,3,1,4,0,3,8,0,2,10,6,1,9,3,8,0,2,10,8,1,7,2,3,10,9,0,4,9,1,7,1,1,"V","V",0,"Left",0,0,0,1,3,0.7658
"0000001025",73,1,5,"No degree","Married",0,,3,3,1,0,1,"Södermanland","Svealand",3,5,5,5,2,3,5,5,3,10,4,4,4,4,4,4,4,3,3,3,4,4,4,5,3,3,2,3,3,3,1,6,7,7,7,9,9,3,6,9,3,7,9,9,9,9,6,9,3,9,6,10,10,0,5,8,2,5,7,1,"M","KD",1,"Right",0,1,0,1,2,0.6191
"0000000700",45,1,8,"Postgraduate","Single",0,"Self-employed",2,1,1,1,2,"Skåne","Götaland",3,5,5,5,1,1,1,4,1,8,3,2,3,4,2,4,2,3,3,1,4,3,3,5,5,2,2,3,3,4,0,7,3,0,6,0,0,9,4,1,9,2,6,0,0,9,8,1,9,1,4,10,9,1,5,9,1,7,1,1,"MP","MP",0,"Left",0,0,0,1,3,0.7658
"0000002360",74,1,6,"No degree","Married",0,"White collar",3,2,1,0,2,"Jönköping","Götaland",3,4,5,5,1,1,1,3,2,10,3,3,4,3,2,4,2,4,4,2,4,4,3,5,4,2,4,4,4,3,0,7,5,7,10,0,0,5,9,2,7,5,10,0,0,5,10,0,5,5,3,10,10,0,6,10,5,5,3,1,"S","S",0,"Left",0,0,1,1,3,0.7489
"0000000067",60,1,5,"No degree","Single",1,"White collar",2,1,1,0,2,"Skåne","Götaland",2,4,5,1,1,1,1,1,3,10,3,3,3,3,3,3,2,3,3,3,3,3,3,5,4,3,2,2,3,4,1,7,5,5,9,0,5,5,9,3,7,5,9,0,4,5,10,2,5,3,3,2,10,0,5,9,5,7,3,1,"S","C",1,"Left",0,0,1,1,1,1.0931
"0000000680",25,0,8,"Postgraduate","Single",0,"Worker",4,1,1,0,4,"Stockholm","Svealand",3,4,5,4,2,2,1,3,3,8,3,3,4,4,2,3,1,2,3,2,3,1,3,3,5,2,2,2,2,3,,7,7,7,8,2,7,2,5,4,1,7,10,3,6,5,7,3,2,2,3,9,8,1,4,9,2,6,7,1,"S","M",1,"Left",0,0,1,0,,1.1487
"0000001421",21,1,4,"No degree","Single",1,"Worker",1,1,1,0,2,"Skåne","Götaland",4,3,5,4,2,3,1,3,1,8,3,3,3,4,2,3,2,2,3,1,3,3,3,5,5,2,3,2,2,3,1,4,7,7,8,0,1,4,8,0,6,5,10,0,0,3,8,0,5,3,5,5,10,1,5,10,2,7,3,1,"C",,,"Left",0,0,0,0,2,1.346
"0000002524",56,0,8,"Postgraduate","Divorced",1,"White collar",3,1,1,0,1,"Stockholm","Svealand",4,5,5,5,1,1,1,1,1,8,4,3,2,3,2,3,2,1,1,1,4,4,3,5,5,3,3,3,3,3,1,6,7,7,3,8,7,6,0,7,0,5,2,10,8,8,0,8,0,7,3,6,8,1,3,8,1,6,6,1,"SD","SD",0,"Right",1,1,0,1,2,0.7712
"0000002399",75,1,8,"Postgraduate","Married",0,"White collar",2,4,1,0,1,"Gävleborg","Norrland",3,4,5,5,2,1,1,1,2,8,3,3,3,3,2,3,1,4,4,2,4,4,4,5,5,2,2,2,4,3,0,4,7,0,9,0,5,8,8,4,10,5,10,0,5,5,,0,8,5,2,10,8,0,7,10,2,7,4,1,"MP","MP",0,"Left",0,0,0,1,,0.5247
"0000000758",42,0,4,"No degree","Single",0,"White collar",3,1,1,0,1,"Västra Götaland","Götaland",3,5,5,5,3,1,3,3,3,6,2,2,2,2,2,2,2,1,3,1,2,2,3,5,4,3,2,2,3,3,,0,5,0,4,8,8,2,0,9,0,8,3,7,8,2,0,9,0,10,5,10,9,0,4,9,0,7,8,1,"KD","KD",0,"Right",0,1,0,0,2,0.91
"0000000297",71,1,8,"Postgraduate","Married",0,"Worker",2,4,1,0,2,"Västerbotten","Norrland",3,3,5,3,1,3,1,1,1,7,3,3,2,3,2,3,1,3,3,1,,1,3,5,5,3,3,3,3,3,0,5,5,0,8,0,5,3,5,0,7,8,9,0,5,3,8,0,7,5,,,,,,,,,3,1,,,,,,,,0,1,0.6191
"0000000039",66,0,4,"No degree","Married",0,"White collar",5,1,1,0,3,"Stockholm","Svealand",3,5,5,3,4,2,1,1,1,8,3,3,2,3,3,3,1,1,3,1,4,4,3,5,5,3,2,2,3,3,1,4,7,0,4,9,9,0,4,8,0,7,6,9,9,1,0,8,0,8,5,10,9,0,5,8,3,6,9,1,"M","M",0,"Right",0,1,0,1,2,0.821
"0000002751",62,0,2,"No degree","Single",0,"Worker",1,1,1,1,2,"Halland","Götaland",4,3,5,5,3,1,1,4,5,6,2,2,2,3,2,3,1,3,3,3,4,3,2,3,3,2,3,1,3,2,1,7,0,0,6,0,0,10,0,0,6,0,,0,0,5,0,0,0,0,3,9,10,,7,6,2,7,0,1,"V",,,"Left",0,0,0,0,2,1.5282
"0000001627",63,1,3,"No degree","Married",0,,1,2,1,0,1,"Södermanland","Svealand",2,3,5,4,4,2,3,3,4,6,3,2,2,3,2,2,2,2,2,1,3,4,3,4,4,2,2,2,3,2,0,0,0,7,0,0,9,0,6,6,1,5,8,0,9,4,5,7,0,5,2,10,9,0,5,5,4,5,6,1,"M","M",0,"Right",0,1,0,0,2,1.0931
"0000000185",33,1,8,"Postgraduate","Married",0,"White collar",4,1,1,1,3,"Stockholm","Svealand",2,4,5,4,2,3,1,2,3,10,3,3,3,3,2,3,2,3,3,2,3,2,3,5,2,3,4,3,3,3,1,0,0,7,6,0,6,4,5,1,5,5,8,0,5,5,5,2,5,5,,,,,,,,,7,1,"S",,,"Left",0,0,1,0,2,1.073
"0000002491",74,1,4,"No degree","Single",0,"Self-employed",2,1,1,0,2,"Kalmar","Götaland",3,5,5,1,2,1,1,1,1,8,4,3,2,4,2,2,1,1,3,2,4,4,2,5,5,3,3,3,3,3,0,4,7,0,0,6,10,0,0,8,0,8,0,6,10,0,0,10,0,9,2,10,9,0,2,8,1,6,9,1,"M","M",0,"Right",0,1,0,1,3,0.7489
"0000002456",66,0,4,"No degree","Married",1,"Worker",2,3,1,1,1,"Dalarna","Svealand",4,5,5,4,4,1,1,1,2,8,4,3,2,3,3,3,2,1,2,1,4,4,3,5,3,3,1,3,2,3,1,3,7,7,0,10,8,5,0,10,0,5,0,10,10,5,0,10,0,5,0,8,8,0,2,8,0,5,8,1,"SD","SD",0,"Right",1,1,0,1,3,0.7541
"0000001764",19,1,4,"No degree","Single",0,,1,1,1,0,,"Västernorrland","Norrland",2,2,4,5,4,3,2,1,3,7,2,2,2,3,2,4,3,2,1,1,3,1,2,3,5,2,2,1,3,1,1,7,7,7,9,0,0,9,2,0,1,0,9,0,0,9,3,0,1,0,3,10,10,2,2,9,1,10,2,1,"S",,,"Left",0,0,1,1,2,2.2604
"0000000303",63,1,7,"Bachelor","Single",0,"Worker",3,1,1,0,1,"Västra Götaland","Götaland",3,5,5,5,1,1,2,2,2,8,3,3,3,3,3,3,1,4,4,3,4,4,4,4,4,3,3,4,4,4,1,7,3,0,10,0,3,3,2,0,2,2,10,0,0,3,6,0,4,2,3,9,8,1,5,9,4,7,3,1,"S","S",0,"Left",0,0,1,1,3,0.7658
"0000001029",51,1,5,"No degree","Single",0,"White collar",5,1,1,1,3,"Stockholm","Svealand",3,4,5,3,1,2,1,4,1,8,3,3,3,4,3,3,2,4,3,2,4,3,3,4,4,2,3,3,4,3,1,3,7,3,10,0,4,5,6,0,4,8,10,0,0,1,8,0,2,5,4,7,7,1,5,9,3,6,5,1,"S","S",0,"Left",0,0,1,1,3,1.1901
"0000001980",72,0,4,"No degree","Married",0,"White collar",4,2,1,0,3,"Stockholm","Svealand",3,5,5,5,1,1,1,4,1,10,3,4,3,4,3,4,1,4,3,2,4,4,4,5,4,3,2,4,3,4,1,7,7,0,7,0,2,2,9,2,6,4,10,0,2,2,10,0,5,6,3,10,9,0,5,9,3,7,5,1,"C","L",1,"Left",0,0,0,1,2,0.6234
"0000000140",47,0,4,"No degree","Married",0,"Self-employed",3,1,1,,1,"Västra Götaland","Götaland",4,4,4,4,5,5,4,2,5,2,2,2,1,3,1,1,2,1,1,1,,2,1,2,3,3,2,2,1,2,1,0,7,7,0,4,5,0,0,4,0,3,0,8,1,0,0,9,0,1,0,7,2,0,0,7,0,2,7,1,,,,,,,,0,2,1.1984
"0000000751",34,1,8,"Postgraduate","Single",1,"White collar",3,2,1,0,3,"Skåne","Götaland",3,4,5,5,1,1,1,4,3,9,3,3,4,4,2,3,2,3,3,1,3,3,3,5,4,2,3,4,4,3,1,3,0,5,8,0,5,6,10,5,10,5,8,1,4,6,10,6,8,,3,6,9,1,3,8,3,5,3,1,"C","MP",1,"Left",0,0,0,0,2,1.073
"0000002541",85,0,2,"No degree","Married",,"White collar",1,1,1,,2,"Örebro","Svealand",3,4,5,5,5,5,1,1,1,10,3,3,3,3,3,3,1,3,3,3,4,3,3,5,5,3,3,4,4,4,0,7,0,0,10,0,5,6,9,5,8,5,10,0,5,6,9,5,8,5,,10,,5,3,10,3,10,,1,"S","S",0,"Left",0,0,1,1,2,0.7541
"0000002643",76,0,3,"No degree","Divorced",0,,1,6,1,,2,"Skåne","Götaland",2,4,4,4,4,5,5,5,5,7,3,3,2,2,2,3,3,3,1,4,,4,4,3,4,3,4,4,5,4,,3,0,0,4,5,6,3,3,4,7,4,4,5,3,4,3,4,4,3,3,4,4,5,3,3,4,4,4,,"SD","SD",0,"Right",1,1,0,1,2,1.0469
"0000002194",75,0,6,"No degree","Married",0,"Worker",,6,0,,2,"Västmanland","Svealand",2,4,5,5,4,5,1,4,5,6,2,2,3,4,1,,2,3,2,2,3,2,3,4,,2,3,3,2,1,1,6,1,2,,,,,,,,,,,,,,,,,2,10,10,0,5,8,2,9,5,1,"KD",,,"Right",0,1,0,0,1,0.6234
"0000001953",69,1,3,"No degree","Married",0,"Worker",2,1,1,,2,"Västerbotten","Norrland",3,4,5,4,4,1,2,2,2,10,4,4,4,3,3,4,2,3,3,3,3,3,3,5,4,3,3,3,3,3,1,1,0,4,9,0,1,6,5,1,4,4,10,2,1,5,6,0,1,3,2,9,10,0,5,10,3,7,2,1,"S","S",0,"Left",0,0,1,1,1,1.0396
"0000000942",55,0,8,"Postgraduate","Divorced",1,"White collar",2,2,1,0,2,"Skåne","Götaland",4,4,5,5,1,1,1,2,3,10,4,3,3,4,3,4,2,3,3,2,3,3,4,5,5,2,3,2,3,3,1,5,7,7,9,0,1,9,5,0,9,1,10,0,0,9,5,0,9,0,3,10,10,0,5,10,4,10,2,1,"S","V",1,"Left",0,0,1,1,2,0.7712
"0000000777",25,0,7,"Bachelor","Single",0,"White collar",4,1,1,0,3,"Stockholm","Svealand",2,4,5,5,,,1,2,4,8,3,3,3,3,2,3,2,2,3,2,3,2,3,5,3,3,4,2,3,3,1,5,,,6,0,8,0,8,5,3,9,7,2,6,1,8,4,2,7,6,9,8,1,6,7,2,6,6,1,"L","L",0,"Right",0,1,0,0,2,1.1487
"0000000057",38,0,4,"No degree","Married",0,,4,2,1,0,2,"Norrbotten","Norrland",2,3,4,4,4,3,4,2,1,1,2,3,2,4,2,3,3,1,3,1,4,3,2,3,3,3,4,4,3,4,1,1,7,7,3,3,8,0,4,2,0,4,4,7,7,0,1,4,0,,0,10,8,0,,,,,6,1,"M","M",0,"Right",0,1,0,0,2,1.6791
"0000001483",72,0,5,"No degree","Married",,"White collar",,1,1,0,1,"Örebro","Svealand",2,4,5,1,5,1,5,3,4,0,3,2,2,2,2,2,1,1,1,1,,4,1,4,3,2,2,1,2,3,,5,0,0,0,10,9,0,0,9,,5,0,10,9,0,0,9,,5,0,10,9,0,5,9,0,6,10,1,,,,,,,,1,3,0.6234
"0000002511",74,1,,,"Divorced",,,,,1,0,,"Stockholm","Svealand",4,,,,,,,,,,,,,,,,,,,,,,,,,,,,,,,2,3,3,,,,,,,,,,,,,,,,,,,,,,,,,,,,,,,,,,,,0.5247
"0000001090",57,1,4,"No degree","Divorced",1,"White collar",2,1,1,0,2,"Värmland","Svealand",3,4,5,2,1,2,1,1,1,10,3,3,3,3,2,3,2,3,3,1,4,3,3,4,4,2,3,3,3,3,1,1,0,0,10,0,0,7,5,0,8,1,10,0,0,7,7,0,7,2,3,10,10,1,6,10,5,6,3,1,"S","S",0,"Left",0,0,1,0,2,1.1901
"0000000461",61,1,6,"No degree","Divorced",0,"Worker",2,1,1,0,3,"Stockholm","Svealand",2,3,3,4,4,4,2,2,2,7,2,2,1,2,2,2,1,2,3,,3,,3,3,3,3,2,3,3,2,1,,7,,5,7,7,1,2,5,5,3,5,5,5,3,5,3,3,3,,10,9,1,4,5,1,5,5,1,"M","M",0,"Right",0,1,0,0,2,0.9037
"0000002361",55,0,8,"Postgraduate","Widowed",1,"White collar",1,1,1,0,1,"Västra Götaland","Götaland",4,5,1,5,5,5,4,4,5,3,2,2,2,3,1,1,1,1,1,1,4,2,2,2,4,2,1,2,2,3,0,0,7,0,0,9,8,0,0,2,0,1,0,6,5,2,0,2,0,3,2,5,4,0,1,6,0,2,9,1,"SD","SD",0,"Right",1,1,0,0,2,0.7712
"0000000484",36,1,6,"No degree","Single",0,"White collar",2,1,1,0,3,"Stockholm","Svealand",3,3,5,5,1,1,1,3,1,6,2,3,3,4,2,3,2,3,3,4,4,4,3,3,5,1,3,3,4,3,0,3,7,0,9,0,1,8,5,0,9,1,10,0,0,8,10,0,8,3,3,4,10,0,8,10,1,8,1,1,"MP","S",1,"Left",0,0,0,1,3,1.2661
"0000000568",24,0,8,"Postgraduate","Single",1,"White collar",1,1,1,0,4,"Stockholm","Svealand",4,5,5,5,2,1,1,2,1,9,4,4,4,3,2,4,2,3,3,2,4,4,4,5,5,2,3,2,3,2,0,7,7,7,8,0,4,7,8,1,10,4,8,0,6,7,8,0,10,4,6,5,9,2,8,7,4,8,2,1,"MP","MP",0,"Left",0,0,0,1,3,1.1487
"0000002374",64,0,5,"No degree","Single",0,"White collar",2,1,1,0,2,"Östergötland","Götaland",2,4,5,5,4,4,4,4,1,8,2,2,2,3,2,3,2,3,2,2,4,3,3,5,4,3,3,4,3,4,0,3,3,2,5,10,9,0,0,10,0,5,5,10,9,5,0,10,0,5,2,10,10,0,5,9,5,5,,1,"SD","SD",0,"Right",1,1,0,0,2,1.5282
"0000001124",48,0,3,"No degree","Single",1,"Worker",,1,1,0,1,"Värmland","Svealand",2,5,5,5,5,4,5,4,4,2,1,1,1,4,1,3,2,1,1,1,3,2,2,4,2,3,3,3,2,2,1,1,3,4,2,7,6,0,0,6,0,6,3,8,8,1,0,7,0,7,3,8,7,0,1,7,0,6,,1,"SD","M",1,"Right",1,1,0,0,2,1.1984
"0000001333",60,1,3,"No degree","Married",1,"Worker",5,1,1,0,3,"Stockholm","Svealand",3,4,5,5,2,,2,2,4,,3,,3,3,3,3,3,3,,2,4,3,3,5,4,3,3,2,4,3,1,7,1,,9,2,6,6,6,6,7,6,9,7,7,7,7,7,7,7,4,10,8,0,5,7,3,7,4,1,"S","S",0,"Left",0,0,1,1,2,1.0931
"0000002732",84,1,8,"Postgraduate","Divorced",0,"Self-employed",1,2,1,,3,"Stockholm","Svealand",,4,5,4,1,3,1,4,2,10,3,3,4,4,3,3,1,3,3,3,3,3,3,5,5,2,2,3,4,3,0,7,,0,10,0,4,3,9,4,8,6,10,0,3,3,10,3,8,6,3,10,10,0,5,10,2,8,5,1,"C","L",1,"Left",0,0,0,0,,0.5247
"0000000020",32,1,8,"Postgraduate","Single",1,"White collar",5,1,1,0,4,"Stockholm","Svealand",2,5,5,5,1,2,4,3,2,10,2,3,3,4,2,3,1,3,3,1,3,2,3,5,2,1,1,2,3,4,1,5,1,7,7,1,8,2,3,5,3,5,8,4,9,9,5,5,2,5,3,10,7,1,4,8,2,5,6,1,"M","S",1,"Right",0,1,0,0,1,1.073
"0000000256",36,1,9,"Postgraduate","Married",0,"White collar",3,1,0,1,2,"Stockholm","Svealand",3,4,4,4,4,3,2,2,3,5,2,2,2,2,2,3,2,3,3,1,,3,3,4,3,2,2,2,3,2,0,4,2,4,5,5,5,5,5,5,5,5,5,5,5,5,5,5,5,5,3,8,6,2,5,8,2,5,4,0,,,,,,,,0,,1.0986
"0000001771",59,0,6,"No degree","Single",1,"Worker",1,1,0,1,1,"Blekinge","Götaland",3,5,5,5,1,1,1,1,1,10,3,3,3,4,2,3,2,3,3,2,3,3,3,5,4,2,3,3,3,1,0,6,5,6,9,0,0,5,5,0,5,0,10,0,0,5,10,0,5,0,4,10,10,1,6,10,6,9,3,1,"S","S",0,"Left",0,0,1,1,2,0.91
"0000001948",52,1,5,"No degree","Single",1,"Worker",2,1,1,0,2,"Södermanland","Svealand",3,5,5,5,1,2,1,1,2,8,3,3,3,3,2,2,1,3,3,1,4,2,3,4,4,2,4,2,3,3,1,7,7,7,8,1,3,9,7,1,7,3,8,2,3,9,6,3,2,2,3,8,7,1,4,8,3,6,3,1,"S","V",1,"Left",0,0,1,0,2,1.1901
"0000001824",79,1,3,"No degree","Married",0,"Worker",1,1,1,0,3,"Skåne","Götaland",3,4,5,3,1,2,1,1,1,6,3,3,3,2,2,2,1,2,3,1,4,3,3,4,3,3,1,4,4,3,0,4,0,0,7,9,5,4,0,8,3,4,7,9,6,5,0,7,0,6,1,9,9,1,2,8,1,5,,1,"SD","M",1,"Right",1,1,0,0,1,1.0396
"0000000162",57,1,6,"No degree","Single",1,"Self-employed",3,2,1,0,1,"Gävleborg","Norrland",2,3,5,3,2,3,3,3,4,9,3,3,3,3,3,3,2,3,3,2,4,3,3,5,5,3,3,3,3,3,1,3,4,7,6,0,6,5,9,5,7,6,6,3,6,5,9,5,5,5,4,9,9,1,6,5,4,6,6,1,"C","C",0,"Left",0,0,0,1,2,0.9037
"0000002531",49,1,4,"No degree","Married",1,"Worker",2,1,1,0,1,"Jönköping","Götaland",4,4,5,3,3,4,4,4,4,2,2,1,2,3,2,2,3,1,2,1,4,3,1,3,4,1,3,3,2,3,1,5,,,0,10,8,1,0,7,0,6,0,10,6,0,0,7,0,6,0,8,8,1,3,6,1,6,8,1,"SD","SD",0,"Right",1,1,0,1,2,1.1901
"0000001683",60,0,3,"No degree","Divorced",1,"Self-employed",1,1,0,,3,"Stockholm","Svealand",3,3,5,4,4,3,2,4,5,8,3,2,3,4,2,2,1,3,3,4,4,3,3,4,5,2,3,4,4,4,0,3,6,0,10,0,2,9,9,2,9,1,10,0,6,9,9,2,,8,10,0,5,9,9,3,8,5,10,1,"S","S",0,"Left",0,0,1,1,3,1.1008
"0000000021",47,0,8,"Postgraduate","Married",1,"Self-employed",5,1,0,,4,"Stockholm","Svealand",2,2,5,3,1,2,1,1,3,8,3,3,3,4,2,4,1,3,4,3,4,2,4,5,2,3,4,3,3,3,1,0,2,0,6,0,7,3,8,3,3,5,5,0,5,5,5,5,5,5,3,8,7,1,5,7,2,5,5,1,"C","M",1,"Left",0,0,0,0,,0.7712
"0000001910",72,0,5,"No degree","Married",0,"White collar",4,1,1,1,4,"Skåne","Götaland",4,5,5,5,4,4,1,1,4,8,2,2,1,2,2,1,1,1,2,2,,4,3,5,3,3,4,4,3,2,,7,7,7,0,9,8,0,0,6,0,0,0,10,9,5,0,7,0,6,1,9,9,0,1,7,0,4,8,1,,,,,,,,1,2,0.821
"0000002625",69,0,8,"Postgraduate","Married",0,,2,1,0,,2,"Västra Götaland","Götaland",3,4,5,5,4,5,3,3,5,6,3,2,2,3,2,2,2,2,3,2,3,2,3,4,5,2,2,3,3,3,1,5,5,3,6,1,3,9,4,5,6,4,6,1,4,9,4,4,4,5,5,10,7,1,6,4,3,7,1,1,"V","V",0,"Left",0,0,0,1,2,0.6234
"0000002413",92,0,3,"No degree","Widowed",0,"Self-employed",1,1,1,,2,"Stockholm","Svealand",3,4,5,4,3,1,3,3,1,10,4,4,3,4,2,4,2,3,3,2,4,,4,5,4,3,3,3,4,3,0,7,0,0,8,0,10,2,5,5,5,8,9,0,10,4,5,5,5,7,1,10,10,0,4,6,3,8,9,1,"M","L",1,"Right",0,1,0,1,2,1.1092
"0000000719",40,1,7,"Bachelor","Single",1,"White collar",2,1,1,,1,"Halland","Götaland",3,4,5,3,1,2,1,2,2,9,3,2,4,4,3,4,2,3,3,1,3,3,4,5,5,3,3,3,3,2,0,7,3,7,9,0,1,9,6,0,7,5,10,0,1,4,10,0,6,1,2,10,9,0,5,9,3,6,2,1,"S","V",1,"Left",0,0,1,0,2,1.073
"0000001332",28,1,5,"No degree","Single",1,"Worker",,3,1,0,1,"Västra Götaland","Götaland",2,2,4,3,3,3,3,3,3,6,2,2,3,3,1,3,2,3,3,3,3,2,3,3,2,2,2,3,3,,1,0,2,7,7,0,2,6,7,0,5,2,7,0,5,5,7,0,5,5,2,9,10,0,5,10,5,8,3,1,"S","S",0,"Left",0,0,1,0,1,1.6674
"0000002239",61,1,6,"No degree","Divorced",1,"White collar",1,1,1,0,1,"Stockholm","Svealand",2,3,3,3,5,3,3,3,3,5,2,2,2,3,2,1,2,1,1,1,4,3,2,3,3,2,2,2,3,3,1,4,0,4,0,10,8,0,0,7,0,2,0,10,7,0,0,7,0,3,0,8,10,0,5,8,3,5,8,1,"SD","SD",0,"Right",1,1,0,1,3,1.5176
"0000000480",67,1,8,"Postgraduate","Divorced",1,"White collar",3,1,1,0,1,"Värmland","Svealand",3,4,5,5,2,3,1,4,4,6,2,2,3,4,2,3,1,2,3,2,3,1,3,4,2,2,2,4,3,3,0,3,3,2,4,0,0,8,1,0,6,0,7,0,0,7,3,0,4,0,5,10,10,2,10,10,5,10,0,1,"V","V",0,"Left",0,0,0,0,2,0.5247
"0000002492",67,0,3,"No degree","Married",1,"Worker",3,1,1,0,2,"Skåne","Götaland",3,4,4,5,4,4,1,1,1,7,3,3,2,2,2,3,1,3,4,2,4,3,3,4,4,3,4,3,4,3,1,4,1,0,10,0,3,8,5,5,3,5,9,2,1,6,5,3,2,5,0,10,10,0,4,10,,8,2,1,"S","SD",1,"Left",0,0,1,0,2,0.7541
"0000002615",67,0,3,"No degree","Single",0,"Worker",1,4,1,0,1,"Örebro","Svealand",2,4,4,,,,,,5,2,,,,,,3,,2,3,2,3,2,2,2,2,3,3,4,3,1,0,6,,,,9,,,,,,,,9,,,,,,,9,6,4,8,5,6,1,3,4,1,"SD","SD",0,"Right",1,1,0,0,,0.7541
"0000002415",78,0,6,"No degree","Married",0,,4,1,1,0,4,"Västra Götaland","Götaland",3,5,5,5,1,3,1,2,5,9,4,3,4,3,2,3,1,3,3,3,4,3,4,5,5,3,3,2,3,3,1,3,0,0,3,3,9,2,3,5,2,9,9,8,9,3,3,6,3,7,5,10,9,2,4,9,3,7,,1,"L","M",1,"Right",0,1,0,0,,0.6234
"0000001309",22,1,4,"No degree","Single",0,"Worker",1,1,1,0,2,"Kronoberg","Götaland",3,4,5,5,3,5,3,3,3,8,3,2,3,4,2,3,2,3,3,2,,3,3,5,5,3,2,2,3,3,1,2,1,0,10,0,5,8,8,2,9,5,10,0,6,10,10,3,10,5,4,10,6,0,4,10,4,5,4,0,,,,,,,,1,2,1.346
"0000000298",73,1,6,"No degree","Single",0,"White collar",2,2,1,0,4,"Skåne","Götaland",3,5,5,3,1,,1,1,1,9,3,3,3,3,3,3,2,3,2,2,,3,3,4,4,3,2,3,,2,0,7,5,0,,,,,,,,,,,,,,,,,3,8,9,0,6,9,1,6,,,,,,,,,,1,,0.5247
"0000002803",68,0,3,"No degree","Single",0,"Farmer",1,2,1,0,2,"Östergötland","Götaland",2,3,4,4,5,3,3,3,3,4,2,2,1,3,2,2,1,2,2,5,,3,3,5,4,3,3,3,3,3,1,3,2,0,3,6,5,4,2,7,0,5,4,6,7,6,0,7,0,6,3,7,9,1,5,8,3,6,5,,,,,,,,,0,,1.0469
"0000000498",29,0,8,"Postgraduate","Single",1,"White collar",4,2,0,1,4,"Stockholm","Svealand",4,4,5,2,1,1,1,1,2,10,4,4,4,4,3,4,2,3,3,2,4,4,4,5,5,2,2,3,3,3,1,2,0,7,7,0,2,9,7,0,10,4,8,0,1,8,8,0,9,3,6,10,10,0,8,10,2,8,2,1,"MP","MP",0,"Left",0,0,0,1,2,1.0805
"0000000608",44,0,7,"Bachelor","Married",1,"White collar",4,2,1,0,2,"Västra Götaland","Götaland",3,5,5,5,2,1,1,4,4,8,3,3,3,4,3,3,2,3,3,2,4,3,3,4,4,3,3,5,4,2,1,5,6,2,9,0,7,7,6,2,4,4,9,1,6,8,7,1,7,5,4,9,6,1,6,9,3,8,5,1,"S","C",1,"Left",0,0,1,0,1,0.7712
"0000001099",59,1,7,"Bachelor","Single",1,"Worker",2,2,1,0,1,"Värmland","Svealand",3,4,5,4,1,1,1,4,3,9,3,3,3,4,3,3,2,3,4,5,4,3,4,5,5,3,4,2,3,3,0,3,7,5,10,0,0,7,8,0,9,0,10,0,0,9,10,0,9,2,2,6,10,0,7,10,4,7,2,1,"S","S",0,"Left",0,0,1,1,2,0.7658
"0000000060",31,1,7,"Bachelor","Married",0,"White collar",5,1,1,1,1,"Södermanland","Svealand",3,4,5,5,1,1,1,5,3,10,3,3,3,3,3,4,1,4,4,2,4,3,3,5,5,2,3,3,3,4,1,7,3,7,10,0,4,4,10,2,7,5,10,0,1,5,10,6,8,5,3,10,8,0,5,8,3,7,4,1,"S","C",1,"Left",0,0,1,0,2,1.073
"0000002329",77,0,2,"No degree","Widowed",0,"Worker",1,6,1,0,2,"Halland","Götaland",1,1,1,1,1,1,1,1,1,,,,,,,,,,,,,,,,,,,,,,0,0,7,0,,,,,,,,,,,,,,,,,,,,,,,,,,0,,,,,,,,0,,1.1092
"0000002404",72,0,,,"Married",0,"White collar",2,,1,0,2,"Östergötland","Götaland",3,4,5,4,1,2,1,1,1,10,3,3,3,2,3,4,2,3,3,3,4,4,3,5,5,3,3,4,4,3,1,,2,4,7,0,1,8,4,0,2,1,9,0,3,7,8,0,3,3,2,9,9,1,5,10,3,8,,1,"V","V",0,"Left",0,0,0,1,2,0.7541
"0000001499",59,0,3,"No degree","Single",1,"Self-employed",2,1,1,0,1,"Norrbotten","Norrland",3,4,5,5,4,3,1,4,2,10,4,4,4,3,3,4,2,3,3,2,4,4,4,5,5,3,2,3,3,2,0,5,0,0,3,9,8,2,6,8,0,6,6,9,8,4,3,8,0,6,5,8,9,1,6,8,3,7,9,1,"SD","SD",0,"Right",1,1,0,1,2,1.1008
"0000002526",72,0,4,"No degree","Married",0,"White collar",4,2,1,0,2,"Jönköping","Götaland",3,4,4,2,4,3,1,2,4,10,4,3,3,3,2,3,1,2,3,2,4,4,4,5,4,3,3,3,3,4,0,7,6,0,7,10,9,7,1,10,1,8,7,10,10,8,2,10,1,8,4,8,10,1,2,10,1,7,9,1,"SD","SD",0,"Right",1,1,0,1,2,0.6234
"0000001976",69,1,3,"No degree","Married",0,"Worker",,2,1,0,2,"Stockholm","Svealand",3,5,4,2,1,5,,,4,3,2,2,1,3,,1,2,1,2,1,,3,2,,5,1,2,4,3,4,0,5,0,7,,10,,,,,,,,10,9,0,3,,4,0,5,10,6,,6,9,5,0,,,"SD","SD",0,"Right",1,1,0,1,2,0.7489
"0000001455",44,1,,,"Divorced",,,,,1,0,,"Södermanland","Svealand",2,3,4,5,4,3,,,,,,,,,,,,,,,,,,,,,,,,,,2,1,4,,,,,,,,,,,,,,,,,,,,,,,,,,,,,,,,,,,,1.1901
"0000000644",38,0,8,"Postgraduate","Married",0,"White collar",5,1,1,0,3,"Stockholm","Svealand",3,5,4,4,2,2,1,2,2,8,3,4,3,3,2,4,2,3,3,2,,2,3,4,4,3,3,2,2,3,1,0,7,4,6,2,4,1,6,2,1,7,9,5,6,2,9,2,5,5,4,7,9,0,7,8,1,7,6,1,"L","L",0,"Right",0,1,0,0,2,1.0805
"0000000794",55,0,5,"No degree","Single",1,"White collar",3,1,1,0,2,"Västra Götaland","Götaland",3,5,5,5,1,3,1,1,2,8,4,4,3,3,3,3,2,3,3,2,3,4,4,5,4,2,3,1,3,3,1,7,7,7,8,0,2,6,7,1,5,3,9,0,0,5,9,0,2,5,3,10,10,0,5,10,4,6,3,1,"S","S",0,"Left",0,0,1,1,2,1.1008
"0000002713",74,0,3,"No degree","Married",0,"Self-employed",2,2,1,0,1,"Kalmar","Götaland",3,4,5,5,4,4,3,3,3,10,3,3,3,2,3,3,,3,3,4,4,4,3,5,3,3,3,3,4,4,0,7,0,0,5,8,10,0,3,8,0,8,5,8,10,0,3,8,0,8,0,9,10,0,3,9,0,9,10,1,"M","M",0,"Right",0,1,0,1,2,0.7541
"0000001215",35,1,7,"Bachelor","Single",0,"White collar",4,3,1,0,4,"Västra Götaland","Götaland",4,5,5,3,5,1,2,2,3,8,3,2,2,2,3,2,2,1,2,1,4,4,3,5,5,3,3,4,4,4,1,6,7,7,5,8,9,0,2,10,0,8,7,9,8,6,0,10,0,7,3,8,10,0,3,8,0,7,8,1,"KD","M",1,"Right",0,1,0,1,2,2.1262
"0000000494",32,0,7,"Bachelor","Single",0,"White collar",3,1,1,0,1,"Dalarna","Svealand",4,5,4,5,5,3,5,5,2,8,3,2,4,4,3,3,2,1,3,1,4,4,3,5,4,4,4,3,3,5,1,7,7,7,5,8,10,3,0,10,0,7,7,10,10,5,0,10,0,7,5,9,9,0,7,9,0,7,9,1,"M","M",0,"Right",0,1,0,1,3,1.0805
"0000002797",41,0,3,"No degree","Married",1,"Worker",1,1,0,,3,"Stockholm","Svealand",2,4,4,,,,,,,10,4,3,,,,,,3,3,3,,3,3,4,,,4,4,4,3,1,2,2,0,9,,8,9,9,,6,,10,8,9,8,10,7,,,,,,,,,,,,1,,,,,,,,,2,1.6191
"0000001820",81,1,9,"Postgraduate","Divorced",0,"White collar",2,1,1,0,3,"Västra Götaland","Götaland",3,5,5,3,3,4,1,1,1,10,4,4,4,4,3,4,2,3,3,2,3,4,4,5,5,3,3,4,4,3,0,7,7,4,9,5,8,7,7,7,8,9,10,6,8,7,8,7,9,7,3,10,10,0,5,10,1,9,8,1,"S","L",1,"Left",0,0,1,1,2,0.5372
"0000000707",75,0,7,"Bachelor","Married",0,"Self-employed",1,2,1,0,4,"Uppsala","Svealand",3,4,5,,,,1,,,9,4,3,3,4,3,4,2,4,4,3,4,4,3,5,4,3,3,4,4,1,0,5,7,7,10,0,0,8,7,0,5,2,10,0,0,8,8,0,7,7,0,10,10,0,5,10,3,7,0,1,"S","S",0,"Left",0,0,1,1,3,0.5283
"0000002024",85,1,6,"No degree","Divorced",,,,6,1,0,,"Stockholm","Svealand",3,3,5,4,4,3,1,2,4,6,3,3,2,3,2,3,2,3,3,,2,2,3,4,,2,,3,3,3,0,7,0,0,,,,,,,,,,,,,,,,,3,10,9,2,4,8,1,5,4,1,"C",,,"Left",0,0,0,0,1,0.6191
"0000002003",75,1,5,"No degree","Married",1,"White collar",4,1,1,,2,"Västra Götaland","Götaland",2,4,5,3,1,1,1,3,5,9,4,3,4,3,2,3,2,3,3,2,,3,3,5,5,3,3,4,4,3,0,7,0,0,,0,,,,,,,,,,,,,,,,,,,,,,,,1,,,,,,,,0,,0.7489
"0000000871",58,0,3,"No degree","Married",0,"Self-employed",2,1,1,0,1,"Östergötland","Götaland",2,4,3,4,4,2,1,,,8,2,2,2,2,2,2,2,2,2,2,,4,3,4,4,2,3,4,4,2,0,2,2,3,2,9,10,3,4,,,6,0,10,10,1,2,7,0,6,3,9,10,0,2,7,2,7,9,1,,"M",,,,,,1,1,1.1008
"0000000588",27,1,7,"Bachelor","Married",1,"White collar",3,2,1,0,3,"Stockholm","Svealand",2,4,5,4,2,3,4,4,3,7,3,3,3,3,2,2,2,3,3,3,3,3,3,5,4,3,2,2,4,5,1,0,6,7,6,2,7,4,6,4,5,9,5,2,4,6,5,3,5,6,3,9,10,0,4,3,1,6,5,1,"L","C",1,"Right",0,1,0,0,2,1.2661
"0000002507",69,1,3,"No degree","Divorced",0,"Worker",1,1,1,0,2,"Skåne","Götaland",3,4,5,3,4,4,1,1,1,8,3,3,3,4,3,2,1,3,3,2,4,3,3,5,5,3,4,4,4,3,1,,,,7,10,9,6,2,5,5,6,8,10,9,8,3,10,5,7,2,10,10,1,1,9,2,6,,1,"SD","SD",0,"Right",1,1,0,1,2,0.8153
"0000000924",33,1,6,"No degree","Single",0,"White collar",1,1,1,1,2,"Västerbotten","Norrland",3,5,4,4,1,1,1,1,1,8,3,3,3,4,3,3,2,3,4,3,4,4,3,5,5,1,2,3,3,3,0,3,2,7,8,0,0,10,5,0,8,0,,,,,,,,,4,10,8,0,4,9,2,8,0,1,"V","V",0,"Left",0,0,0,1,3,1.2661
"0000002070",73,1,3,"No degree","Married",0,"White collar",2,2,1,0,3,"Stockholm","Svealand",2,4,5,5,4,2,3,3,3,10,3,3,3,3,2,3,2,1,2,3,4,3,3,5,5,3,3,3,3,3,0,5,7,7,0,7,10,0,0,10,0,0,0,7,10,0,0,10,0,0,0,10,10,0,0,10,0,10,,1,"M","M",0,"Right",0,1,0,0,1,1.0396
"0000001543",59,0,3,"No degree","Divorced",0,"White collar",5,1,1,0,2,"Västernorrland","Norrland",3,3,5,5,1,3,2,3,2,9,3,3,3,3,2,3,1,3,3,3,,3,3,5,3,2,3,4,4,4,1,2,6,1,8,2,6,3,5,2,2,5,7,2,5,3,6,0,4,5,4,10,8,1,5,9,2,5,,1,,,,,,,,0,2,1.1008
"0000002696",72,1,6,"No degree","Married",1,"White collar",2,3,1,0,1,"Skåne","Götaland",3,5,5,1,,3,1,1,1,10,3,3,2,3,3,3,1,2,2,4,4,3,3,5,4,3,3,2,3,3,0,7,0,0,2,8,9,0,5,9,0,8,6,9,10,1,2,10,0,8,5,8,10,0,5,10,3,7,10,1,"M","KD",1,"Right",0,1,0,1,2,0.5247
"0000000732",39,0,4,"No degree","Single",1,"Worker",1,2,1,0,2,"Blekinge","Götaland",3,4,5,3,4,3,1,2,5,7,3,2,2,3,2,3,2,3,3,1,3,3,2,4,5,3,3,4,4,3,0,7,5,3,9,0,0,8,2,2,3,0,8,5,0,7,2,1,0,0,6,6,10,1,8,7,2,10,1,1,,"V",,,,,0,0,,1.6791
"0000002109",88,1,5,"No degree","Married",1,"Worker",1,2,1,0,4,"Västra Götaland","Götaland",3,4,5,1,4,4,1,2,1,10,4,3,2,4,3,3,1,3,3,3,4,3,4,5,5,3,3,4,5,4,0,7,0,0,10,0,0,7,0,0,9,3,10,0,0,7,0,0,8,3,0,10,10,0,10,10,5,5,0,1,"S","S",0,"Left",0,0,1,1,3,0.7489
"0000000246",42,0,8,"Postgraduate","Married",1,"White collar",5,1,1,1,1,"Södermanland","Svealand",3,4,5,4,2,1,1,1,1,8,3,3,3,3,3,3,1,3,3,2,3,3,3,5,3,2,3,2,3,3,1,2,1,,8,1,8,4,5,5,5,5,8,2,7,5,5,5,5,6,4,10,8,0,5,6,2,5,5,1,"S","M",1,"Left",0,0,1,0,2,0.7712
"0000001051",53,1,5,"No degree","Married",1,"White collar",,1,1,0,2,"Skåne","Götaland",3,4,3,3,3,3,3,3,3,,3,3,3,4,3,2,2,2,2,1,,4,3,4,5,2,3,3,3,3,1,2,7,7,5,,9,0,1,6,0,9,1,,7,1,1,10,1,9,0,10,10,0,0,10,0,10,8,1,,,,,,,,1,,1.1901
"0000001150",49,1,5,"No degree","Married",1,"Worker",3,1,1,0,1,"Västmanland","Svealand",3,4,5,5,2,3,1,3,3,10,3,3,2,3,2,4,2,3,3,3,3,3,3,5,3,3,3,4,4,3,1,6,7,7,6,0,4,5,5,5,0,5,6,1,4,3,6,3,2,5,1,10,9,1,5,5,4,7,1,1,"S","V",1,"Left",0,0,1,0,,1.1901
"0000002515",64,1,8,"Postgraduate","Married",0,"White collar",,3,1,0,4,"Stockholm","Svealand",3,5,5,5,1,1,1,1,1,9,4,3,4,4,3,4,3,1,3,1,,4,4,5,5,3,2,2,4,2,1,2,7,7,1,0,9,0,4,9,6,7,0,0,9,1,4,8,1,8,2,10,9,0,4,9,5,5,,1,,,,,,,,0,,0.7658
"0000001931",92,1,2,"No degree","Divorced",0,,2,1,1,,2,"Uppsala","Svealand",3,5,5,5,5,4,1,3,5,10,4,4,4,4,3,4,2,4,3,3,,4,4,5,5,3,3,3,4,4,0,7,3,4,10,0,5,7,7,3,8,5,10,0,4,3,8,2,8,5,0,10,10,0,5,10,0,7,0,1,"S","S",0,"Left",0,0,1,0,1,0.7489
"0000002700",24,1,8,"Postgraduate","Single",0,,2,2,1,0,4,"Västra Götaland","Götaland",2,4,5,3,1,1,1,2,2,9,3,3,3,3,2,3,2,3,3,2,3,3,4,5,4,2,4,2,3,3,1,3,5,7,10,0,2,9,3,1,9,1,9,0,3,8,4,1,8,1,2,10,9,0,4,8,3,7,1,1,"S","V",1,"Left",0,0,1,0,1,1.1407
"0000001715",59,0,2,"No degree","Married",0,"Self-employed",2,1,1,0,2,"Kalmar","Götaland",2,3,5,5,5,4,3,4,4,6,2,2,1,3,2,2,2,2,3,1,2,2,2,2,4,2,2,3,3,2,1,4,7,,7,0,8,3,4,1,0,4,7,0,6,4,5,3,0,3,3,7,7,3,3,7,4,6,6,1,"M","M",0,"Right",0,1,0,0,,1.6191
"0000002300",94,1,2,"No degree","Divorced",0,"Self-employed",1,,1,,2,"Stockholm","Svealand",,3,3,3,4,4,3,3,3,,3,3,3,2,2,,,3,3,4,,3,3,5,4,2,4,2,4,2,0,7,0,4,7,1,9,6,6,5,5,6,9,1,9,6,7,6,5,6,1,9,9,0,6,6,4,6,8,1,"M",,,"Right",0,1,0,0,,1.1014
"0000002268",73,1,3,"No degree","Married",0,"White collar",1,1,1,0,2,"Skåne","Götaland",2,3,5,5,4,3,1,1,4,7,3,2,3,3,2,3,2,3,2,2,3,3,3,4,3,3,3,4,3,2,1,7,4,7,8,8,7,6,8,7,6,8,9,9,8,7,8,7,5,5,8,4,8,2,5,5,5,5,5,1,"L",,,"Right",0,1,0,0,2,0.7489
"0000002674",73,0,3,"No degree","Widowed",,,,2,1,0,,"Gotland","Götaland",3,4,4,4,4,5,5,4,5,5,2,3,2,4,2,3,3,3,4,,4,4,3,5,5,2,,5,5,5,0,1,0,7,8,8,9,4,6,2,2,4,9,8,9,4,6,4,2,4,6,9,8,4,7,1,0,0,,1,"M","S",1,"Right",0,1,0,1,2,0.821
"0000002527",78,1,6,"No degree","Married",1,"White collar",2,3,1,0,3,"Stockholm","Svealand",4,4,5,4,1,3,1,2,2,10,3,3,4,4,3,3,2,4,4,2,4,4,4,5,5,3,4,2,3,3,0,7,0,7,10,0,1,8,7,7,8,7,10,0,0,7,8,0,7,7,3,10,10,0,5,10,3,7,3,1,"S","S",0,"Left",0,0,1,1,3,0.5247
"0000000250",47,0,8,"Postgraduate","Married",1,"Worker",5,1,1,0,1,"Skåne","Götaland",3,4,5,5,1,1,1,1,1,10,3,3,3,3,3,4,1,4,2,2,4,4,4,1,4,2,2,2,3,3,1,7,7,7,10,0,5,4,5,1,10,5,10,0,5,4,5,2,9,4,3,8,10,0,7,9,2,7,3,1,"S","S",0,"Left",0,0,1,1,2,0.7712
"0000002121",69,0,2,"No degree","Single",0,"Worker",2,,1,1,2,"Västra Götaland","Götaland",3,4,,4,,,,3,,6,2,2,2,,2,2,2,3,4,2,3,3,3,4,5,3,2,5,4,4,0,4,0,5,10,5,8,6,9,0,7,4,10,4,6,8,9,4,,8,0,,,,,,,,0,1,"S","S",0,"Left",0,0,1,0,2,0.7541
"0000001651",60,0,3,"No degree","Single",1,"Worker",4,2,1,0,3,"Stockholm","Svealand",3,4,5,5,2,2,2,2,2,7,4,4,4,4,4,3,3,3,4,4,4,3,3,5,5,3,4,4,4,3,0,7,5,7,10,0,2,7,5,5,7,5,10,0,2,7,5,5,5,5,8,1,1,10,5,1,7,5,9,1,"S","S",0,"Left",0,0,1,1,3,1.1008
"0000001248",26,0,4,"No degree","Single",1,"Worker",1,1,1,1,4,"Stockholm","Svealand",4,4,4,3,5,3,3,3,4,4,2,2,1,3,2,3,3,3,4,2,4,3,3,4,4,2,3,3,3,3,1,4,4,7,7,0,0,10,4,0,7,2,8,0,0,10,3,0,8,0,2,10,10,0,5,10,2,7,0,1,"V","V",0,"Left",0,0,0,1,3,1.6791
"0000000760",47,1,5,"No degree","Single",1,"White collar",2,1,1,0,3,"Stockholm","Svealand",2,3,5,5,1,3,3,3,4,10,3,3,4,3,2,2,2,4,4,1,4,4,3,5,4,2,3,4,3,2,1,2,5,4,9,0,3,5,9,3,6,4,10,0,0,5,10,3,6,4,0,10,8,0,4,8,0,6,2,1,"S","C",1,"Left",0,0,1,0,,1.1901
"0000002734",67,0,3,"No degree","Married",0,"White collar",1,1,1,0,2,"Jämtland","Norrland",3,4,5,5,4,1,1,1,1,10,4,4,4,4,2,3,3,4,4,1,4,4,4,5,5,2,2,5,5,4,0,7,7,7,10,0,0,10,7,0,7,0,10,0,0,10,9,0,8,0,1,10,10,0,4,10,4,8,0,1,"S","V",1,"Left",0,0,1,1,3,0.7541
"0000000407",73,0,7,"Bachelor","Married",0,"White collar",2,1,1,0,2,"Södermanland","Svealand",3,5,5,5,1,1,1,1,4,8,3,3,3,3,2,3,1,3,4,3,4,3,3,5,5,3,3,3,4,3,1,1,0,0,9,0,0,6,3,0,6,3,10,2,0,0,3,0,7,0,0,10,10,0,6,10,1,6,2,1,"S","V",1,"Left",0,0,1,1,2,0.5283
"0000001209",27,1,4,"No degree","Single",0,"Worker",2,2,1,1,4,"Dalarna","Svealand",3,4,5,3,3,3,2,3,4,5,2,2,2,3,1,3,3,2,3,2,2,2,3,3,3,2,2,3,3,3,1,1,5,7,6,0,5,8,7,0,6,5,6,2,6,5,6,0,5,5,2,10,10,0,3,10,4,7,2,1,"S","C",1,"Left",0,0,1,0,1,1.6674
"0000001891",81,0,3,"No degree","Widowed",1,"Self-employed",1,2,1,,2,"Skåne","Götaland",3,5,5,5,5,4,3,3,2,8,3,3,3,3,3,3,2,3,3,2,3,3,3,5,4,2,3,4,4,3,1,7,0,0,5,9,8,0,0,7,0,5,7,7,7,0,0,7,0,6,3,8,9,0,3,8,2,5,8,1,"SD","SD",0,"Right",1,1,0,0,2,0.7541
"0000001240",67,1,6,"No degree","Married",0,"Worker",3,2,1,0,4,"Uppsala","Svealand",2,4,5,4,4,3,1,4,1,10,4,3,3,3,3,3,1,,3,2,3,4,4,5,5,3,3,4,4,3,1,7,0,0,6,5,6,1,5,8,5,7,7,7,7,3,5,7,5,7,3,9,9,0,4,8,2,7,8,1,"KD","L",1,"Right",0,1,0,0,,0.6191
"0000000648",33,0,8,"Postgraduate","Single",0,"White collar",2,1,1,0,3,"Skåne","Götaland",3,4,4,4,1,3,2,5,2,7,3,3,4,4,2,3,1,3,3,3,3,3,3,5,3,3,3,3,3,2,0,1,7,0,3,5,7,2,6,2,7,8,5,2,5,3,2,0,5,5,5,5,9,0,5,9,3,7,7,1,"L","M",1,"Right",0,1,0,0,2,1.0805
"0000002229",18,0,3,"No degree","Single",0,,5,1,1,0,3,"Stockholm","Svealand",2,4,4,4,3,3,1,2,2,9,3,3,3,3,2,3,2,2,3,1,3,3,3,5,5,3,3,3,3,3,1,1,4,7,6,4,8,3,5,6,2,6,5,6,9,4,6,6,2,6,3,9,7,1,4,8,2,5,6,1,"M",,,"Right",0,1,0,1,2,2.2763
"0000001951",83,1,2,"No degree","Divorced",0,"Worker",1,2,0,,2,"Södermanland","Svealand",,,,,,,,,5,7,4,4,4,4,3,3,2,3,3,3,4,3,4,5,5,3,4,3,3,3,0,,,,9,0,5,9,6,4,7,5,10,0,0,6,8,1,8,6,4,5,10,0,5,7,5,7,3,1,"V","V",0,"Left",0,0,0,0,3,1.1014
"0000001905",75,0,4,"No degree","Married",0,"White collar",2,1,1,0,3,"Västra Götaland","Götaland",4,5,5,5,1,3,4,4,5,3,3,2,2,2,,2,2,1,2,1,4,2,3,4,5,3,2,3,3,3,0,7,7,0,1,10,3,0,0,1,0,1,1,10,5,0,0,5,0,1,4,6,10,0,9,8,3,5,7,1,"SD","SD",0,"Right",1,1,0,1,2,0.821
"0000002452",76,0,4,"No degree","Divorced",0,"Worker",2,1,1,0,2,"Värmland","Svealand",3,4,5,5,1,3,1,1,1,9,3,3,3,3,3,3,2,3,3,4,3,3,3,5,5,3,3,3,4,3,0,7,5,0,9,3,4,4,5,3,6,5,9,2,3,4,5,1,5,5,1,8,10,0,3,10,2,7,2,1,"S","S",0,"Left",0,0,1,0,2,0.821
"0000000404",59,1,8,"Postgraduate","Single",1,"White collar",2,2,1,0,4,"Västra Götaland","Götaland",4,5,5,1,2,3,1,1,1,10,3,3,4,3,2,4,2,4,4,2,3,4,4,4,5,3,3,3,4,3,,7,7,4,10,0,3,4,8,1,8,2,10,0,2,7,8,0,8,1,3,10,10,0,6,10,3,8,3,1,"S","S",0,"Left",0,0,1,1,3,0.7658
"0000000440",30,1,4,"No degree","Single",0,"White collar",4,2,1,0,3,"Västra Götaland","Götaland",2,4,5,5,4,3,2,4,4,7,2,3,3,3,1,2,2,3,3,1,3,2,2,4,5,2,3,2,3,3,0,1,1,7,8,0,0,6,1,0,8,1,9,0,0,8,1,0,7,1,4,10,9,1,5,10,3,6,5,1,"S","S",0,"Left",0,0,1,0,,1.5316
"0000002366",82,0,3,"No degree","Married",,"Worker",2,1,1,0,2,"Västmanland","Svealand",2,3,5,5,4,3,2,4,4,9,3,2,3,2,2,3,2,2,2,1,4,4,3,5,5,3,3,4,3,3,0,7,3,2,7,8,7,2,3,5,2,5,8,8,6,2,3,5,0,5,2,7,8,1,5,6,3,6,7,1,"SD","SD",0,"Right",1,1,0,0,2,0.821
"0000000184",59,0,8,"Postgraduate","Married",1,"White collar",5,1,1,0,2,"Gävleborg","Norrland",3,5,5,,,,1,1,1,9,4,,,,,,,3,3,2,4,4,4,5,5,3,3,4,,,0,7,,,5,4,10,0,6,6,0,3,6,2,7,0,6,7,0,0,4,10,9,0,3,10,0,5,7,1,"M","C",1,"Right",0,1,0,0,,0.7712
"0000001591",52,0,3,"No degree","Married",1,"Worker",4,1,1,0,1,"Västra Götaland","Götaland",3,4,5,3,3,3,1,1,4,6,2,2,2,2,2,2,2,1,3,2,4,4,3,4,5,,2,3,3,3,1,7,7,,5,10,8,2,0,8,0,4,5,10,9,3,0,9,0,4,4,8,9,0,5,8,3,5,8,1,"SD","SD",0,"Right",1,1,0,0,3,1.1008
"0000002254",71,1,2,"No degree","Divorced",1,,1,4,1,0,2,"Halland","Götaland",,3,3,3,3,3,3,,5,5,,4,,4,,4,3,3,,3,,3,3,3,5,2,4,3,3,3,0,,,,10,10,,,,,,,,,10,,,,,,3,4,,,,,,,5,,,,,,,,,0,,1.0396
"0000002016",80,1,9,"Postgraduate","Widowed",1,"White collar",2,4,1,0,2,"Halland","Götaland",3,3,5,5,3,1,3,3,3,10,3,3,3,3,2,3,1,3,3,2,3,3,3,5,4,2,2,3,3,3,0,7,0,0,9,0,4,6,7,5,10,7,10,0,5,7,8,4,8,7,3,7,10,0,5,8,4,6,5,1,"MP","MP",0,"Left",0,0,0,0,1,0.5372
"0000000183",57,0,8,"Postgraduate","Single",1,"White collar",5,1,1,0,3,"Stockholm","Svealand",3,4,5,5,1,1,1,1,2,8,3,3,3,4,2,3,1,3,3,1,3,3,3,5,4,2,2,3,4,3,1,4,4,0,8,7,2,6,1,6,5,5,9,9,0,6,1,9,0,5,3,6,10,0,4,6,1,8,4,1,"S","SD",1,"Left",0,0,1,0,1,0.7712
"0000001185",38,1,4,"No degree","Single",0,"Worker",4,1,1,0,1,"Västra Götaland","Götaland",3,4,5,5,3,5,3,4,2,5,2,2,,3,1,1,1,1,1,1,3,3,3,4,3,3,3,2,2,3,1,2,3,0,2,9,9,0,2,9,0,4,1,7,7,0,1,7,0,4,3,10,8,0,4,8,0,6,9,1,"SD","M",1,"Right",1,1,0,1,2,1.6674
"0000000877",71,0,3,"No degree","Married",1,"Self-employed",1,6,1,0,1,"Jönköping","Götaland",3,5,5,5,1,5,2,1,3,5,3,1,3,3,2,2,1,1,2,3,3,3,3,5,5,2,3,4,4,2,0,7,7,0,,,,,,,,,3,7,8,1,4,8,1,6,1,9,8,0,2,7,0,6,8,1,"KD","KD",0,"Right",0,1,0,0,2,0.7541
"0000002453",74,1,4,"No degree","Divorced",0,"White collar",4,1,1,0,2,"Östergötland","Götaland",3,4,5,5,5,2,2,2,4,8,4,3,4,4,2,3,2,2,3,3,4,3,3,4,4,2,2,3,4,3,1,7,7,7,5,7,9,6,6,,,10,7,8,8,8,5,,3,9,1,10,9,0,4,9,2,7,7,1,"L","L",0,"Right",0,1,0,1,2,0.8153
"0000001628",57,1,3,"No degree","Married",0,"Worker",4,2,1,0,1,"Jönköping","Götaland",3,5,5,4,4,3,4,4,3,7,2,1,2,4,2,2,2,1,1,1,3,3,2,3,5,3,3,3,3,2,1,1,7,7,2,9,9,3,5,9,0,8,5,9,9,5,5,9,0,8,2,6,6,0,4,6,0,5,5,1,"SD","KD",1,"Right",1,1,0,0,2,1.5176
"0000000864",41,0,8,"Postgraduate","Married",1,"White collar",5,3,0,,3,"Stockholm","Svealand",4,5,4,5,1,3,4,4,4,7,3,3,4,4,2,2,1,1,1,1,4,1,3,5,3,2,3,3,3,1,1,7,6,1,2,5,5,2,0,10,2,5,0,3,2,2,0,10,2,6,6,5,8,0,6,9,0,7,9,,"KD","KD",0,"Right",0,1,0,1,3,0.7712
"0000002081",77,0,9,"Postgraduate","Married",0,"White collar",4,1,1,0,3,"Stockholm","Svealand",3,4,5,5,1,1,1,1,1,9,4,3,3,3,3,2,2,2,3,3,4,4,4,5,5,3,4,4,3,3,0,7,4,7,8,8,9,5,5,7,6,9,7,8,9,5,5,8,4,9,4,7,9,0,5,8,3,6,8,1,"M","M",0,"Right",0,1,0,0,1,0.5409
"0000000944",36,1,8,"Postgraduate","Single",1,"White collar",2,1,1,0,3,"Stockholm","Svealand",4,4,5,2,1,1,1,2,4,8,3,3,3,3,2,4,2,3,3,1,3,3,3,5,3,1,3,3,3,4,1,0,7,7,5,0,0,7,2,0,6,0,7,0,0,6,6,0,5,0,5,10,8,4,7,9,5,6,2,1,"V","V",0,"Left",0,0,0,0,2,1.073
"0000001246",43,1,3,"No degree","Married",1,"Self-employed",1,3,0,,2,"Stockholm","Svealand",2,3,2,3,3,3,2,3,3,5,3,3,2,2,3,2,2,2,2,3,3,3,4,2,3,2,2,4,4,3,,4,6,5,10,3,4,9,4,5,4,3,6,7,6,6,5,7,6,5,9,0,6,7,6,2,5,7,6,1,"S","S",0,"Left",0,0,1,0,1,1.0931
"0000000288",60,1,8,"Postgraduate","Married",1,"White collar",5,1,1,0,4,"Stockholm","Svealand",3,4,5,,1,3,1,,,,,,,,,,1,,4,2,2,2,3,5,4,2,2,4,4,3,1,0,0,0,4,0,6,4,8,4,1,6,8,0,1,5,8,1,5,5,5,10,7,3,5,7,3,5,5,1,"C","L",1,"Left",0,0,0,0,,0.7658
"0000001406",76,1,7,"Bachelor","Married",,"White collar",3,1,1,0,3,"Stockholm","Svealand",3,4,5,5,1,1,1,1,1,8,4,4,4,4,3,4,2,4,3,2,4,4,3,4,4,2,4,2,5,3,0,7,0,0,10,0,0,10,6,0,10,1,10,0,0,8,6,0,10,4,3,10,10,0,6,10,2,8,0,1,"MP","V",1,"Left",0,0,0,1,2,0.5247
"0000000780",32,0,8,"Postgraduate","Married",0,"White collar",4,1,1,0,2,"Skåne","Götaland",3,4,4,4,2,3,1,1,4,8,4,3,3,3,3,3,3,3,4,2,,4,4,5,4,4,4,4,4,2,1,0,0,7,8,8,8,8,8,8,8,8,8,8,7,6,5,7,6,6,6,7,8,2,5,9,4,8,7,1,,,,,,,,1,2,1.0805
"0000000138",41,0,8,"Postgraduate","Married",1,"White collar",5,1,1,0,3,"Stockholm","Svealand",4,4,5,5,2,1,1,2,4,7,3,3,2,4,3,2,2,2,3,2,4,4,3,4,5,3,2,2,3,3,1,2,7,7,8,10,10,5,0,10,0,7,8,10,10,9,0,10,0,8,5,6,7,2,0,10,0,6,7,1,"M","M",0,"Right",0,1,0,0,2,0.7712
"0000002705",70,1,6,"No degree","Married",0,"White collar",2,2,1,0,2,"Örebro","Svealand",4,4,5,4,3,3,2,4,,6,3,3,3,3,2,3,1,3,3,2,3,3,3,4,4,3,2,4,3,3,1,7,4,7,,0,0,10,5,2,8,,9,0,0,8,5,1,8,2,3,10,10,0,5,9,3,7,1,1,"V","V",0,"Left",0,0,0,1,2,0.5247
"0000001120",38,0,6,"No degree","Married",1,"Worker",3,,1,0,2,"Östergötland","Götaland",4,5,5,4,1,3,1,2,2,8,3,3,4,4,3,3,2,4,4,3,4,4,4,5,5,2,1,4,5,5,1,0,4,5,9,0,1,9,3,0,8,3,9,0,0,9,2,0,8,3,3,7,9,1,6,9,4,7,2,1,"V","S",1,"Left",0,0,0,1,2,1.275
"0000000027",56,1,6,"No degree","Married",1,"White collar",5,1,1,0,4,"Jönköping","Götaland",3,5,5,5,4,2,4,3,3,7,3,3,3,3,3,2,2,2,3,2,3,3,3,5,4,3,4,4,3,5,0,5,6,4,6,5,10,2,4,9,0,7,9,7,10,3,3,10,0,7,4,7,9,0,4,9,1,7,8,1,"M","M",0,"Right",0,1,0,1,2,1.1901
"0000000510",32,1,8,"Postgraduate","Single",0,"White collar",5,1,1,1,3,"Västra Götaland","Götaland",2,4,5,3,4,4,3,4,4,7,3,3,4,3,2,3,2,3,3,1,3,3,3,5,2,3,4,1,3,3,1,1,1,7,4,0,9,0,5,6,5,8,8,0,9,2,8,6,5,8,4,10,8,0,5,7,5,9,7,1,"M","M",0,"Right",0,1,0,0,,1.073
"0000002533",73,1,4,"No degree","Married",0,"White collar",2,1,1,0,2,"Jönköping","Götaland",3,4,5,3,1,1,1,1,2,9,3,3,3,3,3,3,2,3,3,3,4,4,3,5,4,3,3,3,3,3,0,7,7,7,8,0,1,7,5,1,8,2,9,1,3,6,7,3,9,5,3,9,8,1,5,7,2,6,2,1,"MP","MP",0,"Left",0,0,0,0,2,0.8153
"0000000037",37,1,6,"No degree","Married",0,"White collar",5,1,1,0,1,"Skåne","Götaland",2,3,5,3,3,2,2,,,8,3,3,3,4,2,3,2,3,3,2,2,3,3,5,5,2,4,1,3,4,1,1,5,7,7,0,8,5,10,6,7,5,9,0,7,9,10,9,7,6,2,10,10,0,5,9,2,7,7,1,"C","C",0,"Left",0,0,0,1,2,1.2661
"0000002414",66,1,4,"No degree","Single",1,"Worker",2,2,1,0,2,"Norrbotten","Norrland",3,4,4,4,4,3,3,3,4,7,3,3,3,3,3,3,1,3,3,3,4,3,3,5,4,2,3,3,4,3,0,7,0,0,8,5,5,5,7,5,4,5,9,5,5,5,7,5,4,5,4,10,9,1,4,8,5,7,,1,"S","S",0,"Left",0,0,1,1,,0.7489
"0000000441",24,1,7,"Bachelor","Single",1,"Worker",2,1,0,1,3,"Stockholm","Svealand",2,4,4,5,5,5,2,2,4,9,3,3,3,2,2,2,2,2,3,2,,2,2,4,5,,2,3,3,5,1,1,,,7,8,7,7,5,5,6,1,2,8,8,8,3,7,2,5,,10,10,0,5,9,7,5,8,1,,,,,,,,0,1,1.1407
"0000002623",70,1,4,"No degree","Married",0,"White collar",2,2,1,0,2,"Västra Götaland","Götaland",4,5,5,5,4,2,1,1,2,8,4,4,4,3,3,3,2,3,3,2,2,3,3,5,4,2,2,2,3,3,1,7,7,2,7,0,1,10,7,1,8,3,,,,,,,,,3,10,9,0,5,9,2,8,0,1,"V","V",0,"Left",0,0,0,1,3,0.7489
"0000001403",68,0,5,"No degree","Single",0,"White collar",2,1,1,0,1,"Västra Götaland","Götaland",3,4,5,5,1,1,1,1,2,6,2,2,3,2,1,3,1,3,3,1,3,3,3,3,4,2,2,3,3,2,,4,3,0,8,0,1,9,5,1,7,3,10,0,0,10,4,0,8,3,2,10,9,1,6,10,4,8,1,1,"V","S",1,"Left",0,0,0,1,2,0.821
"0000001303",73,1,5,"No degree","Single",0,"Worker",1,1,1,0,2,"Östergötland","Götaland",4,5,5,4,2,3,1,3,5,7,3,2,3,3,3,2,1,4,3,5,4,3,3,4,5,2,2,3,3,3,0,7,7,0,10,1,3,8,6,0,9,5,10,5,3,6,9,1,10,5,3,10,9,0,5,10,1,7,3,1,"S","S",0,"Left",0,0,1,1,3,0.6191
"0000000570",42,1,8,"Postgraduate","Single",1,"White collar",4,1,1,0,2,"Västra Götaland","Götaland",3,5,5,5,1,1,1,2,1,9,4,3,4,4,3,4,2,3,4,2,4,4,3,5,5,2,3,2,4,3,1,7,7,7,9,0,1,9,4,1,10,1,10,0,0,9,9,0,10,1,4,9,10,0,5,10,2,8,2,1,"MP","MP",0,"Left",0,0,0,1,3,0.7658
"0000001016",56,1,3,"No degree","Married",0,"Self-employed",5,2,1,0,4,"Stockholm","Svealand",2,4,5,4,4,1,1,1,1,8,2,2,3,3,1,3,2,3,3,1,3,3,3,5,2,3,4,2,3,3,1,0,0,0,6,0,8,1,5,3,6,5,8,0,7,1,8,2,2,1,4,8,10,0,5,4,3,,8,1,"M","M",0,"Right",0,1,0,0,1,1.0931
"0000001913",81,1,3,"No degree","Divorced",0,"White collar",1,2,1,0,2,"Västra Götaland","Götaland",2,5,5,3,3,3,3,3,3,9,2,2,2,3,1,3,1,2,2,1,2,3,3,3,3,2,1,3,4,3,1,2,0,0,8,7,6,5,6,6,5,5,9,7,7,5,6,5,6,5,3,10,9,1,4,9,4,6,5,1,"S","C",1,"Left",0,0,1,0,1,0.7489
"0000001633",39,0,6,"No degree","Married",1,"Worker",5,1,1,0,1,"Södermanland","Svealand",2,3,5,5,2,5,1,4,1,8,2,1,2,4,2,2,1,1,1,1,,4,3,5,4,2,3,1,3,4,1,0,2,0,1,,9,1,1,8,0,3,1,10,8,2,0,9,0,2,2,9,7,0,3,8,3,5,7,1,"M","M",0,"Right",0,1,0,0,,2.1412
"0000002771",68,1,7,"Bachelor","Married",0,"White collar",5,1,1,0,1,"Stockholm","Svealand",3,5,5,3,4,1,1,2,1,8,3,3,4,4,2,4,2,2,1,2,3,3,3,5,4,3,2,4,3,3,0,5,7,0,2,0,9,2,4,1,2,2,1,0,9,3,3,0,1,2,8,10,8,1,4,10,1,4,5,1,"M","M",0,"Right",0,1,0,0,2,0.5247
"0000000374",61,0,8,"Postgraduate","Married",1,"White collar",5,3,1,0,1,"Stockholm","Svealand",4,5,5,4,1,1,1,2,2,8,3,3,3,3,3,3,2,3,4,4,4,3,4,4,5,2,2,4,3,3,0,7,7,7,9,0,3,5,8,0,9,3,,,,,,,,,3,10,10,1,7,10,3,7,4,1,"MP","MP",0,"Left",0,0,0,0,,0.7712
"0000002312",81,1,3,"No degree","Widowed",0,"White collar",1,6,1,0,2,"Östergötland","Götaland",3,5,5,4,5,3,3,3,3,10,4,3,4,4,3,3,1,3,2,3,,3,3,3,3,3,1,4,3,2,,7,0,0,8,0,8,1,8,6,6,10,9,1,7,5,9,4,5,10,5,9,8,0,5,1,3,8,5,1,,"L",,,,,,1,2,0.7489
"0000002738",82,1,,,"Widowed",0,"Worker",,2,1,0,2,"Skåne","Götaland",2,4,5,,3,4,,,,8,3,3,3,3,2,2,2,3,3,2,,,3,5,5,,2,4,4,3,1,7,,7,,0,,,,,,,10,0,,,,0,,,,,,,,,,,,1,"S","MP",1,"Left",0,0,1,1,2,0.7489
"0000000336",39,1,7,"Bachelor","Married",1,"Worker",5,1,1,0,2,"Norrbotten","Norrland",2,4,5,4,1,1,1,2,1,10,4,4,4,4,3,4,1,4,3,2,3,3,4,5,5,1,3,1,3,3,1,0,0,3,8,4,8,5,9,8,8,7,9,6,7,7,9,8,6,5,4,10,8,0,7,8,1,7,7,1,"C","C",0,"Left",0,0,0,0,,1.073
"0000002163",79,0,2,"No degree","Married",0,"White collar",2,1,1,,2,"Norrbotten","Norrland",3,5,5,5,5,5,1,1,3,9,3,3,4,,,,,4,3,2,4,3,3,,4,3,3,4,,,1,7,,,10,0,2,7,8,7,8,2,10,5,6,7,8,7,8,7,4,7,9,1,7,7,6,7,5,1,"S","S",0,"Left",0,0,1,1,3,0.821
"0000002512",21,1,8,"Postgraduate","Single",0,,2,1,0,1,2,"Dalarna","Svealand",2,5,5,5,1,5,1,1,4,7,2,1,3,4,1,2,2,4,4,2,,4,2,4,5,1,4,2,3,3,1,,5,5,8,0,0,9,10,0,7,5,10,0,0,6,10,0,8,0,4,10,9,0,4,10,3,9,0,1,,,,,,,,0,1,1.7726
"0000001050",61,0,3,"No degree","Married",1,"White collar",3,2,1,0,1,"Västra Götaland","Götaland",3,5,5,5,1,3,1,1,4,3,3,2,3,3,2,3,2,2,3,2,3,3,3,4,3,3,3,3,3,3,0,1,3,7,1,8,9,0,7,8,0,8,1,8,8,6,0,8,0,7,2,8,8,0,5,8,1,7,7,1,"M","M",0,"Right",0,1,0,0,,1.5282
"0000001127",65,0,3,"No degree","Married",1,"White collar",2,2,1,0,1,"Skåne","Götaland",2,3,3,3,3,3,5,4,5,5,3,2,2,3,2,2,2,2,2,3,2,2,2,3,3,2,2,3,3,3,1,5,3,2,2,2,5,5,5,3,3,8,1,2,6,2,5,4,0,10,1,5,5,3,5,3,4,6,5,1,"L","M",1,"Right",0,1,0,0,1,1.0469
"0000000068",67,0,6,"No degree","Married",0,"Self-employed",5,3,1,0,4,"Stockholm","Svealand",4,5,5,5,2,1,1,1,1,10,4,3,3,3,3,3,2,,2,1,3,3,4,5,5,2,2,4,2,3,1,5,7,0,6,2,9,0,8,8,2,5,8,1,8,6,9,7,1,5,4,10,8,2,7,8,2,8,8,1,"M","C",1,"Right",0,1,0,,3,0.6234
"0000001106",43,0,4,"No degree","Married",1,"Worker",4,1,1,0,1,"Skåne","Götaland",4,4,5,5,1,3,1,1,2,8,3,3,2,3,3,2,2,2,3,1,4,3,3,5,5,3,2,4,3,2,1,7,7,7,6,10,8,0,2,8,0,9,9,9,8,6,2,4,0,9,5,9,7,1,6,8,1,6,7,1,"SD","SD",0,"Right",1,1,0,1,2,1.1984
"0000002539",73,1,3,"No degree","Single",,"White collar",2,1,1,1,2,"Södermanland","Svealand",3,4,3,5,2,5,3,3,3,6,2,2,3,3,1,3,2,2,3,1,,2,2,3,3,2,2,3,3,3,0,7,7,7,,,,,,,,,0,0,0,0,0,0,0,0,,,,,,,,,,1,,,,,,,,0,,0.7489
"0000002740",77,1,4,"No degree","Divorced",0,"White collar",1,1,1,0,2,"Västmanland","Svealand",3,4,5,5,3,1,1,1,4,,3,3,3,2,3,3,2,3,3,2,3,3,3,4,5,3,4,3,3,3,0,7,0,0,9,8,7,7,5,8,9,7,8,7,2,5,8,7,7,8,0,2,7,0,5,5,5,7,5,1,"S","S",0,"Left",0,0,1,0,1,0.6191
"0000001514",27,0,5,"No degree","Single",1,"Worker",2,2,1,0,4,"Västra Götaland","Götaland",3,4,5,4,3,3,1,2,2,9,3,3,3,3,,4,2,3,4,2,3,3,3,5,4,3,3,2,3,3,1,4,3,3,9,0,7,4,6,2,7,5,9,2,5,5,5,2,6,5,6,10,9,2,5,9,4,6,6,1,"S","S",0,"Left",0,0,1,1,2,1.6791
"0000000090",58,1,3,"No degree","Married",1,"White collar",5,3,1,0,1,"Uppsala","Svealand",2,3,5,3,3,3,3,1,4,6,3,3,3,1,2,3,1,2,3,1,,3,3,5,3,2,2,3,3,3,0,0,0,0,5,5,7,3,4,7,0,,5,5,5,5,5,5,5,5,3,10,9,0,4,9,4,7,6,1,,,,,,,,0,2,1.1901
"0000000618",33,0,8,"Postgraduate","Single",0,"White collar",5,2,1,0,1,"Kalmar","Götaland",2,4,5,5,2,3,3,3,3,6,2,2,3,3,2,2,2,1,2,1,3,3,3,4,2,2,3,1,2,3,1,3,7,7,5,4,9,0,3,8,1,6,6,7,9,0,2,10,0,5,4,9,7,0,4,8,2,6,7,1,"M","C",1,"Right",0,1,0,0,,1.275
"0000002660",62,0,6,"No degree","Married",1,"Self-employed",2,1,1,0,2,"Gävleborg","Norrland",2,4,5,5,5,4,4,4,4,7,3,3,4,4,2,2,2,1,3,1,4,4,3,5,,3,4,4,4,1,1,4,0,7,,,,,,,,,,,,,,,,,2,10,10,0,3,4,2,6,8,1,"M",,,"Right",0,1,0,1,3,1.1008
"0000002098",50,1,2,"No degree","Divorced",0,,1,2,0,,2,"Östergötland","Götaland",2,4,5,4,5,4,1,1,,8,3,3,2,3,2,3,1,3,3,1,3,3,3,5,5,3,3,5,4,3,0,6,7,0,9,7,8,7,7,8,8,7,9,7,9,7,8,7,8,7,5,3,5,5,5,4,5,5,5,1,"S","S",0,"Left",0,0,1,0,1,1.6078
"0000000284",35,1,8,"Postgraduate","Single",0,"Worker",1,1,1,0,2,"Norrbotten","Norrland",2,4,5,1,3,1,3,3,5,7,2,1,2,3,2,2,2,1,1,2,3,4,2,4,3,2,3,1,2,3,1,2,0,7,1,10,,0,0,7,0,0,1,10,10,0,0,9,0,0,3,10,8,0,0,8,0,4,10,1,"SD","M",1,"Right",1,1,0,1,2,1.073
"0000000009",47,0,5,"No degree","Married",1,"White collar",5,1,1,0,4,"Stockholm","Svealand",3,4,5,5,2,2,2,4,2,9,3,3,3,4,2,3,2,3,3,2,2,2,3,5,4,3,2,3,3,3,1,3,7,7,6,3,8,4,7,5,6,7,7,5,6,4,4,4,5,6,5,5,8,2,6,9,4,7,,1,"M","M",0,"Right",0,1,0,0,1,1.1008
"0000001425",62,1,3,"No degree","Divorced",1,"Worker",4,1,1,0,2,"Västra Götaland","Götaland",2,4,5,5,3,2,1,1,1,7,2,2,3,3,2,2,1,3,3,2,3,3,3,4,4,2,3,3,4,2,1,2,0,7,8,0,6,4,7,2,4,3,8,0,3,1,4,3,4,5,3,8,8,1,5,7,4,6,4,1,"S","S",0,"Left",0,0,1,1,1,1.0931
"0000001077",63,1,3,"No degree","Single",1,"White collar",2,1,1,0,1,"Kronoberg","Götaland",2,3,5,2,1,1,1,2,2,4,2,2,2,2,1,1,1,2,3,1,3,2,3,5,4,2,4,2,2,3,1,0,0,0,6,0,3,4,5,4,6,3,7,0,1,1,6,1,5,2,3,10,9,0,7,8,7,7,2,1,"S","MP",1,"Left",0,0,1,0,,1.1901
"0000000776",47,0,6,"No degree","Single",0,"White collar",2,1,1,0,2,"Skåne","Götaland",3,4,5,5,1,3,2,4,3,8,3,3,4,3,2,3,2,2,3,2,3,4,3,5,4,2,3,4,4,5,,7,5,2,0,8,9,2,0,8,0,,2,9,9,7,1,8,0,8,0,5,9,0,2,10,1,6,8,1,"M","KD",1,"Right",0,1,0,0,1,0.91
"0000002546",68,1,7,"Bachelor","Divorced",1,"White collar",2,1,1,0,4,"Skåne","Götaland",4,4,5,5,1,3,1,1,4,9,3,3,3,3,3,3,2,3,3,1,4,3,3,2,5,1,1,2,4,4,1,5,3,7,10,0,0,10,5,0,8,0,10,0,1,10,6,0,9,0,1,10,10,0,5,10,4,10,0,1,"S","S",0,"Left",0,0,1,1,2,1.0396
"0000002289",77,0,4,"No degree","Married",0,"White collar",1,1,1,0,3,"Västra Götaland","Götaland",,,,,,,1,2,1,7,2,2,1,,2,2,2,2,3,3,3,3,2,5,5,1,3,4,4,4,0,,,,2,9,10,0,6,8,0,7,2,9,9,0,6,9,0,7,0,9,10,0,6,9,0,7,8,1,"M","M",0,"Right",0,1,0,0,2,1.1092
"0000000112",48,1,7,"Bachelor","Married",0,"Worker",5,1,1,0,2,"Östergötland","Götaland",3,4,4,4,4,4,3,3,4,7,3,2,3,3,2,3,2,2,3,1,2,2,3,5,4,3,4,2,2,4,1,6,4,6,6,1,7,3,,5,3,3,7,0,5,3,6,4,5,4,5,9,8,2,4,,3,6,6,1,"M","M",0,"Right",0,1,0,0,1,0.7658
"0000002022",86,1,2,"No degree","Widowed",0,"Worker",1,2,1,0,2,"Södermanland","Svealand",2,1,5,4,4,5,,4,,7,2,2,2,3,2,3,1,3,2,2,,,2,4,3,2,3,,,3,0,6,0,0,,,,,,,,,8,,,,8,,,,,0,,,7,,,,,0,,,,,,,,0,1,1.1014
"0000000803",35,1,7,"Bachelor","Single",1,"Worker",2,1,1,1,3,"Västra Götaland","Götaland",4,4,5,5,2,4,2,3,4,7,3,3,2,2,2,2,1,3,4,4,3,3,3,5,5,1,2,4,4,4,1,6,3,7,9,0,1,9,5,2,7,1,,,,,,,,,1,10,10,0,5,10,5,8,1,1,"S","S",0,"Left",0,0,1,0,2,1.073
"0000000372",29,0,8,"Postgraduate","Married",1,"White collar",4,1,1,0,4,"Västra Götaland","Götaland",3,5,4,5,2,1,1,4,3,10,3,3,4,4,3,4,3,3,4,2,3,2,4,5,4,3,3,3,3,3,1,6,0,7,9,0,0,9,8,0,9,0,9,0,0,9,10,0,8,0,4,10,9,1,6,9,4,8,4,1,"S","V",1,"Left",0,0,1,0,,1.0805
"0000000632",53,1,8,"Postgraduate","Married",1,"White collar",5,1,1,0,2,"Skåne","Götaland",2,3,4,4,3,3,3,3,3,7,2,2,2,3,2,3,1,2,3,,3,,3,4,3,,2,4,4,3,1,1,0,0,,,,,,,,,,,,,,,,,,,,,,,,,,1,"M","M",0,"Right",0,1,0,0,,0.7658
"0000000885",45,0,7,"Bachelor","Married",1,,4,1,1,0,4,"Västra Götaland","Götaland",3,4,5,5,4,2,1,1,1,8,3,3,3,3,3,3,2,3,4,1,4,4,4,5,4,3,3,4,4,4,1,3,6,0,3,0,10,3,7,6,0,6,,0,,,,0,,,2,10,10,0,5,5,0,6,8,1,"M","M",0,"Right",0,1,0,0,,0.91
"0000002332",71,1,3,"No degree","Married",0,"Self-employed",2,1,1,0,1,"Stockholm","Svealand",4,5,5,4,4,5,1,1,1,10,4,3,3,3,3,2,1,1,2,3,4,3,3,5,5,4,4,3,4,3,1,7,7,0,1,9,10,0,0,9,1,3,1,10,10,1,0,9,0,5,2,8,10,0,2,8,1,5,10,1,"M","M",0,"Right",0,1,0,1,2,0.7489
"0000002372",79,1,2,"No degree","Widowed",0,"Worker",1,4,1,0,1,"Västra Götaland","Götaland",2,4,5,3,4,4,4,4,3,9,3,3,3,3,3,2,2,3,3,3,3,,3,4,3,3,3,3,4,3,1,1,0,0,9,2,7,7,8,7,8,7,10,2,7,7,8,7,8,7,8,,,,,,,4,,1,"S","S",0,"Left",0,0,1,,,1.1014
"0000001882",73,1,5,"No degree","Divorced",0,"Self-employed",1,4,1,0,1,"Värmland","Svealand",2,5,5,3,2,3,2,2,5,9,3,2,3,2,3,3,2,3,4,3,,3,4,5,4,3,3,3,3,3,0,0,0,5,6,1,5,3,7,8,10,5,6,1,5,7,3,6,9,5,4,3,9,1,5,10,2,7,5,0,,,,,,,,0,,1
"0000002708",77,0,3,"No degree","Married",0,"Worker",2,1,1,,2,"Västra Götaland","Götaland",3,4,4,4,4,4,4,4,2,7,3,3,3,3,3,3,2,2,3,4,,3,3,5,4,3,3,4,4,3,0,7,0,0,6,10,8,5,5,9,5,5,6,10,8,5,5,9,5,5,1,9,10,0,5,9,1,8,9,1,,"KD",,,,,,1,2,0.7541
"0000002554",78,1,6,"No degree","Divorced",1,"White collar",2,1,1,,4,"Skåne","Götaland",4,4,5,4,3,3,1,3,3,8,4,4,4,4,2,,2,3,3,3,4,3,4,5,5,2,3,3,4,3,1,7,,,9,0,1,9,7,6,9,6,9,0,,6,6,3,9,,1,10,10,0,2,8,0,5,1,1,"V","V",0,"Left",0,0,0,,2,0.5247
"0000000629",27,0,5,"No degree","Single",0,"White collar",2,1,1,0,3,"Stockholm","Svealand",2,4,5,5,2,4,1,3,2,9,4,2,3,4,2,3,1,2,3,1,4,3,4,5,5,3,3,2,3,2,1,1,6,6,5,5,7,4,5,5,4,5,7,5,10,5,5,4,5,4,4,9,7,0,5,7,4,6,6,1,"M","M",0,"Right",0,1,0,0,1,1.275
"0000002356",82,1,4,"No degree","Widowed",1,"White collar",1,,1,0,3,"Skåne","Götaland",,,,,,,3,,,9,,,3,,,,,,3,3,,3,3,5,5,3,4,3,5,,,,,,10,,,,,,,,9,,,,,,,,0,,,,,,,,1,1,"S","S",0,"Left",0,0,1,1,3,0.7489
"0000001693",61,1,3,"No degree","Divorced",1,"Worker",2,1,0,1,1,"Örebro","Svealand",3,3,5,4,4,2,1,1,2,9,3,2,3,3,2,2,1,3,4,1,3,2,3,5,4,2,2,5,4,2,1,0,0,0,7,0,2,6,4,4,6,3,9,1,3,4,7,3,5,4,2,10,9,1,8,8,6,8,2,1,"S","MP",1,"Left",0,0,1,0,1,1.1901
"0000002307",76,1,3,"No degree","Divorced",1,"Worker",1,1,1,0,1,"Jönköping","Götaland",3,4,5,4,3,4,1,3,1,4,3,3,2,3,2,2,1,3,4,2,1,3,3,4,3,2,1,5,5,3,0,3,7,7,10,7,0,1,0,0,0,2,10,3,0,7,6,0,0,6,0,10,10,0,3,9,2,4,8,1,"SD","SD",0,"Right",1,1,0,1,2,1.1014
"0000000266",28,1,7,"Bachelor","Single",0,"Worker",4,1,1,0,4,"Stockholm","Svealand",3,4,5,5,2,3,2,4,2,7,4,3,2,4,2,3,2,4,2,5,3,4,3,5,5,1,4,2,3,4,1,0,2,5,10,0,8,6,10,1,8,2,10,0,9,5,10,1,5,5,1,10,7,2,3,9,0,10,2,1,"C",,,"Left",0,0,0,1,2,1.073
"0000000844",40,0,6,"No degree","Married",1,"White collar",3,1,1,0,3,"Stockholm","Svealand",1,2,4,4,5,4,1,2,4,6,3,3,2,3,3,3,2,2,3,2,3,3,3,5,3,3,4,4,3,4,1,1,0,7,6,9,9,0,6,10,6,4,7,9,8,6,7,9,5,3,0,8,10,0,6,10,5,10,8,1,"KD","SD",1,"Right",0,1,0,0,2,1.275
"0000000669",52,0,5,"No degree","Married",1,"White collar",4,1,1,0,3,"Stockholm","Svealand",,4,5,5,1,1,1,2,2,6,3,3,3,4,2,4,2,3,3,2,4,3,2,4,5,2,2,2,2,3,0,0,7,0,8,0,2,6,5,1,7,4,10,1,0,3,8,0,8,3,3,10,10,0,4,10,2,7,3,1,"S","S",0,"Left",0,0,1,1,,0.91
"0000001259",23,1,5,"No degree","Single",0,"Worker",3,1,1,0,2,"Kalmar","Götaland",2,,3,3,4,3,2,2,,5,3,3,2,2,,2,2,2,2,,,2,3,4,3,,3,3,3,3,1,1,3,4,7,8,8,1,4,7,1,5,5,5,5,5,5,5,5,5,2,7,8,2,2,7,2,6,6,1,,,,,,,,0,,1.7726
"0000001085",53,1,4,"No degree","Divorced",1,"White collar",2,3,1,0,1,"Västra Götaland","Götaland",4,5,5,5,5,3,1,1,4,7,3,3,4,4,3,3,3,2,2,2,4,4,3,4,4,3,3,3,4,3,1,7,0,7,7,8,10,2,2,10,2,5,7,8,10,3,3,10,1,5,3,9,10,1,4,9,3,6,10,1,"M","M",0,"Right",0,1,0,1,2,1.0931
"0000000080",43,0,8,"Postgraduate","Married",0,"White collar",5,3,1,,2,"Stockholm","Svealand",4,5,5,5,1,3,3,4,4,8,3,3,4,4,2,3,2,3,3,1,,3,4,5,3,3,3,2,3,3,1,7,7,7,6,2,6,2,6,6,0,6,5,0,5,5,5,5,0,5,4,5,6,2,4,6,4,6,,1,,,,,,,,0,,0.7712
"0000001978",86,1,,,"Widowed",1,"Worker",1,,1,,2,"Halland","Götaland",1,4,5,5,5,3,3,3,3,5,,2,2,2,2,2,2,3,3,3,,2,3,5,1,2,3,3,3,3,0,0,,,8,,,,,,,,8,,,,,,,,10,,,,,,,,10,,,,,,,,,1,,1.1014
"0000001485",76,0,8,"Postgraduate","Single",0,"White collar",4,1,1,0,2,"Västmanland","Svealand",3,4,5,,4,3,2,2,1,10,3,3,3,3,2,3,2,3,4,1,4,3,3,5,4,3,2,4,3,3,1,5,1,5,6,0,8,0,10,6,4,8,9,4,9,3,10,7,4,8,2,10,8,0,6,9,3,6,6,1,"C","C",0,"Left",0,0,0,0,2,0.5283
"0000001015",58,0,5,"No degree","Single",0,"White collar",5,1,1,0,2,"Västmanland","Svealand",2,5,5,3,2,1,3,3,3,10,3,3,3,3,3,3,2,2,3,2,4,4,3,5,3,3,2,2,3,3,1,1,0,0,5,5,8,1,3,3,0,7,6,6,8,2,2,4,2,5,4,8,9,0,2,8,1,8,8,1,"M","M",0,"Right",0,1,0,0,2,0.91
"0000002253",78,0,2,"No degree","Single",,"Worker",1,1,1,0,1,"Dalarna","Svealand",2,3,4,2,1,3,2,2,3,,2,2,2,2,2,3,1,2,2,2,,2,2,4,4,3,2,3,3,3,0,5,0,0,,,,,,,,,,,,,,,,,,,,,,,,,,,,,,,,,,0,,1.1092
"0000000947",29,1,5,"No degree","Single",1,"Worker",4,2,1,0,2,"Västra Götaland","Götaland",2,4,4,3,2,3,2,3,3,8,3,3,3,3,2,3,2,3,3,1,3,3,3,5,5,2,2,3,3,3,1,1,7,7,9,0,,6,10,3,7,5,10,3,10,10,10,4,8,5,3,10,7,2,5,8,3,6,5,1,"C","C",0,"Left",0,0,0,0,2,1.2661
"0000001386",57,1,5,"No degree","Married",1,"Worker",4,2,1,1,2,"Norrbotten","Norrland",3,4,5,5,5,5,,2,,7,3,,2,,2,2,2,4,4,1,4,4,4,5,5,3,3,3,4,3,1,2,,7,10,0,1,3,2,5,5,5,10,0,0,6,4,1,5,5,1,9,5,5,8,7,7,5,5,1,"S","S",0,"Left",0,0,1,1,2,1.1901
"0000001776",56,0,,,"Married",,,,,0,,,"Kronoberg","Götaland",3,3,3,3,2,2,3,2,2,6,2,,,,,,,3,3,,3,,,,,,,,,,,3,3,1,,,,,,,,,,,,,,,,,,,,,,,,,,1,"S",,,"Left",0,0,1,,,0.91
"0000002646",62,1,3,"No degree","Single",1,"White collar",1,1,1,0,2,"Stockholm","Svealand",3,4,4,4,3,3,3,4,4,5,3,2,4,4,2,3,1,3,3,1,3,2,2,5,5,1,4,3,3,1,0,4,4,0,9,5,0,9,0,0,4,0,8,5,0,8,5,0,5,1,0,10,10,0,5,10,5,10,,1,"V","V",0,"Left",0,0,0,0,2,1.0931
"0000001757",62,1,3,"No degree","Single",1,"Worker",2,1,1,0,1,"Värmland","Svealand",3,2,5,1,1,4,1,1,1,,3,3,3,4,2,4,2,3,3,1,3,4,3,5,4,2,2,2,3,3,1,0,3,0,8,0,7,7,8,6,6,7,9,3,7,7,9,7,5,5,3,9,7,1,6,6,4,6,4,1,"S","C",1,"Left",0,0,1,0,2,1.0931
"0000000160",30,1,8,"Postgraduate","Single",1,"Worker",2,1,1,0,1,"Östergötland","Götaland",3,4,5,4,3,2,2,3,2,8,3,3,3,4,2,3,1,3,3,2,4,3,3,4,5,2,2,3,4,3,1,3,3,7,10,0,3,5,9,0,6,3,10,0,2,6,9,0,5,6,0,8,10,0,0,10,0,10,0,1,"S","S",0,"Left",0,0,1,1,3,1.073
"0000000992",31,0,5,"No degree","Single",1,"White collar",5,2,1,1,3,"Stockholm","Svealand",4,4,5,4,3,2,2,4,3,7,3,3,3,4,2,3,2,3,,2,3,1,2,5,5,3,1,3,3,3,1,6,7,7,8,0,2,3,8,3,4,7,8,1,0,5,8,1,4,4,3,5,9,0,6,8,2,7,6,1,"S","C",1,"Left",0,0,1,0,1,1.275
"0000001375",52,1,5,"No degree","Divorced",1,"Worker",4,1,1,0,1,"Östergötland","Götaland",3,5,5,4,4,5,3,3,3,6,2,2,2,2,2,2,2,2,4,1,4,3,2,5,4,2,2,4,3,3,1,3,0,0,4,9,8,6,4,8,4,7,3,9,8,7,4,9,5,8,0,9,9,2,0,9,0,6,8,1,"SD","L",1,"Right",1,1,0,0,,0.9037
"0000002407",72,0,2,"No degree","Single",0,,1,1,1,0,1,"Södermanland","Svealand",3,4,5,5,1,5,1,1,1,7,3,3,3,3,2,3,2,3,3,1,4,4,3,5,4,2,3,3,3,3,0,7,2,7,7,0,0,8,6,2,7,4,9,0,0,8,6,1,7,5,3,10,10,0,5,7,4,6,,1,"V","V",0,"Left",0,0,0,0,,0.7541
"0000002561",61,1,7,"Bachelor","Married",0,"White collar",5,1,1,0,3,"Stockholm","Svealand",2,4,4,4,3,3,4,4,2,10,4,4,4,4,2,2,2,3,3,4,3,4,4,5,3,3,4,3,5,5,1,4,3,7,6,10,10,0,0,6,2,9,9,9,8,0,0,6,0,9,6,8,8,2,5,8,3,7,8,1,"SD","M",1,"Right",1,1,0,0,2,0.7658
"0000001141",50,1,3,"No degree","Married",1,"Worker",3,2,1,1,2,"Södermanland","Svealand",2,2,5,5,2,3,2,3,4,8,2,2,3,3,2,2,2,2,2,1,2,2,3,4,2,2,2,2,3,2,1,2,2,7,8,8,3,5,5,6,1,5,7,7,5,5,5,5,5,5,,,,,,,,,,1,"SD","S",1,"Right",1,1,0,0,2,1.0931
"0000001032",65,1,4,"No degree","Married",0,"White collar",3,1,1,0,1,"Västernorrland","Norrland",2,4,4,4,2,1,1,4,4,7,2,2,2,3,2,2,1,3,3,1,3,4,3,5,3,2,3,2,3,3,0,7,7,7,9,6,0,2,6,1,1,2,10,2,0,2,6,2,2,2,1,9,10,0,2,3,2,8,2,1,"S","S",0,"Left",0,0,1,0,2,0.7489
"0000001071",72,1,6,"No degree","Single",0,"White collar",2,1,1,0,3,"Stockholm","Svealand",4,5,5,4,3,1,1,2,1,8,3,3,3,3,3,3,1,3,1,4,3,4,3,5,5,3,2,3,4,3,0,7,4,7,5,0,2,0,9,0,6,8,9,0,2,2,9,2,5,2,5,10,9,0,7,9,2,7,5,1,"C","M",1,"Left",0,0,0,0,,0.6191
"0000000688",40,1,8,"Postgraduate","Single",1,"White collar",3,,0,1,3,"Stockholm","Svealand",4,4,5,5,4,1,,,4,8,3,1,2,3,2,3,3,2,2,1,4,3,2,4,5,1,1,2,3,3,,7,1,7,9,0,0,10,3,0,8,1,8,0,0,10,7,0,9,1,5,10,10,0,7,10,3,10,0,1,"V","V",0,"Left",0,0,0,1,,1.073
"0000000710",50,0,3,"No degree","Single",1,"Self-employed",3,1,1,1,4,"Stockholm","Svealand",4,5,4,5,4,3,1,4,4,8,3,3,3,3,3,4,3,2,2,2,3,3,3,5,2,3,2,3,2,1,1,7,7,7,3,9,7,2,2,7,1,6,6,10,6,3,1,7,1,4,5,5,7,0,5,7,1,5,6,1,"KD","C",1,"Right",0,1,0,0,2,1.5282
"0000002670",62,0,5,"No degree",,1,"White collar",2,1,1,0,1,,,3,4,5,5,4,1,4,4,4,8,3,3,4,3,2,3,2,2,1,1,4,4,4,5,5,3,2,3,2,3,0,7,7,0,0,10,8,0,0,9,0,0,0,10,8,0,0,9,0,0,0,10,10,0,0,10,0,5,10,1,"SD","SD",0,"Right",1,1,0,1,3,1
"0000000099",47,0,8,"Postgraduate","Married",1,"Self-employed",5,2,1,1,2,"Västra Götaland","Götaland",3,4,5,4,4,3,2,2,3,8,3,3,2,3,3,3,2,2,1,1,4,4,4,5,5,3,4,1,4,2,1,4,0,,6,7,9,1,4,8,0,6,8,9,9,0,2,9,3,8,6,10,9,0,4,8,0,7,8,1,"M","M",0,"Right",0,1,0,1,2,0.7712
"0000001511",61,0,3,"No degree","Single",1,"Worker",2,1,1,0,1,"Gotland","Götaland",2,3,2,4,4,2,4,3,4,9,1,2,3,3,1,3,2,2,3,3,,2,2,4,2,3,2,4,3,3,0,0,0,0,5,5,5,5,5,5,1,5,7,6,5,6,7,6,3,5,1,5,8,3,5,6,,9,5,0,,,,,,,,0,,1.1008
"0000000637",58,0,9,"Postgraduate","Single",0,"White collar",5,3,1,1,3,"Västra Götaland","Götaland",2,4,5,4,4,3,1,2,4,9,3,3,3,3,2,2,1,3,3,3,3,2,2,5,3,2,2,3,3,3,1,2,0,0,9,2,9,5,5,7,7,5,9,5,9,4,7,3,5,4,,,,,,,,,5,1,"S","M",1,"Left",0,0,1,0,,0.7896
"0000001236",57,1,2,"No degree","Married",0,"Worker",,1,0,,1,"Skåne","Götaland",4,5,5,,,,4,4,,0,1,1,1,,,,,1,2,2,,2,2,4,3,2,1,3,2,3,1,7,,,0,10,5,0,0,10,0,5,0,10,5,5,0,10,0,2,10,4,10,1,10,2,10,5,2,1,,,,,,,,1,2,1.0931
"0000000940",38,1,8,"Postgraduate","Single",1,"White collar",4,1,1,0,2,"Stockholm","Svealand",2,4,5,3,1,2,2,3,3,9,3,3,3,4,2,3,2,2,3,1,3,4,3,4,4,3,2,2,2,3,0,0,7,7,7,0,6,3,7,4,6,8,7,7,4,5,8,3,5,8,6,5,9,1,5,9,3,8,6,1,"L","C",1,"Right",0,1,0,0,2,1.073
"0000000271",44,1,7,"Bachelor","Married",1,"Worker",5,1,1,0,2,"Halland","Götaland",3,4,5,5,2,2,1,4,4,8,3,3,2,3,3,4,2,2,3,2,4,4,4,5,5,2,4,4,4,3,1,4,,,3,3,10,2,6,7,0,6,8,7,8,5,6,6,0,5,4,10,9,0,6,9,0,8,6,1,"M","M",0,"Right",0,1,0,1,2,0.7658
"0000000289",67,1,7,"Bachelor","Married",1,"White collar",3,2,1,0,2,"Örebro","Svealand",3,4,5,3,4,4,1,1,1,9,4,4,3,3,3,3,2,4,3,2,4,3,3,5,4,2,2,2,4,3,1,7,5,3,9,0,3,6,7,4,7,6,9,3,4,6,8,4,7,7,3,10,10,0,4,10,3,7,3,1,"S","S",0,"Left",0,0,1,1,2,0.5247
"0000001225",28,1,4,"No degree","Single",0,"Worker",3,1,1,0,2,"Dalarna","Svealand",2,2,4,3,2,1,2,5,4,7,2,2,3,4,2,4,2,3,3,1,2,2,3,4,2,2,3,3,3,2,1,1,1,7,8,0,6,8,8,0,7,7,5,2,7,10,9,7,5,5,4,10,7,0,5,9,4,6,5,1,"C","L",1,"Left",0,0,0,0,,1.6674
"0000001107",30,0,,,"Married",,,,,0,1,,"Skåne","Götaland",1,5,,,,,,,,5,,,,,,,,3,,,,,,,,,,,,,,,,,,,,,,,,,,,,,,,,,,,,,,,,,,,,,,,,,,,,2.1412
"0000000810",32,1,8,"Postgraduate","Single",0,,3,4,0,1,2,"Stockholm","Svealand",3,4,4,4,2,4,4,4,3,6,3,3,2,3,2,2,2,3,4,3,4,3,2,5,5,2,3,4,4,2,1,7,7,2,9,0,1,6,10,0,8,1,9,0,0,9,10,0,4,2,2,10,10,0,4,10,2,8,5,1,"C","S",1,"Left",0,0,0,0,1,1.073
"0000001911",66,0,3,"No degree","Married",1,"White collar",2,1,1,0,2,"Stockholm","Svealand",3,5,5,5,1,1,1,1,1,8,3,3,2,4,2,3,3,3,4,2,3,2,3,4,4,3,4,4,3,5,1,5,7,7,8,7,5,0,4,0,0,3,10,9,2,0,4,0,0,3,4,10,10,0,5,10,0,5,7,1,"S","SD",1,"Left",0,0,1,1,2,0.7541
"0000000787",37,0,4,"No degree","Single",1,"Self-employed",5,1,1,0,2,"Skåne","Götaland",4,5,3,3,4,3,4,4,4,7,2,2,2,2,3,3,2,2,3,2,4,4,2,5,5,2,3,3,3,3,1,0,5,5,5,10,9,5,5,8,0,7,7,10,10,5,5,8,0,7,0,10,10,0,0,10,0,6,10,1,"SD","M",1,"Right",1,1,0,1,3,1.6791
"0000001894",74,1,6,"No degree","Married",0,"White collar",2,1,0,,1,"Halland","Götaland",3,5,5,,,,1,1,2,8,3,3,2,3,2,3,1,2,1,2,4,3,3,5,5,3,2,3,3,,1,2,7,1,2,0,7,0,4,8,0,4,6,0,8,0,2,10,0,5,2,10,10,0,2,10,0,5,7,1,"KD","KD",0,"Right",0,1,0,0,1,0.7489
"0000001634",41,0,5,"No degree","Single",0,"Worker",2,1,1,0,1,"Dalarna","Svealand",3,4,5,5,5,4,1,3,5,4,2,2,1,4,2,1,1,1,2,2,3,4,2,5,5,3,2,1,1,1,1,0,7,0,,,,,,,,,0,10,8,2,1,10,0,4,6,10,9,0,7,10,0,6,7,1,"KD",,,"Right",0,1,0,0,,1.5282
"0000000836",51,1,4,"No degree","Married",1,"White collar",4,1,1,0,2,"Västra Götaland","Götaland",2,3,5,5,2,2,1,1,1,8,4,4,3,3,3,3,2,3,3,3,3,3,3,4,4,2,2,3,4,3,1,7,7,7,8,0,8,0,9,7,5,7,9,6,9,5,9,7,5,6,4,6,7,0,5,8,2,6,6,1,"C","C",0,"Left",0,0,0,0,,1.1901
"0000000994",50,1,8,"Postgraduate","Married",1,"White collar",5,2,1,0,2,"Västra Götaland","Götaland",3,4,5,5,1,1,1,2,1,9,4,4,3,2,2,3,2,3,3,2,3,3,3,5,5,2,2,3,3,3,1,2,7,6,9,0,1,8,7,0,9,3,9,0,3,10,7,0,9,4,1,10,9,0,5,10,1,7,1,1,"MP","MP",0,"Left",0,0,0,1,2,0.7658
"0000001426",48,1,6,"No degree","Married",1,"Worker",2,2,1,0,2,"Västra Götaland","Götaland",2,3,3,4,3,3,1,1,4,7,3,3,3,3,3,2,1,2,3,2,3,3,3,5,4,3,2,4,4,4,0,0,0,0,5,5,5,5,5,5,5,5,5,5,5,5,5,5,5,5,5,5,5,5,5,5,5,5,8,1,"KD","M",1,"Right",0,1,0,0,,1.0931
"0000000820",55,1,6,"No degree","Married",1,"White collar",5,2,1,0,3,"Stockholm","Svealand",3,5,5,4,2,1,1,2,3,9,4,4,3,3,3,2,1,2,4,2,4,3,3,3,4,3,3,4,4,3,1,6,1,1,3,9,10,,2,,,,8,9,9,0,3,8,7,8,,10,,0,2,7,1,8,9,1,"M","M",0,"Right",0,1,0,1,2,1.0931
"0000000502",37,1,8,"Postgraduate","Single",0,"White collar",5,1,1,0,1,"Stockholm","Svealand",3,5,5,3,1,3,1,1,1,10,4,4,4,,4,4,3,3,3,2,4,4,4,5,4,3,3,4,4,3,1,2,0,7,10,0,5,7,7,0,9,5,9,0,4,8,8,0,7,6,3,10,8,0,5,10,1,9,3,1,"S","S",0,"Left",0,0,1,0,,1.073
"0000001111",44,1,5,"No degree","Divorced",0,"Worker",1,1,1,0,2,"Uppsala","Svealand",2,3,5,3,3,3,4,4,4,8,3,3,3,4,2,4,2,3,3,1,3,3,4,5,4,3,3,2,3,3,0,0,5,5,5,6,8,5,5,5,2,5,10,8,4,7,8,7,3,6,4,10,9,0,5,8,2,5,7,1,"M","M",0,"Right",0,1,0,0,,0.9037
"0000000898",35,1,8,"Postgraduate","Single",1,"White collar",5,2,1,0,2,"Västerbotten","Norrland",3,5,5,5,1,1,1,1,1,9,3,3,4,4,3,3,2,3,3,2,4,4,4,5,5,2,3,3,3,3,1,4,7,7,8,0,1,5,3,0,6,2,9,0,2,7,5,0,7,3,2,10,10,0,6,10,3,8,2,1,"S","S",0,"Left",0,0,1,1,2,1.073
"0000000199",38,1,4,"No degree","Married",1,"White collar",4,3,1,0,1,"Gävleborg","Norrland",2,5,5,5,,,4,3,4,7,2,2,2,3,2,2,2,2,2,1,4,3,2,4,4,3,2,3,3,2,1,0,3,5,4,9,7,5,7,5,1,4,5,8,5,5,5,5,5,5,5,5,5,,5,5,5,5,5,1,"SD","SD",0,"Right",1,1,0,1,3,1.6674
"0000002609",65,1,4,"No degree","Single",,"Worker",2,1,1,0,1,"Skåne","Götaland",2,4,4,3,4,3,2,2,2,8,3,3,3,3,3,3,2,3,3,2,3,3,3,5,3,3,3,2,4,3,0,3,0,0,9,7,5,6,7,2,2,5,9,7,5,7,8,1,1,1,5,8,10,0,7,10,1,10,6,1,"S","S",0,"Left",0,0,1,0,1,1.0396
"0000001346",44,1,,,"Divorced",,,,,0,,,"Västra Götaland","Götaland",2,3,3,3,,,2,2,4,8,3,2,4,1,3,2,3,2,3,,2,2,,,,,,,,,,0,,,,,,,,,,,,,,,,,,,,,,,,,,,,1,"S",,,"Left",0,0,1,,,0.7658
"0000001731",23,1,4,"No degree","Single",0,"Worker",3,3,1,0,1,"Östergötland","Götaland",3,4,5,5,4,1,3,3,4,9,3,3,3,3,3,2,2,2,3,2,4,4,3,5,4,3,4,3,3,3,1,1,3,7,1,10,9,1,6,8,1,5,5,10,9,5,7,7,5,5,3,9,8,0,5,8,0,6,9,1,"SD","SD",0,"Right",1,1,0,1,3,1.7726
"0000002585",52,1,8,"Postgraduate","Married",0,"Self-employed",4,2,1,0,1,"Östergötland","Götaland",3,4,5,5,3,5,1,3,3,9,4,4,4,4,3,3,2,4,3,1,3,3,3,5,4,1,2,3,3,2,1,5,3,3,10,5,10,2,4,4,5,6,10,8,9,6,4,4,7,5,2,9,8,1,4,7,4,6,5,1,"M","S",1,"Right",0,1,0,0,,0.7658
"0000002552",73,0,3,"No degree","Widowed",0,,1,1,1,0,2,"Kalmar","Götaland",,,,,,,3,4,5,3,3,2,2,3,2,3,1,2,3,2,,2,3,1,5,3,3,4,4,4,0,,,,1,0,8,0,9,9,1,7,2,3,9,0,9,9,0,9,1,4,8,0,7,8,0,7,9,1,,"C",,,,,,1,1,0.7541
"0000000740",56,0,6,"No degree","Married",1,"White collar",5,1,1,0,1,"Västmanland","Svealand",2,4,5,5,1,3,1,1,1,8,3,3,3,3,3,3,1,3,3,2,3,3,3,4,4,3,3,4,3,4,1,3,4,0,8,0,6,4,8,3,3,5,7,0,5,5,7,3,5,5,3,9,7,1,4,7,1,6,3,1,"S","S",0,"Left",0,0,1,1,2,1.1984
"0000000982",41,0,6,"No degree","Married",1,"White collar",4,2,1,0,2,"Skåne","Götaland",3,4,5,5,4,3,4,4,1,10,4,3,4,4,2,4,2,2,3,1,3,4,3,5,4,2,3,4,3,2,0,7,7,7,7,9,10,0,3,9,0,9,7,9,4,3,5,8,1,7,6,9,10,0,4,9,0,8,8,1,"SD","S",1,"Right",1,1,0,0,2,0.91
"0000002213",64,1,6,"No degree","Married",0,"White collar",4,1,1,0,2,"Västmanland","Svealand",3,3,5,2,3,3,1,1,3,10,3,3,4,3,3,2,2,2,3,4,4,4,3,5,5,3,2,3,3,3,1,0,7,7,2,9,10,0,2,6,0,5,2,10,9,0,3,8,0,6,3,10,9,0,4,8,1,6,9,1,"M","M",0,"Right",0,1,0,1,2,0.7658
"0000001102",29,1,4,"No degree","Single",0,"White collar",4,2,1,0,2,"Västerbotten","Norrland",,4,5,5,5,1,1,1,1,10,3,3,4,4,3,4,2,1,3,1,4,4,3,5,3,2,4,2,3,4,1,0,0,7,8,9,9,0,5,9,2,7,8,9,9,2,5,9,0,5,5,8,7,3,4,7,4,5,,1,"M","M",0,"Right",0,1,0,0,,1.6674
"0000002612",66,1,2,"No degree","Married",,,1,2,0,,3,"Skåne","Götaland",2,2,3,3,3,3,3,3,3,5,1,2,1,1,1,1,1,2,3,2,3,2,3,5,3,2,3,3,3,3,0,,0,0,10,,,,,,,,10,,,,,,,,,,,,,,,,5,1,"S","S",0,"Left",0,0,1,0,,0.7489
"0000001205",58,1,5,"No degree","Married",1,"Worker",3,2,1,0,1,"Värmland","Svealand",2,3,3,3,2,3,3,3,3,5,3,3,2,4,3,2,2,3,4,1,3,3,3,4,4,2,4,3,3,2,1,3,7,7,9,0,2,5,3,0,5,2,9,2,2,5,3,7,5,5,1,9,10,0,5,8,4,7,3,1,"S","S",0,"Left",0,0,1,0,2,1.0931
"0000002481",81,0,3,"No degree","Married",0,"White collar",1,1,1,0,2,"Dalarna","Svealand",3,4,5,5,4,3,3,2,3,8,3,3,3,3,2,2,2,3,3,4,3,3,3,4,3,3,3,4,4,3,0,6,0,0,9,5,2,2,7,4,5,2,9,5,2,1,7,3,9,2,0,8,10,3,3,8,2,8,7,1,"S","S",0,"Left",0,0,1,0,,1.0469
"0000002032",53,1,8,"Postgraduate","Single",0,"Self-employed",1,1,1,0,2,"Västra Götaland","Götaland",3,5,5,4,1,1,1,2,1,9,3,1,3,3,3,3,2,4,4,1,4,2,4,4,5,2,4,4,4,4,1,7,7,,9,0,6,6,7,0,9,6,10,0,4,5,10,0,8,5,4,10,8,1,5,8,5,5,4,1,"S","S",0,"Left",0,0,1,1,2,0.9037
"0000002299",74,1,,,"Widowed",0,"Worker",1,,1,0,2,"Västernorrland","Norrland",3,3,5,3,3,3,3,3,3,5,2,2,3,3,1,3,1,3,3,4,4,3,3,5,4,3,4,4,,4,1,2,,,10,6,,4,,0,1,4,10,6,0,6,7,0,0,7,,,,,,,,9,0,1,"S","S",0,"Left",0,0,1,0,2,0.7489
"0000002186",82,1,5,"No degree","Divorced",1,,,2,1,0,2,"Stockholm","Svealand",3,4,5,5,3,5,1,1,5,9,4,2,3,4,1,2,1,3,3,2,,2,2,3,2,2,4,,,,0,7,0,0,10,0,0,3,3,1,7,1,10,0,0,0,3,2,0,9,,,,,,,,,,,,"S",,,,,,0,2,0.6191
"0000001570",19,0,4,"No degree","Single",1,"Worker",5,2,1,0,2,"Västerbotten","Norrland",3,3,5,5,3,3,1,3,4,9,3,3,2,3,2,3,2,3,3,2,3,3,3,5,4,2,3,2,3,3,1,3,5,7,6,6,7,5,5,5,4,6,5,8,8,5,5,10,5,5,1,9,8,0,4,6,1,5,5,1,"M",,,"Right",0,1,0,0,,1.7851
"0000000537",58,0,,,"Divorced",,,,,1,0,,"Västerbotten","Norrland",1,,,,,,,,,,,,,,,,,,,,,,,,,,,,,,,,,,,,,,,,,,,,,,,,,,,,,,,,,,,,,,,,,,,,,1.1984
"0000002739",80,0,2,"No degree","Married",,"Worker",1,2,1,0,1,"Östergötland","Götaland",3,5,5,4,4,3,1,3,5,10,3,3,3,4,3,3,1,4,3,2,4,4,3,5,5,2,3,4,4,4,1,,0,0,9,0,0,8,6,0,8,7,10,5,6,7,9,1,7,7,1,10,10,0,5,10,0,5,1,1,"S","S",0,"Left",0,0,1,1,3,1.1092
"0000002052",76,1,8,"Postgraduate","Divorced",0,,,1,1,0,4,"Skåne","Götaland",4,5,5,,,,1,1,1,10,3,3,3,3,,3,2,,3,2,,4,3,5,,,2,3,3,3,1,7,7,3,7,0,3,6,6,3,6,4,8,0,5,7,6,1,3,3,,,,,,,,,,1,"S","S",0,"Left",0,0,1,0,2,0.5247
"0000002328",83,1,3,"No degree","Married",0,"White collar",2,3,1,,2,"Stockholm","Svealand",3,4,5,4,5,5,1,1,1,7,3,3,3,3,3,2,3,2,3,4,4,4,3,5,4,3,3,3,3,3,0,7,7,7,3,10,9,9,5,3,2,7,6,10,10,7,5,5,0,8,5,10,9,3,5,5,3,7,8,1,"SD","SD",0,"Right",1,1,0,1,2,0.7489
"0000001868",75,1,5,"No degree","Divorced",,"Worker",1,1,0,1,3,"Stockholm","Svealand",3,4,4,4,3,2,1,4,4,6,3,3,2,3,2,2,1,3,2,2,4,3,3,4,3,2,3,4,3,3,1,7,3,7,9,2,7,3,4,3,,5,10,2,6,3,3,4,5,4,,,,,,,,,,1,"S","M",1,"Left",0,0,1,0,2,0.7489
"0000002577",78,0,2,"No degree","Married",0,"Worker",1,2,1,0,2,"Kalmar","Götaland",3,3,5,5,4,3,,,5,7,3,3,3,2,2,2,2,3,4,3,4,4,3,5,2,4,3,2,3,3,1,7,7,7,10,0,0,5,8,0,5,0,10,0,0,5,8,0,5,0,1,10,10,0,5,10,5,5,5,1,"S","S",0,"Left",0,0,1,1,2,0.7541
"0000002284",76,0,,,"Single",0,"Worker",1,,1,,1,"Jönköping","Götaland",3,5,5,5,1,1,,,5,8,3,3,3,3,4,3,3,3,4,2,4,2,3,5,5,,4,3,4,3,0,7,0,0,10,0,0,8,5,3,5,3,10,10,0,8,5,0,4,2,5,10,10,0,5,10,5,8,5,1,"S","SD",1,"Left",0,0,1,0,1,1.0469
"0000000935",34,0,4,"No degree","Single",1,"White collar",5,1,1,0,2,"Halland","Götaland",2,3,5,4,5,5,1,1,1,5,3,4,2,4,3,2,1,1,3,1,4,4,4,3,5,1,3,3,3,3,1,4,7,7,5,10,9,0,5,5,0,7,5,10,9,0,5,0,0,7,3,8,10,0,4,5,2,5,7,1,"SD","SD",0,"Right",1,1,0,0,2,1.6791
"0000001217",51,0,3,"No degree","Divorced",0,"Worker",2,1,1,0,,"Jönköping","Götaland",4,5,5,5,5,5,5,5,5,5,2,2,2,4,2,1,1,1,3,1,3,1,3,3,3,4,2,3,3,,1,,7,,2,10,6,6,0,6,0,2,2,10,4,10,0,10,0,4,5,5,6,2,10,7,0,6,5,1,"SD","SD",0,"Right",1,1,0,1,3,1.1008
"0000001002",44,1,,,"Married",,,,,1,0,,"Jämtland","Norrland",2,5,5,5,4,3,3,3,3,8,3,3,3,3,3,4,3,2,3,,,,,,,,,,,,,7,0,3,,,,,,,,,,,,,,,,,,,,,,,,,,,,,,,,,,,,0.7658
"0000000736",57,1,8,"Postgraduate","Divorced",1,"White collar",5,6,1,0,4,"Stockholm","Svealand",2,4,5,4,1,1,1,1,2,8,3,3,3,3,2,3,2,3,3,2,4,2,4,4,4,2,2,4,5,3,1,0,6,7,9,0,4,6,7,1,9,6,9,0,3,5,9,0,5,5,3,8,10,,5,8,2,5,5,1,"S","V",1,"Left",0,0,1,0,1,0.7658
"0000001983",32,0,8,"Postgraduate","Single",,,,1,1,0,1,"Östergötland","Götaland",3,4,4,5,3,3,2,4,4,8,3,3,3,4,3,4,2,3,3,2,3,3,3,5,4,3,3,3,3,4,1,5,6,7,6,3,5,6,7,5,8,5,5,5,5,5,5,5,5,5,4,7,7,3,5,6,4,6,4,1,"MP","MP",0,"Left",0,0,0,1,2,1.0805
"0000001264",54,1,3,"No degree","Married",1,"Worker",4,1,1,0,2,"Södermanland","Svealand",2,3,3,3,3,3,1,1,1,7,3,3,3,3,3,3,3,3,3,1,4,3,3,5,4,3,3,3,3,3,1,3,3,2,7,10,9,0,1,0,0,0,8,10,9,2,6,5,0,2,3,9,9,0,5,8,2,7,9,1,"SD","M",1,"Right",1,1,0,1,3,1.0931
"0000002100",71,1,3,"No degree","Divorced",,,,1,1,0,,"Stockholm","Svealand",2,4,5,5,4,4,1,1,1,6,3,3,2,2,2,2,3,2,3,,4,3,2,5,5,3,,3,3,4,1,,0,7,7,10,9,7,7,6,6,5,7,10,9,6,7,8,5,5,2,10,8,4,3,5,2,6,10,1,"SD","SD",0,"Right",1,1,0,1,3,0.7489
"0000000894",31,0,7,"Bachelor","Single",1,"White collar",5,2,1,0,3,"Stockholm","Svealand",2,2,4,5,2,3,2,4,3,7,2,3,3,3,2,2,2,2,3,1,3,2,2,5,4,2,2,2,3,3,1,0,5,3,5,0,6,1,7,4,0,8,4,6,7,3,6,4,1,5,3,8,8,0,4,8,1,6,6,1,"L","C",1,"Right",0,1,0,0,,1.0805
"0000001995",85,1,3,"No degree","Widowed",0,,1,1,1,,2,"Halland","Götaland",4,5,5,3,1,1,1,1,4,8,3,3,3,3,3,3,1,3,3,3,3,3,3,5,4,3,3,3,3,3,1,7,0,0,8,8,9,5,8,7,6,6,8,8,9,5,8,7,6,6,3,9,8,0,5,9,3,5,5,1,"M","M",0,"Right",0,1,0,0,1,0.7489
"0000002128",54,0,9,"Postgraduate","Single",1,,2,,0,,1,"Jönköping","Götaland",3,4,4,4,,5,,,2,,1,4,4,4,1,1,1,4,2,3,,,,,3,3,3,2,,2,,1,1,0,,7,,7,7,6,8,,9,0,2,6,8,0,,9,,,0,10,,,,,8,1,,,,,,,,0,,0.91
"0000000134",65,0,5,"No degree","Divorced",1,"White collar",3,1,1,0,1,"Västra Götaland","Götaland",1,4,5,5,2,1,1,3,2,7,3,4,3,3,2,4,1,3,4,2,,4,3,4,4,2,3,4,4,2,1,2,0,0,9,1,1,7,5,5,8,0,10,6,0,1,4,3,0,1,2,10,9,1,3,5,4,8,3,,,,,,,,,0,1,1.0469
"0000000842",57,0,3,"No degree","Married",1,"White collar",5,1,1,0,2,"Västra Götaland","Götaland",3,3,5,4,4,3,1,3,5,8,3,3,2,3,2,3,1,4,4,2,4,3,4,5,3,3,4,5,4,4,1,2,4,2,9,10,9,3,5,0,0,0,10,10,5,8,9,0,0,4,0,10,9,0,4,10,3,10,7,1,"SD","M",1,"Right",1,1,0,0,2,1.1008
"0000002037",80,1,5,"No degree","Widowed",1,"White collar",2,3,1,0,1,"Värmland","Svealand",3,4,5,5,4,1,2,5,3,7,3,3,3,3,2,3,2,4,4,1,3,3,3,5,4,2,2,5,5,3,0,7,3,3,10,7,0,10,5,5,10,5,10,7,0,10,7,5,5,5,5,7,10,0,6,8,3,5,0,1,"S","S",0,"Left",0,0,1,1,2,0.7489
"0000001637",27,1,6,"No degree","Single",1,"White collar",2,1,1,0,2,"Gävleborg","Norrland",1,3,5,3,2,3,1,1,1,8,1,1,1,4,1,1,1,2,3,3,,2,3,3,3,2,3,2,3,4,0,1,1,7,5,5,7,5,0,6,0,5,5,5,5,5,5,5,5,5,5,5,5,5,5,5,5,5,5,1,,"M",,,,,,0,,1.6674
"0000001614",54,0,3,"No degree","Married",1,"Worker",5,2,1,0,2,"Blekinge","Götaland",,,,,,,1,1,1,10,4,4,4,4,3,4,2,4,4,4,4,4,4,5,5,2,3,3,4,4,0,,,,10,5,2,5,3,2,5,7,10,5,3,3,3,1,6,5,5,9,9,0,7,10,5,5,5,1,"S","S",0,"Left",0,0,1,1,2,1.1008
"0000002376",64,0,5,"No degree","Single",0,"White collar",4,1,0,,2,"Blekinge","Götaland",2,2,5,5,4,4,1,4,4,5,3,2,3,3,2,2,2,2,3,2,4,4,3,4,3,3,3,3,3,4,,0,0,0,3,6,7,3,5,5,0,5,1,7,5,5,5,5,5,5,6,5,8,0,7,8,5,7,8,1,"M","M",0,"Right",0,1,0,1,2,0.91
"0000002446",81,1,2,"No degree","Widowed",0,"Farmer",1,4,1,0,2,"Kalmar","Götaland",2,3,5,4,4,,,3,3,5,3,3,3,4,2,2,2,3,3,2,,3,3,3,5,2,3,3,4,3,1,,0,0,,,,,,,,,8,5,8,7,7,5,0,7,,,,,,,,,,,,"C",,,,,,,,0.7489
"0000001086",38,1,8,"Postgraduate","Divorced",1,"White collar",2,4,1,0,1,"Skåne","Götaland",4,5,5,5,2,1,2,3,4,6,3,3,3,3,2,2,1,3,4,1,3,2,3,4,,2,2,4,2,1,0,6,7,7,,,,,,,,,,,,,,,,,2,10,10,0,6,10,2,6,1,1,"S",,,"Left",0,0,1,1,3,1.073
"0000001453",60,0,3,"No degree","Married",0,"Worker",2,4,1,0,1,"Kronoberg","Götaland",2,4,5,5,1,3,1,4,3,5,4,3,3,4,1,3,1,4,3,2,4,4,4,5,5,1,3,3,4,3,0,7,0,0,9,3,1,5,8,5,0,5,10,5,0,0,8,5,0,5,5,10,9,3,6,6,0,7,6,1,"S","S",0,"Left",0,0,1,0,,1.1008
"0000002620",71,1,5,"No degree","Married",0,,1,1,1,0,1,"Skåne","Götaland",3,3,5,4,2,4,1,1,5,10,4,3,4,4,3,3,1,3,3,3,,4,4,5,5,3,4,2,4,3,0,7,0,0,5,5,5,5,5,5,5,5,5,5,5,5,5,5,4,5,1,10,9,0,5,8,3,6,7,1,,,,,,,,0,,1.0396
"0000002077",78,1,5,"No degree","Single",0,"White collar",,1,1,0,2,"Gävleborg","Norrland",4,4,3,3,3,3,1,3,4,10,2,2,2,4,2,,,1,2,1,4,4,,4,4,3,2,3,3,3,0,3,7,0,3,8,8,0,0,10,1,5,5,8,9,0,0,10,0,7,1,10,10,0,4,8,0,8,7,1,"KD",,,"Right",0,1,0,0,,0.7489
"0000002171",87,1,,,"Married",0,"Worker",1,,1,0,2,"Kronoberg","Götaland",3,4,5,4,4,4,4,4,1,8,3,2,2,2,2,3,1,2,2,1,4,4,3,5,3,3,1,4,4,3,,7,7,0,7,10,8,0,0,,,0,9,10,9,0,1,6,0,6,0,7,10,0,5,10,0,5,,1,"SD","SD",0,"Right",1,1,0,1,1,0.7489
"0000000157",51,1,8,"Postgraduate","Married",1,"White collar",3,1,1,0,1,"Västmanland","Svealand",1,3,5,5,2,3,1,4,4,7,3,3,3,4,3,2,2,3,3,1,4,4,3,5,5,1,3,1,4,3,1,0,1,7,8,0,0,2,0,5,10,0,8,0,0,10,10,10,8,5,0,5,10,2,5,5,0,10,0,1,"KD","MP",1,"Right",0,1,0,1,3,0.7658
"0000001780",81,1,,,"Married",0,"Worker",1,3,1,0,1,"Örebro","Svealand",3,4,5,5,4,5,1,1,4,5,2,2,2,3,2,2,2,2,3,1,,2,3,5,4,2,3,2,,3,1,2,0,0,,,,,,,,,10,6,4,4,7,6,,8,,,,,,,,,,,,"KD",,,,,,0,1,0.7489
"0000000978",40,1,5,"No degree","Single",1,"White collar",2,1,1,0,3,"Stockholm","Svealand",4,5,5,5,1,1,1,1,1,10,3,3,2,4,3,4,2,3,4,3,4,4,4,5,5,1,1,3,2,3,1,,,7,9,0,0,10,8,0,10,0,10,0,0,10,9,0,10,0,0,10,10,0,5,10,0,10,0,1,"MP","MP",0,"Left",0,0,0,1,3,1.6674
"0000002542",18,0,3,"No degree","Single",0,,5,1,1,0,2,"Värmland","Svealand",3,5,5,1,1,1,1,2,1,10,4,4,4,4,4,4,4,2,3,1,4,4,4,5,4,3,3,2,3,3,1,5,4,7,3,5,10,2,5,9,1,8,4,6,10,2,5,10,1,9,3,10,9,0,5,9,2,7,8,1,"KD",,,"Right",0,1,0,0,1,2.2763
"0000002125",76,1,3,"No degree","Married",0,"White collar",4,1,1,0,1,"Uppsala","Svealand",3,5,5,5,2,3,4,4,2,9,3,3,3,4,3,2,2,2,2,2,4,2,4,5,4,3,3,3,3,3,1,6,1,5,2,5,9,0,3,7,1,7,5,8,9,2,2,6,0,7,2,5,9,0,2,8,1,6,8,1,"M","M",0,"Right",0,1,0,1,2,1.0396
"0000002068",85,0,2,"No degree","Married",1,,,,1,,4,"Västmanland","Svealand",2,4,5,,,,,,,7,4,,3,,2,,,2,3,2,4,3,3,5,,2,3,5,4,,0,2,,,9,,,,,,,,10,3,7,8,9,0,9,7,0,9,10,0,9,10,2,5,,1,"S","S",0,"Left",0,0,1,1,2,1.1092
"0000000259",49,0,,,"Married",,,,,0,,,"Västra Götaland","Götaland",4,,,,,,,,,,,,,,,,,,,,,,,,,,,,,,,7,7,7,,,,,,,,,,,,,,,,,,,,,,,,,,,,,,,,,,,,0.7712
"0000002498",72,1,6,"No degree","Married",1,"White collar",5,2,1,0,1,"Östergötland","Götaland",2,4,5,2,4,3,3,3,3,4,2,2,2,2,2,3,1,2,2,2,3,3,2,5,3,3,2,2,2,3,,3,0,0,0,9,10,0,1,9,0,2,2,9,0,0,,9,0,2,10,10,,0,2,10,0,5,10,1,"M","M",0,"Right",0,1,0,0,1,0.6191
"0000002013",66,1,8,"Postgraduate","Married",0,"White collar",3,1,1,0,4,"Stockholm","Svealand",3,5,5,5,1,1,1,1,1,8,4,4,3,3,3,4,1,3,3,3,4,3,3,5,5,1,3,4,5,3,1,2,0,0,5,0,0,8,3,0,7,3,9,0,0,7,8,0,6,2,5,8,10,0,7,10,4,7,2,1,"MP","V",1,"Left",0,0,0,1,2,0.5247
"0000002828",66,1,5,"No degree","Married",,"White collar",3,2,0,1,1,"Jönköping","Götaland",2,4,5,5,3,2,1,3,2,10,3,3,3,3,2,3,1,3,3,2,4,3,4,5,4,3,3,4,4,3,1,6,5,4,9,0,4,8,8,2,4,5,10,2,6,8,8,4,5,5,3,10,10,0,4,8,4,5,3,1,"S","S",0,"Left",0,0,1,0,2,0.8153
"0000000923",62,1,4,"No degree","Married",1,"White collar",4,2,1,0,2,"Gävleborg","Norrland",3,4,5,3,3,2,4,4,2,9,3,3,3,4,2,3,3,2,3,2,4,3,3,5,4,3,3,3,3,3,1,7,3,6,1,10,10,0,1,10,0,2,1,10,10,0,0,10,0,2,3,10,9,0,2,10,0,4,9,1,"SD","KD",1,"Right",1,1,0,1,3,1.1901
"0000002834",35,1,6,"No degree",,0,"White collar",5,1,1,0,4,,,3,5,2,5,3,4,4,4,4,8,2,2,3,3,2,2,2,1,2,1,4,3,2,4,4,3,1,2,2,3,1,1,5,3,4,8,7,0,4,5,0,5,4,8,7,0,0,5,0,5,2,9,9,0,2,5,0,4,10,1,"SD",,,"Right",1,1,0,0,2,1
"0000002426",44,0,2,"No degree","Single",1,"Farmer",1,1,0,,2,"Södermanland","Svealand",3,5,5,3,5,4,5,5,5,2,4,4,4,4,4,1,4,3,4,4,,1,1,3,2,4,4,5,5,2,0,0,7,7,0,0,,,0,0,0,,0,,,,,0,,,10,,,,,10,,,10,0,,"S",,,,,,0,,1.6191
"0000000230",41,0,8,"Postgraduate","Married",1,"White collar",5,1,1,0,1,"Västernorrland","Norrland",3,4,5,5,4,3,2,4,4,7,2,2,3,3,2,2,2,1,2,2,3,2,3,5,5,3,2,4,3,4,1,2,2,2,1,4,7,0,1,5,0,6,0,3,7,1,0,4,0,6,3,8,9,0,3,7,0,7,7,1,"M","M",0,"Right",0,1,0,0,2,0.7712
"0000001904",67,1,7,"Bachelor","Married",0,"White collar",5,2,1,0,2,"Stockholm","Svealand",4,4,5,5,1,3,1,1,1,9,3,3,3,4,3,3,2,3,3,1,4,1,4,5,5,2,2,3,5,5,1,7,1,0,10,0,0,8,8,0,10,2,10,0,0,2,8,0,3,0,2,10,10,0,5,10,5,8,2,1,"MP","S",1,"Left",0,0,0,1,2,0.5247
"0000001031",64,1,5,"No degree","Divorced",1,"White collar",2,1,0,1,1,"Jönköping","Götaland",3,5,5,1,1,2,1,1,1,9,3,3,2,2,1,2,1,3,4,2,4,4,3,5,2,3,1,4,3,3,1,,,,10,8,0,8,8,0,0,0,10,10,0,6,9,0,0,1,4,10,10,1,5,10,2,7,4,1,"S","SD",1,"Left",0,0,1,1,2,0.9037
"0000002637",35,1,3,"No degree","Single",0,"White collar",1,1,1,0,1,"Jönköping","Götaland",3,4,3,1,5,3,1,1,1,6,3,3,2,3,3,3,3,1,1,2,4,3,2,4,5,3,2,2,2,2,1,,7,7,0,8,10,0,0,10,0,5,0,10,10,0,0,10,0,7,9,10,,0,0,10,0,8,10,1,"M","KD",1,"Right",0,1,0,1,3,2.1262
"0000000692",45,0,8,"Postgraduate","Divorced",1,"White collar",3,1,1,0,4,"Västmanland","Svealand",2,4,5,5,4,3,1,4,3,10,4,4,,4,3,3,1,3,3,1,4,4,3,5,5,2,4,3,3,3,1,5,5,0,10,0,3,2,5,0,8,3,7,0,0,5,,0,8,5,4,10,9,0,4,9,3,6,4,1,"S","S",0,"Left",0,0,1,1,3,0.7712
"0000000557",63,1,7,"Bachelor","Married",1,"White collar",5,3,1,0,4,"Stockholm","Svealand",4,4,5,4,3,1,1,1,1,9,3,3,4,4,2,3,1,2,4,2,4,2,3,5,4,2,2,4,3,3,1,6,0,0,9,0,,0,10,0,9,5,9,0,2,8,10,0,9,5,3,10,10,1,4,9,1,8,,1,"C","L",1,"Left",0,0,0,1,2,0.9037
"0000002655",34,1,6,"No degree","Married",1,"Worker",3,1,1,0,4,"Västra Götaland","Götaland",3,5,5,4,2,1,1,1,1,8,3,3,3,4,2,3,3,3,3,2,4,4,3,3,5,1,3,2,3,3,1,2,5,7,7,0,1,10,7,1,10,2,9,0,0,9,10,0,10,0,4,10,9,1,3,9,2,8,3,1,"MP","V",1,"Left",0,0,0,1,3,1.6674
"0000000532",42,1,8,"Postgraduate","Married",1,"White collar",5,1,1,0,1,"Uppsala","Svealand",3,4,4,5,1,3,2,3,3,8,3,3,3,3,2,3,2,3,2,2,3,3,3,4,3,2,4,4,3,3,1,4,7,0,7,,6,5,9,3,8,6,9,0,2,3,10,0,6,2,3,10,8,1,5,9,4,7,6,1,"MP","MP",0,"Left",0,0,0,0,,0.7658
"0000002826",79,1,7,"Bachelor","Divorced",0,,1,1,1,0,4,"Stockholm","Svealand",3,5,5,5,2,1,1,1,2,9,4,4,4,4,3,4,2,3,3,4,3,3,4,5,3,3,4,5,3,3,1,7,0,7,3,1,9,3,5,7,3,9,4,2,9,8,3,7,2,9,5,10,8,0,5,6,2,6,7,1,"M","M",0,"Right",0,1,0,0,2,0.6191
"0000001563",31,0,4,"No degree","Single",0,"Worker",4,2,1,0,1,"Västra Götaland","Götaland",2,3,5,3,5,2,1,1,1,10,2,2,2,3,2,3,1,2,3,3,4,4,3,5,2,3,3,3,3,3,1,7,7,7,7,9,8,0,0,9,7,2,7,10,7,5,5,8,1,5,3,7,7,0,2,7,2,5,7,1,"SD","SD",0,"Right",1,1,0,0,2,1.6791
"0000001055",25,0,4,"No degree","Single",0,"Worker",1,3,1,0,2,"Blekinge","Götaland",4,5,5,5,3,3,1,4,4,8,3,2,4,4,2,2,1,1,2,2,3,3,3,5,4,4,3,2,3,1,1,4,7,2,5,9,9,6,5,7,0,8,7,9,9,5,2,5,0,8,2,10,8,0,1,7,0,5,8,1,"SD",,,"Right",1,1,0,0,2,1.3555
"0000002056",71,0,4,"No degree","Single",0,"Worker",1,3,1,0,1,"Västerbotten","Norrland",3,4,5,5,1,1,1,3,5,,3,3,,4,2,2,1,3,4,2,4,4,3,5,4,2,2,3,3,3,0,7,0,0,8,0,1,5,4,1,5,2,6,8,5,7,7,3,5,4,3,7,10,1,7,9,4,8,2,1,"S","S",0,"Left",0,0,1,1,2,0.821
"0000000427",48,1,8,"Postgraduate","Married",1,,4,1,1,1,3,"Stockholm","Svealand",3,5,5,5,1,1,2,5,4,8,2,2,3,4,2,3,1,3,3,2,4,2,3,4,5,2,3,4,4,3,1,2,7,4,8,0,2,5,8,0,9,2,9,0,1,8,10,0,6,1,2,10,8,0,6,10,3,7,4,1,"S",,,"Left",0,0,1,1,2,0.7658
"0000002823",51,1,5,"No degree","Single",1,"Worker",1,1,1,0,2,"Västra Götaland","Götaland",2,4,5,5,1,2,1,4,4,8,2,4,3,3,2,4,1,3,3,1,4,4,3,5,5,2,1,3,,3,0,6,0,0,8,0,0,8,5,1,8,5,10,0,0,9,5,1,5,5,3,10,10,0,4,9,1,7,,1,"V","S",1,"Left",0,0,0,0,,0.9037
"0000000304",60,1,8,"Postgraduate","Married",1,,5,2,1,0,2,"Västra Götaland","Götaland",2,4,5,5,1,1,1,,2,8,3,3,3,3,2,2,2,3,4,4,4,4,3,5,5,2,3,3,3,3,1,1,1,7,,0,1,6,5,1,6,5,10,0,5,5,8,0,7,5,3,10,10,1,8,9,5,7,3,1,"S","S",0,"Left",0,0,1,1,3,0.7658
"0000001937",85,0,6,"No degree","Divorced",0,"White collar",2,1,1,,2,"Örebro","Svealand",3,4,5,1,3,3,1,1,5,8,4,3,3,2,2,3,1,2,2,2,,3,3,5,5,3,3,3,3,3,1,5,2,0,0,5,10,0,2,2,0,6,2,9,10,0,2,6,0,6,3,10,10,0,4,4,0,8,,1,,"C",,,,,,1,1,0.821
"0000002195",78,1,8,"Postgraduate","Divorced",1,"White collar",1,2,1,0,4,"Västra Götaland","Götaland",4,5,5,5,1,1,1,1,1,9,,4,4,4,3,3,2,4,3,4,4,3,3,4,5,1,4,4,4,2,1,7,5,6,10,0,4,10,5,0,10,5,10,0,3,10,10,0,10,5,1,10,10,0,4,10,1,,1,1,"MP","S",1,"Left",0,0,0,0,1,0.5247
"0000001151",23,1,,,"Single",,,,,1,0,,"Västra Götaland","Götaland",3,4,5,5,3,2,1,3,3,8,3,3,4,4,2,1,1,,,,,3,,,3,,,,,,,3,4,7,,,,,,,,,,,,,,,,,3,5,4,0,4,5,0,4,3,1,,,,,,,,,,1.346
"0000000723",52,1,6,"No degree","Married",1,"White collar",3,2,1,1,1,"Södermanland","Svealand",2,4,4,,4,3,3,5,5,8,3,3,3,4,3,3,2,3,3,2,3,3,3,4,5,2,2,4,4,3,1,5,1,5,10,0,6,6,7,2,10,5,10,0,0,6,8,0,9,0,0,9,2,2,2,7,2,4,1,1,"S","MP",1,"Left",0,0,1,1,2,0.9037
"0000000771",51,0,4,"No degree","Married",1,"White collar",4,3,1,0,2,"Halland","Götaland",4,5,5,5,2,4,1,1,1,9,4,4,3,4,3,4,2,4,3,2,4,4,3,5,4,2,3,3,3,2,1,6,0,7,9,0,2,2,2,1,2,6,7,1,3,2,3,0,2,8,2,9,9,0,6,9,3,6,,1,"S","S",0,"Left",0,0,1,1,3,0.91
"0000001961",34,0,3,"No degree","Single",0,,1,1,1,0,1,"Stockholm","Svealand",4,5,5,5,5,5,5,5,5,10,4,4,4,4,4,4,4,4,4,1,4,4,4,5,5,1,1,,,,,7,,,0,10,0,0,0,0,0,0,0,10,0,0,0,0,0,0,,,,,,,,,,1,"SD","SD",0,"Right",1,1,0,0,,1.5423
"0000000720",35,1,7,"Bachelor","Single",1,"White collar",4,1,1,0,2,"Västra Götaland","Götaland",3,5,5,,2,3,2,2,2,8,3,3,3,3,2,3,2,3,3,1,4,3,3,4,5,2,3,2,3,2,1,2,4,7,6,0,7,1,7,2,1,6,8,3,8,5,9,4,5,3,3,,8,1,8,8,2,7,7,1,"S","C",1,"Left",0,0,1,0,2,1.073
"0000000651",34,0,9,"Postgraduate","Single",1,"Worker",5,1,0,,3,"Stockholm","Svealand",3,3,5,5,1,3,1,5,2,10,3,3,4,4,3,3,2,4,3,2,4,4,4,5,5,,3,2,3,3,0,0,0,0,9,0,2,8,8,0,6,,9,0,2,8,6,0,5,2,3,7,7,2,4,6,4,6,2,1,"S",,,"Left",0,0,1,0,1,1.1063
"0000000129",57,0,6,"No degree","Married",1,"White collar",4,2,1,0,1,"Västra Götaland","Götaland",3,4,5,3,3,3,3,3,3,8,3,3,3,3,2,3,2,3,3,2,3,3,3,5,4,3,2,3,3,3,0,5,7,2,8,6,7,3,7,7,2,3,8,6,7,4,7,7,2,3,5,7,6,3,5,7,3,6,6,1,"S","S",0,"Left",0,0,1,0,,0.91
"0000000614",38,1,7,"Bachelor","Married",1,"White collar",5,1,1,1,3,"Stockholm","Svealand",3,5,5,5,3,1,1,1,1,10,3,3,3,4,2,4,2,3,3,2,3,2,3,5,4,3,3,3,3,3,1,3,5,7,9,0,7,7,8,0,6,7,10,0,0,9,9,0,5,5,2,10,8,0,6,9,2,7,,1,"S","V",1,"Left",0,0,1,1,2,1.073
"0000001962",77,1,,,"Married",,,,,1,0,,"Stockholm","Svealand",4,5,5,5,4,4,,,,,,,,,,,,,,,,,3,5,5,,,4,5,3,1,7,,4,,,10,,,,,,,9,10,,,,0,,,7,10,,,8,,,10,,,"M",,,,,,1,3,1.0396
"0000002603",77,0,6,"No degree","Married",1,"Self-employed",1,4,1,,1,"Jönköping","Götaland",4,5,5,3,4,4,1,1,,9,4,4,4,3,3,3,2,3,3,2,3,3,3,5,4,3,4,3,3,3,1,7,1,7,6,0,8,0,8,5,5,9,8,1,8,0,7,5,2,8,4,9,8,1,5,8,4,7,7,1,"L","M",1,"Right",0,1,0,0,1,0.821
"0000001256",22,0,4,"No degree","Single",0,"Worker",3,2,1,0,4,"Stockholm","Svealand",2,3,5,5,1,1,3,3,3,9,2,2,3,3,2,4,2,2,3,1,3,2,3,5,4,1,2,3,4,3,1,0,0,7,,,,,,,,,8,9,0,3,9,0,8,4,7,10,9,0,8,9,2,8,6,1,"C",,,"Left",0,0,0,0,2,1.7851
"0000001445",51,0,4,"No degree","Married",0,"Self-employed",3,1,0,,2,"Västra Götaland","Götaland",3,4,5,5,1,1,1,5,1,10,4,3,4,4,3,3,1,3,3,2,3,3,4,5,5,,3,4,5,3,0,4,6,2,5,0,7,0,8,5,3,9,7,4,7,4,8,4,3,8,4,8,9,0,6,10,1,7,7,1,"L","L",0,"Right",0,1,0,0,,1.1984
"0000002421",65,0,4,"No degree","Married",0,"Self-employed",1,2,0,1,1,"Skåne","Götaland",,,,,,,1,2,4,8,3,3,3,3,2,2,2,3,3,4,3,3,3,4,4,2,3,3,3,3,1,,,,8,0,5,4,6,5,6,3,8,0,4,4,6,4,6,3,4,10,8,2,5,9,3,8,4,1,"S","S",0,"Left",0,0,1,0,2,0.7541
"0000000886",55,1,7,"Bachelor","Married",0,"White collar",5,2,1,1,1,"Örebro","Svealand",3,4,5,4,4,2,4,5,4,9,4,4,3,4,3,2,2,2,3,1,3,3,3,,3,2,1,3,3,3,1,7,1,7,7,0,8,0,8,8,5,10,10,0,5,0,10,10,0,9,5,10,10,0,4,10,0,8,8,1,"L","L",0,"Right",0,1,0,,2,0.7658
"0000002237",57,1,4,"No degree","Single",0,"Worker",5,1,1,0,3,"Stockholm","Svealand",2,4,5,4,1,3,1,1,1,8,2,3,3,3,,2,1,2,2,2,4,3,3,4,5,2,2,1,2,1,1,5,5,0,2,0,10,0,7,7,0,7,4,0,8,0,7,5,4,8,3,8,10,0,6,8,5,7,7,1,"M","M",0,"Right",0,1,0,1,2,1.1901
"0000001195",24,1,8,"Postgraduate","Single",1,,3,1,1,0,3,"Västra Götaland","Götaland",3,4,5,3,3,2,1,4,4,8,2,2,3,4,2,3,2,2,3,2,3,3,3,4,4,2,2,4,3,3,1,2,0,1,8,0,1,8,7,1,9,1,8,0,2,5,9,1,8,3,,10,3,1,6,9,2,9,2,1,"MP","C",1,"Left",0,0,0,0,2,1.1407
"0000001531",47,0,4,"No degree","Single",1,"Worker",2,1,1,0,1,"Värmland","Svealand",2,4,5,4,1,3,3,3,4,5,2,3,3,3,2,3,2,2,3,2,3,3,3,4,2,3,3,3,3,3,0,0,5,1,0,7,9,1,1,9,0,5,0,9,7,1,0,10,0,2,1,10,8,0,3,8,0,7,9,1,"KD","M",1,"Right",0,1,0,0,2,1.1984
"0000002355",73,0,8,"Postgraduate","Divorced",0,"Self-employed",4,2,0,,4,"Västra Götaland","Götaland",3,5,5,5,1,1,1,1,3,6,3,2,3,3,2,2,1,3,4,1,,2,3,4,4,2,3,3,5,3,1,5,,1,5,0,0,10,5,0,10,0,5,0,0,10,5,0,10,1,5,10,10,1,5,10,2,9,2,1,,"V",,,,,,1,2,0.5283
"0000002000",76,0,7,"Bachelor","Divorced",0,"White collar",3,1,1,0,3,"Stockholm","Svealand",3,4,5,1,1,1,1,1,1,10,4,4,3,3,3,3,2,4,4,3,4,4,4,5,5,3,3,3,3,3,0,7,3,0,10,0,0,5,10,0,10,3,10,0,0,5,10,0,10,5,4,10,10,3,4,10,4,6,4,1,"S","S",0,"Left",0,0,1,1,3,0.5283
"0000002429",76,1,6,"No degree","Widowed",,"White collar",1,1,1,0,2,"Värmland","Svealand",3,4,4,4,4,4,3,3,3,5,2,2,2,2,2,2,2,2,2,2,2,3,2,5,3,3,2,3,3,4,0,7,7,7,0,,,2,,,1,,2,,,2,2,,1,,,,,,,,,,8,1,"KD","KD",0,"Right",0,1,0,0,2,0.6191
"0000000551",73,1,,,"Married",1,"White collar",4,,0,1,3,"Stockholm","Svealand",4,5,5,2,1,1,1,1,1,6,3,2,3,3,2,,2,3,3,1,,3,3,4,5,2,2,2,2,,1,7,7,5,10,0,3,7,8,0,7,1,10,0,3,6,8,0,9,1,2,10,,1,5,9,3,8,2,1,"S","S",0,"Left",0,0,1,1,,0.6191
"0000002136",73,1,3,"No degree","Married",1,"Self-employed",2,,1,0,1,"Västra Götaland","Götaland",3,4,3,4,5,4,2,3,2,6,2,2,2,3,2,2,2,2,3,4,2,2,2,3,3,2,3,4,3,3,1,3,4,4,6,7,9,6,8,8,8,6,8,7,7,6,8,9,,7,,,,,,,,,,1,"KD","KD",0,"Right",0,1,0,0,,0.7489
"0000000962",27,0,8,"Postgraduate","Single",0,"Self-employed",4,1,1,1,1,"Skåne","Götaland",3,4,4,4,4,3,3,3,3,8,3,3,3,4,3,3,2,3,3,1,4,3,4,5,4,3,2,3,3,3,1,3,7,7,5,5,8,1,5,5,2,5,7,7,8,2,7,5,2,5,2,8,10,0,5,8,1,6,9,1,"M","M",0,"Right",0,1,0,1,2,1.0805
"0000002722",52,1,7,"Bachelor",,0,"White collar",1,3,1,0,2,,,3,4,5,2,1,1,1,2,3,7,3,3,3,4,2,3,1,3,3,3,3,4,3,4,3,3,4,1,2,3,0,7,0,0,5,0,0,9,6,1,9,2,8,1,4,9,7,0,8,5,2,10,10,0,5,9,1,7,2,1,"MP","MP",0,"Left",0,0,0,1,2,1
"0000001181",62,0,3,"No degree","Single",1,"Self-employed",2,1,1,0,2,"Södermanland","Svealand",2,4,5,4,2,3,1,2,4,8,4,3,4,3,3,4,2,3,3,2,4,4,3,5,4,3,3,2,5,2,0,4,1,5,9,1,7,5,8,5,5,5,10,3,6,4,8,5,4,6,2,10,8,1,5,8,3,4,3,1,"S","S",0,"Left",0,0,1,0,2,1.1008
"0000002436",71,1,5,"No degree","Divorced",0,"White collar",1,1,1,1,2,"Gävleborg","Norrland",3,4,5,2,1,1,1,4,4,9,3,3,2,3,3,3,3,2,2,1,3,3,4,5,5,2,1,1,4,4,0,7,7,7,8,8,,,,,,,10,7,,,,,,,5,9,,,,,,,7,1,"SD","SD",0,"Right",1,1,0,1,2,0.7489
"0000001551",62,0,3,"No degree","Married",0,"Self-employed",3,1,1,0,1,"Kalmar","Götaland",2,3,5,5,4,1,5,,,7,2,2,2,3,2,3,2,2,1,1,3,2,3,5,5,2,4,3,3,3,1,4,1,0,8,9,8,7,5,7,0,6,9,9,8,0,0,8,3,7,,,,,,,,,,1,"SD","SD",0,"Right",1,1,0,1,,1.5282
"0000000852",28,0,4,"No degree","Single",0,"White collar",5,1,1,0,4,"Skåne","Götaland",2,4,5,4,3,3,1,1,3,10,3,3,3,4,2,4,2,3,3,3,3,3,4,5,4,3,3,2,3,3,1,2,1,4,3,2,8,3,5,5,6,10,5,5,5,5,5,5,5,5,3,9,8,1,5,6,5,5,7,1,"L","M",1,"Right",0,1,0,0,2,1.6791
"0000002472",81,1,4,"No degree","Married",0,"White collar",2,1,1,,4,"Stockholm","Svealand",3,5,4,,,,,,,8,3,3,3,4,3,3,2,3,3,3,3,3,3,4,3,3,2,3,3,3,1,,,,5,7,9,4,7,7,7,5,7,8,9,6,7,6,5,6,2,8,9,0,4,5,3,5,7,1,"M","M",0,"Right",0,1,0,0,,0.8153
"0000001750",41,1,4,"No degree","Single",1,"Worker",1,1,1,1,2,"Södermanland","Svealand",2,3,5,4,3,3,1,3,3,7,3,3,2,4,2,3,2,2,2,1,3,3,3,5,5,2,3,3,3,2,1,1,2,7,10,0,5,5,5,2,2,5,9,0,7,1,7,0,5,7,3,10,10,0,5,8,2,5,3,1,"S","S",0,"Left",0,0,1,0,1,1.1901
"0000001565",47,0,,,"Married",0,,,,0,1,,"Jönköping","Götaland",3,3,2,3,4,,,,,7,2,2,2,,1,2,1,1,2,,3,3,,,,3,3,,,,,2,,,0,,,3,,,1,5,0,,9,0,,3,1,3,,,,,,,,,,1,"M",,,"Right",0,1,0,0,,1.1008
"0000002020",89,0,7,"Bachelor","Widowed",1,"White collar",2,1,1,0,4,"Västra Götaland","Götaland",4,4,5,5,1,1,1,1,1,9,4,2,3,4,3,3,1,4,3,2,4,3,3,5,5,2,3,4,5,5,0,7,,,10,0,8,4,7,1,5,5,10,0,6,1,7,1,7,5,10,10,1,9,1,10,7,6,10,1,"S","S",0,"Left",0,0,1,1,3,0.6234
"0000001680",42,1,4,"No degree","Married",0,,2,1,0,,2,"Jönköping","Götaland",3,3,3,2,3,3,3,3,3,10,,,,,,,4,3,3,3,3,3,3,5,,3,3,4,3,4,0,4,7,7,10,5,5,8,4,8,10,,9,5,10,5,7,9,7,5,10,5,,4,6,6,9,5,,1,"S","S",0,"Left",0,0,1,0,2,0.9037
"0000000729",58,1,8,"Postgraduate","Divorced",1,"White collar",4,3,1,0,2,"Uppsala","Svealand",3,5,5,4,1,1,1,1,5,9,3,3,3,3,3,3,1,3,3,2,4,3,3,5,5,2,4,4,2,3,1,7,7,0,9,0,1,9,2,0,10,1,,0,6,8,8,0,5,8,2,10,9,1,6,9,2,8,2,1,"MP","MP",0,"Left",0,0,0,1,2,0.7658
"0000000835",54,1,3,"No degree","Married",1,"Worker",4,1,1,0,2,"Värmland","Svealand",2,4,5,4,1,3,3,4,4,5,2,2,3,3,2,3,2,2,3,3,3,3,2,3,3,2,2,3,4,3,1,5,0,7,3,0,8,3,4,7,1,4,3,2,8,3,4,7,1,4,0,8,10,0,3,10,1,6,9,1,"M","M",0,"Right",0,1,0,0,1,1.0931
"0000001345",69,1,5,"No degree","Divorced",0,,1,1,1,0,1,"Värmland","Svealand",3,4,5,4,4,3,3,4,2,6,3,3,2,3,2,1,1,2,3,2,3,3,2,4,3,2,1,4,3,2,0,7,,,7,8,8,5,4,8,0,5,9,10,7,5,2,10,0,5,6,10,8,0,4,8,3,1,7,1,"KD","KD",0,"Right",0,1,0,1,2,0.7489
"0000000731",59,1,7,"Bachelor","Married",1,"White collar",4,3,1,0,1,"Västra Götaland","Götaland",3,4,5,1,1,1,1,1,1,8,3,3,3,3,2,4,3,4,3,1,4,3,3,5,4,2,2,2,3,3,1,5,2,7,10,0,2,8,5,2,8,5,10,0,1,1,3,1,6,8,3,10,9,1,6,9,2,7,2,1,"S","S",0,"Left",0,0,1,1,,0.7658
"0000002318",68,1,3,"No degree","Married",1,"Worker",1,1,0,1,2,"Stockholm","Svealand",1,2,1,5,5,4,1,1,3,5,1,1,1,2,1,3,1,3,2,3,,1,1,1,5,2,2,1,1,1,,0,0,0,0,0,0,0,0,0,0,0,0,0,0,0,0,0,0,0,0,0,0,0,0,0,0,,10,0,,,,,,,,0,,0.7489
"0000000411",34,1,7,"Bachelor","Single",1,"Worker",3,3,1,0,1,"Gävleborg","Norrland",2,3,5,3,2,4,1,3,4,5,2,2,2,3,2,3,2,3,3,3,3,1,2,4,3,2,2,3,3,3,1,0,0,7,9,5,6,6,8,6,5,5,9,2,5,8,9,7,5,5,5,5,5,5,5,5,5,5,5,1,"C","C",0,"Left",0,0,0,0,2,1.073
"0000000008",48,0,8,"Postgraduate","Married",0,"White collar",5,1,1,1,3,"Stockholm","Svealand",3,4,4,5,1,4,2,2,3,8,3,3,3,3,3,3,2,2,3,3,,3,3,5,2,3,4,3,3,2,1,6,0,3,5,1,7,1,5,6,4,8,5,4,6,2,4,6,5,5,5,10,9,0,6,9,4,7,8,1,,"M",,,,,,0,,0.7712
"0000001416",63,1,5,"No degree","Divorced",0,"Self-employed",2,3,1,0,2,"Norrbotten","Norrland",4,5,5,3,5,3,4,5,4,5,2,2,1,4,3,1,2,1,2,1,4,4,3,2,5,,1,1,1,3,,1,7,7,0,10,8,0,0,8,0,5,0,10,5,0,0,8,0,5,0,10,10,0,0,6,0,4,10,1,"SD","C",1,"Right",1,1,0,1,3,1.1901
"0000002454",75,1,7,"Bachelor","Married",0,"White collar",4,2,1,0,2,"Örebro","Svealand",3,4,5,5,3,2,1,1,1,8,3,3,3,3,2,3,1,3,3,2,4,2,3,5,5,2,3,4,4,4,1,7,0,0,7,0,1,0,8,0,5,8,9,0,2,1,8,0,5,7,4,10,9,0,5,9,2,5,5,1,"C","L",1,"Left",0,0,0,0,1,0.6191
"0000001465",50,0,7,"Bachelor","Married",1,"Worker",3,2,1,0,1,"Västmanland","Svealand",2,5,5,4,3,1,1,3,3,10,3,3,3,3,3,3,2,3,3,2,3,3,3,5,3,3,3,3,3,3,1,2,1,0,5,2,5,3,8,4,3,8,7,5,5,5,5,5,3,5,4,9,9,0,5,6,4,5,5,1,"L",,,"Right",0,1,0,0,,0.7712
"0000000270",41,1,7,"Bachelor","Married",0,"Worker",4,2,1,0,1,"Östergötland","Götaland",2,4,5,,,,1,1,4,10,3,2,,,3,,,3,3,3,3,3,3,2,4,3,3,3,4,5,1,1,,,10,5,7,0,1,0,5,0,10,5,5,0,5,0,5,5,10,5,0,0,5,0,0,0,8,1,"S","M",1,"Left",0,0,1,1,1,0.7658
"0000002025",69,1,7,"Bachelor","Married",0,"White collar",2,1,1,1,1,"Gävleborg","Norrland",4,5,5,3,1,1,,4,,9,3,3,3,3,2,2,1,3,3,2,4,4,3,5,5,3,2,4,4,3,1,7,7,7,9,0,1,5,9,0,9,5,10,0,1,5,10,0,7,4,4,10,10,0,6,10,2,7,4,1,"S",,,"Left",0,0,1,1,2,0.6191
"0000001022",57,1,5,"No degree","Married",1,"White collar",3,1,1,0,1,"Östergötland","Götaland",3,4,5,4,2,1,1,4,4,8,4,4,3,3,3,4,1,4,4,4,4,4,3,4,4,3,3,2,3,4,1,5,,,10,0,1,3,5,0,9,3,10,0,1,2,6,0,8,2,0,10,10,0,3,10,3,6,0,1,"S","S",0,"Left",0,0,1,1,3,1.0931
"0000002775",73,1,6,"No degree","Widowed",0,"White collar",1,3,1,0,1,"Skåne","Götaland",2,3,5,5,2,4,1,3,1,7,3,3,3,3,2,3,1,3,3,3,3,3,3,5,4,3,3,4,3,3,,5,0,2,10,0,5,5,7,5,9,6,10,0,4,5,7,4,8,5,3,10,9,0,5,9,4,7,3,1,"S",,,"Left",0,0,1,0,1,0.5247
"0000000667",58,1,7,"Bachelor","Married",0,"White collar",5,3,1,0,1,"Skåne","Götaland",3,4,5,4,4,,3,3,4,7,4,3,3,3,3,3,2,2,3,3,,3,3,4,3,2,2,3,3,3,0,2,1,0,5,6,7,5,3,6,3,5,5,6,7,4,2,6,1,5,4,8,7,2,5,6,3,5,6,1,,,,,,,,0,,0.7658
"0000001709",54,0,3,"No degree","Single",0,"Worker",3,1,1,0,1,"Västra Götaland","Götaland",2,3,5,5,5,5,1,1,1,7,3,3,2,3,2,2,2,2,3,1,,3,3,4,4,3,2,4,4,4,1,1,,,1,9,9,0,1,2,0,2,2,9,9,5,0,4,0,5,1,8,9,0,2,7,1,5,8,1,,,,,,,,0,2,1.1008
"0000000964",49,1,3,"No degree","Single",0,"Worker",2,3,1,1,3,"Västra Götaland","Götaland",1,1,4,4,3,3,1,1,1,5,2,2,2,2,2,2,2,3,3,2,,2,3,3,3,2,2,2,3,2,1,0,0,0,10,0,0,0,0,0,0,2,10,0,0,0,0,0,0,0,5,5,5,5,5,5,5,5,5,0,,,,,,,,0,,0.9037
"0000001782",81,1,4,"No degree","Widowed",0,"White collar",,1,1,0,3,"Stockholm","Svealand",2,3,5,5,3,3,1,1,1,10,3,3,2,2,2,3,1,3,3,2,,3,3,3,3,3,2,3,4,3,1,7,0,0,6,5,6,5,5,6,6,6,6,5,6,5,5,6,6,6,5,10,5,5,5,5,5,5,5,0,,"M",,,,,,0,,1.1014
"0000002681",69,1,6,"No degree","Single",1,"White collar",1,1,1,0,2,"Västernorrland","Norrland",4,5,5,5,1,1,1,1,1,10,4,4,4,4,4,4,1,4,4,2,4,4,3,5,5,4,2,4,4,3,1,7,0,0,9,0,5,1,10,0,9,7,10,0,2,0,10,0,10,7,3,10,8,0,5,10,4,7,5,1,"C","C",0,"Left",0,0,0,1,3,0.6191
"0000000573",64,1,7,"Bachelor","Married",1,"Worker",5,1,1,0,2,"Gävleborg","Norrland",3,4,5,3,1,1,1,1,2,7,4,2,3,3,3,3,2,3,,2,3,3,3,5,5,2,3,3,4,3,,6,7,4,7,0,2,6,5,2,6,3,8,0,2,6,6,0,8,3,4,10,10,2,6,9,3,8,4,1,"SD","S",1,"Right",1,1,0,1,2,0.7658
"0000002579",80,1,2,"No degree","Widowed",1,"Worker",1,2,1,0,2,"Västerbotten","Norrland",2,3,3,3,5,4,3,3,3,6,3,3,3,4,3,3,3,3,3,2,,4,3,3,5,3,3,3,3,4,1,7,5,7,10,5,8,9,7,9,8,8,10,5,8,8,7,9,8,7,9,4,7,8,4,9,7,5,7,1,,,,,,,,1,2,0.7489
"0000002746",88,0,2,"No degree","Divorced",1,"Worker",1,1,1,0,2,"Halland","Götaland",3,4,5,,,,,,4,10,,,,,3,,,3,3,5,,3,3,5,3,2,3,1,,3,,6,0,0,,,,,,,,,,,8,,,,,,,,,,,,,,5,0,,"C",,,,,,0,,1.1092
"0000001645",59,0,3,"No degree","Married",1,"Worker",3,1,1,0,1,"Västerbotten","Norrland",3,4,5,3,2,2,,,,,,,,,,,,,,3,,,3,4,4,,3,3,,3,1,7,7,0,9,9,6,3,1,3,0,2,10,9,6,4,1,1,0,4,6,9,9,0,7,10,2,6,,,,"S",,,,,,1,2,1.1008
"0000002422",71,0,4,"No degree","Married",0,"White collar",3,1,1,0,2,"Dalarna","Svealand",4,4,,4,2,3,1,2,1,8,3,3,2,3,3,3,2,3,2,2,,3,3,4,3,2,2,2,3,3,0,7,0,0,7,7,7,2,5,5,2,5,8,7,7,2,5,5,2,5,4,7,8,2,6,6,5,7,6,1,,"M",,,,,,0,2,0.6234
"0000001714",30,0,4,"No degree","Single",1,"Worker",2,1,1,0,1,"Västra Götaland","Götaland",2,3,3,3,4,4,3,3,3,5,2,2,2,2,1,2,1,1,1,1,3,3,2,4,3,2,2,1,1,1,0,2,7,7,0,9,9,0,5,9,0,7,0,9,9,0,2,9,0,5,0,10,10,0,5,9,0,5,7,1,"M","M",0,"Right",0,1,0,0,,1.6791
"0000002601",85,0,6,"No degree","Married",0,"Worker",3,2,0,,1,"Skåne","Götaland",2,,5,5,1,1,1,1,1,7,4,2,4,4,2,3,2,3,3,2,4,3,3,5,5,2,3,2,3,3,0,2,2,2,9,0,1,4,9,1,7,0,10,0,2,5,10,1,7,0,,10,,0,5,9,4,8,3,1,"S","S",0,"Left",0,0,1,0,2,0.7541
"0000000351",68,1,9,"Postgraduate","Married",1,"White collar",5,6,1,0,2,"Skåne","Götaland",4,4,5,5,1,1,1,1,2,10,4,4,4,4,4,4,1,4,4,2,4,4,4,5,5,3,3,2,3,3,1,7,7,0,9,0,8,8,10,9,9,10,10,0,9,8,10,7,9,8,2,10,9,0,5,9,4,6,5,1,"C","L",1,"Left",0,0,0,1,2,0.5372
"0000002604",79,1,3,"No degree","Married",0,,,1,1,0,1,"Stockholm","Svealand",3,3,5,5,3,3,1,1,1,10,4,4,4,4,3,3,1,3,3,4,,3,3,5,3,3,3,4,4,3,0,7,0,0,8,0,8,5,7,7,7,7,8,0,7,5,6,7,7,6,4,10,9,0,5,5,4,5,,1,,,,,,,,0,1,1
"0000002821",69,0,3,"No degree","Married",1,"Worker",2,1,1,0,2,"Norrbotten","Norrland",3,4,5,3,3,4,5,4,4,8,3,3,2,2,2,2,2,1,2,1,,3,3,4,5,3,1,2,3,2,1,7,4,4,3,7,7,0,2,7,0,7,3,7,7,2,3,7,0,7,2,5,7,0,10,7,0,5,5,1,,,,,,,,0,,0.7541
"0000002605",86,0,3,"No degree","Married",0,"White collar",1,4,1,,4,"Västra Götaland","Götaland",3,3,5,3,1,1,1,1,1,10,3,3,4,3,2,3,1,3,3,3,4,3,3,5,3,3,2,4,4,3,0,7,0,0,6,8,9,2,3,9,2,8,7,9,10,2,1,9,0,8,0,8,10,0,0,9,0,7,8,1,"KD","KD",0,"Right",0,1,0,0,2,0.821
"0000001666",62,0,3,"No degree","Married",1,"Worker",4,1,1,0,4,"Skåne","Götaland",2,4,5,5,2,3,2,3,3,7,3,2,4,3,2,3,2,3,3,2,,1,2,5,2,3,2,4,4,2,1,2,2,0,3,2,2,1,1,2,0,2,4,4,5,5,1,3,0,4,5,8,7,3,5,7,1,5,5,0,,,,,,,,0,,1.1008
"0000000961",68,1,7,"Bachelor","Married",0,"White collar",2,1,1,0,1,"Västernorrland","Norrland",3,3,5,3,1,1,1,1,4,9,4,4,4,3,3,3,2,4,3,3,4,4,4,5,5,3,2,3,3,3,0,0,0,7,9,0,4,6,6,5,5,5,9,0,5,4,5,5,4,5,0,10,10,0,5,7,5,6,2,1,"S","S",0,"Left",0,0,1,1,3,0.5247
"0000001808",79,0,2,"No degree","Widowed",0,"Worker",1,2,1,0,2,"Södermanland","Svealand",2,3,5,5,2,3,4,3,4,6,2,2,1,3,1,2,2,2,2,2,,4,2,3,1,3,1,4,3,3,0,7,0,7,1,6,6,5,1,3,0,1,8,7,4,5,0,2,0,6,3,8,8,0,3,8,4,5,5,1,,"SD",,,,,,0,1,1.1092
"0000001986",97,1,2,"No degree","Widowed",0,"Worker",1,1,1,,2,"Västra Götaland","Götaland",1,1,1,1,1,1,1,1,1,5,1,1,1,1,1,1,1,,4,,,,3,,1,,,,,,0,0,0,0,,,,,,,,,,,,,,,,,,,,,,,,,,0,,,,,,,,0,3,1.1014
"0000000425",59,1,8,"Postgraduate","Single",,"White collar",2,1,1,0,4,"Stockholm","Svealand",4,5,5,5,1,3,1,1,1,8,4,3,3,4,3,3,2,3,3,2,4,4,3,4,5,3,3,4,3,3,0,7,7,7,9,0,2,4,5,1,5,5,9,0,2,4,7,0,4,5,4,10,8,1,6,8,5,6,3,1,"S","S",0,"Left",0,0,1,1,2,0.7658
"0000002088",64,0,,,"Married",1,"Worker",1,,0,,2,"Halland","Götaland",4,2,,,2,,,,1,10,3,,,,,,,3,4,4,,4,4,1,1,4,4,,,5,1,,,,,10,,,,,,,10,,,,,,,,,0,,,,,,,,1,,,,,,,,0,2,1.1008
"0000001982",89,1,7,"Bachelor","Widowed",1,"White collar",1,1,0,,3,"Stockholm","Svealand",3,3,5,5,,,1,1,1,6,3,,,3,,,,3,3,2,3,1,2,5,3,2,2,4,,,1,5,,,8,0,3,5,6,2,9,1,8,0,1,8,9,0,7,1,4,8,10,2,6,10,6,9,5,1,"S","S",0,"Left",0,0,1,0,1,0.5247
"0000000133",51,1,8,"Postgraduate","Married",1,"White collar",3,2,1,0,1,"Kronoberg","Götaland",4,5,5,4,1,1,1,4,1,10,3,3,3,3,2,3,1,3,3,1,4,3,3,5,5,1,2,2,3,3,1,5,7,0,9,0,,,7,0,8,1,10,0,0,8,7,0,5,3,4,6,10,2,6,10,1,8,3,1,"S","V",1,"Left",0,0,1,1,2,0.7658
"0000002172",69,1,3,"No degree","Married",0,"White collar",2,1,1,0,4,"Stockholm","Svealand",3,4,5,3,2,4,3,3,3,7,3,3,3,3,3,3,2,2,2,2,3,3,3,5,5,3,3,3,3,3,0,7,7,7,1,7,10,5,3,5,0,5,5,7,9,3,2,5,1,7,4,5,9,1,5,4,1,5,8,1,"M","M",0,"Right",0,1,0,0,2,0.7489
"0000001727",21,1,3,"No degree","Single",0,"Worker",1,1,1,0,1,"Västra Götaland","Götaland",2,4,5,3,2,3,1,1,3,8,2,2,1,3,1,3,3,3,3,2,3,3,3,5,4,1,2,3,3,3,1,3,,3,9,0,0,6,5,0,9,2,9,0,2,5,5,0,9,1,1,10,10,0,5,10,1,10,2,1,"S",,,"Left",0,0,1,1,2,1.6282
"0000002719",88,0,3,"No degree","Widowed",0,"White collar",1,2,1,,2,"Uppsala","Svealand",3,4,5,2,4,4,1,4,4,9,3,3,2,3,3,3,1,2,2,1,,2,2,4,4,3,4,4,4,3,0,7,0,0,9,6,7,5,8,6,6,8,9,6,7,5,6,6,5,6,1,9,9,0,5,6,4,7,4,1,,"S",,,,,,1,2,0.6234
"0000002129",75,1,4,"No degree","Married",0,"Worker",2,1,1,0,4,"Skåne","Götaland",3,5,5,5,1,1,1,1,1,10,4,3,4,3,2,4,1,3,3,3,4,3,4,5,5,3,4,3,3,3,0,7,7,0,8,0,0,9,5,1,7,5,9,0,0,9,10,1,9,5,2,6,10,0,5,10,4,5,1,1,"V","V",0,"Left",0,0,0,1,2,0.8153
"0000001422",20,1,4,"No degree","Single",0,"Worker",1,2,1,0,1,"Västra Götaland","Götaland",4,4,5,5,1,1,1,4,1,9,3,3,2,3,2,3,2,3,3,1,4,3,3,5,4,2,3,3,3,3,1,5,,7,8,0,1,10,4,1,9,2,8,0,1,10,6,0,6,2,3,10,9,0,5,9,2,8,0,1,"V",,,"Left",0,0,0,1,3,1.346
"0000001950",75,0,6,"No degree","Married",0,,5,1,1,1,,"Västerbotten","Norrland",3,4,4,5,1,2,3,4,1,8,3,3,4,4,2,3,1,3,3,3,2,3,3,5,4,2,4,4,4,4,0,7,3,0,4,0,7,0,10,0,0,3,5,2,2,0,9,2,2,4,3,10,8,0,6,9,1,8,7,1,"S",,,"Left",0,0,1,0,1,0.6234
"0000000735",53,1,8,"Postgraduate","Married",1,"White collar",4,2,1,0,1,"Kalmar","Götaland",2,5,5,5,1,1,1,1,1,10,3,3,3,3,3,3,2,3,3,2,4,,4,5,5,4,4,2,3,3,0,1,7,7,8,0,2,4,8,2,8,2,10,0,5,5,8,3,5,5,3,10,9,1,5,9,3,8,4,1,"MP","MP",0,"Left",0,0,0,0,2,0.7658
"0000002592",19,0,3,"No degree","Single",0,,3,1,1,0,2,"Halland","Götaland",2,3,4,5,4,3,2,5,2,6,2,2,2,3,,3,3,1,1,1,4,3,2,5,4,3,4,3,3,2,1,0,5,6,0,10,9,0,0,5,0,5,0,9,10,5,0,5,0,,1,9,10,0,7,8,1,8,10,1,"SD",,,"Right",1,1,0,1,2,2.2763
"0000000063",52,0,8,"Postgraduate","Married",1,"White collar",4,1,1,0,3,"Stockholm","Svealand",2,4,5,5,1,3,1,2,1,8,3,3,4,3,2,4,2,3,3,2,3,3,3,5,4,2,2,2,3,3,1,3,5,2,7,0,3,4,8,2,9,4,6,0,2,2,9,1,5,5,3,10,9,0,6,10,3,6,4,1,"MP","C",1,"Left",0,0,0,0,,0.7712
"0000001096",23,1,8,"Postgraduate","Single",0,"White collar",1,2,1,0,2,"Kronoberg","Götaland",2,4,5,4,2,1,1,4,5,9,4,2,3,3,2,4,1,,4,4,4,4,3,5,3,2,3,2,3,4,0,0,7,7,10,0,8,5,10,8,7,5,9,0,10,7,10,9,9,5,0,5,10,0,2,8,3,7,5,1,"C","C",0,"Left",0,0,0,1,1,1.1407
"0000001266",57,1,4,"No degree","Single",0,"Worker",2,2,1,0,3,"Stockholm","Svealand",2,3,5,5,2,3,1,2,5,10,3,3,3,3,3,3,1,3,3,1,4,4,3,5,5,2,1,4,4,3,0,5,2,0,9,1,6,6,8,3,6,6,9,1,5,5,8,2,5,5,2,10,9,0,6,9,5,8,3,1,"S","S",0,"Left",0,0,1,0,,1.0931
"0000000147",63,0,3,"No degree","Married",0,"Worker",3,1,1,0,1,"Halland","Götaland",3,5,5,5,4,5,1,2,2,5,3,3,2,2,2,3,2,1,3,1,,4,3,4,3,3,2,3,3,3,0,,,,0,9,9,0,0,9,0,6,0,9,9,0,0,9,0,6,0,9,9,0,1,9,0,3,9,1,,,,,,,,1,2,1.5282
"0000002117",72,0,2,"No degree","Single",1,"Worker",1,1,1,0,1,"Kalmar","Götaland",2,4,4,3,4,4,3,3,3,7,3,3,2,3,3,3,3,3,3,4,4,3,3,5,5,3,3,3,4,3,0,2,0,0,2,10,2,8,2,2,1,2,2,10,2,8,1,2,1,2,0,9,10,0,7,7,3,8,10,1,"SD","SD",0,"Right",1,1,0,1,2,1.1092
"0000001844",79,0,6,"No degree","Single",0,"White collar",1,1,1,0,1,"Skåne","Götaland",3,5,5,5,1,4,4,1,3,0,2,1,1,2,2,1,1,1,1,1,4,3,1,1,3,3,1,2,1,3,0,7,0,0,0,10,10,1,0,10,0,5,1,10,10,1,0,10,0,5,1,10,10,0,0,10,0,6,10,1,"SD","SD",0,"Right",1,1,0,1,3,0.7541
"0000001674",51,0,3,"No degree","Single",1,"Worker",2,1,1,0,3,"Västra Götaland","Götaland",2,4,4,5,4,1,4,3,4,8,2,2,2,4,2,2,1,1,2,1,4,2,2,4,4,2,2,4,4,2,0,0,7,7,0,10,8,0,7,0,0,5,0,9,7,2,8,2,5,5,2,8,9,1,5,7,2,7,10,1,"SD","SD",0,"Right",1,1,0,1,2,1.1008
"0000001900",72,1,6,"No degree","Divorced",0,"White collar",2,1,1,,1,"Västra Götaland","Götaland",2,3,5,5,1,1,1,5,1,9,2,2,3,3,1,4,1,3,4,2,,1,3,5,5,1,3,4,5,3,1,0,0,0,9,0,0,10,6,0,9,4,10,0,0,10,6,0,10,4,2,10,10,0,5,10,2,7,0,1,"V","V",0,"Left",0,0,0,1,3,0.7489
"0000001110",55,0,6,"No degree","Divorced",0,"Worker",2,4,1,0,1,"Örebro","Svealand",3,5,5,3,1,5,1,1,1,5,3,1,2,2,2,2,2,1,2,1,4,3,2,5,4,4,2,3,3,3,1,0,7,7,0,7,10,0,3,10,0,5,0,8,9,0,0,10,0,5,,6,8,0,,8,0,7,8,1,"KD","KD",0,"Right",0,1,0,1,3,0.91
"0000000274",54,1,6,"No degree","Married",1,"White collar",5,2,1,0,2,"Västra Götaland","Götaland",3,4,5,3,3,4,1,2,2,9,3,3,3,4,3,3,3,3,2,2,3,2,3,5,4,3,4,2,3,4,1,5,3,7,9,0,1,8,5,0,1,0,9,5,1,5,7,0,1,1,2,10,8,0,5,10,4,10,1,1,"S","S",0,"Left",0,0,1,1,3,0.9037
"0000002130",80,0,3,"No degree","Married",0,"Self-employed",1,1,1,0,1,"Östergötland","Götaland",2,3,3,3,3,3,2,2,3,3,2,2,2,2,2,2,2,2,2,2,,2,2,3,3,2,2,3,3,3,1,1,2,0,5,3,5,3,1,3,0,1,5,2,1,1,0,1,0,0,5,3,6,3,3,1,1,4,,1,,,,,,,,0,,0.821
"0000000782",61,0,3,"No degree","Married",1,"Worker",2,2,1,0,1,"Dalarna","Svealand",3,4,5,4,4,3,4,4,4,9,3,3,2,3,2,3,1,3,3,2,,3,3,4,5,3,3,3,4,3,1,7,7,0,5,5,7,4,7,5,4,6,6,5,5,4,6,5,4,5,4,5,6,1,5,6,2,5,6,1,,,,,,,,0,2,1.1008
"0000002119",70,1,7,"Bachelor","Married",1,"White collar",2,2,1,0,3,"Stockholm","Svealand",3,4,5,5,1,1,1,1,1,10,4,3,3,3,3,4,2,4,4,3,4,3,3,4,5,2,3,3,3,3,1,7,5,7,10,0,2,10,5,2,10,2,10,0,1,8,6,1,10,5,2,10,10,1,6,9,2,7,2,1,"S","S",0,"Left",0,0,1,1,3,0.5247
"0000002200",58,0,8,"Postgraduate","Married",1,"White collar",5,1,1,0,3,"Västra Götaland","Götaland",3,5,5,5,2,3,2,3,4,10,3,3,3,3,2,3,2,3,3,4,2,3,3,5,5,3,4,2,3,3,1,7,7,3,7,0,10,0,7,0,5,2,9,1,1,1,9,0,5,5,4,5,8,0,6,9,2,6,7,1,"C","M",1,"Left",0,0,0,1,2,0.7712
"0000002005",76,0,3,"No degree","Widowed",1,"White collar",2,2,1,0,2,"Stockholm","Svealand",2,4,5,3,3,2,1,1,2,7,3,2,3,3,2,3,1,3,4,2,3,3,3,5,4,3,3,4,4,3,0,7,3,0,9,1,8,6,8,5,5,6,9,1,7,5,9,3,5,5,2,10,10,0,6,4,4,7,3,1,"S",,,"Left",0,0,1,0,2,1.0469
"0000001918",28,0,4,"No degree","Single",1,"Worker",2,1,1,0,2,"Norrbotten","Norrland",2,4,5,3,4,1,4,4,4,7,3,3,4,4,3,3,1,3,3,1,4,4,3,5,5,2,3,2,3,3,,3,1,0,8,2,5,6,6,4,6,5,9,2,4,5,6,1,5,6,2,7,7,3,3,7,3,5,2,1,"S","M",1,"Left",0,0,1,0,1,1.6791
"0000002104",83,1,,,"Married",0,"Worker",1,,1,,1,"Uppsala","Svealand",4,5,5,5,1,3,1,1,1,10,4,3,4,3,3,4,1,1,3,3,4,4,4,5,5,3,3,3,4,3,0,7,4,0,5,10,8,1,1,8,0,6,5,10,9,0,0,,0,8,1,9,10,0,5,8,0,8,9,1,"SD","SD",0,"Right",1,1,0,1,3,0.7489
"0000001322",54,1,5,"No degree","Single",1,"Worker",2,2,1,0,1,"Kalmar","Götaland",3,5,5,5,4,5,3,3,5,5,3,3,2,3,2,2,2,1,2,1,,3,2,3,3,1,4,1,2,1,1,1,7,7,0,10,8,7,4,10,0,5,3,10,8,8,0,10,0,2,,,,,,,,,8,1,,"S",,,,,,1,2,1.0931
"0000002247",78,1,3,"No degree","Divorced",0,"Worker",,1,1,,2,"Stockholm","Svealand",2,3,5,5,4,4,1,1,1,9,3,2,4,4,2,3,2,4,4,2,4,3,3,4,5,3,4,5,4,3,0,4,0,0,10,0,3,2,8,2,5,5,10,0,3,1,8,2,5,5,,,,,,,,,,1,"S","S",0,"Left",0,0,1,0,1,0.7489
"0000001545",63,0,6,"No degree","Single",0,"Self-employed",4,1,1,0,2,"Uppsala","Svealand",3,4,5,4,2,3,1,1,1,10,4,3,3,3,2,3,1,2,3,4,3,4,3,5,4,3,2,4,4,3,0,7,7,0,8,0,8,0,9,6,1,7,8,2,5,1,9,5,0,6,5,10,9,0,5,8,1,6,5,1,"C","M",1,"Left",0,0,0,0,1,0.91
"0000001340",52,1,5,"No degree","Single",1,"Worker",5,2,1,0,2,"Jönköping","Götaland",3,4,4,3,3,3,1,1,2,9,3,3,4,3,3,2,2,3,3,1,3,3,3,5,4,3,3,2,3,3,1,3,6,7,7,6,9,4,8,8,4,8,8,8,9,5,5,8,5,8,3,9,8,1,4,8,1,6,6,1,"M","M",0,"Right",0,1,0,0,,1.1901
"0000002514",68,0,3,"No degree","Divorced",0,"Worker",1,1,1,0,2,"Skåne","Götaland",3,4,5,4,1,4,1,2,4,5,2,1,2,3,2,2,1,1,1,2,4,3,2,3,1,1,1,3,2,3,1,2,0,0,0,10,8,2,0,8,0,3,0,10,8,3,0,8,0,5,0,10,10,0,0,10,0,7,8,1,"SD","SD",0,"Right",1,1,0,1,2,1.0469
"0000000079",48,1,8,"Postgraduate","Married",0,"White collar",5,2,1,0,1,"Skåne","Götaland",4,5,5,5,1,3,,4,,8,3,3,3,3,2,3,1,2,2,2,3,2,3,5,4,3,3,3,3,3,1,7,7,0,5,0,9,0,8,5,0,9,8,8,9,2,5,8,2,5,5,7,6,0,5,7,1,6,5,1,"M","M",0,"Right",0,1,0,0,1,0.7658
"0000002133",79,1,3,"No degree","Married",0,"White collar",4,1,1,0,4,"Stockholm","Svealand",3,5,5,5,5,1,1,1,5,8,,,4,4,3,3,2,2,3,3,2,2,3,5,5,2,2,4,4,3,1,7,5,7,1,0,7,1,9,1,4,8,6,0,9,2,9,3,0,9,4,10,9,0,7,9,3,7,,1,"C","C",0,"Left",0,0,0,0,,0.8153
"0000002473",74,0,6,"No degree","Married",0,"White collar",2,1,1,0,2,"Stockholm","Svealand",3,4,4,4,3,3,1,4,5,6,2,2,3,3,2,3,1,2,2,2,3,3,2,4,2,2,2,3,2,4,0,5,2,0,7,8,7,7,4,4,3,4,7,8,4,6,4,5,3,5,4,7,7,1,6,6,2,6,3,1,"SD","SD",0,"Right",1,1,0,1,2,0.6234
"0000002709",76,0,3,"No degree","Single",0,"Worker",1,1,1,0,1,"Halland","Götaland",2,3,4,4,2,1,1,4,5,5,3,2,3,2,1,3,1,3,3,3,,3,,3,3,3,2,2,3,2,0,1,,,5,6,7,2,7,10,7,2,5,5,5,5,5,6,5,5,2,0,8,1,6,1,7,4,10,0,,,,,,,,0,,0.7541
"0000001739",25,0,4,"No degree","Single",1,"White collar",1,1,1,0,2,"Uppsala","Svealand",2,3,5,3,2,3,1,4,1,5,3,3,3,4,3,2,1,1,3,1,4,4,3,4,5,4,3,2,3,5,0,0,0,7,2,10,9,0,0,8,0,8,2,10,9,0,0,8,0,8,3,9,8,0,2,6,0,6,8,1,"SD","S",1,"Right",1,1,0,1,2,1.7851
"0000002442",93,1,2,"No degree","Widowed",0,"Worker",1,1,1,,2,"Gotland","Götaland",1,1,5,4,1,2,1,1,3,9,4,3,3,3,2,3,1,4,4,3,4,4,4,5,5,2,3,4,3,3,1,2,0,0,10,0,2,2,6,0,8,2,10,5,3,3,7,0,5,1,2,10,9,0,5,8,4,5,2,1,"S","S",0,"Left",0,0,1,0,1,0.7489
"0000002233",64,1,8,"Postgraduate","Married",0,"White collar",3,1,1,0,4,"Stockholm","Svealand",3,4,5,5,2,1,1,1,3,9,3,4,4,3,3,3,3,3,3,2,4,4,3,5,4,1,1,4,3,3,1,7,7,7,10,0,4,9,7,1,8,5,10,0,0,7,8,0,9,1,2,10,9,0,5,9,3,7,1,1,"S","S",0,"Left",0,0,1,1,3,0.7658
"0000001490",74,0,2,"No degree","Married",1,"Worker",5,2,1,0,1,"Västra Götaland","Götaland",3,4,5,5,1,1,1,1,1,7,3,2,3,3,2,3,1,2,3,3,3,3,4,5,4,3,4,4,4,4,1,7,0,0,4,9,8,3,2,,1,2,8,9,8,3,0,3,1,3,3,7,9,1,3,,,5,6,1,"SD","SD",0,"Right",1,1,0,1,2,0.7541
"0000000392",38,1,7,"Bachelor","Single",1,"White collar",4,3,1,1,1,"Södermanland","Svealand",2,,,,,,1,1,1,7,3,3,2,3,2,3,1,2,3,3,4,4,3,5,5,4,3,2,3,3,1,0,0,7,2,9,8,0,5,8,2,5,6,8,5,1,5,8,1,1,2,9,8,0,4,7,4,5,8,1,"SD","M",1,"Right",1,1,0,1,2,1.073
"0000000386",42,0,8,"Postgraduate","Single",1,"White collar",2,1,1,0,3,"Västra Götaland","Götaland",,,,,,,1,1,2,7,3,3,3,3,3,3,3,3,3,2,3,3,2,4,3,3,2,3,3,4,1,,,,8,1,2,7,3,3,6,4,9,1,2,9,1,3,6,4,5,10,9,2,8,9,4,7,1,1,"V","S",1,"Left",0,0,0,1,2,0.7712
"0000000512",40,0,8,"Postgraduate","Married",1,"White collar",5,1,1,0,3,"Stockholm","Svealand",4,5,4,5,4,3,4,4,2,5,2,2,3,4,1,3,2,1,2,1,3,1,2,3,2,2,3,3,1,3,1,7,7,5,3,5,8,0,2,0,0,5,7,7,7,0,0,5,2,5,3,3,7,0,4,7,0,6,9,1,"M","M",0,"Right",0,1,0,1,1,1.0805
"0000002613",74,1,6,"No degree","Married",0,"White collar",2,2,1,0,2,"Stockholm","Svealand",4,5,5,5,2,4,1,3,3,9,,,,4,3,3,2,2,4,4,4,3,3,5,5,2,2,4,3,3,0,7,5,7,6,8,9,5,3,8,0,5,5,9,9,5,0,9,0,7,3,10,10,0,2,10,0,6,10,1,"M","M",0,"Right",0,1,0,1,2,0.8153
"0000000061",67,1,8,"Postgraduate","Married",0,"Self-employed",4,2,1,0,3,"Stockholm","Svealand",2,3,5,5,2,3,2,4,3,8,3,3,3,3,2,3,2,2,2,2,2,1,3,4,2,,2,3,3,3,1,2,7,7,3,0,2,2,2,0,0,6,6,8,2,2,2,0,1,6,4,10,7,0,6,6,6,5,2,1,"L",,,"Right",0,1,0,0,,0.5247
"0000001990",84,0,2,"No degree","Married",0,"White collar",1,1,1,0,1,"Västra Götaland","Götaland",3,4,5,5,4,3,1,1,5,9,4,3,3,3,3,3,3,3,3,3,2,3,3,4,4,3,3,3,4,3,0,7,0,0,10,5,5,7,9,5,8,6,10,5,6,7,9,5,8,6,0,5,10,0,3,10,1,8,2,1,"S","S",0,"Left",0,0,1,1,2,1.1092
"0000000805",40,1,7,"Bachelor","Single",1,"White collar",4,1,1,0,4,"Skåne","Götaland",2,4,5,5,2,2,1,3,1,8,3,3,3,4,2,4,2,3,3,2,4,3,3,4,5,2,3,4,3,3,1,3,0,7,10,0,4,6,7,2,8,5,9,3,7,9,8,3,6,7,2,10,9,0,5,9,4,7,2,1,"S","S",0,"Left",0,0,1,0,2,1.073
"0000000790",70,0,6,"No degree","Married",0,"White collar",2,3,1,0,2,"Västernorrland","Norrland",3,5,5,1,1,1,1,1,1,10,4,4,4,4,4,4,2,4,4,5,4,4,4,5,5,3,3,5,5,5,0,7,7,7,10,0,3,3,8,3,3,3,10,0,3,3,8,3,3,3,4,10,9,2,7,10,4,8,5,1,"S","S",0,"Left",0,0,1,1,,0.6234
"0000001860",76,0,3,"No degree","Divorced",,"Self-employed",1,,1,,2,"Västra Götaland","Götaland",3,3,2,2,4,3,3,4,3,8,2,2,2,3,2,3,2,3,3,3,,3,3,5,5,3,3,4,4,3,0,4,,,3,1,9,4,5,7,2,7,1,0,9,2,2,7,1,7,1,0,8,1,4,8,1,7,7,,,,,,,,,,1,1.0469
"0000000337",52,1,7,"Bachelor","Married",1,"White collar",5,1,1,0,3,"Skåne","Götaland",3,4,5,5,1,2,1,1,1,8,3,3,3,4,3,4,2,3,3,2,4,4,3,4,4,2,2,3,3,3,1,7,,7,9,0,,,7,1,9,2,,,,,,,,,2,10,8,0,5,10,3,8,2,1,"S",,,"Left",0,0,1,1,2,0.7658
"0000001321",53,1,6,"No degree","Widowed",0,"Worker",1,1,0,,4,"Västra Götaland","Götaland",2,1,5,,,,5,5,5,10,4,,,,,,,3,2,2,1,3,4,5,5,4,4,4,,,1,2,,,10,0,0,0,10,0,0,0,0,,,,,,,,10,,,,,,,,,1,"S","S",0,"Left",0,0,1,0,,0.7658
"0000000493",64,0,7,"Bachelor","Single",,"Self-employed",5,1,1,0,2,"Norrbotten","Norrland",4,5,5,5,3,2,1,1,1,10,4,4,4,4,3,3,2,3,3,1,4,4,4,5,,3,4,4,3,3,1,5,7,1,,,,,,,,,,,,,,,,,5,8,8,0,0,7,2,6,8,1,"SD",,,"Right",1,1,0,1,3,0.7712
"0000001803",75,0,3,"No degree","Married",1,"White collar",1,1,1,0,2,"Stockholm","Svealand",2,3,5,3,1,3,,,4,7,3,3,3,3,2,3,2,3,3,2,3,3,3,4,5,2,3,2,2,3,,7,2,7,8,3,7,5,,5,6,5,5,6,6,4,5,,5,5,0,6,1,0,,4,2,,0,1,"S","S",0,"Left",0,0,1,1,2,1.0469
"0000000822",47,0,8,"Postgraduate","Single",1,"White collar",5,1,1,1,1,"Västernorrland","Norrland",2,3,4,3,4,2,1,4,4,6,3,3,3,4,2,3,1,3,3,1,3,1,3,5,4,3,1,4,3,5,0,7,7,7,,,,,,,,,8,0,4,3,8,2,3,5,6,8,7,2,6,6,5,8,6,1,"L","L",0,"Right",0,1,0,0,1,0.7712
"0000002428",85,1,,,"Divorced",1,"White collar",1,,1,,2,"Södermanland","Svealand",2,4,5,4,4,2,2,2,2,8,3,3,3,3,2,3,1,3,3,3,4,4,3,5,5,,3,4,4,3,0,7,0,0,10,0,3,8,7,6,7,7,10,1,6,7,8,6,7,6,3,10,10,0,6,8,4,7,3,1,"S","S",0,"Left",0,0,1,1,2,0.7489
"0000002666",24,0,7,"Bachelor","Single",0,,4,1,1,1,3,"Stockholm","Svealand",3,4,4,5,2,1,1,1,5,9,4,2,3,3,2,2,2,3,3,2,,4,4,5,5,4,3,2,3,4,0,0,0,7,9,0,6,10,7,0,0,0,9,0,6,7,9,0,0,0,3,10,8,0,4,10,4,8,3,1,,"S",,,,,,1,2,1.1487
"0000001487",63,1,3,"No degree","Married",1,,4,1,1,0,1,"Jönköping","Götaland",3,3,4,3,3,4,2,4,3,6,2,2,2,3,2,1,1,1,3,3,4,3,3,5,3,3,4,4,3,3,1,3,0,0,0,10,6,0,0,7,0,0,0,10,6,0,0,6,0,0,4,10,9,0,4,9,0,6,10,1,"SD","SD",0,"Right",1,1,0,1,1,1.0931
"0000001740",28,0,4,"No degree","Single",1,"Worker",3,3,1,0,4,"Stockholm","Svealand",4,5,5,5,4,4,4,5,2,8,2,1,1,3,2,1,3,1,2,2,4,4,3,5,3,3,2,3,3,3,,3,7,7,1,10,8,0,0,7,0,5,3,10,8,3,1,7,0,6,4,7,9,0,7,8,1,5,8,1,"SD","SD",0,"Right",1,1,0,1,3,1.6791
"0000001131",35,0,5,"No degree","Divorced",1,"White collar",3,3,1,1,3,"Stockholm","Svealand",3,4,5,3,1,1,3,4,4,9,3,3,2,3,2,3,2,2,3,2,3,2,3,4,5,3,2,2,3,3,0,5,2,7,4,0,5,3,6,5,3,7,5,3,5,6,8,5,3,5,4,10,9,1,5,8,3,7,7,1,"L","KD",1,"Right",0,1,0,0,,1.275
"0000001210",33,1,5,"No degree","Single",1,"White collar",5,1,1,0,4,"Stockholm","Svealand",2,4,5,5,1,2,1,4,4,8,4,4,3,4,2,4,2,3,3,2,4,2,3,5,5,2,2,3,3,3,1,,2,7,8,0,5,3,9,3,7,7,10,0,0,5,8,0,2,5,5,10,9,0,6,9,3,7,6,1,"C","C",0,"Left",0,0,0,0,1,1.2661
"0000002204",80,1,4,"No degree","Widowed",,"White collar",1,2,1,0,2,"Västmanland","Svealand",3,3,5,3,2,,,,5,8,3,3,3,4,3,3,,3,3,3,,3,3,5,5,,3,4,4,3,1,7,0,0,,0,,,,,,,,,,,,,,,,,,,,,,,,,,,,,,,,0,,0.7489
"0000000429",36,1,8,"Postgraduate","Married",1,"White collar",4,1,1,1,3,"Stockholm","Svealand",3,5,5,4,2,3,1,4,4,6,3,3,3,4,2,2,2,3,3,2,3,,3,4,4,2,2,2,3,3,1,7,7,6,6,0,1,9,4,1,8,2,7,0,0,9,6,0,5,,5,10,9,2,6,9,4,8,3,1,"V","V",0,"Left",0,0,0,0,2,1.073
"0000001871",83,0,2,"No degree","Divorced",0,"Self-employed",1,,1,0,3,"Västra Götaland","Götaland",3,5,4,1,4,1,5,,,0,2,2,,1,,1,1,1,3,1,,3,1,5,5,,2,3,3,3,0,5,0,0,0,10,8,0,0,9,0,0,0,10,9,0,0,10,0,1,0,10,0,0,0,7,0,0,6,1,,"SD",,,,,,1,,1.1092
"0000000523",66,1,6,"No degree","Married",0,"White collar",5,1,1,0,2,"Västmanland","Svealand",4,4,3,3,2,2,1,4,4,4,3,3,4,3,2,2,1,2,2,1,3,3,2,4,4,3,4,1,,,0,7,,,5,7,8,0,4,7,0,9,9,10,4,0,7,8,0,10,3,7,7,0,3,7,0,5,6,1,"L","M",1,"Right",0,1,0,0,2,1.0396
"0000001996",83,1,3,"No degree","Married",0,"Self-employed",2,1,1,0,4,"Västra Götaland","Götaland",3,5,5,3,4,1,3,4,5,10,4,4,3,3,3,3,2,4,3,4,4,3,4,5,5,3,3,4,3,3,0,7,1,5,5,1,8,3,6,6,7,5,10,2,8,7,5,6,7,9,2,10,9,1,5,7,6,5,5,1,"S","S",0,"Left",0,0,1,1,2,0.7489
"0000002277",85,1,4,"No degree","Married",0,"White collar",1,1,1,0,1,"Uppsala","Svealand",2,3,5,5,4,2,5,,,2,2,2,2,3,2,2,2,1,3,1,4,3,2,5,5,2,4,4,4,3,0,,0,0,1,10,9,0,0,10,0,,,,,,,,,,,10,,0,0,10,0,10,10,1,"SD",,,"Right",1,1,0,0,,0.7489
"0000002266",67,1,6,"No degree","Widowed",1,"White collar",1,2,1,0,2,"Västernorrland","Norrland",3,4,5,4,4,2,2,4,4,8,3,3,3,3,2,3,2,3,3,2,3,3,3,5,4,2,2,4,3,3,1,6,0,0,9,2,3,7,8,3,7,3,10,3,4,6,7,3,7,6,3,8,7,1,4,8,5,6,3,1,"S","S",0,"Left",0,0,1,1,2,0.6191
"0000001523",49,0,3,"No degree","Married",1,"Worker",2,1,1,0,2,"Västra Götaland","Götaland",3,4,5,4,2,2,1,1,1,10,4,4,4,4,3,4,2,3,4,1,4,3,4,5,4,3,3,4,3,3,1,4,7,7,8,0,0,7,9,0,6,5,8,0,0,5,10,0,6,6,2,10,8,1,4,9,3,7,2,1,"C","S",1,"Left",0,0,0,0,1,1.1008
"0000002103",31,0,4,"No degree","Single",0,"Worker",2,1,1,0,2,"Västmanland","Svealand",2,2,5,5,,,3,4,1,8,2,2,2,3,2,1,1,1,3,3,1,1,3,3,2,3,4,3,3,3,1,0,,,0,0,0,5,0,0,6,0,2,2,2,2,2,2,2,2,5,5,5,5,5,5,5,5,3,1,,"L",,,,,0,0,,1.6791
"0000001288",50,1,3,"No degree","Single",1,"Worker",4,2,1,0,1,"Gävleborg","Norrland",2,3,,,,,1,1,1,5,,3,3,3,3,,3,2,3,2,,3,3,4,4,3,3,2,3,3,,0,6,7,9,9,9,0,5,4,0,0,9,9,9,0,5,4,0,4,,,,,,,,,,1,,,,,,,,1,2,1.0931
"0000001003",53,1,5,"No degree","Single",1,"White collar",5,1,1,0,2,"Värmland","Svealand",2,3,5,5,4,1,1,2,5,10,2,2,3,3,1,3,2,3,3,1,3,3,3,4,4,2,3,3,3,3,1,5,0,7,9,0,2,2,5,0,1,4,10,0,0,8,8,0,1,5,2,10,9,0,5,9,0,7,2,1,"S","MP",1,"Left",0,0,1,0,2,1.1901
"0000000977",32,1,7,"Bachelor","Single",0,"Worker",2,1,1,0,2,"Kronoberg","Götaland",3,5,5,,,,3,3,3,7,2,2,2,3,1,3,2,1,1,1,,1,1,3,2,3,2,1,2,1,1,0,,,6,8,8,0,0,8,0,6,10,7,0,0,0,7,0,4,,9,7,0,3,9,1,4,7,1,,,,,,,,0,,1.073
"0000001341",40,1,,,"Divorced",,,,,0,,,"Stockholm","Svealand",,,,,,,,,,,,,,,,,,,,,,,,,,,,,,,,1,1,7,,,,,,,,,,,,,,,,,,,,,,,,,,,,,,,,,,,,1.5316
"0000001196",20,1,4,"No degree","Single",0,,1,1,1,0,4,"Uppsala","Svealand",2,4,5,4,2,3,2,3,3,8,3,3,3,4,2,3,2,2,,3,3,3,3,4,4,3,3,3,3,3,,0,1,2,6,3,8,2,3,6,5,8,6,3,7,5,5,5,5,6,3,9,7,2,4,6,5,6,7,1,"L",,,"Right",0,1,0,0,2,1.346
"0000002447",74,1,2,"No degree","Single",0,"White collar",1,1,1,0,1,"Gävleborg","Norrland",3,3,1,1,3,3,1,1,1,3,2,2,2,2,2,3,1,3,3,2,3,3,3,5,5,2,3,1,1,3,1,7,0,0,10,0,0,2,0,0,2,2,10,0,0,2,0,0,2,2,0,0,0,0,0,0,0,0,0,1,"S","S",0,"Left",0,0,1,1,2,0.7489
"0000002811",59,0,3,"No degree","Married",0,"Self-employed",1,1,1,0,1,"Skåne","Götaland",3,4,4,4,1,4,1,4,4,6,2,2,3,4,2,3,1,2,2,1,3,3,3,4,4,3,3,3,3,1,1,4,0,0,3,8,5,8,3,5,2,5,2,8,,,0,2,0,3,4,5,7,2,5,7,4,6,5,1,"V","M",1,"Left",0,0,0,0,,1.1008
"0000002827",68,1,5,"No degree","Widowed",0,"Self-employed",1,1,1,0,1,"Östergötland","Götaland",3,1,5,3,4,3,1,1,1,8,4,4,4,2,3,3,2,2,3,1,4,4,4,5,4,,1,4,4,4,0,0,0,7,2,5,10,0,0,5,2,5,7,8,9,5,5,8,5,5,4,0,10,1,0,0,0,0,10,1,"M","M",0,"Right",0,1,0,1,2,0.7489
"0000002009",79,1,,,"Widowed",0,"White collar",1,,1,0,2,"Uppsala","Svealand",3,4,5,3,3,3,1,4,4,7,3,3,2,2,2,1,2,4,4,3,2,3,,,3,2,2,,,,,6,0,0,9,1,5,5,5,5,7,5,9,2,3,3,7,1,3,1,,,,,,,,,,1,"S","S",0,"Left",0,0,1,,,0.8153
"0000001643",56,0,5,"No degree","Divorced",1,"Worker",2,1,1,1,1,"Halland","Götaland",2,4,5,3,2,2,2,4,2,8,3,3,3,4,2,2,1,3,3,3,4,3,3,5,2,2,3,3,3,3,0,6,1,2,7,0,0,10,4,0,7,0,6,6,4,7,3,3,6,6,4,10,9,1,5,9,2,8,2,1,"V",,,"Left",0,0,0,0,2,0.91
"0000001934",81,0,7,"Bachelor","Married",0,,5,2,1,0,1,"Södermanland","Svealand",3,5,5,5,1,5,,,,,,,,,,,,,,3,,,3,5,4,3,4,3,5,3,1,6,0,0,5,,9,0,7,8,,6,8,9,9,4,7,9,1,6,0,10,10,0,3,9,0,7,8,,,"M",,,,,,1,2,1
"0000001053",48,0,5,"No degree","Single",1,"White collar",4,1,1,,1,"Kronoberg","Götaland",3,5,5,4,1,3,1,2,4,10,3,4,4,4,3,3,2,4,4,2,4,4,4,5,5,3,3,3,3,3,1,0,7,7,10,0,2,7,8,0,7,3,10,0,3,3,10,0,7,5,3,10,8,2,5,10,5,6,3,1,"S","V",1,"Left",0,0,1,1,3,1.1008
"0000000739",66,0,6,"No degree","Married",1,"White collar",5,4,1,0,2,"Östergötland","Götaland",4,5,5,1,1,1,1,1,1,10,4,4,4,4,4,4,1,4,4,2,4,4,4,5,5,3,4,5,5,3,1,7,7,1,10,0,1,7,5,1,5,2,10,0,1,7,6,0,5,1,0,10,10,0,6,10,5,9,1,1,"S","S",0,"Left",0,0,1,1,3,0.6234
"0000000559",66,0,5,"No degree","Married",1,"White collar",2,2,1,0,4,"Skåne","Götaland",4,5,5,4,1,1,1,1,1,9,3,3,3,3,3,3,2,3,4,4,4,4,3,5,5,2,3,3,4,3,0,7,7,7,10,0,1,7,7,1,7,1,10,0,0,6,6,0,2,2,4,10,10,2,5,10,4,8,3,1,"S","S",0,"Left",0,0,1,1,3,0.7541
"0000000361",36,0,9,"Postgraduate","Single",0,"Self-employed",2,1,1,0,2,"Skåne","Götaland",3,4,1,4,3,4,4,5,2,8,2,2,3,4,2,3,2,2,3,2,,1,2,4,2,3,3,3,4,3,0,0,3,6,4,5,7,0,4,5,0,8,6,9,8,1,2,6,0,8,3,6,7,1,4,7,1,6,6,0,,"L",,,,,,0,2,1.1063
"0000001268",42,1,5,"No degree","Married",1,"Worker",2,3,0,,1,"Uppsala","Svealand",2,3,5,4,5,3,1,3,3,3,1,1,1,1,1,1,1,2,1,1,2,2,1,4,1,2,2,2,1,3,1,2,7,0,4,5,8,8,8,5,4,5,5,5,5,5,5,5,5,5,3,10,7,3,3,7,3,6,5,1,"M","M",0,"Right",0,1,0,0,1,1.1901
"0000001072",33,1,4,"No degree","Single",1,"White collar",2,2,1,0,1,"Västra Götaland","Götaland",2,3,5,5,4,2,2,3,2,7,3,3,2,3,2,3,2,2,3,2,2,2,3,4,4,2,3,4,4,4,0,1,3,3,5,1,8,2,7,7,4,6,6,3,9,5,8,6,5,5,2,8,7,1,5,7,5,7,7,1,"M","KD",1,"Right",0,1,0,0,1,1.6674
"0000002149",76,1,4,"No degree","Divorced",1,"Worker",1,1,1,,2,"Örebro","Svealand",3,4,5,4,3,5,1,4,4,7,2,2,3,3,3,2,2,3,3,3,3,3,3,5,5,2,3,4,3,3,1,4,3,6,9,1,2,7,7,3,5,5,9,1,3,6,6,2,5,5,,10,10,0,3,10,3,8,0,1,"S","V",1,"Left",0,0,1,0,2,1.0396
"0000002419",70,1,2,"No degree","Single",,"Worker",1,3,1,0,1,"Västra Götaland","Götaland",3,5,5,2,2,3,1,5,2,8,3,3,3,3,2,2,2,3,3,2,4,3,3,4,5,3,3,2,3,4,0,4,2,7,10,0,3,6,8,1,7,3,10,0,3,8,8,2,7,2,4,10,9,2,5,9,4,8,3,1,"S","S",0,"Left",0,0,1,1,3,1.1014
"0000001155",43,0,6,"No degree","Single",0,"Worker",2,2,0,,4,"Västra Götaland","Götaland",3,4,5,4,1,1,1,2,1,9,3,3,2,4,3,4,1,3,3,2,3,2,3,4,5,2,1,4,5,4,1,7,7,7,7,0,0,7,3,0,8,0,8,0,0,8,5,0,5,0,5,10,10,0,5,10,3,10,3,1,"MP","C",1,"Left",0,0,0,0,2,0.91
"0000002319",80,0,7,"Bachelor","Married",0,"White collar",5,1,1,0,3,"Stockholm","Svealand",3,5,5,5,3,2,2,2,2,9,3,3,3,4,3,3,3,2,3,4,3,3,3,4,4,3,2,4,3,3,0,7,2,5,2,5,9,1,3,8,1,8,5,5,8,3,2,7,0,7,1,8,9,0,5,9,1,6,9,1,"M","M",0,"Right",0,1,0,1,2,0.5283
"0000000954",62,0,6,"No degree","Married",0,"White collar",5,1,1,0,4,"Stockholm","Svealand",3,5,5,5,2,3,1,1,1,5,3,1,2,2,2,1,1,1,3,1,4,4,1,5,4,3,3,2,3,3,1,7,7,0,3,10,10,0,0,10,0,5,5,10,9,0,0,10,0,8,3,8,8,0,1,8,0,6,7,1,"SD","SD",0,"Right",1,1,0,1,2,1.1984
"0000002824",80,1,2,"No degree","Married",0,"Worker",1,3,1,0,2,"Västra Götaland","Götaland",3,4,3,1,1,3,1,1,,5,2,2,3,4,1,2,1,2,2,3,,3,1,5,3,1,1,3,3,1,0,7,0,0,5,10,10,5,0,10,5,5,5,10,10,7,0,10,0,7,,,,0,,,,,,1,"SD","SD",0,"Right",1,1,0,1,,1.0396
"0000001188",57,1,4,"No degree","Married",1,"Worker",2,1,0,,2,"Skåne","Götaland",3,4,4,4,4,5,4,4,5,5,3,3,3,3,2,2,2,3,3,3,,2,3,4,3,3,3,3,4,4,1,7,7,7,9,7,8,7,7,8,8,8,9,7,8,7,7,7,8,8,7,4,7,5,5,5,5,5,5,1,"S","M",1,"Left",0,0,1,0,1,1.0931
"0000000851",62,0,3,"No degree","Married",0,"White collar",5,1,1,0,3,"Stockholm","Svealand",3,4,5,5,2,3,3,4,2,8,2,2,1,3,2,3,2,1,3,2,3,3,3,4,3,3,2,3,3,3,1,7,4,7,3,6,8,0,5,3,0,5,7,7,8,0,5,6,0,5,3,10,8,0,5,8,0,5,8,1,"M","M",0,"Right",0,1,0,1,2,1.1008
"0000002097",81,1,3,"No degree","Married",1,,2,2,1,,3,"Stockholm","Svealand",2,4,5,5,5,4,1,1,1,10,4,4,4,4,3,3,1,4,4,3,4,3,4,5,5,3,2,2,3,1,1,7,0,0,10,0,5,5,5,5,5,5,5,0,6,5,5,5,5,5,5,4,9,1,4,4,4,4,5,1,"S","S",0,"Left",0,0,1,1,2,0.7489
"0000001506",46,0,4,"No degree","Married",0,"Self-employed",3,1,1,1,3,"Stockholm","Svealand",2,4,4,,,,1,,,6,3,3,3,2,2,2,3,3,3,,,2,3,3,3,3,2,3,3,3,1,1,,,2,6,10,5,2,3,0,5,2,8,10,5,5,7,1,6,0,8,10,2,6,8,0,7,8,1,,"M",,,,,,1,2,1.1008
"0000000503",33,1,8,"Postgraduate","Single",1,"White collar",5,1,1,0,4,"Stockholm","Svealand",3,4,5,5,1,3,1,1,1,9,4,4,4,4,3,3,1,3,3,2,3,3,3,5,5,2,2,4,3,4,1,3,6,6,9,1,5,3,5,4,5,5,10,0,3,2,6,3,5,5,5,10,9,0,5,6,4,6,5,1,"S","S",0,"Left",0,0,1,1,2,1.073
"0000000286",73,1,9,"Postgraduate","Single",0,"White collar",1,1,1,0,2,"Halland","Götaland",4,5,5,2,2,1,1,1,1,10,4,4,4,4,3,4,3,4,4,2,4,4,4,5,5,3,3,4,5,3,1,7,0,0,10,0,2,8,8,1,10,5,10,0,1,9,9,1,10,5,1,10,10,0,5,9,1,7,0,1,"S","S",0,"Left",0,0,1,1,3,0.5247
"0000001123",59,0,4,"No degree","Divorced",,"Self-employed",1,3,0,,4,"Skåne","Götaland",3,3,3,3,3,3,2,2,2,7,3,3,3,2,2,2,2,3,3,4,3,3,3,3,3,3,3,4,4,2,1,7,7,3,,,,,,9,,,,,,,,9,,,,,,,,9,,,9,1,"KD","KD",0,"Right",0,1,0,1,,1.1984
"0000001712",64,0,3,"No degree","Single",1,"Worker",4,1,1,0,2,"Södermanland","Svealand",3,3,3,3,5,3,2,2,2,5,3,3,3,4,2,3,2,2,3,3,4,3,2,5,3,2,3,4,4,3,1,7,4,0,6,8,7,3,5,5,2,5,6,8,7,2,5,6,2,5,0,10,10,2,1,7,1,7,8,1,"SD","SD",0,"Right",1,1,0,0,,1.1008
"0000002066",84,1,2,"No degree","Widowed",0,"White collar",1,1,1,,4,"Stockholm","Svealand",2,3,3,3,3,3,3,3,3,,2,2,2,2,2,2,2,2,3,4,,3,3,5,5,3,3,2,2,2,0,3,0,0,,,,,,,,,,,,,,,,,,,,,,,,,,1,,,,,,,,0,2,0.7489
"0000000042",48,0,4,"No degree","Single",0,"Worker",5,1,1,1,3,"Halland","Götaland",2,4,5,4,3,3,2,2,2,8,4,3,3,4,3,4,2,3,3,2,3,3,3,5,4,3,3,3,3,2,1,1,0,7,8,1,7,1,5,6,5,7,7,6,5,4,5,5,5,5,4,6,6,,5,7,2,7,5,1,"S",,,"Left",0,0,1,0,1,0.7712
"0000001446",55,0,5,"No degree","Married",1,"Farmer",2,3,1,0,1,"Örebro","Svealand",4,5,5,5,4,2,4,4,1,8,3,3,4,3,3,4,2,2,3,2,3,3,3,5,4,3,3,3,3,3,0,7,5,7,4,1,10,3,10,9,2,7,5,6,6,5,10,9,3,7,4,5,8,1,7,9,1,6,7,1,"C","C",0,"Left",0,0,0,1,2,1.1008
"0000000377",27,1,8,"Postgraduate","Single",1,"Worker",2,2,1,0,1,"Skåne","Götaland",3,4,5,5,2,3,1,4,1,10,4,4,4,4,4,4,4,3,3,1,4,4,4,5,5,3,2,2,3,3,1,6,0,5,5,3,7,4,5,5,3,9,8,4,4,7,5,5,4,8,3,6,9,0,3,8,1,6,7,1,"L","M",1,"Right",0,1,0,0,2,1.073
"0000001558",66,0,3,"No degree","Married",0,"Worker",4,2,1,0,2,"Skåne","Götaland",2,2,5,3,1,3,1,2,4,7,2,2,3,3,1,1,1,3,4,3,3,3,3,5,4,2,3,3,4,4,1,0,0,0,5,1,6,1,2,1,1,4,7,2,4,1,2,1,0,3,3,10,9,0,6,8,0,7,7,1,"M","S",1,"Right",0,1,0,0,,0.7541
"0000001327",37,1,3,"No degree","Widowed",1,"Worker",1,2,0,,1,"Gävleborg","Norrland",3,5,4,4,4,4,1,5,2,4,2,2,2,4,1,4,1,1,1,1,,3,2,5,1,3,1,1,2,2,1,7,2,7,10,10,10,6,5,10,0,9,10,10,10,6,5,10,0,9,9,9,9,3,3,9,0,5,9,1,,,,,,,,0,1,1.5316
"0000001515",33,0,4,"No degree","Single",0,"Worker",2,1,1,0,2,"Västernorrland","Norrland",2,4,4,4,4,3,1,2,2,5,2,2,1,3,2,1,1,1,2,2,3,3,2,3,4,3,2,3,3,3,1,0,1,1,0,8,5,0,0,5,0,4,0,9,1,1,0,6,0,5,2,5,8,0,1,7,0,6,5,1,"SD","SD",0,"Right",1,1,0,1,2,1.6791
"0000001599",56,1,5,"No degree","Widowed",1,"Worker",2,2,0,,3,"Stockholm","Svealand",2,4,3,1,4,3,3,3,5,6,2,3,3,4,3,3,1,3,3,2,2,2,3,3,2,3,3,4,4,3,1,4,6,0,9,5,7,5,8,7,6,5,9,5,7,7,8,5,6,5,8,0,4,,6,4,4,5,5,1,"S",,,"Left",0,0,1,0,1,1.1901
"0000000928",69,0,5,"No degree","Married",0,,2,1,1,0,1,"Halland","Götaland",2,5,5,5,3,3,3,3,3,8,3,3,3,2,2,3,1,2,3,2,3,4,3,5,4,3,3,3,3,3,1,1,,,6,8,9,0,2,8,0,5,6,8,8,0,2,8,0,5,3,10,9,0,3,8,0,6,8,1,"M","M",0,"Right",0,1,0,0,2,0.6234
"0000001701",38,0,4,"No degree","Single",1,,2,2,1,0,1,"Halland","Götaland",3,4,5,4,3,1,4,4,4,6,2,2,1,2,3,2,1,2,3,2,3,3,3,4,3,2,3,2,3,3,1,1,2,4,,,,,,,,,3,9,5,4,3,6,1,5,2,9,8,0,4,9,1,6,6,1,"SD","SD",0,"Right",1,1,0,1,2,1.6791
"0000002789",74,1,8,"Postgraduate","Married",0,"White collar",3,1,1,,1,"Skåne","Götaland",4,5,5,3,1,3,1,1,1,7,3,3,3,3,3,3,,2,3,2,3,4,3,5,4,3,2,4,3,3,0,7,3,0,4,1,9,0,4,8,0,9,3,3,9,0,4,9,0,7,2,8,9,0,4,9,2,5,7,1,"L","L",0,"Right",0,1,0,1,2,0.5247
"0000002689",79,1,,,"Widowed",0,,,,1,0,2,"Örebro","Svealand",1,4,1,,,,1,,,,,,,,,,,3,3,2,2,2,3,5,,3,3,,,,0,3,,,,,,,,,,,,,,,,,,,,,,,,,,,,1,"SD","S",1,"Right",1,1,0,,2,0.7489
"0000002654",18,0,6,"No degree","Single",0,,1,1,1,0,1,"Skåne","Götaland",3,4,4,4,5,4,4,4,4,8,3,3,2,3,3,2,2,2,2,1,,3,3,5,4,1,1,5,3,5,,4,4,4,0,10,9,1,5,8,0,1,2,10,10,6,5,8,3,7,4,6,8,2,4,8,3,6,7,1,,,,,,,,0,,2.2763
"0000001319",40,1,5,"No degree","Single",1,"Worker",4,3,1,0,1,"Västra Götaland","Götaland",3,4,5,5,4,4,2,4,4,8,3,3,1,3,3,3,2,2,2,,3,3,3,4,4,2,1,2,3,3,1,5,4,7,0,9,9,5,5,0,0,5,1,9,8,1,0,1,5,5,0,7,9,0,8,3,1,8,8,1,"M","M",0,"Right",0,1,0,0,2,1.5316
"0000002449",79,0,3,"No degree","Married",1,"Self-employed",3,1,1,0,2,"Uppsala","Svealand",3,5,5,5,4,5,2,2,1,8,3,3,3,3,3,3,2,3,3,2,4,3,3,5,5,3,2,4,5,3,1,7,4,4,10,0,2,8,8,5,5,6,10,0,2,7,10,3,5,5,4,10,8,1,6,4,4,6,5,1,"S","S",0,"Left",0,0,1,1,2,0.7541
"0000001495",79,0,3,"No degree","Widowed",0,"White collar",1,3,1,,1,"Västerbotten","Norrland",3,4,5,1,4,1,1,3,5,9,3,3,2,2,3,2,1,3,3,3,4,4,4,5,4,3,2,4,4,3,0,0,3,0,10,7,0,9,8,4,0,5,10,7,0,8,8,1,0,5,0,10,10,0,3,10,3,,0,,"S","S",0,"Left",0,0,1,1,3,0.6234
"0000001286",49,1,6,"No degree","Single",1,"Worker",,2,1,0,1,"Värmland","Svealand",2,4,5,5,3,3,1,1,3,8,3,3,3,3,2,3,1,3,3,,4,4,3,5,5,1,3,3,3,3,1,7,7,0,9,0,3,6,7,0,5,5,8,2,2,5,8,2,5,5,4,10,10,0,6,8,5,,4,1,"S","S",0,"Left",0,0,1,0,2,0.9037
"0000000746",47,0,8,"Postgraduate","Married",1,"Self-employed",5,1,1,0,1,"Jämtland","Norrland",3,4,5,5,2,3,5,5,4,10,1,2,3,4,1,4,1,3,3,1,1,2,3,5,1,3,1,3,4,3,1,3,7,0,6,0,2,0,4,0,0,0,9,3,0,0,3,0,0,3,4,10,7,0,6,10,2,8,4,1,"S","C",1,"Left",0,0,1,1,2,0.7712
"0000000143",62,1,7,"Bachelor","Married",1,"White collar",4,1,0,1,3,"Stockholm","Svealand",3,5,5,1,1,1,1,1,1,10,4,3,4,4,2,4,1,3,3,2,3,4,4,5,5,2,3,2,3,3,1,7,7,7,5,0,5,0,9,0,0,5,9,0,5,0,10,0,0,5,4,10,8,0,7,10,1,7,,1,"C","M",1,"Left",0,0,0,0,2,1.1901
"0000002801",27,0,8,"Postgraduate","Single",0,,1,1,1,0,2,"Östergötland","Götaland",2,4,5,5,1,3,1,4,2,7,2,2,3,4,2,2,1,3,3,2,3,2,3,4,3,3,3,2,3,2,0,0,2,7,5,0,4,3,4,0,3,3,7,0,4,3,3,3,5,5,4,8,7,1,6,8,3,7,3,1,"S","M",1,"Left",0,0,1,0,1,1.0805
"0000002548",71,0,6,"No degree","Married",1,"Self-employed",5,1,1,0,4,"Stockholm","Svealand",4,5,5,5,1,1,1,1,1,9,4,4,4,3,3,3,1,3,3,3,4,4,4,5,5,3,3,4,5,5,1,7,7,7,10,0,3,5,8,0,7,8,10,0,0,5,8,0,6,6,4,9,9,3,8,10,4,7,5,1,"S","S",0,"Left",0,0,1,1,2,0.6234
"0000000549",68,1,7,"Bachelor","Married",1,"White collar",2,4,1,0,1,"Västra Götaland","Götaland",3,4,4,5,4,3,3,3,3,8,3,3,3,4,3,3,2,3,3,3,,4,3,5,3,2,4,4,4,3,0,7,2,7,,,,,,,,,,,,,,,,,,,,,,,,,,1,,,,,,,,1,,0.5247
"0000000350",40,1,8,"Postgraduate","Married",1,"Worker",4,1,1,1,3,"Västra Götaland","Götaland",3,4,5,1,1,1,1,5,4,7,2,3,3,4,2,3,2,2,2,2,3,2,3,5,5,2,2,3,3,4,1,2,1,7,5,0,1,8,5,0,8,1,7,0,0,10,10,0,7,0,6,10,9,0,5,10,0,9,,1,"MP","V",1,"Left",0,0,0,0,2,1.073
"0000000628",48,0,7,"Bachelor","Married",1,"Self-employed",4,1,1,0,1,"Gävleborg","Norrland",4,5,4,5,1,5,4,4,4,7,4,3,3,3,2,2,1,1,1,2,3,3,3,5,4,4,3,2,3,2,1,1,3,0,4,9,8,0,0,8,0,6,5,9,8,0,0,9,0,6,4,6,8,0,1,8,0,6,9,1,"SD","SD",0,"Right",1,1,0,1,3,1.1984
"0000002322",76,1,5,"No degree","Married",0,"White collar",3,1,1,0,1,"Stockholm","Svealand",2,4,5,5,1,1,2,4,3,7,,,,3,2,3,2,2,2,2,,3,3,5,4,2,4,4,3,3,1,0,1,0,4,1,8,1,8,7,4,8,3,2,8,5,8,7,5,5,3,8,7,1,6,6,3,5,6,1,"L","M",1,"Right",0,1,0,0,1,0.8153
"0000001804",84,1,2,"No degree","Married",1,,2,2,1,0,1,"Kronoberg","Götaland",2,3,,,5,,2,,,10,2,,,,,,,4,3,3,2,1,3,5,3,1,4,4,,,0,7,,0,10,,,,,,,,10,,,,,,,,,,,,,,,,,1,"S","S",0,"Left",0,0,1,1,,1.1014
"0000000767",60,0,4,"No degree","Married",1,"White collar",3,1,1,0,2,"Västmanland","Svealand",3,5,5,3,3,4,2,2,2,7,3,3,3,3,3,3,2,2,3,1,2,4,3,3,4,3,2,2,4,3,,4,1,0,7,8,9,1,1,1,1,1,7,7,8,1,1,1,1,1,5,8,9,0,5,7,4,6,8,1,"M","SD",1,"Right",0,1,0,1,2,0.91
"0000001108",39,1,4,"No degree","Married",0,"Worker",4,1,1,0,2,"Gävleborg","Norrland",2,2,3,3,3,3,3,3,3,5,3,3,3,3,3,2,2,1,3,2,,4,2,4,5,3,3,3,3,3,1,0,7,2,5,5,5,5,5,5,5,5,5,5,5,5,5,5,5,5,5,5,5,5,5,5,5,5,5,0,,"SD",,,,,,0,,1.6674
"0000001685",59,0,8,"Postgraduate","Married",0,"Self-employed",1,1,0,,2,"Västernorrland","Norrland",4,4,5,4,3,4,3,5,5,7,3,3,3,4,2,4,2,3,3,4,,3,3,5,5,3,4,3,4,4,1,3,,7,5,5,10,5,0,9,5,8,6,5,10,6,,9,,9,2,10,10,1,3,8,3,6,10,,,,,,,,,1,,0.7712
"0000001724",64,0,4,"No degree","Married",0,"White collar",2,1,1,0,2,"Skåne","Götaland",2,5,5,4,5,3,1,1,1,10,3,3,2,4,2,3,1,3,3,2,4,4,4,5,5,3,2,4,4,3,1,7,0,7,7,9,7,2,5,2,0,5,8,9,7,1,5,1,0,3,2,10,9,0,4,7,1,6,8,1,"SD","SD",0,"Right",1,1,0,0,2,1.1984
"0000002231",77,1,7,"Bachelor","Married",0,"White collar",3,1,1,0,3,"Stockholm","Svealand",3,4,5,3,4,1,1,3,1,9,4,4,3,3,2,3,1,3,3,3,4,4,3,4,5,1,1,3,4,3,1,7,0,0,10,0,1,4,6,2,5,5,10,0,0,5,6,1,1,5,3,10,9,1,6,8,5,5,3,1,"S","C",1,"Left",0,0,1,0,2,0.5247
"0000001257",50,1,6,"No degree","Married",0,,2,2,1,0,3,"Stockholm","Svealand",2,4,5,3,3,3,1,1,1,8,3,3,2,2,2,2,2,2,3,2,3,4,3,3,3,2,3,1,3,1,1,3,5,6,4,7,6,0,5,8,1,2,5,5,5,5,5,5,5,5,1,7,10,0,4,8,5,5,6,1,"KD","KD",0,"Right",0,1,0,1,2,0.9037
"0000000764",66,0,6,"No degree","Single",1,"White collar",4,3,1,0,2,"Gävleborg","Norrland",4,5,5,5,3,4,2,1,4,8,3,2,2,2,2,2,1,1,2,2,,3,2,5,4,2,2,3,2,3,1,5,7,3,2,7,7,1,0,6,0,3,2,6,5,1,0,6,0,6,4,7,7,0,5,6,1,6,7,1,,,,,,,,0,2,0.6234
"0000001827",77,1,6,"No degree","Married",0,"White collar",2,2,1,0,2,"Halland","Götaland",4,4,5,3,5,1,1,1,1,10,4,4,3,3,3,3,2,2,3,2,4,,3,5,5,2,2,4,5,3,0,7,7,7,2,5,10,0,2,9,0,8,2,5,10,0,2,9,0,9,0,9,10,0,5,10,0,10,10,1,"M","M",0,"Right",0,1,0,1,3,0.6191
"0000002192",64,0,3,"No degree","Married",0,"Self-employed",2,1,1,0,1,"Västerbotten","Norrland",3,4,5,4,1,1,1,4,4,10,4,4,4,4,3,3,2,4,4,3,4,4,4,5,5,3,4,2,3,3,1,7,5,5,10,3,4,7,7,3,8,7,10,5,2,3,8,2,6,5,2,10,10,1,6,10,3,6,3,1,"S","S",0,"Left",0,0,1,1,,1.5282
"0000000431",22,0,4,"No degree","Single",1,"White collar",1,2,1,1,4,"Skåne","Götaland",2,3,5,5,2,2,1,2,4,7,2,2,2,3,1,2,1,3,4,1,3,2,3,3,3,2,2,3,3,5,1,0,,7,9,0,1,4,8,1,2,1,9,0,1,6,5,1,1,1,,10,,1,4,9,3,7,4,1,"S","S",0,"Left",0,0,1,0,1,1.3555
"0000001249",33,1,,,"Single",,,,,1,0,,"Skåne","Götaland",3,4,5,5,1,1,1,4,4,9,2,2,4,4,2,3,1,3,3,,3,2,,,5,,,2,3,2,,5,2,7,,,,,,,,,7,0,0,7,8,0,7,4,4,10,10,2,5,10,2,8,1,1,"V","C",1,"Left",0,0,0,,,1.6674
"0000000031",45,0,8,"Postgraduate","Single",1,"White collar",3,2,1,0,2,"Stockholm","Svealand",3,5,2,5,4,3,1,1,4,7,3,2,4,4,2,4,2,4,4,3,4,4,3,3,3,3,2,4,4,5,1,2,,,8,0,5,0,3,0,0,0,7,5,0,0,0,0,0,1,3,6,8,0,7,10,0,6,4,1,"S","S",0,"Left",0,0,1,1,2,0.7712
"0000001429",34,0,6,"No degree","Married",0,"Worker",4,3,1,0,3,"Stockholm","Svealand",2,4,5,4,4,4,4,3,4,5,2,2,1,3,2,2,2,1,2,1,3,3,2,4,3,4,2,2,3,3,1,1,2,4,0,8,9,0,4,7,0,6,2,10,8,0,0,9,0,7,1,10,9,0,4,7,1,6,9,1,"M","M",0,"Right",0,1,0,1,2,1.6791
"0000001873",87,1,2,"No degree","Divorced",0,"Worker",,,1,,2,"Västra Götaland","Götaland",3,4,5,4,5,3,1,1,1,8,3,2,1,3,2,1,1,1,2,1,,4,2,4,5,3,2,1,3,3,1,2,0,0,1,10,6,0,0,9,0,6,1,10,9,0,0,9,0,4,0,10,10,0,3,10,0,9,10,0,"SD","SD",0,"Right",1,1,0,1,2,1.1014
"0000002087",77,1,,,"Divorced",,,,,1,0,,"Halland","Götaland",2,,,,,,,,,,,,,,,,,,,,,,,,,,,,,,,,,,,,,,,,,,,,,,,,,,,,,,,,,,,,,,,,,,,,,1.1014
"0000002594",73,0,3,"No degree","Single",1,"Worker",1,1,1,0,2,"Gävleborg","Norrland",2,4,4,5,3,4,3,3,5,4,2,2,2,2,2,2,2,1,4,2,4,4,3,4,5,2,4,4,4,4,1,3,2,5,10,1,9,8,8,7,8,1,10,9,9,4,8,8,8,4,10,5,10,10,8,5,8,5,10,,"S","S",0,"Left",0,0,1,0,2,0.7541
"0000002127",68,1,3,"No degree","Single",1,"Worker",2,2,1,0,1,"Västerbotten","Norrland",4,5,5,1,1,1,1,1,4,9,3,3,3,3,3,3,2,4,3,1,4,4,3,4,5,3,3,2,3,3,0,2,7,7,10,0,1,7,3,1,8,2,10,0,0,7,7,0,7,1,2,10,10,0,7,10,4,9,1,1,"S","S",0,"Left",0,0,1,1,3,0.7489
"0000001339",52,1,3,"No degree","Married",0,"Worker",5,2,1,0,4,"Västra Götaland","Götaland",2,4,5,4,4,3,1,1,1,10,4,,3,4,2,2,1,3,1,4,3,3,3,5,4,2,2,3,3,3,0,7,7,7,8,5,9,3,6,6,0,6,9,6,9,4,6,6,0,4,5,6,6,0,5,6,0,6,6,1,"M","M",0,"Right",0,1,0,,1,1.0931
"0000002809",79,0,2,"No degree","Married",0,"Worker",1,1,1,,1,"Västernorrland","Norrland",3,4,5,4,5,5,,,5,7,3,3,3,3,3,2,2,3,4,5,4,4,3,5,5,3,3,5,4,3,1,7,3,5,10,3,8,8,9,6,7,7,10,8,8,8,9,8,9,8,0,10,10,0,0,10,0,10,0,1,"S","S",0,"Left",0,0,1,1,2,0.7541
"0000000168",63,0,6,"No degree","Single",1,"White collar",4,1,1,0,2,"Skåne","Götaland",3,5,5,5,2,1,1,3,4,7,3,3,2,3,2,3,1,2,3,2,3,2,3,5,2,3,2,3,3,3,1,2,4,0,3,3,3,5,0,0,2,6,7,3,5,6,0,0,0,5,5,7,7,3,5,8,4,6,,1,"L","S",1,"Right",0,1,0,1,2,0.91
"0000001189",35,0,5,"No degree","Single",1,"Worker",2,1,1,0,2,"Dalarna","Svealand",3,1,5,1,1,3,4,5,1,8,2,2,1,3,1,1,1,1,1,1,3,2,3,5,5,3,2,4,4,3,1,0,1,7,0,0,,0,10,5,0,9,0,0,10,0,9,10,0,9,,10,9,0,8,7,0,,9,,"L","M",1,"Right",0,1,0,1,3,1.275
"0000001074",53,0,8,"Postgraduate","Single",0,"White collar",2,1,1,0,3,"Stockholm","Svealand",4,5,5,5,4,2,4,4,2,9,4,3,4,4,3,3,2,1,1,1,4,4,4,5,5,3,4,3,4,4,1,3,5,7,5,10,9,3,0,9,0,7,6,10,9,6,0,8,0,7,3,8,7,0,2,8,2,6,8,1,"SD","SD",0,"Right",1,1,0,1,2,0.7712
"0000002331",68,1,5,"No degree","Single",0,"White collar",2,1,1,0,3,"Stockholm","Svealand",4,5,4,5,2,1,1,2,4,9,4,3,3,3,3,3,1,2,3,2,3,4,3,5,4,2,1,2,3,2,0,7,0,0,5,9,9,2,4,8,0,4,3,9,8,5,3,8,0,3,4,9,9,3,4,9,3,4,8,1,"SD","SD",0,"Right",1,1,0,0,1,0.7489
"0000002493",67,0,7,"Bachelor","Divorced",0,"White collar",3,4,0,,4,"Stockholm","Svealand",4,4,5,5,4,3,4,4,3,6,3,3,2,3,2,3,2,3,3,3,3,3,3,5,5,3,4,4,4,2,1,6,7,7,7,4,6,5,0,10,0,7,7,6,10,5,1,9,1,7,2,10,10,0,2,6,0,5,7,1,"KD","SD",1,"Right",0,1,0,1,2,0.5283
"0000001519",48,0,3,"No degree","Divorced",0,"Self-employed",3,3,0,,3,"Stockholm","Svealand",3,5,5,4,4,5,,,5,3,1,1,1,2,1,2,2,1,2,2,3,3,2,3,2,1,3,3,3,3,1,7,7,7,6,0,0,8,0,0,6,0,5,0,0,9,1,0,5,5,10,10,10,2,5,9,2,10,0,1,"V","MP",1,"Left",0,0,0,0,,1.1008
"0000001912",80,1,5,"No degree","Widowed",0,"Self-employed",2,1,1,0,1,"Dalarna","Svealand",3,3,5,4,3,3,2,1,4,9,2,2,2,3,1,2,1,4,3,2,4,2,3,5,3,2,2,1,3,3,1,7,0,5,10,0,0,6,5,0,2,5,10,0,0,5,5,0,0,5,3,10,10,0,5,10,5,5,5,1,"S","S",0,"Left",0,0,1,1,2,0.7489
"0000000906",33,0,4,"No degree","Married",1,"Worker",5,1,1,0,3,"Stockholm","Svealand",4,5,5,5,1,1,1,1,2,9,4,3,4,4,3,4,2,3,3,2,4,4,4,5,4,1,2,3,3,4,1,6,7,7,8,0,1,10,3,0,9,2,9,0,1,7,3,0,6,2,3,9,10,0,8,10,3,8,0,1,"V","V",0,"Left",0,0,0,1,3,1.6791
"0000000986",45,1,5,"No degree","Single",0,"White collar",5,1,1,0,3,"Skåne","Götaland",3,5,5,3,5,3,1,4,1,4,2,2,2,3,2,3,2,2,3,1,3,3,2,4,2,3,2,4,3,3,1,5,3,5,8,9,8,0,1,2,0,6,8,10,8,0,1,2,0,8,1,9,9,0,4,8,1,7,7,1,"SD","SD",0,"Right",1,1,0,1,2,1.1901
"0000000975",43,1,6,"No degree","Married",0,"Self-employed",3,1,1,0,4,"Västra Götaland","Götaland",3,5,5,5,3,3,,,4,4,3,3,3,4,2,3,2,2,2,2,4,3,2,4,2,2,2,2,2,2,1,3,1,0,7,0,0,10,6,0,7,0,7,0,0,7,7,0,4,0,3,10,8,1,5,7,3,7,0,1,"V","V",0,"Left",0,0,0,1,2,0.9037
"0000000483",60,1,,,"Married",,,,,0,1,,"Skåne","Götaland",3,,,,,,,,,,,,,,,,,,,,,,,,,,,,,,,,,,,,,,,,,,,,,,,,,,,,,,,,,,,,,,,,,,,,,0.9037
"0000001852",87,0,2,"No degree","Married",0,"Worker",2,1,1,0,1,"Halland","Götaland",3,4,5,4,5,4,1,3,3,10,4,4,4,3,,2,,3,3,3,3,3,3,4,5,3,3,4,4,4,0,3,,,,,,,9,,,10,,,,,8,,,10,2,10,10,0,4,8,2,6,3,1,"S","S",0,"Left",0,0,1,1,1,1.1092
"0000002595",75,0,2,"No degree","Married",0,"White collar",1,1,1,,2,"Västmanland","Svealand",2,3,5,,,,1,1,1,6,2,2,2,3,2,2,2,2,2,2,2,2,2,3,5,2,2,2,1,3,0,2,,,8,6,3,6,3,2,3,4,8,7,3,7,3,3,1,3,2,6,7,7,8,1,1,3,2,1,"S","S",0,"Left",0,0,1,0,2,0.821
"0000001752",45,1,4,"No degree","Single",1,"Worker",1,6,0,1,2,"Stockholm","Svealand",2,3,,,4,,,,4,10,2,,,,,,,3,3,4,3,3,3,5,5,3,3,,,,1,,,,8,4,6,6,9,8,8,7,9,7,8,10,,9,8,,9,5,4,7,,,7,4,4,1,"C","S",1,"Left",0,0,0,1,1,0.7658
"0000000299",47,0,8,"Postgraduate","Married",1,"Worker",4,1,1,0,3,"Skåne","Götaland",3,5,5,5,1,1,1,4,3,9,4,4,4,4,3,4,2,3,3,2,3,2,4,5,4,3,4,4,4,3,1,0,3,3,8,0,5,5,5,3,8,7,9,0,5,5,5,2,7,5,3,9,8,2,5,9,3,5,5,1,"MP","L",1,"Left",0,0,0,0,1,0.7712
"0000001385",63,1,5,"No degree","Divorced",1,"Worker",2,2,1,1,2,"Skåne","Götaland",3,5,5,5,3,5,1,4,4,7,2,2,2,3,2,3,1,2,3,1,3,3,3,3,4,2,2,3,3,2,1,5,7,0,9,5,2,9,2,2,5,3,10,5,2,,2,2,5,3,2,9,9,1,8,8,7,9,1,1,"V","V",0,"Left",0,0,0,1,2,1.1901
"0000002557",67,1,4,"No degree","Single",0,"Self-employed",3,1,1,1,2,"Gävleborg","Norrland",3,3,5,5,3,3,3,3,3,10,4,4,4,4,4,4,3,3,4,3,2,4,4,5,3,3,4,5,5,3,0,4,0,0,10,8,9,4,7,5,4,5,10,8,8,8,10,5,5,5,3,8,9,0,6,6,3,6,7,1,"M","M",0,"Right",0,1,0,0,2,0.8153
"0000002073",74,1,2,"No degree","Single",0,"Worker",2,6,1,0,1,"Jönköping","Götaland",2,4,5,3,1,3,1,1,1,8,3,3,3,3,2,3,1,2,3,2,3,4,3,5,3,3,3,3,3,3,0,6,0,0,3,2,6,0,7,7,0,7,9,4,8,3,8,7,4,9,1,10,9,0,6,6,0,5,6,1,"L",,,"Right",0,1,0,0,,0.7489
"0000000550",55,1,4,"No degree","Single",1,"White collar",2,2,1,0,4,"Stockholm","Svealand",4,5,5,4,1,1,1,1,2,9,4,4,4,4,3,4,2,3,3,2,3,3,4,4,5,2,2,3,3,4,1,1,7,7,7,0,1,9,1,0,9,2,10,0,0,7,8,0,10,2,2,7,10,0,9,10,2,7,0,1,"MP","V",1,"Left",0,0,0,1,2,0.9037
"0000001525",60,0,3,"No degree","Single",0,"Self-employed",4,1,1,0,2,"Skåne","Götaland",3,4,5,4,3,4,4,4,3,9,4,3,3,3,2,3,2,3,4,2,3,3,3,5,4,2,3,4,4,3,,1,,,7,8,7,8,5,7,4,9,8,9,7,8,3,8,4,8,4,10,8,1,3,8,2,5,6,1,"L","L",0,"Right",0,1,0,0,,1.5282
"0000000033",64,1,7,"Bachelor","Divorced",1,"White collar",5,1,1,0,4,"Stockholm","Svealand",4,5,5,4,1,1,1,1,1,10,4,4,4,4,3,3,1,3,3,2,3,3,4,5,3,3,3,3,3,3,1,7,3,0,8,1,7,5,5,2,6,4,9,1,5,3,5,3,5,3,4,10,8,2,5,9,5,8,4,1,"S","S",0,"Left",0,0,1,1,2,0.9037
"0000001157",60,1,4,"No degree","Married",1,"Self-employed",5,2,1,0,3,"Skåne","Götaland",2,3,5,3,5,3,4,4,3,8,2,2,2,3,2,2,2,1,3,2,4,3,3,4,3,1,4,1,3,2,1,0,0,7,2,9,10,6,2,7,0,6,5,9,8,5,2,6,0,7,2,8,10,0,3,5,0,6,8,1,"M","M",0,"Right",0,1,0,1,1,1.0931
"0000002301",79,0,2,"No degree","Married",,"Worker",1,1,1,0,1,"Dalarna","Svealand",2,3,3,3,3,4,1,1,3,9,3,2,2,3,2,3,1,3,3,2,,2,3,5,1,3,3,3,3,3,1,5,0,0,7,8,2,7,5,0,0,2,6,5,1,5,3,1,1,0,,5,,1,3,8,,8,3,1,"SD","SD",0,"Right",1,1,0,0,,1.1092
"0000001191",53,1,5,"No degree","Divorced",0,"Worker",2,2,1,0,2,"Skåne","Götaland",3,4,5,5,4,3,1,2,4,7,3,3,3,3,3,4,3,3,3,1,3,3,3,4,4,2,2,2,3,3,1,7,7,7,6,3,7,5,5,5,4,5,5,4,6,5,5,5,3,5,3,9,8,2,4,6,4,7,5,1,"M","S",1,"Right",0,1,0,0,,1.1901
"0000002503",73,0,9,"Postgraduate","Married",0,"White collar",3,1,0,,3,"Stockholm","Svealand",3,4,4,3,2,4,4,4,3,6,2,2,3,2,2,2,2,2,1,2,3,2,2,4,4,3,3,3,3,3,0,5,2,2,1,5,8,0,1,5,0,5,2,6,8,0,0,6,0,4,2,9,8,0,2,7,0,5,7,1,"M","M",0,"Right",0,1,0,0,,0.5283
"0000000843",47,1,8,"Postgraduate","Married",1,"White collar",5,2,1,0,2,"Örebro","Svealand",2,4,5,5,1,1,1,1,1,7,3,3,4,4,3,3,2,3,3,1,3,4,4,5,5,3,3,3,4,4,1,0,7,6,4,8,9,1,1,8,1,9,3,4,9,3,1,6,1,9,6,10,9,0,6,8,4,7,7,1,"L","KD",1,"Right",0,1,0,1,2,0.7658
"0000002485",78,0,5,"No degree","Widowed",0,"White collar",2,3,1,0,2,"Kalmar","Götaland",3,4,5,5,3,4,4,4,2,8,3,3,3,4,2,2,2,2,2,3,4,3,3,5,4,3,3,3,4,3,1,7,4,2,3,9,8,1,4,7,0,3,6,10,8,1,2,7,0,6,2,10,9,1,3,8,0,7,8,1,"SD","SD",0,"Right",1,1,0,0,1,0.821
"0000002375",18,0,3,"No degree","Single",0,,5,6,1,1,2,"Stockholm","Svealand",2,2,3,5,4,4,3,4,5,0,2,2,2,2,2,2,2,3,2,2,,1,2,3,1,3,3,3,3,3,1,3,4,7,5,5,5,0,,5,0,0,5,5,5,5,5,5,0,0,5,5,5,5,5,5,5,5,5,,,,,,,,,0,,2.2763
"0000002384",47,0,6,"No degree","Single",1,"Worker",2,1,1,0,2,"Gävleborg","Norrland",2,4,5,5,1,1,1,1,1,8,3,3,3,3,3,3,2,2,2,2,3,3,3,5,4,3,2,3,3,3,1,3,7,7,5,0,8,2,5,5,0,5,6,4,5,6,5,2,0,5,5,7,8,0,3,7,0,5,6,1,"M","M",0,"Right",0,1,0,0,,0.91
"0000001695",55,0,4,"No degree","Divorced",1,"Worker",2,1,0,,3,"Örebro","Svealand",4,3,4,2,3,2,1,1,2,9,4,2,2,1,3,3,2,1,1,1,4,4,3,4,5,1,4,3,3,2,,2,0,0,3,0,1,10,4,1,6,1,1,0,0,10,6,0,3,1,9,10,10,2,8,10,3,10,1,1,"V","S",1,"Left",0,0,0,1,,1.1984
"0000001654",54,0,6,"No degree","Married",1,"Worker",5,1,1,0,1,"Västernorrland","Norrland",3,5,5,3,2,3,1,1,1,10,3,3,3,,3,3,2,4,4,2,4,4,4,5,5,3,4,4,4,3,1,1,0,0,10,0,0,6,4,0,4,1,10,0,1,5,5,0,3,1,3,10,10,0,6,10,2,9,2,1,"S","S",0,"Left",0,0,1,1,2,1.1008
"0000002377",73,0,8,"Postgraduate","Widowed",0,"White collar",1,2,1,0,3,"Stockholm","Svealand",4,5,5,5,1,1,1,1,1,8,3,3,4,4,2,3,1,3,3,5,3,4,3,5,5,2,1,4,4,3,0,7,,,9,0,0,9,2,0,8,2,9,0,0,8,2,0,5,2,3,10,10,1,9,10,3,7,2,1,"S","S",0,"Left",0,0,1,1,,0.5283
"0000001946",24,1,4,"No degree","Single",0,,2,2,1,0,2,"Örebro","Svealand",2,4,5,5,1,3,,,,,,,,,,,,,,3,,,3,5,4,1,2,3,4,4,1,1,2,6,7,0,0,5,7,5,10,3,10,0,0,5,5,5,8,4,2,,10,0,6,8,2,6,2,,,"MP",,,,,,1,3,2.2604
"0000002191",68,1,7,"Bachelor","Married",1,"White collar",3,2,1,0,1,"Skåne","Götaland",3,5,5,4,1,1,1,2,4,8,3,2,3,3,3,,2,3,3,1,4,3,3,3,5,2,3,3,2,2,1,6,5,7,7,0,1,9,2,0,9,1,9,0,0,9,4,0,9,1,3,10,10,1,6,10,4,8,1,1,"MP","V",1,"Left",0,0,0,1,2,0.6191
"0000002669",66,1,3,"No degree","Married",0,"White collar",3,1,1,0,1,"Värmland","Svealand",2,4,5,3,3,2,1,1,5,10,3,3,1,3,3,3,2,2,1,2,,3,3,5,4,2,2,3,3,3,1,6,1,0,,,,,,,,,,,,,,,,,,,,,,,,,,1,,,,,,,,,,0.7489
"0000001849",78,1,5,"No degree","Widowed",1,"Worker",1,2,1,0,2,"Södermanland","Svealand",2,5,5,5,1,3,1,1,5,8,4,3,3,3,2,3,2,4,4,2,4,3,3,5,4,3,3,4,4,4,0,7,0,0,8,6,7,6,8,6,6,6,8,6,7,6,8,6,6,6,0,,10,0,7,8,0,7,,1,"S",,,"Left",0,0,1,0,2,0.6191
"0000001594",33,0,4,"No degree","Single",0,"Worker",3,1,1,0,1,"Värmland","Svealand",2,3,4,4,4,5,1,5,5,4,3,4,2,4,2,2,1,3,3,3,3,3,3,5,5,1,1,4,4,2,1,3,0,2,8,9,10,7,5,5,5,7,8,9,10,6,4,5,7,5,0,10,10,0,10,10,0,10,8,1,"M","SD",1,"Right",0,1,0,1,2,1.6791
"0000000094",28,1,7,"Bachelor","Single",1,"White collar",2,1,1,0,2,"Uppsala","Svealand",4,5,5,5,1,1,1,3,2,9,4,3,4,3,3,4,2,3,3,1,3,4,4,5,3,1,3,4,3,3,1,1,7,7,9,0,0,10,4,0,7,2,9,2,2,7,4,0,3,5,2,6,9,0,5,9,1,5,2,1,"S","V",1,"Left",0,0,1,1,2,1.073
"0000001576",56,0,,,"Married",1,"Self-employed",4,,1,0,3,"Västra Götaland","Götaland",3,5,4,4,4,3,4,3,1,10,2,2,1,3,3,3,3,2,2,3,3,4,3,4,5,3,2,2,4,4,1,5,6,1,3,8,9,1,3,9,1,5,3,8,8,2,0,8,1,7,4,10,9,1,4,9,1,6,8,1,"M","KD",1,"Right",0,1,0,1,3,1.1008
"0000001875",80,1,7,"Bachelor","Widowed",0,"White collar",2,2,1,0,2,"Jönköping","Götaland",3,4,5,5,1,1,1,1,2,8,3,3,4,4,3,3,1,3,3,1,3,3,3,5,4,3,2,2,3,2,,7,0,0,7,5,9,0,2,8,0,9,8,7,7,0,2,7,0,7,4,10,10,0,5,8,3,7,6,1,"L","M",1,"Right",0,1,0,0,2,0.5247
"0000000893",35,1,8,"Postgraduate","Single",1,"White collar",5,2,1,0,4,"Västra Götaland","Götaland",3,4,5,5,2,2,2,4,1,10,3,3,4,4,3,4,2,3,4,2,4,4,3,5,5,3,4,2,3,5,1,7,7,7,9,0,4,3,8,2,6,7,10,0,5,5,8,0,6,4,5,10,8,2,6,9,3,7,5,1,"S","L",1,"Left",0,0,1,0,2,1.073
"0000001975",76,0,6,"No degree","Married",1,"White collar",2,1,1,0,,"Västra Götaland","Götaland",3,4,5,5,3,3,1,2,4,8,3,3,4,3,3,3,3,3,3,3,3,3,3,4,3,3,3,3,3,3,0,7,0,0,8,4,6,7,6,6,7,7,8,5,5,6,6,6,5,6,4,8,7,2,4,7,3,6,5,1,"L","L",0,"Right",0,1,0,0,1,0.821
"0000000765",61,0,3,"No degree","Single",0,"White collar",3,1,1,,1,"Uppsala","Svealand",3,5,5,5,4,1,1,1,1,1,1,1,1,2,1,1,1,1,3,1,3,2,2,2,2,1,1,3,3,3,1,2,5,0,2,7,1,0,0,5,0,1,1,7,1,2,0,6,0,0,1,4,10,0,0,7,0,2,3,1,"SD","SD",0,"Right",1,1,0,0,1,1.1008
"0000000277",60,0,7,"Bachelor","Married",,"Worker",,,1,0,2,"Västerbotten","Norrland",3,3,3,3,2,2,1,1,4,8,3,3,3,2,3,3,2,3,3,3,,3,3,5,5,2,2,3,3,3,1,7,4,5,,,,,,,,,,,,,,,,,4,8,9,3,6,8,3,8,,1,,,,,,,,1,2,0.91
"0000001938",68,1,7,"Bachelor","Married",1,"White collar",3,3,1,0,2,"Skåne","Götaland",4,5,5,3,2,4,1,1,1,7,3,3,3,3,2,3,2,3,3,2,4,2,3,4,5,1,3,3,3,3,0,4,7,7,10,0,1,1,5,1,8,0,10,0,1,1,8,1,9,1,,9,,0,5,3,7,8,2,1,"S","S",0,"Left",0,0,1,1,2,0.5247
"0000001947",84,1,2,"No degree","Single",0,"White collar",2,1,0,1,2,"Västernorrland","Norrland",2,3,5,4,4,3,,,,,,,,,,,,,,2,,,3,3,3,3,3,4,3,4,1,0,0,0,6,8,6,5,6,5,6,5,6,8,6,5,6,5,6,5,5,8,9,3,5,6,6,6,5,,,"SD",,,,,,0,1,1.1014
"0000002644",100,1,2,"No degree","Widowed",0,,1,1,1,,1,"Västra Götaland","Götaland",2,3,5,5,5,4,3,3,3,5,2,2,2,3,2,1,1,1,2,2,3,2,2,3,5,3,2,3,3,,1,0,0,0,0,10,10,0,0,10,0,8,0,10,10,0,0,10,0,10,0,10,10,0,3,9,0,8,10,1,"M","M",0,"Right",0,1,0,1,3,1.1014
"0000001580",63,0,4,"No degree","Married",1,"Worker",,1,1,0,2,"Jönköping","Götaland",2,4,5,3,3,3,1,1,1,8,3,3,2,3,2,2,2,3,3,2,4,4,3,4,5,3,4,3,3,3,1,4,0,7,9,1,3,3,3,3,7,3,9,2,5,5,9,5,6,5,1,8,8,1,8,6,3,8,1,1,"S","S",0,"Left",0,0,1,1,3,1.1008
"0000000527",63,0,4,"No degree","Married",1,"White collar",4,1,1,0,2,"Blekinge","Götaland",4,5,5,5,1,1,1,2,1,9,4,4,3,3,3,3,2,2,3,1,4,4,4,5,4,4,4,4,3,3,0,5,6,6,5,2,7,1,1,7,0,9,5,5,7,5,2,7,1,9,4,6,10,0,5,10,4,7,7,1,"L","L",0,"Right",0,1,0,1,2,0.7712
"0000000859",36,0,7,"Bachelor","Married",0,"White collar",5,1,1,0,3,"Stockholm","Svealand",4,5,5,5,3,3,3,4,2,8,3,3,3,3,2,2,2,2,2,4,3,3,3,5,4,3,3,4,3,4,1,0,7,7,4,4,6,0,3,3,0,4,3,6,6,3,3,2,1,5,6,9,8,2,7,9,0,7,8,1,"M","M",0,"Right",0,1,0,0,2,1.275
"0000000491",31,1,7,"Bachelor","Single",0,"White collar",4,1,1,0,2,"Dalarna","Svealand",2,3,5,5,4,3,3,3,3,10,2,2,2,4,2,2,2,2,3,1,3,3,3,5,4,2,3,2,3,3,1,0,1,7,7,5,5,5,5,5,8,5,4,6,5,5,6,5,4,5,0,10,10,0,5,10,0,10,5,1,"S","S",0,"Left",0,0,1,0,1,1.073
"0000000691",51,1,8,"Postgraduate","Divorced",1,"White collar",5,1,0,1,3,"Stockholm","Svealand",,5,5,5,2,1,1,4,3,7,2,2,2,3,2,2,2,2,2,2,,2,2,3,3,2,2,3,3,3,1,,1,7,2,7,9,0,0,8,0,8,,9,9,0,0,8,0,8,2,10,9,0,4,9,0,5,8,1,,,,,,,,0,2,0.7658
"0000002711",19,0,4,"No degree","Single",0,,4,1,1,0,2,"Västerbotten","Norrland",4,5,5,5,1,4,1,1,4,9,3,3,4,3,3,2,2,1,2,2,4,3,3,4,5,2,3,3,3,3,1,1,7,7,2,10,5,1,,7,0,4,2,10,6,2,0,8,0,4,1,7,8,0,4,9,2,6,7,1,"SD",,,"Right",1,1,0,1,2,1.7851
"0000002591",74,0,3,"No degree","Married",0,"Worker",1,1,1,0,2,"Västerbotten","Norrland",3,4,5,4,4,2,1,1,1,9,3,3,3,2,2,2,1,3,3,3,4,4,3,5,4,3,3,2,4,5,1,7,7,0,10,0,0,6,5,0,7,1,10,0,0,5,6,0,6,0,1,10,10,1,5,10,2,8,1,1,"S","S",0,"Left",0,0,1,1,2,0.7541
"0000000932",33,1,,,"Single",,,,,1,0,,"Värmland","Svealand",3,,,,,,,,,,,,,,,,,,,,,,,,,,,,,,,6,5,7,,,,,,,,,,,,,,,,,,,,,,,,,,,,,,,,,,,,1.073
"0000002638",82,0,8,"Postgraduate","Married",0,,5,1,1,0,4,"Stockholm","Svealand",3,5,5,5,1,2,1,2,2,10,3,3,4,2,3,3,2,3,3,2,3,3,3,5,4,3,2,3,3,3,1,7,7,0,5,5,8,1,6,6,1,8,7,4,5,5,7,6,3,7,2,7,8,1,5,9,1,7,8,1,"L","M",1,"Right",0,1,0,1,2,0.5283
"0000002089",35,0,4,"No degree","Single",0,,1,1,1,0,3,"Jämtland","Norrland",1,3,1,1,3,3,3,4,5,6,1,1,1,3,1,3,2,1,3,1,,4,1,3,1,3,1,3,3,3,1,0,0,0,0,0,0,0,0,0,0,0,0,0,0,0,0,0,0,0,6,10,9,5,5,10,,8,0,0,,,,,,,,0,,1.5423
"0000000806",49,1,9,"Postgraduate","Single",,"White collar",3,2,1,,4,"Stockholm","Svealand",4,4,5,2,2,4,2,2,4,6,2,2,1,3,2,3,3,3,2,2,,3,2,5,4,2,4,2,3,2,1,7,5,7,5,5,6,3,2,6,3,5,5,5,6,1,2,5,5,5,3,4,6,1,3,5,2,5,7,1,,,,,,,,1,,0.7841
"0000001670",66,0,3,"No degree","Married",1,"Worker",4,1,1,0,2,"Halland","Götaland",3,5,5,5,1,1,1,1,1,10,3,3,4,3,3,4,1,3,4,3,4,4,4,5,5,3,3,2,3,3,1,7,0,0,9,0,1,10,5,1,8,2,10,0,1,9,8,0,7,1,2,10,9,0,6,9,4,8,1,1,"V","V",0,"Left",0,0,0,1,2,0.7541
"0000000645",41,0,8,"Postgraduate","Married",1,"Self-employed",5,1,1,0,3,"Västra Götaland","Götaland",3,4,5,5,1,3,1,2,1,9,3,2,4,3,2,3,2,2,3,2,4,4,4,5,5,4,4,2,3,3,1,1,7,7,3,0,6,0,8,6,2,9,6,3,7,5,8,5,2,8,3,5,9,0,6,9,2,6,6,1,"L","C",1,"Right",0,1,0,0,2,0.7712
"0000001114",64,0,2,"No degree","Married",1,"Worker",3,4,0,,1,"Stockholm","Svealand",2,3,2,3,2,3,4,,,5,3,,,,,,,2,2,4,2,2,2,4,3,4,4,2,,,1,5,4,5,10,,,,,,,,9,,,,,,,,9,,,,,,,,9,1,"S","S",0,"Left",0,0,1,0,,1.1008
"0000001192",23,1,,,"Single",,,,,0,1,,"Västra Götaland","Götaland",2,4,,,,,,,,,,,,,,,,,,,,,,,,,,,,,,2,7,7,,,,,,,,,,,,,,,,,,,,,,,,,,,,,,,,,,,,1.7726
"0000000716",67,0,7,"Bachelor","Married",1,"White collar",4,1,1,0,4,"Västra Götaland","Götaland",3,5,5,5,1,3,1,2,3,8,3,3,3,3,2,3,1,3,3,1,3,3,3,4,5,2,3,4,4,3,1,0,0,0,8,0,2,8,6,0,8,3,8,0,2,8,6,0,8,2,5,10,8,2,6,10,3,7,2,1,"V","S",1,"Left",0,0,0,1,2,0.5283
"0000002227",83,1,6,"No degree","Married",0,,2,2,1,0,2,"Västmanland","Svealand",4,4,5,4,4,1,,,4,9,3,4,3,3,3,3,2,4,3,3,,3,4,5,5,3,3,4,5,3,0,6,3,2,10,0,3,9,5,1,6,2,10,0,1,8,7,0,8,2,0,7,10,0,4,9,2,7,1,1,,"S",,,,,,1,3,0.6191
"0000000946",71,0,3,"No degree","Married",1,"White collar",2,2,1,0,1,"Västra Götaland","Götaland",,4,5,5,1,4,1,1,1,8,4,4,4,4,3,3,2,3,3,4,3,4,3,5,4,2,3,4,3,3,0,6,6,0,9,0,2,,6,1,1,5,9,0,1,9,8,1,1,2,1,10,9,0,6,9,1,7,0,1,"S","S",0,"Left",0,0,1,1,3,0.5283
"0000000261",55,0,8,"Postgraduate","Married",1,"Worker",4,2,1,0,2,"Örebro","Svealand",4,5,5,5,1,1,1,1,2,10,4,4,4,4,4,4,1,3,3,3,4,3,4,5,5,2,3,3,3,3,0,7,5,0,9,2,1,8,1,1,2,2,6,6,4,6,,4,5,4,3,7,9,0,8,9,4,8,3,1,"S","V",1,"Left",0,0,1,0,2,0.7712
"0000000001",62,0,8,"Postgraduate","Divorced",0,"White collar",5,1,1,0,4,"Stockholm","Svealand",4,5,5,5,1,1,1,1,1,9,4,3,3,3,3,3,2,3,3,2,,3,3,5,5,3,3,3,4,4,1,6,,,4,7,8,0,5,8,5,7,7,9,7,5,5,9,4,8,3,10,9,0,4,8,2,6,9,1,,,,,,,,1,2,0.7712
"0000001892",70,1,7,"Bachelor","Married",0,"Worker",2,2,1,0,2,"Östergötland","Götaland",3,4,5,3,1,1,1,1,2,9,3,2,3,3,2,3,2,3,3,2,3,3,3,5,5,2,3,2,3,1,1,7,3,0,10,0,0,9,10,2,9,2,10,0,0,9,10,2,9,2,1,7,10,0,3,8,2,8,2,1,"S","C",1,"Left",0,0,1,1,,0.5247
"0000002736",76,1,4,"No degree","Married",0,"White collar",2,1,1,0,1,"Skåne","Götaland",3,4,5,5,3,3,1,1,1,7,2,2,2,2,2,1,1,2,3,1,,3,3,4,3,2,2,4,3,3,0,7,0,0,8,5,5,4,8,0,5,8,6,6,4,3,6,0,5,6,4,7,7,0,5,10,2,5,,1,,,,,,,,0,,0.7489
"0000000482",57,1,7,"Bachelor","Single",1,"White collar",2,3,1,0,1,"Kalmar","Götaland",4,4,5,5,1,1,1,3,3,9,4,4,3,4,3,3,2,3,3,4,4,3,4,5,5,2,2,4,4,3,0,7,,7,9,0,1,9,8,0,10,5,10,0,0,10,10,0,10,5,2,9,9,0,5,10,1,5,1,1,"MP","MP",0,"Left",0,0,0,1,3,0.7658
"0000002572",63,0,6,"No degree","Married",0,"White collar",2,2,1,0,1,"Jönköping","Götaland",4,4,5,,,,2,2,2,7,3,3,4,4,3,3,2,4,4,3,3,3,2,5,5,3,3,2,4,3,1,5,6,4,9,1,4,5,8,2,7,7,,,,,,,,,3,5,8,4,6,8,5,6,4,1,"S","S",0,"Left",0,0,1,0,1,0.7712
"0000000492",53,0,7,"Bachelor","Married",0,"White collar",5,1,1,0,3,"Halland","Götaland",3,5,5,5,2,4,,,,8,2,3,3,3,2,3,,2,2,3,3,3,3,5,4,3,3,4,3,4,1,4,7,0,5,5,9,1,3,7,0,7,3,7,6,1,1,7,0,5,3,5,7,1,2,6,0,5,7,1,"M","M",0,"Right",0,1,0,0,,0.91
"0000000930",41,1,7,"Bachelor","Married",1,"White collar",3,1,1,0,2,"Västerbotten","Norrland",2,2,5,4,2,1,2,4,4,9,4,4,4,4,3,4,2,3,3,1,4,4,3,4,5,1,2,5,3,4,1,2,7,7,10,0,2,6,,5,0,5,10,0,2,2,8,9,0,2,3,10,8,0,7,6,0,6,2,1,"S","S",0,"Left",0,0,1,1,2,0.7658
"0000002173",23,0,8,"Postgraduate","Single",0,,1,4,0,1,4,"Västra Götaland","Götaland",3,5,4,3,1,3,1,4,1,9,3,3,2,4,3,3,3,3,4,2,2,2,2,4,5,4,3,1,3,2,1,3,0,7,9,6,8,1,7,7,3,6,10,8,9,3,6,4,3,8,2,10,8,0,3,7,5,6,3,1,"S","S",0,"Left",0,0,1,1,2,1.3555
"0000000315",65,0,8,"Postgraduate","Married",0,"Worker",3,1,0,,3,"Stockholm","Svealand",3,5,5,4,3,4,1,1,3,9,3,3,3,3,2,3,2,3,3,3,2,2,3,5,4,3,4,3,3,3,0,7,1,3,8,0,3,4,7,1,8,4,8,0,2,4,8,1,5,4,4,9,8,5,5,9,4,7,3,1,"S","S",0,"Left",0,0,1,1,2,0.5283
"0000000075",56,0,7,"Bachelor","Married",1,"White collar",5,1,1,0,4,"Stockholm","Svealand",4,5,5,5,1,1,1,1,2,8,4,4,4,3,3,4,2,3,3,2,,2,3,5,4,2,2,3,3,3,1,3,4,7,6,1,9,1,6,6,0,9,9,2,7,2,6,6,1,8,4,10,7,0,5,8,2,7,8,1,,,,,,,,0,2,0.91
"0000000636",61,0,6,"No degree","Married",1,"White collar",5,1,1,0,3,"Stockholm","Svealand",3,5,5,5,3,3,1,1,3,8,3,3,3,3,2,2,1,3,4,3,4,3,3,5,5,3,2,2,3,4,1,7,0,2,8,0,3,3,7,0,2,3,9,0,3,2,3,0,5,3,3,10,8,0,4,9,1,5,4,1,"S","S",0,"Left",0,0,1,0,2,1.1008
"0000000092",54,1,3,"No degree","Married",1,"White collar",1,2,1,0,1,"Gotland","Götaland",2,4,4,3,3,2,1,2,3,,3,3,2,3,2,2,2,,3,4,4,3,3,3,5,2,2,4,4,3,1,3,3,4,,,,,,,,,3,9,9,0,2,10,0,3,3,8,8,1,,8,1,5,7,1,"KD","M",1,"Right",0,1,0,1,2,1.1901
"0000001546",32,0,4,"No degree","Single",0,"Worker",4,1,1,0,2,"Södermanland","Svealand",3,4,5,4,4,2,5,3,4,8,2,2,2,2,2,1,2,1,1,1,,3,2,2,4,3,2,3,2,3,1,2,7,7,0,10,10,0,0,10,0,6,0,10,10,0,0,10,0,7,1,10,9,0,0,9,0,6,10,1,,,,,,,,0,3,1.6791
"0000001660",37,0,4,"No degree","Single",0,"Worker",2,1,1,0,1,"Blekinge","Götaland",3,4,5,3,5,4,2,1,2,6,3,3,2,3,2,3,2,2,2,1,4,3,2,5,4,3,3,3,2,3,1,,0,0,5,7,7,2,3,4,2,5,7,9,9,1,1,4,1,5,3,7,8,0,3,6,4,5,,1,"SD",,,"Right",1,1,0,0,1,1.6791
"0000002635",74,1,5,"No degree","Widowed",1,"Worker",1,2,1,0,1,"Stockholm","Svealand",,4,5,4,4,3,,,4,6,3,3,2,4,3,3,2,3,3,3,,2,3,,3,2,3,3,3,3,0,0,0,7,8,0,,,,0,,,8,4,6,6,7,6,8,6,3,5,8,3,3,5,3,,5,,,"S",,,,,,1,2,0.7489
"0000001677",42,0,8,"Postgraduate","Single",1,"Farmer",,6,0,,2,"Västerbotten","Norrland",1,4,,,5,,,5,,9,3,3,2,3,2,2,1,4,4,3,4,4,3,5,4,4,4,2,5,1,1,1,1,3,9,2,6,8,8,6,6,6,,4,6,8,7,7,6,8,10,0,3,8,7,4,4,5,,1,"S",,,"Left",0,0,1,1,2,0.91
"0000000914",39,1,7,"Bachelor","Married",0,"Self-employed",5,1,1,0,1,"Jönköping","Götaland",2,5,5,4,1,1,3,3,2,10,4,4,3,4,3,3,2,4,4,2,4,4,4,5,3,3,3,1,3,3,0,1,0,7,9,0,6,2,9,2,3,6,9,1,5,2,9,1,5,3,3,8,9,0,5,8,3,6,5,1,"S",,,"Left",0,0,1,0,,1.2661
"0000000312",62,1,7,"Bachelor","Married",1,,4,2,1,0,1,"Jönköping","Götaland",2,5,5,3,1,1,1,1,1,6,3,3,3,3,2,3,1,3,3,1,,4,3,3,4,2,2,4,3,3,1,7,2,,,,,,,,,,,,,,,,,,5,7,8,2,5,7,6,6,,1,,,,,,,,0,,0.7658
"0000000310",32,1,7,"Bachelor","Married",1,"White collar",5,2,1,0,2,"Västra Götaland","Götaland",3,4,5,3,2,3,1,1,1,10,3,3,3,4,3,3,3,3,3,2,4,3,3,4,5,2,3,4,4,5,1,7,5,7,10,0,4,1,10,0,7,5,10,0,1,1,10,0,6,5,4,10,8,2,5,10,3,5,5,1,"S","S",0,"Left",0,0,1,1,2,1.073
"0000000539",51,1,8,"Postgraduate","Divorced",1,"White collar",5,1,1,1,3,"Stockholm","Svealand",,,,,,,4,4,2,9,4,3,4,4,3,3,2,2,2,1,2,3,3,5,4,3,3,4,4,3,0,,,,2,0,9,0,3,7,3,10,9,0,8,7,7,4,5,10,3,10,8,0,4,9,2,6,7,1,"L","M",1,"Right",0,1,0,1,3,0.7658
"0000001137",60,0,3,"No degree","Divorced",1,"Worker",2,1,1,0,2,"Skåne","Götaland",3,4,5,3,1,3,1,4,5,9,4,4,4,4,3,4,3,3,4,3,3,4,4,5,5,3,3,4,5,4,0,6,7,3,10,5,5,8,8,5,9,5,10,5,5,8,8,5,9,5,1,10,10,0,5,9,3,8,1,1,"S","S",0,"Left",0,0,1,1,3,1.1008
