"F1003_2","F1004","F1006_NAM","F1101_2","F2001_A","F2002","F2003","F2004","F2005","F2006","F2008","F2009","F2010_1","F2012","F2015","F2016","F2018","F2020","F3001","F3002_1","F3002_5","F3002_6_1","F3003","F3004_1","F3004_2","F3004_3","F3004_4","F3005_1","F3005_2","F3005_3","F3006","F3007_1","F3007_2","F3007_3","F3007_4","F3007_5","F3007_6","F3007_7","F3008_1","F3008_2","F3009","F3010","F3011_LH_PL","F3011_OUTGOV","F3012_1","F3013","F3014","F3015_LH","F3016_LH_PL","F3017","F3018_A","F3018_B","F3018_C","F3018_D","F3018_E","F3018_F","F3018_G","F3018_H","F3019_A","F3019_B","F3019_C","F3019_D","F3019_E","F3019_F","F3019_G","F3019_H","F3020_A","F3020_B","F3020_C","F3020_D","F3020_E","F3020_F","F3020_G","F3020_H","F3020_R","F3022","F3023_1","F3023_4","F3026","F3027","F3028_1","F3028_2","F3028_3","F3028_4"
"0000000658","SWE_2022","Sweden",0.7712,50,0,8,1,1,1,1,1,5,2,752,0,1,4,3,4,5,4,2,1,1,5,3,4,3,2,8,3,3,2,3,3,3,4,1,2,4,1,999999,999999,9,4,1,1,999999,3,8,0,1,5,8,0,5,2,9,2,1,10,9,0,2,2,2,4,9,1,4,10,3,6,3,2,0,9,3,2,5,5,2,8
"0000000656","SWE_2022","Sweden",1.275,31,0,7,4,9,5,2,2,5,1,752,0,14,2,2,1,1,1,2,1,2,3,3,4,2,5,10,1,2,1,2,2,3,4,2,2,4,1,999999,999999,9,2,1,1,752003,4,8,3,9,5,8,5,8,6,8,5,8,5,8,7,6,6,3,7,7,3,4,7,4,8,7,2,0,9,9,2,4,3,2,1
"0000002341","SWE_2022","Sweden",1.275,40,0,6,1,1,1,1,1,4,2,752,1,14,2,2,2,2,7,1,1,1,5,5,5,5,5,10,1,2,2,1,3,1,3,2,2,4,1,752001,1,1,2,1,1,752001,4,8,0,6,2,6,1,3,7,9,0,6,6,6,1,1,5,3,10,8,2,5,9,3,6,6,2,0,3,2,1,3,4,3,1
"0000000170","SWE_2022","Sweden",0.7896,51,0,9,1,1,1,1,2,9,1,752,1,1,3,2,2,7,0,2,1,2,5,3,5,5,1,9,1,1,1,2,2,2,4,2,2,4,1,752003,0,2,2,1,1,752003,4,7,0,8,2,3,4,3,6,6,3,7,4,5,5,4,5,6,4,7,3,5,7,3,6,6,1,0,2,2,2,3,1,3,1
"0000000641","SWE_2022","Sweden",1.1984,47,0,4,4,0,1,2,2,5,1,752,0,1,3,2,2,7,3,2,1,1,4,3,4,2,5,7,2,2,2,1,3,2,3,3,3,4,1,752003,0,2,4,2,1,752003,4,3,2,8,0,3,5,0,7,5,5,8,0,0,3,0,7,3,6,8,0,7,7,1,6,8,2,1,9,3,4,3,3,2,1
"0000000969","SWE_2022","Sweden",1.073,37,1,7,4,1,2,2,1,5,4,752,0,14,3,1,5,1,3,2,1,1,4,3,2,2,5,9,2,2,2,3,2,2,3,2,1,4,1,752008,0,1,1,1,1,752008,5,6,1,8,0,8,9,0,10,6,8,3,7,6,8,2,9,4,10,8,0,5,9,1,7,7,1,1,1,2,1,2,1,3,1
"0000000455","SWE_2022","Sweden",0.9037,49,1,7,1,1,1,2,1,5,2,752,0,12,2,3,5,0,7,2,1,3,4,5,5,5,5,10,1,1,1,1,3,2,4,2,2,4,1,752001,1,1,1,1,1,752001,5,10,0,5,9,6,5,10,7,10,0,4,9,6,1,8,7,1,10,9,0,5,9,5,5,1,1,1,1,3,3,2,3,3,1
"0000000918","SWE_2022","Sweden",1.1901,61,1,3,4,0,3,2,1,1,1,752,0,21,1,4,5,2,7,4,3,3,3,3,3,3,3,8,3,3,3,3,3,3,3,2,2,5,99,999999,999999,9,2,3,0,999999,2,7,0,7,7,7,6,1,7,9,0,7,7,7,6,5,7,5,5,5,5,5,5,5,5,5,2,0,9,2,3,5,3,5,0
"0000001004","SWE_2022","Sweden",0.7658,52,1,7,1,0,1,1,2,5,2,752,0,24,2,2,4,7,7,2,1,1,3,3,4,4,5,7,1,1,1,2,9,2,3,2,2,4,1,752001,1,1,1,1,1,752001,4,10,0,8,7,8,4,7,7,10,0,8,5,9,4,5,5,3,7,8,2,5,8,4,6,3,1,1,2,2,2,2,2,3,0
"0000000623","SWE_2022","Sweden",1.1984,48,0,5,4,0,1,4,1,5,1,752,0,1,3,2,6,7,0,1,1,1,2,1,2,2,3,6,3,3,3,2,3,3,4,4,3,5,1,752002,0,2,4,3,1,752002,2,1,6,4,2,0,5,0,3,2,8,5,2,0,6,0,6,1,5,8,0,6,7,0,7,5,4,0,3,2,3,3,3,3,1
"0000002840","SWE_2022","Sweden",1.7851,19,0,99,4,9,99,9,9,9,9,752,0,21,9,2,99,99,99,9,9,9,9,9,9,9,9,99,9,9,9,9,9,9,9,9,9,9,99,999999,999999,9,9,9,99,999999,9,99,99,99,99,99,99,99,99,99,99,99,99,99,99,99,99,99,99,99,99,99,99,99,99,99,9,9,9,9,9,9,9,9,9
"0000000677","SWE_2022","Sweden",1.0805,34,0,8,1,0,1,1,2,5,1,752,1,1,3,2,7,7,1,1,2,1,4,3,2,3,2,6,2,2,1,2,3,3,4,3,2,5,1,752003,0,2,5,3,1,752003,2,5,5,7,2,2,6,0,5,4,2,4,6,1,6,0,7,4,5,8,1,4,9,1,7,7,4,1,2,2,2,3,3,1,1
"0000000617","SWE_2022","Sweden",1.1984,63,0,4,1,1,7,1,2,1,1,752,0,1,3,1,7,5,5,1,1,1,5,3,4,2,4,9,1,1,1,2,3,2,3,1,1,4,1,752001,1,1,2,1,1,752001,5,10,0,1,1,8,1,1,0,10,0,2,1,9,0,0,0,4,10,10,0,4,9,4,9,4,1,1,1,2,1,3,1,3,8
"0000000615","SWE_2022","Sweden",0.91,52,0,6,4,1,1,1,2,5,1,752,0,5,2,2,0,5,5,1,2,2,2,3,3,2,1,7,2,3,2,2,3,3,3,3,2,5,1,752002,0,2,4,2,1,752002,4,99,99,99,99,99,99,99,99,3,9,8,0,2,9,1,6,3,9,8,0,4,9,3,6,8,4,0,2,2,3,3,3,2,8
"0000000943","SWE_2022","Sweden",0.7658,55,1,9,4,1,1,1,1,4,1,752,0,3,2,1,5,5,0,2,1,1,5,5,5,5,5,9,1,1,1,1,2,1,2,1,1,4,1,752007,0,1,1,1,1,752007,5,9,0,1,10,5,1,10,2,9,0,0,10,8,0,9,2,3,10,9,0,7,9,1,7,1,1,1,1,2,2,2,1,2,0
"0000002220","SWE_2022","Sweden",0.7658,47,1,7,1,0,9,9,2,4,1,752,0,4,2,2,6,7,7,1,1,1,5,5,5,5,5,7,2,2,2,1,3,1,3,2,2,4,1,752001,1,1,5,1,1,752001,5,9,0,1,9,5,1,9,1,9,0,0,9,7,1,8,1,2,10,10,1,6,9,2,7,2,2,1,2,4,4,2,2,4,1
"0000001057","SWE_2022","Sweden",0.9037,56,1,7,4,1,1,9,1,3,1,752,0,21,2,3,2,1,7,2,2,3,2,4,5,2,1,4,2,2,1,2,3,3,3,3,3,5,1,752006,0,1,1,2,1,752006,4,99,99,99,99,99,99,99,99,3,9,10,8,3,10,3,99,3,7,8,3,4,6,3,7,5,4,0,2,3,3,3,4,3,1
"0000001381","SWE_2022","Sweden",1.7726,20,1,4,4,0,1,9,1,5,1,752,0,14,1,2,2,7,7,2,1,2,2,3,5,5,5,8,2,2,3,3,2,3,3,4,2,5,1,999999,999999,9,2,2,0,999999,5,3,8,10,0,0,10,0,6,9,8,9,0,0,10,0,0,3,10,10,0,2,10,0,4,10,2,0,2,3,2,2,3,1,1
"0000000713","SWE_2022","Sweden",1.0805,35,0,8,1,1,1,1,1,1,1,752,0,1,3,2,2,7,7,2,1,1,5,4,5,4,4,8,2,2,2,1,3,1,3,2,2,5,1,752004,0,2,4,1,1,752004,3,8,0,1,10,5,0,7,3,8,0,2,8,7,0,5,1,5,9,9,1,7,9,3,7,1,2,1,2,4,2,3,3,3,1
"0000002418","SWE_2022","Sweden",0.7489,85,1,2,2,0,7,3,2,9,2,752,0,9,1,3,2,0,0,3,3,3,3,3,3,2,3,5,3,3,2,3,3,3,3,2,2,9,1,752005,0,2,4,9,1,999999,3,99,99,99,99,99,99,99,99,99,0,99,0,99,99,99,99,99,99,99,99,99,99,99,99,99,4,0,9,3,9,9,9,9,8
"0000000606","SWE_2022","Sweden",1.073,39,1,8,4,1,1,1,1,2,3,752,0,19,9,1,0,0,7,1,1,3,5,5,5,2,2,4,3,3,3,1,3,3,3,3,1,3,1,752004,0,2,4,2,1,752004,5,2,0,0,8,4,0,6,0,5,0,0,3,4,0,9,0,7,10,10,4,8,10,5,10,0,5,1,1,4,4,3,2,1,0
"0000002678","SWE_2022","Sweden",0.821,79,0,5,1,0,7,1,2,2,3,752,0,1,1,2,4,1,2,2,1,1,4,4,4,4,4,9,2,2,2,2,3,2,3,2,2,4,1,752003,0,1,2,1,1,752003,5,1,5,99,0,99,7,1,7,3,5,9,0,1,5,0,6,1,6,10,0,2,8,1,8,8,2,1,2,3,2,2,3,3,0
"0000000604","SWE_2022","Sweden",0.7658,46,1,8,4,1,1,1,4,3,1,752,0,1,4,1,2,7,7,2,1,1,5,5,5,2,4,10,9,2,2,2,2,1,4,2,2,4,1,752005,0,1,4,1,1,752008,5,6,0,3,5,9,0,6,7,6,0,4,6,10,0,8,5,5,8,8,1,6,9,4,7,6,1,0,2,4,3,4,3,3,0
"0000000598","SWE_2022","Sweden",1.7851,22,0,5,4,0,5,2,2,1,2,752,0,14,2,2,0,99,99,3,3,2,4,3,5,3,4,7,3,3,3,2,4,2,4,3,3,3,0,999999,999999,9,4,2,1,752006,3,99,3,3,0,1,3,2,1,1,3,3,0,2,3,0,0,0,5,10,0,2,9,0,2,5,4,0,3,2,1,4,3,5,1
"0000001615","SWE_2022","Sweden",1.1008,54,0,3,4,0,1,2,2,3,2,900,1,10,2,2,3,99,99,2,1,1,2,3,2,3,5,10,2,3,2,1,3,2,4,2,3,3,1,752001,1,2,2,1,1,752003,3,9,2,8,5,5,1,5,5,6,1,2,1,3,1,5,1,5,5,5,5,5,5,5,5,5,2,0,3,2,2,3,3,3,1
"0000000594","SWE_2022","Sweden",1.0805,40,0,8,1,1,1,1,2,5,1,752,0,18,2,2,2,7,7,2,1,1,4,5,5,2,3,8,1,2,2,1,3,2,4,2,2,5,1,752001,1,2,2,1,1,752001,5,9,0,1,8,5,0,9,3,9,0,1,7,6,0,5,3,2,9,9,0,4,10,2,7,2,2,1,2,3,2,4,4,3,1
"0000002008","SWE_2022","Sweden",2.2604,18,1,4,4,0,6,2,2,3,4,752,1,3,2,1,5,7,7,2,1,4,4,2,4,2,1,10,4,2,2,1,3,1,3,2,4,5,1,752001,1,1,1,1,0,999999,5,9,0,1,5,7,3,3,3,10,0,0,5,7,0,3,2,3,9,10,0,5,99,99,7,4,1,1,2,3,2,2,3,4,1
"0000000775","SWE_2022","Sweden",1.5282,41,0,5,3,1,1,9,2,5,2,900,9,22,1,3,4,6,6,2,2,2,1,2,2,2,3,7,2,2,3,3,3,3,3,3,3,4,99,999999,999999,9,2,1,0,999999,4,5,9,8,1,1,7,0,6,6,9,8,1,1,7,0,7,3,8,8,0,4,7,3,6,8,2,0,2,2,3,3,3,3,1
"0000000589","SWE_2022","Sweden",1.1901,55,1,4,1,1,1,1,1,5,1,752,0,1,3,2,7,7,7,2,1,2,2,2,4,2,4,8,2,2,2,2,3,3,4,2,2,3,1,752001,1,2,2,1,1,752003,4,9,1,5,3,8,2,2,2,9,2,5,2,7,2,1,1,3,10,8,1,5,5,2,5,5,1,0,3,3,2,5,3,3,1
"0000000583","SWE_2022","Sweden",1.073,34,1,7,4,0,1,1,1,4,1,752,0,13,3,4,1,7,7,2,1,2,2,4,3,3,3,10,2,2,2,2,3,2,3,3,3,5,1,752003,0,1,2,1,1,752006,5,7,0,8,1,4,7,5,7,8,5,9,1,3,8,3,5,4,9,8,0,4,8,5,6,7,2,0,9,3,1,3,3,4,1
"0000000579","SWE_2022","Sweden",1.073,35,1,8,1,1,5,1,1,1,3,900,9,6,2,3,99,4,0,2,2,5,4,5,4,4,2,9,2,2,2,3,2,3,4,2,2,3,1,999999,999999,9,2,2,0,999999,4,7,7,7,6,6,7,5,6,5,5,5,5,5,5,5,5,99,99,99,99,99,99,99,99,99,2,0,9,2,3,3,3,2,8
"0000000576","SWE_2022","Sweden",1.073,36,1,7,1,9,1,1,1,2,1,752,0,1,3,1,6,6,7,2,1,3,5,5,5,5,5,8,2,2,2,1,2,1,3,2,2,4,1,752004,0,1,2,1,1,752004,5,8,0,1,9,7,1,8,1,8,0,0,7,8,0,9,0,7,9,9,2,9,10,4,8,3,2,1,2,3,4,3,3,3,1
"0000002197","SWE_2022","Sweden",1.6396,19,0,4,4,0,6,9,9,5,1,752,0,12,2,1,7,3,7,1,2,1,1,5,5,5,4,8,2,4,2,2,4,1,3,3,3,5,1,752004,0,9,2,1,0,999999,5,4,0,0,10,4,0,7,6,2,0,0,3,8,0,5,1,3,8,8,0,6,10,3,6,1,4,1,2,3,3,4,3,2,1
"0000000569","SWE_2022","Sweden",0.7712,52,0,7,1,1,1,1,4,4,1,752,1,12,1,2,7,6,7,2,1,2,5,4,5,5,4,7,2,2,2,2,2,2,3,2,1,4,1,752005,0,4,1,1,1,752005,5,6,0,5,7,10,5,0,1,9,0,6,6,10,0,0,5,2,10,8,0,5,9,2,7,4,2,1,1,3,3,3,3,3,1
"0000000566","SWE_2022","Sweden",1.073,39,1,8,1,1,1,1,1,5,1,752,0,22,2,2,3,3,7,2,1,3,4,4,5,5,5,9,1,1,1,1,2,2,3,2,2,5,1,752005,0,1,1,1,1,752005,4,8,0,5,4,9,5,7,7,8,0,7,4,9,4,5,5,2,10,8,1,5,7,3,6,4,2,0,2,3,2,4,3,3,1
"0000000560","SWE_2022","Sweden",1.073,32,1,7,1,1,5,1,1,5,1,752,0,5,1,4,0,0,0,3,3,3,3,3,2,2,3,5,3,2,2,2,3,3,3,2,3,4,1,752003,0,2,4,3,1,752003,3,5,5,9,5,5,5,5,5,5,5,5,5,5,5,5,5,5,6,9,3,5,5,5,5,5,4,0,9,2,2,3,3,4,1
"0000000547","SWE_2022","Sweden",0.7658,41,1,99,3,9,99,9,9,9,9,752,0,5,9,2,99,99,99,9,9,9,9,9,9,9,9,99,9,9,9,9,9,9,9,9,9,9,99,999999,999999,9,9,9,99,999999,9,99,99,99,99,99,99,99,99,99,99,99,99,99,99,99,99,99,99,99,99,99,99,99,99,99,9,9,9,9,9,9,9,9,9
"0000000546","SWE_2022","Sweden",0.821,66,0,4,1,1,1,1,1,4,2,752,0,24,1,2,1,5,6,2,1,4,2,5,5,5,3,9,2,2,1,2,2,3,4,1,2,3,1,752005,0,1,1,1,1,752005,5,7,0,6,5,10,0,0,4,10,0,6,6,9,0,1,6,0,6,10,0,5,10,2,10,7,1,1,2,2,2,2,2,2,0
"0000000545","SWE_2022","Sweden",1.0805,27,0,7,4,1,1,1,1,2,3,752,0,25,2,1,7,7,7,1,1,2,5,5,5,5,5,9,1,1,1,1,2,1,3,3,1,4,1,752005,0,4,5,1,1,752005,4,5,1,2,4,7,2,6,3,6,2,2,5,6,2,5,3,6,6,7,3,7,7,4,7,7,2,0,9,2,2,3,3,2,1
"0000000543","SWE_2022","Sweden",0.7658,60,1,8,4,1,1,1,1,3,2,752,0,7,1,1,7,7,1,1,1,3,5,5,5,5,5,8,1,2,1,1,2,1,4,2,2,4,1,752008,0,1,2,1,1,752003,4,5,4,6,5,4,6,4,8,6,6,6,5,4,5,4,6,5,5,8,3,5,8,3,6,6,2,1,2,2,4,2,2,2,0
"0000000540","SWE_2022","Sweden",1.1008,47,0,4,1,1,1,1,2,5,1,752,0,1,1,1,7,4,7,1,1,1,5,4,5,4,4,7,3,2,2,1,3,2,2,2,2,2,1,752004,0,2,2,2,1,752004,5,6,0,2,9,6,1,7,4,7,0,1,7,7,0,8,2,4,7,8,2,5,9,4,7,3,2,0,2,3,4,4,3,2,1
"0000000538","SWE_2022","Sweden",0.7712,54,0,7,1,1,1,1,1,5,2,752,0,14,2,1,7,7,7,1,1,2,5,3,5,5,5,9,2,2,2,1,2,2,3,2,2,4,1,752008,0,1,1,1,1,752008,5,9,2,6,2,8,2,3,9,9,2,6,1,8,2,2,9,6,2,8,1,6,9,4,7,7,1,1,2,2,1,2,2,2,1
"0000002755","SWE_2022","Sweden",0.7541,95,0,3,1,0,7,9,9,2,2,752,9,5,2,2,7,0,0,1,1,1,3,3,5,5,3,10,1,1,2,2,2,2,2,2,2,3,1,752001,1,1,1,1,1,752001,5,8,5,5,5,5,5,5,5,8,5,5,5,5,5,5,5,0,5,10,0,5,5,5,5,0,2,1,2,2,1,3,3,3,0
"0000001417","SWE_2022","Sweden",1.0396,69,1,6,3,0,7,1,1,2,2,752,0,17,2,2,3,99,99,1,1,1,2,5,2,2,3,8,9,9,9,9,4,2,3,2,2,4,1,752001,1,4,4,1,1,752001,4,8,9,7,7,8,7,1,6,7,9,7,6,7,8,1,6,6,9,9,2,6,9,1,8,7,2,0,2,3,3,1,2,3,0
"0000001630","SWE_2022","Sweden",1.5176,62,1,6,3,1,1,9,2,2,1,752,0,1,3,2,4,1,0,2,1,4,5,5,5,9,9,6,2,3,2,3,3,4,4,2,2,3,1,752001,1,2,4,2,1,752007,5,9,0,3,5,8,0,9,1,9,0,3,8,10,0,5,1,3,10,9,0,5,9,3,8,5,9,1,2,3,3,5,3,4,1
"0000000541","SWE_2022","Sweden",0.7658,45,1,7,4,1,1,1,1,2,1,901,9,1,3,2,2,7,7,2,1,2,3,5,5,3,4,9,2,1,2,1,2,1,3,2,2,4,1,752007,0,1,1,1,1,752004,5,9,0,1,10,5,1,10,5,9,2,5,8,9,2,10,4,1,10,9,0,5,9,2,6,1,1,0,2,3,2,3,3,3,1
"0000001592","SWE_2022","Sweden",1.3555,25,0,5,4,0,1,2,2,1,1,752,0,8,2,3,99,4,2,3,2,9,9,9,5,5,2,9,3,3,2,1,3,2,3,2,2,5,1,752004,0,2,2,2,1,752007,4,5,0,5,8,5,1,5,3,7,0,2,8,5,1,5,5,5,10,7,0,5,8,2,8,1,2,1,2,1,2,4,3,3,1
"0000002373","SWE_2022","Sweden",1.5176,55,1,99,3,9,99,9,9,9,9,752,1,10,9,4,0,0,4,3,9,9,9,9,9,9,9,99,9,9,9,9,9,9,9,9,9,9,99,999999,999999,9,9,9,99,999999,9,99,99,99,99,99,99,99,99,99,99,99,99,99,99,99,99,99,99,99,99,99,99,99,99,99,9,9,9,9,9,9,9,9,9
"0000000533","SWE_2022","Sweden",0.5247,73,1,8,2,1,7,1,1,2,3,752,0,3,1,2,6,4,0,3,1,3,3,3,5,5,5,8,2,2,2,2,3,3,3,2,2,4,1,999999,999999,9,2,2,1,999999,3,5,0,5,5,5,0,5,5,5,4,5,4,5,4,5,5,1,10,10,1,6,6,5,7,5,2,0,9,3,2,4,2,3,1
"0000000511","SWE_2022","Sweden",0.7658,62,1,7,4,0,7,1,1,3,1,752,0,1,3,1,7,7,0,2,1,4,3,5,5,5,5,9,2,2,2,2,3,2,4,3,3,5,1,999999,999999,9,1,1,1,999999,4,6,0,8,0,6,5,1,8,10,1,8,5,5,5,5,7,4,10,8,0,6,8,1,7,8,1,1,2,2,2,9,9,9,0
"0000001134","SWE_2022","Sweden",1.1901,59,1,4,1,1,1,2,1,2,1,752,0,14,1,1,7,7,0,1,1,5,5,5,5,2,4,10,1,9,3,1,9,2,4,1,2,2,1,999999,999999,9,1,1,1,752007,5,10,0,0,9,8,0,10,5,10,0,0,8,8,0,10,1,2,10,10,0,4,10,1,9,1,2,1,1,3,4,3,2,3,1
"0000000500","SWE_2022","Sweden",1.275,34,0,99,1,9,99,9,9,9,9,752,1,1,9,2,3,7,4,9,9,9,9,9,9,9,9,99,9,9,9,9,9,9,9,9,9,9,99,999999,999999,9,9,9,99,999999,9,99,99,99,99,99,99,99,99,99,99,99,99,99,99,99,99,99,99,99,99,99,99,99,99,99,9,9,9,9,9,9,9,9,9
"0000002750","SWE_2022","Sweden",1.0469,69,0,2,4,1,7,9,1,1,9,752,0,22,2,3,1,99,99,1,9,9,9,1,5,9,9,9,4,9,9,9,9,9,9,2,2,2,1,752001,1,4,5,2,1,752001,5,7,99,99,99,99,99,99,99,8,99,99,99,99,99,99,99,7,99,99,99,99,99,99,99,99,5,0,2,2,1,2,9,9,0
"0000001297","SWE_2022","Sweden",1.6674,37,1,4,4,1,1,2,1,4,1,752,0,21,2,2,4,7,7,2,1,2,3,3,3,3,3,8,2,2,1,2,2,2,3,3,2,5,1,752006,0,1,2,2,1,752006,4,6,7,8,1,4,9,1,5,7,7,8,2,1,9,5,6,3,10,7,1,3,9,0,6,7,2,0,2,2,2,2,2,3,1
"0000001973","SWE_2022","Sweden",0.7489,81,1,3,1,0,7,2,9,2,2,752,0,13,1,2,6,7,6,2,1,5,2,3,5,5,5,5,3,3,4,2,3,2,3,2,2,4,1,752005,0,2,2,2,1,752005,3,5,0,4,0,7,4,5,6,6,0,5,99,7,0,0,99,99,99,99,99,99,99,99,99,99,2,1,2,2,2,2,2,3,1
"0000002611","SWE_2022","Sweden",0.8153,66,1,4,4,9,7,1,2,2,1,752,0,8,1,3,6,1,1,2,1,2,4,5,5,1,2,8,1,1,2,1,3,2,4,1,1,2,1,752001,1,2,2,1,1,752004,4,10,0,6,10,7,1,9,3,10,0,1,9,0,0,10,8,2,10,9,0,5,8,2,8,1,2,0,2,2,2,1,2,3,0
"0000001823","SWE_2022","Sweden",1.1092,68,0,3,3,0,7,2,2,3,2,752,0,12,2,3,2,0,1,2,1,1,2,2,5,5,2,10,1,2,2,1,2,3,3,3,3,4,99,999999,999999,9,2,1,1,999999,5,4,9,9,2,1,4,0,2,4,9,9,2,1,4,0,2,2,8,10,0,2,7,0,6,7,2,0,9,2,2,3,3,4,0
"0000002323","SWE_2022","Sweden",1.7726,21,1,4,4,0,6,9,9,5,1,752,1,13,3,2,7,0,7,2,1,2,5,5,5,2,2,6,1,2,4,1,2,2,3,3,3,4,1,752004,0,1,1,2,0,999999,5,4,0,1,9,5,0,7,5,7,0,1,10,6,0,7,4,5,10,9,1,7,9,1,8,2,4,1,1,3,3,4,4,3,1
"0000000126","SWE_2022","Sweden",0.7658,60,1,8,1,1,1,1,1,5,1,752,0,12,2,2,7,7,0,2,1,1,5,5,5,4,5,9,2,3,1,1,3,1,4,2,2,4,1,752005,0,4,1,1,1,752003,5,6,0,7,2,7,0,2,7,7,0,5,2,7,0,2,6,4,9,10,0,5,10,3,7,7,2,0,3,2,4,5,3,3,8
"0000002747","SWE_2022","Sweden",0.5247,81,1,7,1,0,7,1,1,2,3,752,0,12,2,2,7,6,7,2,1,5,5,5,5,4,4,9,2,2,2,2,2,2,4,2,2,4,1,999999,999999,9,2,1,1,999999,4,3,1,8,1,7,8,1,8,6,6,6,3,3,8,3,6,3,10,9,0,5,8,1,7,7,2,0,2,2,2,3,3,3,0
"0000002806","SWE_2022","Sweden",0.5247,70,1,8,1,1,7,1,1,3,1,752,0,18,2,1,7,6,7,1,1,1,2,5,5,5,2,8,2,2,2,2,2,3,9,2,3,4,1,752001,1,9,2,2,1,752005,4,9,0,1,3,7,4,6,9,10,0,1,7,3,1,7,7,5,9,10,1,6,9,3,7,6,2,1,2,3,2,2,4,3,1
"0000000479","SWE_2022","Sweden",0.7658,46,1,8,1,1,1,2,1,3,1,752,0,25,2,3,7,0,7,2,2,3,4,3,5,5,2,8,2,2,3,2,3,2,2,2,2,4,1,999999,999999,9,2,2,1,999999,3,5,3,2,4,3,3,1,2,4,3,1,3,3,3,2,3,3,8,10,0,3,9,1,9,5,2,1,2,3,3,3,3,3,1
"0000001601","SWE_2022","Sweden",1.7851,20,0,4,4,0,1,2,2,5,2,752,1,4,1,2,3,7,7,2,1,3,4,5,5,5,5,10,1,1,1,1,2,1,2,2,1,4,1,752003,0,1,1,1,99,999999,5,5,5,9,2,6,6,4,7,9,9,10,5,7,8,5,8,4,10,9,0,5,9,2,8,8,1,1,1,1,1,4,3,3,1
"0000000477","SWE_2022","Sweden",1.073,39,1,8,1,1,2,2,1,3,1,752,0,12,2,2,1,7,7,2,1,1,4,5,5,4,4,8,3,2,3,1,3,3,4,2,2,5,1,752001,1,4,4,1,1,752001,4,8,0,6,4,6,6,6,5,8,0,0,2,5,2,5,5,2,8,10,0,4,8,3,6,4,2,0,9,3,4,4,2,4,1
"0000000743","SWE_2022","Sweden",1.1487,23,0,99,4,9,99,9,9,9,9,752,1,13,9,3,0,0,7,4,1,3,2,3,5,4,5,10,2,3,3,1,3,2,2,4,1,9,99,999999,999999,9,9,9,99,999999,9,99,99,99,99,99,99,99,99,99,99,99,99,99,99,99,99,99,99,99,99,99,99,99,99,99,9,9,9,9,9,9,9,9,9
"0000001791","SWE_2022","Sweden",0.821,72,0,6,1,1,7,1,1,2,1,752,0,1,2,2,7,0,4,1,1,2,5,4,5,5,5,8,2,2,2,2,3,1,3,2,2,5,1,752001,1,1,1,1,1,752004,5,10,0,0,10,2,2,7,2,10,0,2,7,7,2,6,2,3,10,10,0,4,8,4,7,2,2,1,2,2,2,4,2,2,1
"0000000460","SWE_2022","Sweden",0.9037,56,1,6,1,0,2,1,1,5,1,752,0,6,1,4,3,3,0,1,1,1,5,5,5,5,5,9,1,1,2,1,2,2,3,2,2,4,1,752001,1,1,2,1,1,752001,4,9,0,7,5,6,4,4,8,9,3,8,5,8,4,5,6,4,10,8,1,6,10,4,7,5,2,0,3,3,2,3,2,4,1
"0000000127","SWE_2022","Sweden",0.9037,61,1,7,1,1,1,1,1,5,2,752,0,14,2,2,7,0,0,1,1,2,5,3,5,5,5,9,1,2,1,1,2,2,4,3,2,4,1,752003,0,1,1,1,1,752003,5,2,0,10,0,2,9,0,6,0,5,10,5,0,9,0,8,3,10,8,0,3,8,0,7,8,2,1,1,2,2,3,1,1,0
"0000002158","SWE_2022","Sweden",0.7489,65,1,6,1,1,7,1,1,2,3,752,1,5,2,1,7,5,0,1,1,2,5,5,5,5,4,9,2,2,2,1,2,2,3,2,1,2,1,752004,0,1,1,2,1,752004,5,7,0,1,10,6,0,8,2,7,0,1,10,6,0,8,2,3,10,10,1,6,10,2,7,1,2,1,2,3,3,4,2,3,1
"0000000450","SWE_2022","Sweden",1.073,33,1,7,1,1,1,1,2,3,1,752,0,1,2,2,3,1,3,1,1,1,4,3,5,5,2,7,2,3,2,1,2,2,2,2,2,3,1,752001,1,1,2,1,1,752004,4,10,1,1,9,5,0,10,5,10,0,0,5,7,0,6,5,99,99,99,99,99,99,99,99,99,2,1,1,3,3,2,1,3,1
"0000000448","SWE_2022","Sweden",0.9037,42,1,5,1,1,5,2,1,2,2,752,0,6,1,3,3,7,7,3,2,2,2,2,3,2,2,6,2,2,2,1,3,2,2,2,2,3,1,752003,0,2,2,2,1,752001,4,8,5,9,3,4,7,5,4,6,3,8,3,4,6,4,3,5,5,5,5,5,5,5,5,6,2,0,9,2,2,2,2,2,1
"0000000447","SWE_2022","Sweden",1.073,30,1,7,4,1,5,9,1,1,1,752,1,12,2,3,0,0,6,4,1,1,1,4,2,3,1,7,4,3,4,2,3,2,3,3,4,5,1,752006,0,2,4,2,1,999999,1,5,7,6,9,9,6,10,6,5,5,7,9,9,5,5,5,7,8,7,1,3,7,5,5,3,4,0,2,3,4,4,4,5,1
"0000000443","SWE_2022","Sweden",1.275,30,0,5,4,1,1,2,1,1,2,752,0,24,2,1,0,7,7,2,1,1,5,5,5,3,1,7,3,3,2,1,3,2,4,3,2,4,1,752004,0,1,2,1,1,752004,5,3,0,1,7,2,1,5,2,5,0,0,7,2,1,5,1,5,10,10,2,6,9,5,7,0,2,0,2,4,3,2,3,3,1
"0000001075","SWE_2022","Sweden",0.7489,68,1,3,1,0,3,1,2,5,1,752,1,14,2,3,4,4,0,3,1,1,4,3,1,1,5,10,2,2,2,2,3,3,4,3,3,4,1,752003,0,2,2,2,1,752005,4,3,3,9,3,5,3,3,3,1,3,8,2,2,3,1,2,2,7,8,0,4,9,1,7,7,2,0,9,2,2,3,3,3,0
"0000000435","SWE_2022","Sweden",0.9037,51,1,6,4,0,2,1,2,1,3,752,0,1,3,2,5,0,0,2,1,1,5,5,5,5,3,9,2,3,2,2,3,2,4,3,3,4,1,752003,0,2,4,1,1,752008,5,1,7,7,1,4,7,4,5,3,5,8,2,4,5,5,5,1,7,8,0,3,7,3,4,7,2,0,9,1,9,3,3,3,1
"0000002352","SWE_2022","Sweden",0.5283,66,0,7,1,1,7,1,1,5,2,752,1,1,2,1,7,3,0,1,1,1,5,3,5,5,4,8,2,2,3,2,2,1,3,2,2,5,1,999999,999999,9,1,2,1,752003,4,7,2,9,6,8,7,2,8,9,2,9,3,9,8,2,8,3,10,9,2,7,7,2,7,8,2,0,9,2,2,2,2,3,8
"0000000278","SWE_2022","Sweden",1.073,31,1,99,4,9,99,9,9,9,9,752,0,20,9,2,0,7,99,2,9,9,9,9,9,9,9,99,9,9,9,9,9,9,9,9,9,9,99,999999,999999,9,9,9,99,999999,9,99,99,99,99,99,99,99,99,99,99,99,99,99,99,99,99,99,99,99,99,99,99,99,99,99,9,9,9,9,9,9,9,9,9
"0000002706","SWE_2022","Sweden",2.2763,18,0,3,4,0,6,9,9,1,1,752,1,12,2,3,0,2,7,4,1,1,5,1,3,5,1,8,1,1,3,1,2,2,2,2,1,5,1,999999,999999,9,2,2,0,999999,3,5,5,6,2,4,5,5,9,8,5,10,3,5,10,1,10,2,10,8,0,4,6,4,7,6,2,1,2,3,1,3,2,3,0
"0000001967","SWE_2022","Sweden",0.5247,81,1,3,1,1,7,9,1,3,3,752,0,3,2,2,7,0,0,1,1,2,2,5,5,5,1,10,2,1,3,2,2,2,4,2,3,4,1,752003,0,1,1,1,1,752006,4,6,10,9,0,6,6,0,6,8,9,9,0,0,8,0,10,1,10,10,0,2,6,0,6,8,2,1,2,3,1,4,3,4,0
"0000000423","SWE_2022","Sweden",0.9037,48,1,6,3,1,5,2,1,5,1,900,9,22,2,2,4,99,7,2,1,9,3,2,4,2,2,6,2,2,2,1,3,3,3,2,2,4,0,752001,1,4,2,1,1,752001,4,8,4,3,7,7,5,5,5,9,5,2,5,99,99,99,99,2,10,9,0,99,99,99,99,3,2,0,3,3,2,4,3,3,1
"0000000422","SWE_2022","Sweden",0.6191,66,1,99,1,1,7,2,2,3,9,752,0,1,2,2,3,0,7,2,1,2,3,1,1,3,3,5,3,3,4,2,3,3,3,2,2,3,1,752001,1,1,4,1,1,752001,5,10,0,0,7,5,2,2,2,10,0,5,7,2,5,5,5,0,5,10,0,10,5,5,10,10,2,1,2,2,1,3,3,4,1
"0000001083","SWE_2022","Sweden",1.2661,26,1,6,4,0,1,1,1,2,6,901,1,4,2,1,7,7,99,2,2,1,2,4,5,4,4,10,2,2,2,2,3,3,4,3,2,4,1,752001,1,2,4,1,1,752001,3,10,5,5,5,8,5,8,5,10,5,10,8,10,5,8,8,4,10,8,1,4,10,3,7,99,2,1,2,2,4,9,3,3,1
"0000000420","SWE_2022","Sweden",0.7658,57,1,7,1,1,2,1,1,5,1,752,0,14,2,3,7,7,0,2,1,1,5,5,5,5,5,8,1,1,2,2,2,1,3,2,1,3,1,752001,1,1,1,1,1,752001,4,9,0,2,7,7,0,8,5,10,0,2,4,10,2,5,5,2,10,9,0,4,9,3,6,2,2,1,2,2,3,3,3,3,0
"0000000419","SWE_2022","Sweden",0.5247,77,1,7,1,1,7,2,1,1,2,752,0,24,1,2,5,2,0,1,1,1,2,3,3,3,3,5,2,2,2,2,3,2,4,2,2,4,1,752005,0,2,2,1,1,752005,4,7,0,6,6,8,6,6,7,9,5,7,7,8,7,7,7,4,10,10,4,7,7,7,5,5,2,1,2,3,2,2,2,3,1
"0000001513","SWE_2022","Sweden",1.1008,57,0,3,1,0,1,4,2,4,1,752,0,17,2,3,2,0,0,1,1,3,3,3,5,5,1,10,1,1,1,1,2,2,4,2,2,4,1,752003,0,4,2,1,1,752008,3,5,5,6,5,5,5,5,5,6,5,4,5,5,5,5,5,3,10,8,1,4,9,1,6,6,2,0,9,1,1,3,2,3,1
"0000002094","SWE_2022","Sweden",0.5247,65,1,8,1,1,7,1,1,3,1,752,0,17,2,2,1,5,5,2,1,4,4,5,5,5,5,6,2,2,3,2,3,3,2,3,3,5,1,752003,0,2,2,2,1,752003,4,5,8,9,1,4,8,3,5,9,8,8,3,5,7,0,5,4,10,9,0,4,8,2,6,9,2,1,2,3,2,4,3,3,1
"0000002465","SWE_2022","Sweden",0.7489,77,1,5,1,0,7,2,1,2,3,752,0,4,2,3,7,0,0,3,1,5,5,4,5,5,5,9,2,2,3,2,3,2,4,3,2,5,1,999999,999999,9,2,2,1,999999,3,8,0,8,0,2,0,0,2,10,0,7,2,0,0,0,8,3,10,9,0,4,10,0,9,7,2,0,9,2,2,1,1,2,1
"0000000414","SWE_2022","Sweden",1.073,30,1,8,4,1,1,2,1,4,3,752,0,21,1,3,0,5,7,2,1,9,9,9,5,5,3,9,2,2,3,2,3,2,3,2,2,4,1,752001,1,2,2,2,1,999999,3,8,0,1,5,7,1,3,2,8,0,1,4,7,1,3,5,3,10,8,0,4,8,3,7,3,2,0,9,3,2,3,3,3,1
"0000001697","SWE_2022","Sweden",1.1008,64,0,5,4,1,1,2,2,2,3,752,0,25,2,2,4,0,0,1,1,5,2,5,9,9,1,5,3,3,3,2,2,1,4,4,4,3,1,752002,0,1,1,3,1,752002,5,0,10,9,7,0,10,5,8,5,10,8,3,0,10,0,7,0,10,10,0,0,10,0,8,10,4,1,1,4,3,4,3,2,0
"0000002001","SWE_2022","Sweden",0.7541,85,0,2,1,9,7,2,1,1,1,752,0,1,3,2,7,4,2,3,1,3,4,5,4,5,2,10,2,2,3,1,2,2,3,2,2,3,1,752001,1,1,2,1,1,752001,3,9,6,7,0,5,1,2,4,9,7,7,0,7,1,3,2,5,5,10,1,5,10,6,6,3,2,1,2,2,1,2,2,2,0
"0000002041","SWE_2022","Sweden",0.8153,81,1,3,1,0,7,1,1,2,2,752,0,14,2,2,7,0,0,2,1,3,5,5,5,5,4,9,1,1,2,2,2,2,4,1,1,4,1,999999,999999,9,1,1,1,999999,5,99,99,99,99,99,99,99,99,99,99,99,99,99,99,99,99,99,99,99,99,99,99,99,99,99,1,1,1,2,3,3,2,3,0
"0000002409","SWE_2022","Sweden",0.7541,66,0,3,1,9,7,2,1,2,2,752,0,12,1,2,5,0,0,2,1,5,5,5,3,4,4,8,2,2,3,2,2,2,3,2,2,4,1,999999,999999,9,2,1,1,752002,4,8,10,1,1,1,2,0,0,8,10,1,1,1,2,0,0,99,99,99,99,99,99,99,99,99,2,1,2,2,2,3,2,2,1
"0000001010","SWE_2022","Sweden",1.1901,62,1,4,4,0,1,1,2,3,1,752,1,12,2,9,99,99,99,9,9,9,9,9,9,1,9,6,3,4,3,1,4,2,4,4,4,5,99,999999,999999,9,5,3,99,999999,9,99,99,99,99,99,99,99,99,99,99,99,99,99,99,99,99,2,10,10,1,5,5,3,5,5,4,0,9,3,3,2,3,4,0
"0000000409","SWE_2022","Sweden",1.073,26,1,7,4,0,5,9,9,2,1,752,0,14,3,3,0,1,7,2,1,3,5,2,5,1,4,7,3,3,3,1,3,2,4,2,2,4,1,752001,1,2,2,2,1,752001,4,8,0,5,4,5,0,8,7,8,2,5,4,4,2,5,5,3,10,8,0,7,10,5,7,6,2,0,9,2,3,3,3,3,1
"0000002437","SWE_2022","Sweden",0.6191,78,1,6,2,9,7,1,2,1,1,752,0,3,4,1,7,7,7,1,1,2,5,5,5,4,5,6,2,2,2,2,2,4,3,4,4,5,1,752002,0,1,1,1,1,752002,5,4,10,8,0,3,9,0,5,2,10,8,5,0,9,0,6,3,10,9,0,7,9,0,5,99,2,1,1,1,9,3,3,3,0
"0000000832","SWE_2022","Sweden",1.1901,53,1,6,3,0,1,1,2,3,1,752,0,22,2,2,99,99,7,2,1,1,2,9,4,4,4,8,3,3,2,2,3,1,3,3,3,4,1,752003,0,2,4,1,1,752003,5,7,0,9,0,7,0,0,8,8,0,9,2,8,0,0,8,5,10,9,0,5,10,4,8,8,2,0,2,2,3,4,3,3,1
"0000001758","SWE_2022","Sweden",1.7851,20,0,4,4,1,6,9,9,1,2,752,1,14,3,4,0,1,7,3,1,1,2,3,5,3,2,10,1,3,1,2,3,2,3,2,2,2,0,999999,999999,9,1,1,99,999999,5,7,3,4,4,4,3,4,3,6,5,5,6,5,6,5,5,2,8,8,0,4,6,3,7,3,1,0,2,2,2,5,3,3,1
"0000000402","SWE_2022","Sweden",1.0805,35,0,8,4,9,99,9,9,9,1,752,0,12,9,1,5,7,7,1,2,2,3,3,2,2,2,8,2,2,2,2,2,2,2,3,2,9,1,752002,0,1,2,2,1,752002,4,2,9,6,3,0,7,1,3,3,10,9,7,0,8,0,6,3,5,9,1,9,9,3,8,5,2,1,1,2,9,3,3,3,1
"0000000395","SWE_2022","Sweden",0.9037,57,1,6,4,1,2,1,1,1,2,752,0,23,1,2,5,7,6,2,1,5,5,5,5,4,4,8,1,1,2,1,2,1,3,2,2,4,99,999999,999999,9,1,1,1,999999,4,8,0,4,7,8,3,5,4,9,0,2,8,10,0,5,5,4,10,9,1,6,9,5,8,4,2,0,2,2,2,3,3,4,1
"0000000582","SWE_2022","Sweden",0.7658,45,1,7,4,1,1,1,4,3,2,752,0,5,2,3,7,7,7,1,1,3,5,5,5,2,4,8,2,2,2,1,9,9,9,2,2,4,1,752008,0,1,1,1,1,752006,4,6,2,6,2,5,8,2,8,6,7,5,6,5,7,3,7,3,9,8,0,5,8,1,7,6,1,0,9,2,3,2,3,2,1
"0000000375","SWE_2022","Sweden",1.073,40,1,8,1,9,1,1,1,5,2,752,0,7,2,2,0,7,7,1,1,1,4,5,4,2,3,8,2,2,2,2,2,2,4,2,2,4,1,752005,0,2,4,1,1,752001,4,8,0,6,5,8,2,4,8,10,0,7,7,9,0,5,8,3,8,10,0,5,10,4,6,5,1,0,2,3,2,4,3,3,1
"0000002564","SWE_2022","Sweden",0.7541,77,0,2,3,0,7,1,1,2,1,752,9,21,1,1,7,7,7,1,1,1,2,3,5,5,5,10,2,2,3,2,3,2,3,3,2,2,1,752003,0,2,2,1,1,752003,5,2,7,8,0,0,7,0,6,7,7,7,0,0,7,0,7,6,9,8,2,4,6,4,6,8,2,0,3,2,3,3,2,3,0
"0000001234","SWE_2022","Sweden",0.7712,52,0,8,4,1,1,2,2,1,1,752,0,1,3,2,0,7,0,2,1,3,3,3,5,5,3,5,3,3,3,2,3,4,3,4,4,5,1,752002,0,1,2,3,1,752002,3,0,10,7,0,0,7,0,5,0,10,9,0,0,7,0,5,3,6,7,0,3,7,0,4,6,4,1,2,2,2,3,4,3,1
"0000000457","SWE_2022","Sweden",1.073,32,1,7,4,1,1,2,1,2,1,752,0,22,2,3,2,3,3,2,1,1,4,4,5,5,5,6,3,3,3,2,3,3,3,2,3,4,1,752003,0,4,2,2,1,752003,2,8,0,8,2,2,2,0,2,6,0,6,1,0,2,1,1,3,6,6,3,4,7,1,6,99,2,0,9,3,2,4,3,3,1
"0000000363","SWE_2022","Sweden",1.0805,37,0,7,1,1,1,1,1,4,2,752,1,14,4,3,6,7,7,1,1,1,5,5,5,4,1,10,1,1,2,2,3,1,4,2,1,3,1,752001,1,2,2,1,1,752001,5,5,0,5,3,5,3,5,5,8,0,2,2,8,3,4,5,4,10,8,0,6,9,2,6,5,2,0,9,3,4,3,3,2,1
"0000000890","SWE_2022","Sweden",1.5282,62,0,3,1,1,1,1,2,2,1,752,0,12,4,2,4,6,6,1,1,3,3,3,3,3,3,9,2,2,3,2,3,2,2,3,2,3,1,752003,0,1,1,1,1,752001,5,5,8,9,2,3,0,0,3,8,7,9,5,5,5,1,99,4,6,9,0,7,4,2,7,7,2,0,9,2,1,3,3,9,1
"0000000329","SWE_2022","Sweden",0.5247,70,1,8,3,1,7,1,2,3,1,752,0,1,3,2,7,0,0,2,1,1,5,5,5,2,4,7,2,2,2,2,3,2,4,2,2,4,1,752007,0,1,2,3,1,752001,4,9,0,3,5,5,0,10,5,9,0,0,3,7,0,9,3,4,10,9,1,5,9,5,7,5,2,1,9,2,3,3,3,3,1
"0000001227","SWE_2022","Sweden",1.1984,43,0,4,1,0,1,2,2,3,2,752,1,23,1,2,6,7,0,2,1,2,2,3,4,5,2,8,2,2,3,3,3,2,3,3,2,5,1,752002,0,2,2,1,1,752002,5,6,9,9,3,1,9,0,7,4,9,9,7,1,10,0,6,3,9,8,2,3,7,2,6,7,2,1,2,3,3,3,3,3,1
"0000002716","SWE_2022","Sweden",1.0396,75,1,2,3,0,7,2,2,1,2,900,9,20,2,3,4,6,6,4,3,3,3,3,5,5,5,7,4,4,4,4,4,4,4,3,4,3,1,999999,999999,9,2,2,99,999999,1,5,0,5,5,5,5,5,5,5,0,5,5,5,5,5,5,3,10,10,0,6,5,5,8,5,2,0,9,2,1,5,3,3,1
"0000000445","SWE_2022","Sweden",0.9037,59,1,99,3,9,99,9,9,9,9,752,0,14,9,3,99,99,99,9,9,9,9,9,9,9,9,99,9,9,9,9,9,9,9,9,9,9,99,999999,999999,9,9,9,99,999999,9,99,99,99,99,99,99,99,99,99,99,99,99,99,99,99,99,99,99,99,99,99,99,99,99,99,9,9,9,9,9,9,9,9,9
"0000001777","SWE_2022","Sweden",0.5283,85,0,8,1,0,7,1,1,2,1,752,0,4,2,2,7,0,0,2,1,1,4,9,5,4,5,8,2,2,2,2,3,2,9,3,2,4,1,752008,0,2,1,1,1,752006,5,7,7,7,6,5,7,5,8,9,7,7,7,3,6,5,8,5,6,8,3,5,8,2,6,6,4,0,9,2,3,3,2,3,0
"0000000346","SWE_2022","Sweden",0.7658,48,1,7,1,1,1,1,1,2,1,752,0,13,2,3,4,7,7,2,1,3,4,2,5,2,2,8,2,2,2,1,2,1,3,2,2,5,1,752007,0,1,1,1,1,752007,4,9,0,3,5,7,3,9,3,10,1,3,9,4,2,10,2,3,9,10,1,6,7,4,7,3,2,1,3,3,2,4,3,3,1
"0000000343","SWE_2022","Sweden",0.7658,51,1,8,4,1,2,2,1,5,2,752,0,12,1,1,1,1,0,2,1,2,4,3,2,1,5,7,2,3,2,1,4,3,4,2,1,5,1,752005,0,2,2,3,1,752005,3,8,5,6,3,8,6,1,5,10,9,2,5,10,6,1,5,3,9,8,0,5,8,1,6,5,4,0,9,4,3,4,2,2,0
"0000002105","SWE_2022","Sweden",0.5247,75,1,7,1,0,7,2,1,1,6,752,0,5,2,3,3,1,7,2,1,2,5,2,5,5,5,9,2,2,2,2,2,2,9,4,3,5,1,999999,999999,9,2,2,1,999999,4,3,0,9,0,5,9,5,5,2,0,10,0,3,99,0,8,0,5,10,0,5,8,1,5,9,2,0,2,3,2,2,3,3,1
"0000000596","SWE_2022","Sweden",1.073,30,1,8,4,1,1,1,2,2,1,752,0,1,3,2,0,7,7,2,1,1,5,5,5,1,2,7,2,2,2,1,3,2,3,2,2,5,1,752007,0,2,4,2,1,752007,5,7,0,1,10,6,0,9,3,9,0,2,10,6,0,7,2,5,10,9,1,6,9,3,7,2,2,1,2,4,3,3,3,3,1
"0000000813","SWE_2022","Sweden",1.275,26,0,7,4,0,6,1,2,3,1,752,0,14,4,3,3,7,7,3,1,1,3,3,3,2,3,8,2,2,3,9,2,3,3,2,2,3,1,752003,0,1,2,2,0,999999,3,4,3,9,0,4,8,4,5,7,4,8,0,2,9,5,5,1,9,10,0,2,9,3,7,8,2,0,2,2,2,3,3,3,1
"0000001277","SWE_2022","Sweden",1.1008,43,0,99,1,9,99,9,9,9,9,901,9,7,9,4,1,1,3,9,9,9,9,9,9,9,9,99,9,9,9,9,9,9,9,9,9,9,99,999999,999999,9,9,9,99,999999,9,8,2,99,99,99,0,99,0,6,99,7,0,99,0,99,0,99,99,99,99,99,99,99,99,8,9,9,9,1,9,9,9,9,9
"0000000335","SWE_2022","Sweden",0.7658,58,1,4,3,1,6,2,1,2,1,752,1,12,2,3,0,2,2,2,2,2,4,3,5,2,2,9,2,2,2,1,3,3,4,3,1,3,1,752007,0,2,4,2,99,999999,4,7,4,4,7,7,5,7,5,5,6,4,8,4,5,5,5,2,10,7,1,6,7,4,7,3,2,0,2,2,2,3,3,3,1
"0000002030","SWE_2022","Sweden",0.7541,72,0,3,4,1,7,2,2,4,1,900,9,14,1,3,2,7,5,3,1,2,4,3,4,4,4,7,2,2,2,3,3,3,3,2,2,4,1,752001,1,2,2,2,1,752001,3,10,0,4,0,3,2,4,0,10,0,3,0,3,0,5,0,2,10,10,0,3,6,4,6,4,2,0,3,3,2,4,3,2,0
"0000001054","SWE_2022","Sweden",1.346,21,1,4,4,0,6,9,9,1,1,752,0,14,4,2,3,3,7,1,1,9,2,2,1,3,3,9,1,1,1,9,9,1,2,2,1,4,1,752005,0,2,1,1,99,999999,4,9,0,6,6,10,0,8,7,10,0,6,8,10,0,8,7,2,10,9,0,5,10,2,7,5,1,0,3,3,2,3,1,1,1
"0000002737","SWE_2022","Sweden",1.7726,21,1,99,4,0,6,9,9,1,9,752,0,5,2,3,0,2,6,4,1,1,4,4,5,3,2,10,2,2,2,2,2,1,2,2,2,3,1,752004,0,2,2,1,99,999999,5,8,0,3,9,8,4,6,5,6,0,4,10,7,4,6,5,3,8,9,0,4,9,3,6,1,1,0,2,3,2,9,9,3,1
"0000002270","SWE_2022","Sweden",0.821,71,0,99,1,1,7,2,2,1,9,901,9,1,2,1,7,7,7,5,2,1,4,2,2,1,1,5,3,4,2,1,4,3,1,4,2,5,1,999999,999999,9,4,1,1,999999,1,0,0,0,5,0,0,0,0,3,0,0,3,3,0,3,0,5,10,10,5,5,10,5,10,5,4,0,2,3,2,5,4,3,7
"0000000305","SWE_2022","Sweden",0.5247,70,1,7,3,0,7,1,9,1,1,900,9,12,4,2,6,99,7,2,1,1,4,4,5,3,2,8,2,2,1,1,2,9,9,2,2,4,1,752007,0,2,4,3,1,999992,5,8,0,5,9,7,4,10,4,7,0,2,8,7,2,9,2,6,10,10,0,7,9,1,8,2,4,0,3,2,2,4,2,2,0
"0000001160","SWE_2022","Sweden",1.7851,20,0,4,4,0,1,1,2,4,2,752,0,6,2,3,2,7,7,1,2,3,2,3,5,5,1,3,2,2,2,2,3,2,3,2,1,3,1,752001,1,2,2,2,1,752005,4,9,4,0,1,8,1,7,1,9,8,0,2,9,3,5,1,0,3,8,0,4,8,0,4,99,4,0,2,3,3,5,3,3,1
"0000001005","SWE_2022","Sweden",0.7712,59,0,8,3,0,1,4,2,3,1,752,0,25,1,3,1,2,3,3,1,2,1,3,3,2,4,4,3,2,2,1,3,3,3,4,2,5,1,752002,0,2,2,1,1,752003,4,2,9,99,3,2,9,0,5,2,10,9,5,0,10,0,6,3,8,8,1,3,8,1,6,8,2,1,2,2,3,3,3,3,1
"0000000275","SWE_2022","Sweden",1.073,37,1,7,1,1,1,1,2,5,1,752,0,1,3,3,3,5,0,9,1,1,5,3,3,3,3,10,2,1,1,1,2,2,3,2,2,4,1,752007,0,1,4,1,1,752008,5,9,0,5,1,9,0,10,7,10,0,3,3,9,0,8,7,5,10,9,1,8,10,3,8,5,1,0,3,3,1,3,1,1,1
"0000000295","SWE_2022","Sweden",0.7658,57,1,8,4,1,1,1,1,5,2,752,0,12,1,4,5,5,0,3,1,1,4,3,4,2,4,9,2,2,2,2,3,2,4,2,2,4,1,752001,1,1,1,1,1,752006,5,8,2,7,1,6,8,4,5,9,2,5,2,4,7,4,5,3,3,8,0,5,8,3,7,6,2,0,9,2,2,4,3,4,0
"0000000883","SWE_2022","Sweden",1.1984,56,0,5,1,0,1,1,2,5,1,752,0,1,3,2,7,7,7,2,1,2,3,2,2,1,3,9,2,3,3,2,3,2,3,4,4,4,1,752003,0,2,2,1,1,752003,4,2,7,9,0,0,99,99,5,2,6,5,0,0,99,0,7,2,7,9,0,3,10,0,5,9,2,1,2,2,9,3,3,3,1
"0000000291","SWE_2022","Sweden",0.7658,42,1,8,1,1,2,1,1,5,1,752,0,7,2,2,3,7,7,2,1,1,5,5,5,5,5,10,2,2,2,1,2,1,4,2,2,3,1,752001,1,2,2,1,1,752005,5,10,0,2,1,9,1,5,6,10,0,1,1,10,0,1,6,4,10,10,0,6,10,2,8,5,1,0,2,2,3,4,3,3,1
"0000000413","SWE_2022","Sweden",1.073,38,1,7,4,1,1,1,1,5,3,752,0,1,3,3,4,6,7,2,1,1,4,3,5,4,4,9,2,2,3,2,3,2,3,3,3,4,1,752003,0,1,2,2,1,752003,3,4,6,9,3,3,8,2,6,4,7,10,4,1,9,1,6,4,10,8,0,5,8,2,7,8,2,1,2,2,4,3,4,3,1
"0000001878","SWE_2022","Sweden",0.7541,73,0,3,1,0,7,1,2,2,2,752,0,14,2,1,7,7,0,1,1,1,2,3,2,2,4,9,2,2,3,2,2,2,3,2,2,3,1,752003,0,1,2,1,1,752003,4,4,7,10,0,6,9,0,7,7,9,9,6,6,6,1,7,4,10,9,0,5,9,1,6,9,2,1,2,2,2,4,3,3,1
"0000001994","SWE_2022","Sweden",0.7489,72,1,3,1,0,7,2,1,1,2,752,0,19,2,3,0,0,7,2,1,3,5,3,9,9,9,99,9,9,9,9,9,9,9,9,9,4,99,999999,999999,9,9,1,1,752001,3,10,0,5,8,5,5,5,5,10,0,3,5,5,3,5,5,2,10,10,0,5,8,2,8,2,2,0,3,3,2,3,2,3,1
"0000001517","SWE_2022","Sweden",1.1008,54,0,3,4,0,1,4,2,1,1,752,0,8,2,9,7,0,0,2,4,2,2,4,5,5,3,7,2,2,2,2,3,2,3,2,2,4,1,752003,0,2,1,1,1,752005,4,6,2,8,2,8,7,2,6,7,3,8,5,9,7,4,5,3,10,8,0,5,7,2,5,99,2,0,2,3,2,3,2,3,9
"0000002168","SWE_2022","Sweden",0.6234,66,0,6,1,1,7,2,2,1,1,900,9,12,4,1,3,0,0,1,3,1,5,4,5,1,1,3,4,4,2,1,3,1,4,2,4,5,1,752001,1,1,4,4,1,752001,1,10,0,0,8,8,0,9,0,10,0,0,9,10,0,9,0,0,10,10,0,5,10,2,10,0,5,1,2,4,2,3,3,3,1
"0000000056","SWE_2022","Sweden",1.1008,59,0,3,4,0,1,1,2,4,1,752,0,6,2,9,99,99,99,9,9,9,9,9,4,3,2,7,2,3,3,2,3,2,3,3,1,4,1,752006,0,1,1,1,1,752008,3,5,1,9,3,2,9,1,6,6,2,8,2,2,8,0,3,3,9,10,0,3,8,2,8,8,2,0,2,3,2,3,4,2,1
"0000002563","SWE_2022","Sweden",0.821,90,0,3,2,0,7,1,2,2,2,752,0,12,1,2,7,0,0,2,1,1,1,4,2,1,4,8,2,2,2,2,3,4,4,2,2,5,1,752002,0,2,1,1,99,999999,9,99,99,99,99,99,99,99,99,99,99,99,99,99,99,99,99,0,9,10,0,1,8,1,99,8,2,0,9,9,2,2,2,3,0
"0000000272","SWE_2022","Sweden",0.6191,72,1,7,3,0,7,1,2,2,1,752,0,17,2,2,5,6,0,2,1,2,2,2,3,3,3,8,2,2,3,2,3,3,3,2,2,3,1,752003,0,2,2,1,1,752003,5,5,8,9,3,6,4,2,6,8,8,9,1,5,6,1,4,4,9,9,4,2,9,1,7,99,2,1,2,2,2,3,2,3,1
"0000002788","SWE_2022","Sweden",1.7851,22,0,6,4,0,6,9,2,1,1,752,0,17,1,2,0,1,5,1,3,4,5,3,5,3,1,7,3,4,2,1,4,4,3,4,2,3,1,999999,999999,9,5,3,1,752007,1,0,1,5,7,3,0,8,1,2,0,4,3,3,0,3,0,9,0,9,1,6,7,2,4,3,5,0,9,2,1,3,3,4,0
"0000001390","SWE_2022","Sweden",1.1901,56,1,6,1,0,10,4,2,4,2,752,0,6,1,2,5,0,7,2,4,2,1,2,2,2,2,4,3,3,3,3,3,3,4,3,2,3,1,752002,0,1,2,1,1,752003,4,3,10,9,0,0,1,3,3,3,8,9,0,0,5,1,1,1,9,9,0,0,1,1,5,9,2,0,2,3,3,3,3,4,1
"0000000268","SWE_2022","Sweden",1.073,31,1,7,4,1,1,1,1,4,3,752,0,22,1,2,6,5,5,2,1,3,3,5,5,5,5,8,2,2,3,2,2,2,2,2,2,4,1,752005,0,2,1,2,1,752001,5,10,0,3,6,10,0,6,5,10,0,3,6,10,0,3,4,2,8,10,0,4,10,4,5,4,2,1,2,3,3,4,3,4,1
"0000001669","SWE_2022","Sweden",0.9037,53,1,6,1,1,1,2,2,4,4,752,0,22,2,3,5,4,0,3,1,3,4,3,5,3,3,8,2,1,1,1,3,2,3,2,1,3,1,752001,1,1,2,2,1,752001,3,5,5,5,5,5,5,5,5,8,0,3,3,7,2,5,5,2,10,9,0,5,8,4,5,3,2,0,9,2,1,3,2,3,1
"0000002395","SWE_2022","Sweden",0.8153,74,1,4,1,1,7,1,1,2,1,752,0,24,1,3,7,7,0,2,1,3,4,3,5,5,3,8,2,2,2,2,9,2,4,2,2,2,1,999999,999999,9,2,1,1,999999,3,8,0,4,5,8,2,5,5,7,0,5,5,9,2,4,5,99,99,99,99,99,99,99,99,99,2,1,2,3,2,2,2,3,1
"0000000252","SWE_2022","Sweden",1.073,36,1,8,1,1,1,2,1,5,1,752,0,8,1,2,7,7,7,2,1,2,4,2,5,1,4,8,3,2,2,2,2,3,3,2,1,4,1,752004,0,1,1,2,1,752004,4,8,0,0,10,7,1,7,3,8,0,0,10,10,0,7,1,5,10,9,1,6,8,4,8,2,2,1,2,3,4,5,4,4,0
"0000001238","SWE_2022","Sweden",1.1008,54,0,3,4,1,2,4,2,2,1,752,0,24,2,3,1,1,4,2,1,2,2,3,5,5,3,9,2,2,2,2,2,2,3,2,1,4,1,752003,0,2,2,1,1,999999,4,7,5,7,5,5,5,5,5,5,5,5,5,5,5,5,5,2,8,8,2,2,3,3,3,6,2,0,9,2,2,3,3,9,1
"0000000025","SWE_2022","Sweden",1.0805,31,0,8,1,1,1,1,2,5,2,752,0,14,2,2,0,0,0,2,1,1,4,5,5,4,5,8,2,9,2,1,3,2,3,2,2,4,1,752001,1,1,2,1,1,752001,5,9,0,4,3,8,2,3,2,10,2,6,3,8,2,3,1,4,5,6,2,5,7,3,7,4,1,1,1,2,2,3,3,3,1
"0000000249","SWE_2022","Sweden",0.7658,49,1,8,4,1,1,1,1,5,1,752,0,1,4,3,7,0,6,2,1,1,5,5,5,5,5,9,2,2,1,2,3,1,4,3,3,4,1,752007,0,2,4,1,1,752008,5,7,0,3,1,6,1,6,5,9,0,3,2,6,2,5,5,5,6,8,1,6,9,2,7,5,2,0,9,2,2,3,3,3,1
"0000000247","SWE_2022","Sweden",1.073,37,1,8,4,1,2,1,1,5,2,752,0,22,2,1,5,7,7,1,2,1,4,4,5,4,5,7,1,1,3,2,3,3,3,3,2,4,1,752002,0,2,2,2,1,752002,4,7,8,8,0,0,6,6,5,10,9,9,0,0,5,0,5,5,6,8,0,5,6,3,5,5,2,0,3,2,3,4,3,3,0
"0000000358","SWE_2022","Sweden",0.7896,53,0,9,1,1,1,1,1,5,2,752,0,3,2,2,7,7,7,1,1,1,4,5,5,4,5,10,1,1,1,1,2,1,3,3,2,4,1,752005,0,2,1,1,1,752008,3,3,0,6,4,7,0,3,9,8,0,6,8,9,0,5,8,4,6,8,0,7,9,2,6,6,1,1,1,2,1,3,3,3,1
"0000000245","SWE_2022","Sweden",0.5247,65,1,8,1,1,1,1,1,5,6,752,0,17,2,2,6,5,5,2,1,2,4,3,4,3,4,9,1,1,1,1,2,2,3,2,2,4,1,752001,1,1,1,1,1,752006,5,6,5,5,5,5,6,5,5,6,5,4,3,4,5,5,5,4,8,7,3,5,7,4,6,5,1,1,2,2,1,2,2,3,1
"0000001608","SWE_2022","Sweden",1.6791,31,0,4,4,0,1,2,2,2,1,752,0,14,1,3,5,0,0,5,1,5,1,5,5,5,5,9,4,4,4,4,4,4,4,3,2,3,1,999999,999999,9,2,3,0,999999,3,3,5,5,0,5,5,0,4,0,5,5,0,0,5,0,4,5,5,5,5,5,5,5,5,5,2,0,9,2,4,3,3,3,0
"0000001718","SWE_2022","Sweden",1.6791,39,0,99,4,9,99,9,9,9,9,752,0,14,9,2,99,99,99,9,9,9,9,9,9,9,9,99,9,9,9,9,9,9,9,9,9,9,99,999999,999999,9,9,9,99,999999,9,99,99,99,99,99,99,99,99,99,99,99,99,99,99,99,99,99,99,99,99,99,99,99,99,99,9,9,9,9,9,9,9,9,9
"0000001639","SWE_2022","Sweden",1.0931,47,1,5,1,1,1,2,2,5,2,752,1,1,2,3,0,7,5,2,1,1,4,2,2,1,4,8,2,2,2,1,3,3,4,2,2,4,1,752001,1,4,4,2,1,752001,4,9,0,9,0,1,2,1,1,9,8,0,0,2,5,2,2,8,5,8,1,10,6,4,7,8,2,1,3,2,2,3,2,3,1
"0000002845","SWE_2022","Sweden",0.6234,66,0,5,1,0,7,2,2,2,1,900,9,14,2,2,6,5,0,1,1,1,3,3,5,3,1,10,1,1,1,2,3,3,4,1,2,3,1,752001,1,2,1,1,1,752001,5,10,0,2,9,3,1,8,2,10,0,2,9,3,1,99,2,2,10,9,1,4,9,4,7,99,1,1,2,2,2,2,1,3,1
"0000002831","SWE_2022","Sweden",0.5283,77,0,8,1,0,7,4,2,4,2,752,0,12,2,3,7,7,7,1,1,1,1,3,4,2,2,8,2,3,2,2,3,3,3,4,2,4,1,752008,0,2,2,2,1,999999,5,4,0,7,3,4,3,0,8,8,0,4,9,7,2,0,10,3,10,9,0,5,10,2,6,5,2,0,2,2,1,2,3,5,0
"0000000232","SWE_2022","Sweden",0.7658,42,1,8,4,1,1,1,2,5,1,752,0,24,2,1,2,7,7,1,2,2,2,5,5,2,4,8,2,2,2,2,2,2,3,2,2,3,1,752001,1,1,1,1,1,752001,5,9,0,5,5,9,0,9,5,10,0,3,4,10,0,8,5,5,5,9,1,7,10,5,7,5,2,1,1,3,3,4,2,3,1
"0000000231","SWE_2022","Sweden",0.7658,48,1,8,3,1,1,1,1,3,1,752,1,18,2,2,0,7,7,1,1,1,5,3,5,5,5,9,2,2,2,2,3,2,3,2,2,3,1,752001,1,1,2,1,1,752005,4,8,0,3,4,6,1,6,3,8,1,6,6,7,1,7,5,4,10,8,1,6,9,3,7,5,2,0,9,3,3,2,3,3,0
"0000000506","SWE_2022","Sweden",1.073,29,1,7,4,1,1,1,1,2,1,752,1,8,2,2,1,7,7,3,2,3,3,5,5,2,3,6,2,2,2,2,3,1,3,2,2,1,1,752004,0,2,2,2,99,752004,5,8,0,0,9,6,0,9,2,9,0,0,9,8,0,9,0,5,8,10,1,8,10,1,8,1,5,1,2,4,4,3,4,3,1
"0000002781","SWE_2022","Sweden",0.7541,70,0,99,1,1,7,2,2,1,9,900,1,1,3,2,5,5,6,1,1,1,1,3,5,5,3,8,3,3,2,3,2,4,4,4,3,5,1,752003,0,1,1,3,1,752003,5,0,5,10,0,5,5,0,5,0,5,10,0,5,5,0,5,0,10,8,0,3,7,3,7,8,2,1,1,2,9,4,3,4,8
"0000000218","SWE_2022","Sweden",1.073,40,1,8,4,1,1,1,1,5,1,752,0,12,1,2,2,99,99,2,1,1,4,5,5,3,3,10,1,1,1,1,2,1,4,1,2,4,1,752001,1,1,2,1,1,752007,5,10,0,2,7,7,0,10,3,10,0,1,5,7,0,9,1,5,8,10,0,5,10,4,6,4,2,0,2,3,2,3,3,3,0
"0000002188","SWE_2022","Sweden",0.5247,68,1,7,1,0,7,9,1,9,1,752,0,8,2,2,6,6,0,2,1,2,1,3,5,2,3,7,2,2,2,2,2,2,3,2,3,5,1,752006,0,2,2,2,1,752001,2,5,5,5,5,5,8,5,5,8,7,2,1,2,8,0,7,99,99,99,99,99,99,99,99,99,2,0,3,3,2,4,3,4,1
"0000002667","SWE_2022","Sweden",0.7489,91,1,2,2,1,7,9,1,1,2,752,9,1,2,3,7,0,0,4,1,9,9,9,5,5,3,6,3,2,4,3,2,2,9,3,3,5,1,752001,1,1,2,2,1,752001,4,8,99,99,99,99,99,99,99,10,99,99,99,99,99,99,99,99,99,99,99,99,99,99,99,99,2,1,2,9,2,4,9,9,1
"0000000214","SWE_2022","Sweden",0.7658,56,1,8,3,1,1,1,2,4,2,752,1,12,4,2,5,0,0,2,1,1,5,4,5,9,5,8,2,2,2,2,3,1,4,2,2,5,1,752007,0,2,2,2,1,752007,5,8,0,2,6,7,1,8,5,99,99,99,99,99,99,99,99,3,9,9,1,5,10,3,5,2,2,1,2,3,3,4,4,2,0
"0000000210","SWE_2022","Sweden",0.7712,63,0,7,1,0,1,4,1,5,1,752,1,1,3,2,3,3,0,1,1,1,5,4,5,5,5,10,2,2,2,1,2,2,4,1,2,5,1,752001,1,1,2,1,1,752001,4,9,0,1,5,5,0,8,3,9,0,1,3,7,0,7,0,4,10,8,0,7,10,4,7,4,1,1,2,3,3,2,3,3,1
"0000001534","SWE_2022","Sweden",1.1008,44,0,5,4,1,1,2,2,3,1,752,0,18,1,2,3,1,5,1,1,1,2,3,2,2,2,5,3,3,3,2,3,3,3,4,3,5,1,752002,0,1,1,2,1,752002,4,2,9,8,0,3,8,0,7,2,9,9,0,2,9,0,8,4,9,8,0,3,8,1,7,8,2,1,2,3,2,4,3,3,1
"0000000208","SWE_2022","Sweden",1.6674,31,1,99,1,9,99,9,9,9,9,752,0,14,9,2,1,2,7,2,9,9,9,9,9,9,9,99,9,9,9,9,9,9,9,9,9,9,99,999999,999999,9,9,9,99,999999,9,99,99,99,99,99,99,99,99,99,99,99,99,99,99,99,99,99,99,99,99,99,99,99,99,99,9,9,9,9,9,9,9,9,9
"0000001047","SWE_2022","Sweden",0.9037,55,1,5,4,1,1,9,1,2,2,752,1,13,1,1,5,2,7,1,1,1,4,5,5,2,2,7,2,2,3,2,3,2,3,2,2,5,1,999999,999999,9,4,1,1,999999,5,7,0,0,10,2,0,7,3,9,0,0,8,2,0,6,1,6,10,10,1,7,10,7,8,0,2,0,2,3,4,3,3,3,1
"0000002780","SWE_2022","Sweden",0.7489,73,1,3,2,0,7,2,1,2,1,752,0,21,9,3,7,0,0,3,1,1,5,5,5,2,4,8,3,3,3,2,4,3,4,9,9,4,0,999999,999999,9,4,2,0,999999,3,5,5,0,2,1,0,1,0,8,5,0,0,0,0,0,0,99,99,99,99,99,99,99,99,99,2,1,2,3,3,2,2,4,0
"0000000406","SWE_2022","Sweden",1.073,31,1,99,4,9,99,9,9,9,9,752,0,21,9,2,0,7,5,2,1,3,4,5,9,9,9,99,9,9,9,9,9,9,9,9,9,9,99,999999,999999,9,9,9,99,999999,9,99,99,99,99,99,99,99,99,99,99,99,99,99,99,99,99,99,99,99,99,99,99,99,99,99,9,9,9,9,9,9,9,9,9
"0000000202","SWE_2022","Sweden",1.275,27,0,6,4,1,5,1,2,5,2,752,0,14,2,2,6,7,7,1,1,1,1,3,2,2,1,10,3,3,4,1,3,2,2,4,2,5,1,752003,0,1,4,2,1,752008,4,6,6,8,2,5,6,1,7,8,8,8,7,1,5,0,4,4,8,8,0,4,7,2,6,5,4,0,3,2,3,3,3,3,1
"0000001405","SWE_2022","Sweden",0.7489,74,1,2,3,0,7,2,1,1,3,752,1,13,2,3,4,0,0,3,3,3,3,3,3,2,1,9,2,2,3,3,3,2,3,2,9,5,1,752001,1,2,1,1,1,752001,3,99,99,99,99,99,99,99,99,99,99,99,99,99,99,99,99,99,99,99,99,99,99,99,99,99,2,0,2,2,1,3,3,4,1
"0000000897","SWE_2022","Sweden",0.9037,54,1,6,1,1,1,1,2,5,1,752,0,3,4,3,5,2,6,2,1,1,4,4,5,5,3,10,1,1,2,2,2,2,3,2,2,4,1,752008,0,2,2,1,1,999999,5,8,2,8,2,9,6,5,9,8,5,8,1,8,7,2,7,5,10,9,0,6,9,4,7,7,2,0,9,2,3,3,3,3,1
"0000002641","SWE_2022","Sweden",0.7489,78,1,3,4,1,7,1,1,1,1,900,9,1,4,2,7,99,99,3,1,1,2,5,4,9,9,8,2,1,1,2,2,1,3,2,2,5,1,752004,0,2,2,2,1,752001,3,9,0,0,9,4,0,7,5,9,0,1,6,1,2,6,5,5,10,8,1,6,10,5,5,2,2,0,2,2,3,3,3,3,1
"0000000196","SWE_2022","Sweden",0.7712,55,0,7,4,1,1,1,2,4,1,752,0,12,2,2,3,0,0,1,1,2,5,4,5,4,5,9,1,2,2,2,3,2,4,2,2,4,1,752001,1,2,4,2,1,752008,4,7,0,2,6,6,1,6,5,8,0,1,8,8,0,7,6,3,10,8,1,8,9,2,6,4,2,9,3,3,2,2,2,3,0
"0000000195","SWE_2022","Sweden",0.91,47,0,7,1,1,1,1,1,3,1,752,0,3,1,9,4,3,0,2,1,2,4,5,5,5,5,9,1,1,2,1,2,2,4,1,1,3,1,752001,1,1,2,1,1,752001,5,8,0,4,1,5,1,99,7,8,3,7,8,9,2,5,5,4,9,7,3,5,7,4,6,4,2,0,9,9,2,3,2,3,8
"0000000194","SWE_2022","Sweden",1.073,39,1,8,1,1,1,1,2,4,1,752,0,22,2,2,0,7,7,2,1,2,2,3,2,2,2,9,3,2,1,2,2,2,3,3,3,4,1,752005,0,2,2,2,1,752005,4,2,0,7,0,8,6,4,6,4,8,0,2,10,9,2,5,4,6,9,1,5,8,3,7,7,1,0,2,2,3,4,3,2,1
"0000000193","SWE_2022","Sweden",0.91,59,0,6,1,0,1,4,2,5,1,752,0,4,3,1,7,7,0,1,1,1,2,2,2,1,2,8,2,2,3,2,3,2,4,4,3,2,1,752003,0,1,1,1,1,752003,5,99,99,99,99,99,99,99,99,5,10,10,5,3,10,0,7,3,7,9,0,3,8,0,5,9,2,1,2,2,2,2,2,3,1
"0000001432","SWE_2022","Sweden",1.275,31,0,5,4,0,1,2,1,5,1,752,0,12,2,2,3,7,7,2,1,1,4,5,5,2,5,9,2,2,1,2,3,2,4,2,2,4,1,752001,1,1,2,3,1,752003,5,9,3,1,0,5,4,4,7,10,8,0,0,6,0,6,10,3,5,10,0,6,7,1,7,3,2,1,2,3,3,3,3,4,0
"0000000191","SWE_2022","Sweden",1.0805,35,0,8,1,1,1,9,2,5,1,752,0,5,2,2,5,7,7,2,1,1,3,2,1,1,3,9,2,2,2,1,3,2,4,4,4,4,1,752008,0,2,1,1,1,752008,5,2,8,9,0,3,99,99,9,5,6,8,4,5,10,0,10,3,5,8,0,3,8,1,6,8,1,1,2,2,2,5,3,3,8
"0000000188","SWE_2022","Sweden",0.7712,57,0,8,4,0,1,1,2,5,1,752,0,1,3,2,2,7,0,2,2,1,4,5,4,2,4,8,3,3,2,2,3,2,3,3,3,5,1,752003,0,2,4,2,1,752003,5,2,1,9,1,3,4,1,8,7,2,5,5,2,2,1,6,3,5,7,2,4,8,3,6,6,2,0,2,2,2,4,3,3,0
"0000000668","SWE_2022","Sweden",0.7712,42,0,7,1,1,1,1,2,5,1,752,0,12,2,2,1,5,3,2,2,4,3,2,4,3,4,8,3,2,3,2,3,2,4,2,2,5,1,752003,0,2,4,1,1,752005,3,8,5,8,2,7,3,5,99,6,6,7,1,8,3,2,1,3,9,8,1,5,7,4,7,6,2,0,3,2,3,4,3,3,0
"0000002201","SWE_2022","Sweden",0.8153,74,1,5,3,9,7,9,1,2,2,752,0,5,1,3,7,0,99,3,9,3,3,3,3,3,3,99,2,2,2,2,2,2,2,1,2,5,1,999999,999999,9,1,1,1,999999,3,99,99,99,7,99,99,99,99,99,99,99,99,99,99,99,99,99,99,99,99,99,99,99,99,99,2,9,9,2,2,3,3,3,1
"0000001939","SWE_2022","Sweden",0.5283,84,0,8,1,0,7,1,1,3,1,752,0,5,1,2,7,0,0,2,1,2,3,3,3,3,3,10,2,2,2,3,2,2,4,2,2,5,1,752003,0,2,2,1,1,752003,4,5,2,9,1,5,5,0,3,7,5,9,1,5,5,1,5,5,4,8,2,3,8,1,6,9,2,0,2,2,2,3,3,3,0
"0000000178","SWE_2022","Sweden",0.7712,58,0,8,1,1,1,1,2,5,1,752,0,1,3,2,7,7,0,1,1,1,5,5,5,5,4,8,2,3,1,1,2,1,4,3,2,2,1,752003,0,1,1,1,1,752005,4,5,0,8,0,3,5,0,7,5,0,7,0,3,7,0,7,3,4,8,0,3,9,0,8,7,1,0,2,1,2,3,3,3,1
"0000000176","SWE_2022","Sweden",0.7712,62,0,8,1,1,1,1,2,5,1,752,0,12,1,2,5,0,0,1,1,3,3,3,5,5,5,5,1,2,2,3,3,3,4,3,1,4,1,999999,999999,9,4,2,1,999999,5,10,10,7,2,2,7,0,5,10,10,5,2,2,8,0,6,6,6,7,0,5,7,0,5,6,4,0,2,4,4,2,2,3,1
"0000000187","SWE_2022","Sweden",0.91,58,0,4,1,1,1,1,1,5,2,752,0,1,3,2,3,7,2,2,1,2,5,5,5,4,3,9,2,2,1,2,2,2,3,2,2,3,1,752001,1,1,1,1,1,752001,4,9,3,7,8,8,6,8,8,9,3,7,5,8,4,8,7,2,10,8,0,5,8,3,5,2,1,0,2,2,2,4,2,3,1
"0000000164","SWE_2022","Sweden",0.7658,44,1,8,4,1,1,1,2,5,2,752,0,5,2,2,0,99,3,2,1,1,5,3,5,4,2,9,2,2,1,1,2,2,3,2,1,4,1,752007,0,1,1,1,1,752007,4,8,1,2,5,6,2,10,5,10,5,4,6,10,3,7,5,4,5,8,1,5,8,3,6,3,1,1,1,3,2,2,3,2,1
"0000002257","SWE_2022","Sweden",0.7489,85,1,3,2,0,7,9,1,1,2,752,0,19,2,9,7,7,7,3,1,3,3,5,5,5,5,8,2,2,2,2,2,2,2,2,2,4,1,752001,1,2,2,1,1,752001,4,9,5,7,7,8,6,8,7,9,5,7,7,8,6,7,7,2,9,9,0,5,9,1,7,3,2,9,2,2,2,2,2,2,0
"0000001789","SWE_2022","Sweden",0.5247,102,1,6,2,9,7,9,1,9,1,752,9,1,4,2,7,0,0,2,1,1,5,4,5,3,5,10,1,2,1,3,9,2,9,2,9,9,1,752001,1,1,5,3,1,752001,3,9,0,2,2,5,2,7,5,9,0,0,5,7,0,5,6,2,10,9,1,5,9,5,6,4,2,1,2,9,3,2,2,3,0
"0000000592","SWE_2022","Sweden",1.073,30,1,8,4,0,1,1,2,3,1,752,0,1,3,2,0,7,7,1,1,1,5,5,4,3,3,9,2,2,1,1,2,3,4,2,1,4,1,752005,0,1,2,1,1,752005,5,8,0,3,3,10,1,3,6,9,0,0,0,10,0,5,6,3,10,8,0,5,9,3,6,5,1,1,2,3,1,3,3,3,1
"0000001133","SWE_2022","Sweden",0.7658,44,1,7,1,1,6,1,1,3,2,752,0,7,2,2,0,7,7,2,1,1,5,4,5,4,3,9,2,2,2,2,3,2,3,2,2,4,1,752006,0,4,5,1,1,752006,4,5,0,6,5,6,8,6,6,7,2,5,9,3,3,6,6,3,7,8,1,99,7,1,7,5,2,0,3,2,3,2,3,3,1
"0000000609","SWE_2022","Sweden",0.7712,43,0,8,1,1,1,1,2,5,1,752,0,14,4,2,7,7,0,1,1,1,5,5,5,4,5,9,1,1,1,1,2,1,3,1,1,4,1,752001,1,1,1,1,1,752001,5,9,0,5,4,9,3,7,6,8,0,3,5,8,3,5,5,2,8,8,0,5,10,2,6,3,1,0,2,2,1,2,3,4,1
"0000000811","SWE_2022","Sweden",1.073,36,1,7,1,1,2,2,1,4,1,752,0,5,2,2,99,99,99,2,2,1,4,5,5,2,4,7,2,1,1,2,3,2,4,3,2,5,1,752001,1,2,4,2,1,752001,5,9,0,2,2,5,1,8,2,10,0,2,1,7,4,6,5,3,10,8,0,6,9,2,99,99,2,1,1,3,3,4,3,3,1
"0000000122","SWE_2022","Sweden",0.7658,56,1,7,4,1,1,1,1,4,1,752,0,20,2,2,3,7,7,1,1,5,5,5,5,5,4,9,1,1,1,2,2,2,3,2,2,4,1,752001,1,2,2,2,1,752003,5,8,0,6,2,8,4,2,8,9,0,2,2,8,3,2,7,4,10,8,0,7,8,2,6,5,2,0,2,2,2,3,2,3,1
"0000000293","SWE_2022","Sweden",0.6191,65,1,8,3,1,7,1,9,1,3,752,0,5,2,2,1,2,2,1,1,1,2,5,1,1,3,6,3,3,3,3,3,1,1,3,2,5,1,752003,0,1,1,1,1,752003,3,3,0,9,0,6,3,3,5,3,0,9,0,6,0,0,1,0,10,10,0,5,5,0,5,10,2,9,9,3,2,3,2,5,1
"0000002147","SWE_2022","Sweden",0.821,84,0,3,1,0,7,1,2,1,1,752,9,21,2,2,4,3,0,1,1,2,4,3,4,3,1,8,3,3,4,2,3,3,4,3,2,4,1,752001,1,2,2,3,1,752001,2,8,0,1,0,0,0,0,0,6,0,0,0,0,0,0,0,0,10,10,0,5,10,0,10,2,4,1,2,2,3,3,2,3,0
"0000002123","SWE_2022","Sweden",2.2763,18,0,3,4,0,6,9,9,5,1,752,0,18,2,2,3,4,7,2,1,2,4,5,5,3,3,7,2,2,2,1,3,2,2,2,4,3,1,752004,0,1,2,4,99,999999,5,8,0,99,10,5,1,9,1,9,0,0,10,8,0,9,1,99,10,10,1,6,9,2,8,1,9,1,2,3,2,4,3,3,1
"0000000721","SWE_2022","Sweden",1.073,33,1,7,4,1,1,1,1,4,1,752,0,14,4,2,0,3,6,1,1,1,3,5,5,3,1,5,3,3,3,2,4,3,3,3,3,4,1,752001,1,2,2,1,1,752001,2,9,0,2,9,8,0,9,8,5,0,3,7,5,0,1,3,3,10,6,0,4,9,1,5,2,2,1,2,3,4,4,3,4,8
"0000000117","SWE_2022","Sweden",0.7658,58,1,8,1,1,1,2,1,4,3,752,0,12,1,3,6,6,0,2,1,2,2,5,5,5,4,8,2,2,2,1,2,1,3,3,3,5,1,752008,0,4,2,2,1,752008,4,6,5,8,0,5,4,2,9,7,6,8,0,5,3,0,9,5,6,10,0,7,6,5,8,8,2,0,2,3,3,3,3,3,1
"0000000888","SWE_2022","Sweden",1.1008,61,0,99,1,9,99,9,9,9,9,752,0,1,9,2,2,99,99,2,1,9,9,9,5,9,9,9,2,9,9,9,9,9,9,2,2,9,1,999999,999999,9,2,9,1,999999,4,99,99,99,99,99,99,99,99,99,99,99,99,99,99,99,99,99,99,99,99,99,99,99,99,99,9,9,9,9,9,9,9,9,9
"0000000114","SWE_2022","Sweden",1.073,37,1,8,1,1,1,2,1,5,6,752,0,14,4,2,3,0,7,2,2,3,5,3,5,5,5,9,2,2,1,1,2,1,3,3,2,5,1,752006,0,1,1,1,1,752006,5,99,99,99,99,99,99,99,99,8,0,5,1,5,10,0,4,4,10,10,0,6,9,1,9,8,2,1,2,2,3,3,3,2,1
"0000000113","SWE_2022","Sweden",0.7712,41,0,8,3,1,1,1,1,3,1,752,0,12,2,2,6,99,99,1,1,1,4,2,5,2,3,10,1,1,1,1,1,1,4,1,1,4,1,752001,1,1,1,1,1,752001,5,8,0,2,6,4,1,5,4,10,0,1,2,9,0,5,5,2,10,8,0,7,10,4,7,2,1,1,1,1,3,2,2,9,1
"0000002385","SWE_2022","Sweden",0.7541,83,0,2,4,1,7,3,2,2,1,752,0,4,1,2,1,0,0,2,1,1,5,3,5,5,5,10,1,1,1,1,3,3,3,2,2,4,1,752005,0,2,2,1,1,999999,5,0,0,0,0,6,0,0,6,6,0,1,0,6,0,6,6,0,0,7,0,99,7,4,4,9,2,0,3,3,1,2,1,1,0
"0000002343","SWE_2022","Sweden",1.275,39,0,8,4,0,1,2,1,5,1,752,0,12,1,1,0,0,0,5,1,1,5,5,5,1,5,7,3,3,1,1,9,2,4,2,2,4,1,752004,0,2,4,1,1,999992,3,8,0,2,9,7,0,8,3,5,5,5,5,5,5,5,5,4,7,7,0,4,8,2,5,2,2,0,2,3,2,3,3,3,1
"0000000107","SWE_2022","Sweden",0.7658,51,1,8,4,9,1,1,1,3,2,752,0,5,4,2,3,1,7,2,1,1,5,5,5,5,5,8,2,2,2,2,2,3,3,2,2,4,1,752001,1,2,1,2,1,752001,4,9,0,1,6,4,0,6,1,8,0,0,6,7,0,6,1,3,10,10,1,6,10,2,9,3,2,0,3,3,2,3,3,3,0
"0000000106","SWE_2022","Sweden",0.7658,50,1,8,1,1,1,1,1,5,1,752,0,13,2,2,5,7,7,1,1,1,5,5,5,5,5,10,1,1,1,1,2,1,3,1,1,4,1,752001,1,1,1,1,1,752001,5,10,0,3,8,8,1,8,3,10,0,1,6,10,0,5,5,3,10,9,2,99,10,4,6,4,1,1,2,2,1,3,1,1,1
"0000002815","SWE_2022","Sweden",1.1092,86,0,2,1,0,7,4,2,1,6,752,9,6,2,2,7,5,5,2,1,2,3,2,3,9,9,10,3,2,3,3,2,2,2,3,3,2,1,999999,999999,9,2,2,1,999999,5,2,7,10,1,8,10,1,9,3,8,8,4,6,9,2,7,0,8,9,0,8,9,1,8,10,2,1,2,2,1,2,2,2,0
"0000000528","SWE_2022","Sweden",0.7712,48,0,8,4,0,1,9,9,5,1,752,0,1,4,2,1,4,3,2,1,1,4,1,2,4,5,10,3,3,3,3,3,3,4,4,2,4,1,999999,999999,9,2,1,1,999999,2,2,6,6,0,1,6,0,6,3,6,5,1,1,6,0,5,5,5,7,0,2,7,0,5,7,1,0,3,1,3,4,1,1,1
"0000000103","SWE_2022","Sweden",1.1984,42,0,4,1,1,1,1,2,5,2,752,0,3,3,2,1,5,7,2,2,1,4,3,2,2,2,7,2,2,3,2,2,2,3,1,1,5,1,752006,0,2,4,2,1,752003,4,7,0,8,0,5,8,99,6,8,0,9,5,9,9,5,5,4,8,7,1,5,7,1,5,7,1,0,3,3,4,4,3,5,1
"0000000101","SWE_2022","Sweden",1.6791,37,0,5,4,0,1,4,2,4,1,752,0,3,1,2,1,1,3,2,1,5,1,3,1,3,2,6,3,3,3,3,3,3,3,4,3,3,1,999999,999999,9,1,3,1,999999,5,0,10,10,0,0,10,0,5,0,10,10,0,0,10,0,5,0,7,7,0,4,7,0,3,8,4,1,2,2,3,4,4,3,1
"0000001175","SWE_2022","Sweden",0.7541,67,0,5,1,1,7,1,2,3,4,752,0,6,2,2,6,7,0,1,1,1,5,3,5,5,2,3,2,2,3,3,2,3,3,4,4,4,1,752002,0,1,1,2,1,752002,5,3,10,7,0,0,8,0,3,5,10,7,5,0,8,0,5,3,9,7,1,4,8,1,5,9,2,1,1,3,2,4,4,3,1
"0000000096","SWE_2022","Sweden",0.91,48,0,5,4,0,1,1,2,5,1,752,0,1,3,2,5,7,3,1,1,1,3,3,4,4,4,10,1,1,1,1,2,2,3,2,2,4,1,752008,0,2,2,1,1,752003,4,4,5,9,2,5,8,3,9,7,5,9,2,3,8,1,9,5,10,9,2,6,9,2,8,8,1,0,9,2,2,3,1,2,1
"0000002206","SWE_2022","Sweden",0.5247,75,1,5,1,0,7,1,2,1,1,752,9,22,1,2,6,4,2,2,1,1,5,5,5,5,5,9,2,2,1,3,3,3,4,4,2,4,1,999999,999999,9,1,2,1,999999,4,5,5,5,0,5,5,5,0,5,5,5,5,5,5,0,5,5,5,5,5,5,5,5,5,5,2,0,9,3,2,3,2,3,0
"0000000095","SWE_2022","Sweden",0.91,48,0,6,1,1,1,1,2,4,4,752,0,10,1,2,5,99,99,2,1,1,4,3,5,5,5,9,3,2,2,1,3,2,3,2,2,2,1,752001,1,2,2,2,1,752001,4,8,2,2,6,4,1,1,4,8,1,1,3,6,1,2,3,4,8,8,1,7,8,2,6,4,1,0,2,2,3,3,2,3,1
"0000002718","SWE_2022","Sweden",1.5282,54,0,3,4,0,9,2,2,9,1,752,0,6,1,3,7,4,0,3,1,3,2,3,5,5,5,7,3,2,2,2,3,2,4,1,1,4,1,752001,1,1,2,3,1,752001,3,10,0,0,8,8,0,7,0,10,0,0,0,8,0,7,0,0,10,10,0,0,10,0,10,0,2,1,2,2,1,2,2,4,0
"0000000695","SWE_2022","Sweden",1.0931,52,1,3,4,1,1,4,2,4,2,752,0,1,3,2,4,4,5,1,1,5,5,5,5,5,5,9,1,2,1,2,2,2,3,2,3,4,1,752001,1,4,4,1,1,752001,4,9,0,3,4,8,0,6,7,8,2,5,6,9,2,10,7,2,10,8,0,5,10,2,7,3,1,0,2,2,3,3,3,5,1
"0000000086","SWE_2022","Sweden",0.7658,44,1,7,1,1,1,1,2,5,1,752,0,14,3,2,0,7,1,2,1,1,3,4,5,4,4,9,2,2,2,1,3,2,4,2,2,4,1,752003,0,2,2,1,1,999999,5,7,0,9,2,7,5,4,8,9,0,7,5,9,5,4,3,3,10,8,0,4,7,2,6,6,2,0,2,2,2,4,3,4,1
"0000000892","SWE_2022","Sweden",0.91,59,0,4,4,1,1,1,2,3,1,752,0,14,4,3,5,7,5,2,1,1,4,4,4,2,3,9,2,3,1,1,3,2,3,2,2,5,1,752008,0,2,2,1,1,752008,3,4,0,5,3,5,3,3,8,6,3,5,7,8,3,3,5,5,7,8,1,4,9,2,6,6,1,0,9,2,2,3,2,3,0
"0000000078","SWE_2022","Sweden",1.1008,41,0,4,4,1,1,1,2,4,1,752,0,14,3,2,0,7,7,1,1,1,3,3,2,2,2,5,3,2,3,2,3,3,3,4,4,4,1,752002,0,1,4,2,1,752002,4,3,9,8,0,0,6,0,4,4,9,7,0,0,7,0,8,4,7,7,0,3,8,0,6,8,2,0,2,9,4,4,4,3,1
"0000000619","SWE_2022","Sweden",1.0805,29,0,8,4,1,1,1,2,3,1,752,0,14,1,3,1,1,7,2,1,1,5,5,5,2,2,9,2,2,2,1,3,3,3,2,2,5,1,752008,0,2,4,1,1,752004,3,7,0,2,4,6,2,3,7,8,0,6,1,5,0,3,8,2,10,9,0,4,9,3,4,4,2,0,2,2,2,4,3,3,1
"0000001843","SWE_2022","Sweden",2.2763,20,0,3,4,1,1,1,2,1,4,752,0,3,1,4,0,99,7,4,1,5,9,5,9,5,2,9,3,3,3,2,4,2,3,3,2,4,1,752006,0,4,2,1,1,752006,3,0,99,8,8,8,10,6,99,6,0,9,6,10,10,5,5,0,9,99,0,7,7,7,0,5,2,9,2,4,4,2,2,5,1
"0000000463","SWE_2022","Sweden",1.0805,31,0,7,1,9,2,9,1,2,2,752,0,14,2,4,0,0,7,2,1,1,5,9,5,1,1,6,2,2,2,2,4,3,4,2,1,5,1,752004,0,1,4,1,1,752001,5,10,0,5,10,2,2,2,1,5,0,5,5,5,5,5,5,2,10,8,2,5,5,5,5,2,2,0,9,2,2,4,3,4,1
"0000001199","SWE_2022","Sweden",1.6674,36,1,4,4,1,1,2,2,3,1,752,1,22,1,4,0,7,7,3,2,3,4,3,5,2,2,6,2,2,2,1,3,2,4,3,2,3,1,752003,0,4,2,1,1,752001,5,9,6,8,1,1,7,0,3,10,8,9,1,1,6,0,6,99,99,99,99,99,99,99,99,99,2,0,9,2,2,4,3,4,1
"0000000065","SWE_2022","Sweden",0.7712,45,0,8,1,0,1,1,2,5,2,752,1,14,3,3,2,2,0,2,1,1,2,4,2,2,2,8,3,3,3,2,3,4,3,3,2,4,1,752001,1,4,4,2,1,752001,1,8,0,6,7,5,4,5,6,4,0,1,7,6,2,5,3,4,6,7,3,6,7,5,6,6,2,0,9,2,2,4,4,4,1
"0000000064","SWE_2022","Sweden",2.1262,37,1,99,1,9,99,9,9,9,9,752,0,13,9,4,99,99,99,9,9,9,9,9,9,9,9,99,9,9,9,9,9,9,9,9,9,9,99,999999,999999,9,9,9,99,999999,9,99,99,99,99,99,99,99,99,99,99,99,99,99,99,99,99,99,99,99,99,99,99,99,99,99,9,9,9,9,9,9,9,9,9
"0000000862","SWE_2022","Sweden",1.1008,60,0,3,1,1,1,1,2,4,1,752,0,14,1,1,6,7,0,1,1,1,4,5,5,5,5,9,1,1,2,1,2,2,4,1,1,4,1,752001,1,1,4,1,1,752004,5,10,0,5,7,5,0,7,3,10,0,1,7,7,0,5,0,1,10,10,0,5,10,4,7,0,1,1,2,3,1,3,2,2,1
"0000000019","SWE_2022","Sweden",1.6674,38,1,6,4,0,1,4,2,5,1,752,0,14,1,3,0,0,7,4,2,2,2,2,2,2,2,2,3,3,3,2,3,3,3,4,1,4,1,752002,0,2,4,1,1,752003,1,2,9,9,0,0,9,0,5,0,10,7,0,0,10,0,9,0,10,10,0,0,10,0,5,10,5,0,9,4,4,3,3,2,1
"0000000053","SWE_2022","Sweden",1.1008,48,0,7,1,1,5,1,2,1,1,900,9,5,1,2,7,7,7,3,3,2,3,3,5,5,5,10,2,2,1,2,2,3,4,2,2,4,1,752003,0,9,2,1,1,752003,5,7,7,9,5,7,5,5,2,8,7,7,5,5,5,5,5,99,99,99,99,99,99,99,99,7,2,1,2,2,2,4,3,3,1
"0000001349","SWE_2022","Sweden",1.7726,20,1,4,4,0,5,2,1,4,1,752,0,5,1,3,0,0,7,2,1,2,5,5,5,5,5,10,1,1,1,1,2,1,2,2,2,5,1,752001,1,1,1,1,99,999999,5,10,0,2,2,8,2,1,2,10,0,2,5,8,5,5,5,2,10,9,0,4,9,0,8,7,2,1,2,2,2,3,3,3,1
"0000000875","SWE_2022","Sweden",1.275,37,0,5,4,1,1,9,2,5,1,752,0,14,4,3,1,4,4,2,1,3,4,3,5,5,5,10,2,2,2,2,3,2,3,2,2,4,1,752001,1,1,1,1,1,752001,4,9,0,99,99,7,0,9,1,9,0,0,7,10,0,8,0,3,9,9,1,5,9,2,8,3,2,1,2,3,2,3,3,3,1
"0000002083","SWE_2022","Sweden",1.1092,78,0,2,1,0,7,9,9,1,1,752,0,14,1,2,7,7,0,3,3,3,1,2,1,1,3,2,3,3,4,2,3,3,4,4,3,5,1,752002,0,1,1,1,1,752002,3,99,10,99,99,99,99,99,99,99,10,99,99,99,99,99,99,1,7,7,0,1,5,1,3,7,5,1,2,2,4,3,3,3,1
"0000002078","SWE_2022","Sweden",0.7489,74,1,3,1,0,7,2,9,9,9,752,0,12,2,3,7,99,99,3,3,3,2,3,5,5,5,5,2,2,3,2,4,2,4,2,1,2,1,752001,1,2,4,2,1,752001,4,8,3,3,3,3,3,3,3,9,4,1,1,3,1,1,4,99,99,99,99,99,99,99,99,99,2,0,3,2,2,2,2,2,0
"0000000040","SWE_2022","Sweden",0.91,59,0,4,1,1,1,1,2,1,2,752,0,12,1,3,0,7,7,2,1,1,2,4,1,1,2,9,2,3,2,1,3,3,2,2,1,2,1,752003,0,1,1,1,1,752003,4,6,5,9,0,3,8,0,6,8,6,9,7,1,7,5,6,2,10,10,0,3,8,99,6,9,2,0,1,2,2,2,2,1,1
"0000000034","SWE_2022","Sweden",1.346,25,1,5,4,1,5,1,2,1,3,752,0,7,2,3,0,7,7,2,1,3,3,4,2,2,2,8,1,2,2,1,3,2,2,2,2,5,1,752003,0,4,2,1,1,752005,4,7,0,8,5,5,1,1,4,8,0,8,1,8,1,1,3,0,0,0,0,0,0,0,0,0,2,0,9,3,3,4,2,3,1
"0000000032","SWE_2022","Sweden",0.7712,47,0,6,1,1,1,1,1,5,2,752,0,9,2,2,4,2,3,2,1,9,5,5,5,4,5,7,1,2,2,2,2,2,3,3,2,9,1,752003,0,2,1,1,1,752003,3,7,5,8,0,5,8,3,5,6,6,8,0,7,8,2,6,4,9,8,0,5,8,2,6,7,2,0,9,3,2,2,2,3,0
"0000000028","SWE_2022","Sweden",0.9037,57,1,6,2,0,1,1,2,5,1,752,1,1,1,2,3,7,5,2,1,1,2,4,5,2,1,8,2,2,2,1,2,2,3,2,1,5,1,752001,1,2,2,1,1,752005,5,8,0,4,5,9,1,6,4,9,0,3,3,9,1,7,3,3,10,9,0,6,9,2,7,6,1,1,2,3,3,3,2,3,1
"0000000679","SWE_2022","Sweden",0.7658,58,1,9,1,0,1,4,2,5,1,752,0,12,1,2,1,7,0,1,2,1,5,2,5,1,5,5,3,3,3,2,3,3,4,4,4,5,1,752003,0,4,4,2,1,999992,3,0,2,99,1,0,2,0,1,1,7,5,6,0,1,0,5,2,5,10,0,2,7,2,4,5,4,0,9,2,3,3,3,3,0
"0000000508","SWE_2022","Sweden",1.073,29,1,8,4,0,1,1,1,3,1,900,9,1,4,1,5,5,7,1,1,1,5,5,5,4,4,9,2,2,2,1,3,1,3,1,2,4,1,752007,0,1,2,1,99,999999,9,99,99,99,99,99,99,99,99,99,99,99,99,99,99,99,99,5,6,9,1,6,9,2,8,1,2,0,2,2,2,4,3,3,1
"0000000026","SWE_2022","Sweden",1.073,35,1,8,1,1,1,1,1,5,1,752,1,20,1,3,0,7,7,2,1,2,5,5,5,2,2,10,1,1,1,1,2,2,3,2,2,5,1,752007,0,2,2,1,1,752007,4,10,0,5,10,9,0,10,3,10,1,8,9,9,2,5,5,2,10,9,0,4,8,1,8,2,1,1,2,3,3,3,3,3,1
"0000000022","SWE_2022","Sweden",0.7658,43,1,8,1,1,1,1,2,5,2,752,0,6,1,2,3,7,7,2,1,3,4,5,5,5,4,10,2,2,2,2,2,2,3,3,2,4,1,752008,0,2,2,1,1,752008,5,6,1,8,1,8,7,2,9,7,3,9,3,9,8,3,9,3,10,9,0,6,9,1,7,7,1,0,2,2,2,4,3,2,1
"0000000698","SWE_2022","Sweden",2.1262,29,1,8,4,1,5,2,2,2,2,752,1,14,4,2,5,5,7,1,1,1,4,5,4,2,3,10,1,1,2,1,2,1,3,2,2,4,1,752004,0,2,1,1,1,999992,5,10,0,0,10,5,0,7,2,10,0,0,8,5,0,6,2,1,10,10,0,5,10,2,7,1,1,1,1,3,2,4,3,3,1
"0000000016","SWE_2022","Sweden",0.9037,64,1,5,2,1,1,1,2,4,2,752,0,6,2,2,3,7,7,1,1,5,5,5,4,1,5,8,2,2,2,1,3,2,3,3,2,4,1,752008,0,1,1,1,1,752003,5,5,7,7,0,6,9,0,10,8,8,8,6,7,8,3,9,6,9,9,0,5,9,3,8,8,2,1,2,2,2,2,2,3,1
"0000000381","SWE_2022","Sweden",0.7658,59,1,8,1,1,1,1,1,5,1,752,0,6,1,3,0,7,7,2,1,4,4,5,5,5,2,10,1,2,1,1,3,2,3,2,2,5,1,752001,1,2,1,1,1,752001,3,7,0,4,2,2,4,5,3,8,0,4,1,2,6,5,4,2,6,6,0,5,6,3,5,5,1,0,2,3,1,2,3,3,1
"0000000023","SWE_2022","Sweden",0.7712,51,0,8,1,1,1,1,2,5,1,752,0,13,1,3,3,7,7,2,1,1,5,2,3,3,3,7,3,3,2,2,3,2,3,3,2,4,1,752003,0,2,4,1,1,752003,2,2,5,8,0,3,6,2,5,6,7,3,0,3,6,0,6,4,5,9,1,4,7,3,6,8,2,0,2,2,1,4,3,2,1
"0000002152","SWE_2022","Sweden",0.7489,83,1,2,1,0,7,2,1,1,1,752,0,12,2,2,7,0,0,2,1,1,3,1,1,9,9,8,2,2,2,2,2,3,3,2,3,2,1,752002,0,1,2,1,1,752002,3,4,10,4,4,4,4,4,4,6,10,3,0,0,6,0,6,5,5,10,1,4,10,0,10,5,2,0,3,2,2,3,4,3,1
"0000001119","SWE_2022","Sweden",1.275,29,0,5,4,1,1,1,2,2,1,752,0,14,3,2,4,3,7,2,1,2,5,3,5,2,1,7,2,2,4,1,3,3,3,2,1,4,1,752001,1,1,2,1,1,752001,4,10,0,3,9,7,1,9,5,10,0,1,7,6,0,3,4,3,10,7,0,5,8,2,7,99,2,0,2,4,3,2,2,1,1
"0000002408","SWE_2022","Sweden",0.7489,73,1,3,1,0,7,1,1,2,1,752,0,1,2,2,0,0,0,1,1,1,1,1,5,5,4,10,1,1,1,1,2,2,4,2,2,5,1,752001,1,2,2,1,1,752001,5,10,0,0,10,9,0,7,6,10,0,0,9,9,0,7,4,0,10,10,0,3,10,3,3,0,2,1,1,3,2,2,2,3,0
"0000001434","SWE_2022","Sweden",0.9037,50,1,5,1,1,5,1,1,3,3,900,9,14,3,2,7,7,7,3,2,1,2,3,5,5,5,8,3,3,9,2,4,2,4,4,4,4,1,752003,0,1,2,2,1,752003,4,1,8,10,6,6,7,1,4,8,9,9,6,6,7,1,4,2,10,9,2,5,8,1,5,7,2,1,2,2,3,3,3,3,1
"0000000071","SWE_2022","Sweden",1.1901,41,1,5,1,0,1,1,1,3,2,752,0,12,2,3,0,1,7,2,1,3,2,4,3,2,2,8,2,2,2,2,2,1,2,2,2,5,1,752006,0,1,1,1,1,752006,5,5,6,10,0,6,10,1,8,8,5,10,0,5,10,0,1,3,10,9,0,5,9,2,7,8,2,1,2,2,2,4,3,3,1
"0000000159","SWE_2022","Sweden",0.7896,52,0,9,4,1,1,4,2,4,1,752,0,4,2,1,0,7,0,1,1,1,5,5,5,5,5,10,1,1,1,1,2,1,4,1,1,4,1,752007,0,1,1,1,1,999999,5,8,0,3,2,10,0,10,5,10,0,2,2,9,0,5,5,2,10,8,1,5,10,3,6,5,1,0,2,1,1,3,3,3,0
"0000001373","SWE_2022","Sweden",1.1901,54,1,7,1,0,1,1,2,5,9,901,9,1,2,2,6,6,0,1,1,2,4,4,2,2,2,8,2,9,3,3,2,2,4,4,3,4,1,752002,0,2,2,1,1,752003,5,6,10,10,0,0,10,0,8,7,10,10,0,0,10,1,9,5,6,8,0,4,8,0,5,8,2,0,9,2,1,4,3,3,1
"0000000038","SWE_2022","Sweden",1.6791,37,0,4,4,1,5,1,2,4,1,752,0,22,2,3,1,7,7,2,1,3,4,5,2,2,3,8,2,2,3,2,3,3,3,2,2,4,1,752001,1,1,1,1,1,999999,3,8,0,7,5,8,5,5,5,7,0,6,6,6,5,5,5,3,9,7,0,5,8,5,7,4,2,0,9,3,2,4,3,2,1
"0000001550","SWE_2022","Sweden",0.5283,78,0,7,1,1,7,1,1,3,2,752,0,14,1,2,7,6,0,2,1,1,5,5,5,5,5,8,1,2,1,3,3,2,9,2,2,2,1,752001,1,1,2,1,1,752001,5,9,0,3,7,6,2,5,3,9,1,3,8,8,4,4,5,3,10,9,1,6,9,4,8,3,2,1,2,2,2,2,2,3,0
"0000002040","SWE_2022","Sweden",0.5283,79,0,7,3,0,1,4,2,2,6,752,0,1,4,1,7,0,7,1,1,1,5,5,5,5,5,8,1,1,2,2,2,2,3,2,2,3,1,752001,1,1,4,1,1,752001,5,9,0,0,4,8,0,9,4,10,0,0,2,7,0,9,4,2,10,10,2,6,10,5,7,3,1,1,1,3,2,2,2,3,1
"0000001468","SWE_2022","Sweden",0.8153,65,1,6,1,1,7,1,4,2,1,752,0,25,1,1,7,2,1,2,1,4,5,3,5,5,5,10,1,1,1,2,2,2,3,1,1,4,1,752001,1,1,1,2,1,752001,5,10,0,4,8,8,0,8,6,10,0,4,9,8,0,9,3,4,8,9,1,6,10,5,7,3,2,1,1,2,2,4,2,3,0
"0000002657","SWE_2022","Sweden",0.7489,74,1,3,1,0,7,2,2,2,1,752,0,5,1,3,7,0,2,3,1,1,5,3,5,5,4,10,2,3,2,2,2,2,3,3,2,3,1,752005,0,2,1,1,1,752005,3,4,0,5,0,8,2,1,6,7,2,4,1,6,1,0,5,3,10,9,0,5,9,0,6,99,2,0,2,3,3,4,2,3,1
"0000002710","SWE_2022","Sweden",0.6191,77,1,5,3,0,7,1,9,1,1,752,0,1,3,3,5,0,0,2,1,2,2,3,5,2,3,10,2,2,2,2,2,1,4,2,2,4,1,752001,1,1,2,1,1,752007,5,8,0,4,3,8,0,9,3,10,0,0,7,8,0,9,1,6,10,10,0,5,10,5,8,6,2,0,2,3,2,5,4,3,8
"0000001926","SWE_2022","Sweden",0.7658,59,1,8,1,1,1,2,1,5,1,752,1,14,2,2,5,0,4,1,1,3,5,5,5,5,5,10,1,1,1,2,3,2,4,2,2,4,1,752004,0,1,1,1,1,752004,5,7,0,0,10,2,0,7,2,7,0,0,10,2,0,7,2,3,10,10,0,5,8,4,9,0,2,0,2,2,2,4,3,3,1
"0000000646","SWE_2022","Sweden",0.821,74,0,3,4,1,7,1,2,2,1,900,9,7,1,2,7,6,0,2,1,2,4,5,5,4,3,9,2,2,2,2,2,1,3,2,2,4,1,752007,0,1,2,1,99,999999,4,8,0,1,9,5,1,9,5,8,0,3,8,6,1,8,5,4,9,9,1,6,9,3,6,2,2,0,2,2,2,3,3,3,0
"0000002107","SWE_2022","Sweden",0.6191,80,1,6,2,0,7,1,2,2,3,752,0,1,3,2,7,3,7,2,1,2,2,3,5,5,5,9,2,2,2,2,2,2,3,2,3,4,1,752003,0,2,1,1,1,752003,3,7,2,9,1,5,7,2,5,9,8,8,5,6,8,2,6,1,10,9,0,5,8,2,7,8,2,1,2,2,2,3,3,3,1
"0000000472","SWE_2022","Sweden",1.073,33,1,8,4,1,2,9,1,1,1,752,0,3,4,1,7,7,7,1,1,3,5,5,5,2,2,6,2,2,2,1,3,4,3,1,1,4,1,752004,0,1,5,1,1,752001,5,8,0,1,10,3,0,8,1,5,0,0,10,10,0,5,0,1,10,10,0,7,10,1,10,0,2,1,1,4,4,2,3,3,0
"0000001145","SWE_2022","Sweden",1.1984,44,0,7,4,0,99,2,2,2,2,901,9,17,2,2,4,7,5,2,2,1,2,5,4,1,3,6,3,1,2,1,2,1,3,2,2,4,1,752001,1,2,4,2,1,752001,3,8,0,2,6,6,1,6,4,9,0,2,6,8,0,5,2,5,10,8,2,4,9,1,7,3,2,1,2,3,2,1,1,2,8
"0000002688","SWE_2022","Sweden",1.1014,70,1,2,2,9,7,9,1,1,1,900,9,17,1,3,0,0,7,2,2,3,3,3,3,3,2,99,3,3,3,2,4,3,3,2,2,3,1,752001,1,2,2,3,1,752001,3,10,0,5,5,5,2,5,5,10,5,5,5,7,6,5,5,0,0,0,0,0,0,0,0,0,2,0,2,2,3,3,3,2,0
"0000001219","SWE_2022","Sweden",0.9037,54,1,6,3,0,1,2,2,4,1,752,0,19,4,3,1,1,2,3,1,2,3,3,3,3,3,10,2,2,2,2,2,2,2,2,2,3,1,752003,0,1,1,1,1,752003,4,5,6,10,2,5,7,5,7,6,6,9,3,5,7,3,6,4,8,10,0,3,6,3,7,10,2,0,2,2,2,3,2,2,1
"0000000035","SWE_2022","Sweden",1.1008,57,0,3,1,1,1,1,2,5,1,752,0,12,2,2,5,5,2,1,1,3,2,3,5,5,5,8,2,2,3,2,9,3,3,2,2,4,1,999999,999999,9,2,1,1,999999,9,7,0,6,3,8,3,5,5,9,1,5,5,9,6,5,6,99,99,99,99,99,99,99,99,99,2,0,9,3,3,3,3,3,1
"0000002248","SWE_2022","Sweden",0.7541,74,0,2,1,9,7,2,2,1,1,752,0,14,2,3,4,2,0,3,1,2,2,1,3,3,2,6,2,2,3,2,3,2,4,2,1,3,1,752001,1,2,2,2,99,752001,3,9,0,2,4,3,3,5,1,10,0,0,1,3,2,1,2,99,99,99,99,99,99,99,99,99,2,1,2,2,3,2,2,3,1
"0000001564","SWE_2022","Sweden",1.0396,65,1,3,4,9,2,2,2,2,1,752,0,12,1,3,7,7,0,3,1,1,5,3,5,5,5,10,1,1,1,9,3,1,4,1,1,4,1,752001,1,1,1,1,1,752001,5,10,0,4,3,6,0,6,4,10,0,4,0,7,0,4,2,5,10,7,0,5,9,5,5,5,1,1,1,2,2,2,2,3,1
"0000000467","SWE_2022","Sweden",1.073,34,1,7,1,1,1,2,1,3,1,752,0,3,1,3,1,0,7,2,1,2,2,3,2,2,1,6,2,2,2,1,3,2,3,3,3,4,1,752001,1,4,5,3,1,752001,4,7,0,6,2,7,6,6,4,7,5,6,0,8,7,4,4,4,10,6,0,4,7,3,6,5,4,0,2,4,3,2,3,4,1
"0000002091","SWE_2022","Sweden",0.5247,75,1,99,2,0,7,9,1,1,9,900,9,5,1,3,99,0,0,2,2,2,2,2,1,1,1,2,3,3,4,4,3,3,3,3,3,1,1,752002,0,1,2,5,0,999999,4,0,10,7,0,0,6,0,0,0,10,7,0,0,7,0,0,0,10,7,0,0,7,0,0,9,2,1,2,2,4,3,3,5,0
"0000000281","SWE_2022","Sweden",1.073,28,1,7,1,0,1,2,1,4,1,752,0,8,2,3,2,5,7,2,2,2,2,3,3,3,3,8,2,2,2,2,2,2,2,3,3,3,1,752003,0,1,2,2,1,752003,5,3,9,10,0,1,6,0,2,4,7,8,1,0,4,0,1,2,9,9,0,1,8,0,7,7,2,0,9,2,2,4,3,3,1
"0000002702","SWE_2022","Sweden",0.6234,76,0,6,1,9,99,9,9,9,9,752,0,1,9,1,7,99,0,9,1,2,9,9,5,5,4,99,3,2,9,3,9,2,4,2,2,9,1,999999,999999,9,2,9,99,999999,5,10,0,0,5,4,0,10,6,99,99,99,99,99,99,99,99,99,99,99,99,99,99,99,99,99,9,9,9,9,9,9,9,9,9
"0000000433","SWE_2022","Sweden",0.7658,53,1,8,1,1,1,1,1,4,3,752,0,20,1,2,4,0,7,2,1,1,5,5,5,3,4,8,1,2,2,1,2,1,4,2,2,4,1,752005,0,2,5,1,1,752008,5,5,0,3,2,6,0,8,0,10,0,0,7,99,0,8,8,4,10,9,0,5,10,0,6,6,1,1,1,3,1,4,3,3,0
"0000000136","SWE_2022","Sweden",0.7658,41,1,8,1,1,1,1,2,5,1,752,0,1,3,3,1,99,0,3,1,2,5,4,5,4,3,8,1,1,1,1,1,2,3,1,2,4,1,752005,0,1,1,1,1,752001,5,9,0,6,4,9,1,7,8,7,0,6,3,10,6,5,5,3,8,8,1,6,8,3,7,6,1,0,2,2,2,3,3,2,1
"0000000348","SWE_2022","Sweden",0.7658,49,1,8,4,1,2,2,1,3,1,752,0,13,1,2,5,6,7,2,1,1,5,5,5,5,9,10,1,1,2,2,1,1,3,1,1,3,1,752001,1,1,1,1,1,752001,5,10,0,5,7,5,5,8,6,10,5,8,8,8,5,8,8,99,99,99,0,99,99,99,99,3,2,1,1,3,1,2,3,3,1
"0000000643","SWE_2022","Sweden",1.073,36,1,8,4,1,1,1,2,2,1,752,0,14,4,2,1,1,7,2,1,3,2,4,5,3,4,8,2,2,2,2,2,2,3,2,9,4,1,752001,1,1,2,2,1,999999,4,9,1,5,1,7,2,8,5,7,4,3,2,4,3,3,3,5,8,8,1,5,8,4,6,5,1,0,2,2,2,3,3,3,8
"0000002558","SWE_2022","Sweden",0.6234,69,0,4,1,1,7,1,2,3,2,752,0,12,1,1,0,7,0,1,1,1,5,5,5,5,4,9,1,1,1,2,2,1,4,1,1,4,1,752001,1,1,2,1,1,752001,4,9,0,2,5,7,0,9,3,9,0,0,3,5,0,5,0,4,10,9,1,6,10,2,7,3,2,1,2,3,3,3,3,3,1
"0000000605","SWE_2022","Sweden",1.5176,47,1,6,4,0,1,2,9,2,1,752,0,19,2,2,0,0,1,3,1,1,1,3,5,2,2,6,3,3,3,3,3,3,3,3,2,5,1,752002,0,2,2,3,1,752003,3,3,10,99,2,1,3,3,99,10,10,3,4,4,99,0,4,99,10,99,0,5,99,99,6,10,2,1,3,3,3,5,3,4,0
"0000001440","SWE_2022","Sweden",1.1092,80,0,2,4,0,1,3,2,1,1,752,9,14,1,9,6,0,0,2,1,3,2,3,2,3,1,10,2,2,2,2,3,3,4,2,2,3,1,752003,0,1,9,1,1,752005,3,1,0,6,1,5,5,0,4,2,2,5,2,5,5,0,2,99,99,99,99,99,99,99,99,99,1,0,9,2,2,2,1,3,0
"0000001251","SWE_2022","Sweden",1.0931,54,1,5,1,1,2,2,2,3,1,752,0,6,2,3,0,0,0,3,2,2,5,1,5,5,5,6,2,2,2,2,9,2,3,1,1,5,1,752001,1,1,1,1,99,999999,9,99,99,99,99,99,99,99,99,99,99,99,99,99,99,99,99,4,10,9,0,5,9,2,7,4,2,0,3,2,3,2,2,2,1
"0000001294","SWE_2022","Sweden",1.1901,61,1,3,1,0,2,2,1,3,2,752,0,21,2,2,7,7,7,3,3,2,2,3,2,2,2,8,2,2,2,1,3,2,3,3,3,4,1,752003,0,2,2,1,1,752003,3,1,8,8,1,6,8,1,6,6,8,8,1,6,8,0,6,4,10,9,0,5,8,1,6,8,2,1,2,2,2,2,3,4,1
"0000001433","SWE_2022","Sweden",1.6791,35,0,4,4,1,2,2,1,3,1,752,0,6,2,3,2,6,6,2,1,2,2,5,4,4,4,7,2,2,2,2,3,2,3,3,2,5,1,752003,0,2,2,1,1,752003,4,4,4,9,2,1,8,0,8,8,7,9,8,1,8,0,5,4,10,8,0,4,9,0,7,8,2,1,2,2,2,4,3,4,1
"0000002140","SWE_2022","Sweden",0.6234,67,0,6,1,1,7,1,1,2,4,752,0,14,1,3,7,3,0,9,1,2,5,3,5,5,5,8,2,2,2,2,2,2,4,2,2,2,1,752006,0,2,1,1,1,752006,4,5,0,5,5,5,6,5,5,5,1,5,3,5,5,5,5,3,10,8,0,5,6,2,6,5,2,0,9,1,2,2,1,3,0
"0000000686","SWE_2022","Sweden",0.7658,55,1,8,4,0,2,4,2,4,2,752,0,1,3,2,3,0,4,2,1,1,5,5,5,4,5,8,1,2,1,1,2,1,3,2,3,5,1,752007,0,2,2,1,1,752007,4,8,0,2,6,8,0,9,5,9,1,1,5,9,1,8,1,4,7,9,2,6,9,5,7,3,2,0,3,2,2,3,3,3,1
"0000001761","SWE_2022","Sweden",1.7851,23,0,5,4,1,5,2,1,1,3,752,1,1,2,2,3,4,1,1,1,1,5,4,5,3,1,7,2,3,3,1,4,3,4,3,3,5,1,999999,999999,9,4,2,1,999999,3,6,0,2,3,7,1,6,4,7,2,3,7,7,2,7,5,2,10,8,0,5,9,3,6,4,2,0,3,4,3,4,4,5,1
"0000000516","SWE_2022","Sweden",0.7658,50,1,8,1,0,1,1,2,5,3,752,0,1,3,2,7,7,7,1,1,1,5,5,5,5,2,10,2,3,3,1,3,2,3,3,2,5,1,752003,0,2,2,1,1,752003,4,7,5,10,0,2,6,0,8,9,8,10,3,1,7,0,7,2,9,9,0,3,9,0,7,8,2,1,2,2,3,4,3,3,1
"0000002297","SWE_2022","Sweden",0.8153,74,1,7,1,0,7,1,1,4,1,752,0,14,1,2,5,0,0,1,1,1,5,5,5,5,5,9,2,2,1,1,3,1,4,2,2,3,1,752008,0,1,1,2,1,752008,5,8,0,8,6,8,6,5,10,9,0,8,5,8,5,3,9,6,10,10,1,5,9,4,8,8,2,0,9,2,1,2,2,3,0
"0000000595","SWE_2022","Sweden",0.7658,41,1,8,1,1,1,1,2,5,2,752,0,1,3,1,3,4,7,1,1,2,4,2,4,2,5,9,2,2,3,2,3,2,4,3,4,4,1,752006,0,1,2,1,1,752006,5,3,1,8,0,5,9,2,7,3,4,8,0,4,10,0,6,4,5,8,1,5,7,3,6,7,2,1,1,2,3,3,3,3,1
"0000002255","SWE_2022","Sweden",1.346,20,1,6,4,0,6,9,9,5,1,752,1,14,3,3,3,3,7,2,1,3,5,3,5,3,4,9,3,3,3,2,3,3,3,3,4,4,1,752001,1,2,1,1,99,999999,5,8,0,2,7,5,0,4,5,6,1,7,7,7,1,2,5,3,10,8,0,4,10,1,7,3,2,0,9,3,3,3,3,3,8
"0000001549","SWE_2022","Sweden",1.1008,50,0,3,1,0,1,4,2,4,1,752,0,12,2,2,3,7,7,1,1,2,2,3,4,2,2,8,3,3,2,2,3,3,3,3,3,4,1,752003,0,1,2,2,1,752003,4,0,7,8,2,2,8,0,5,3,9,8,5,0,8,0,6,3,5,7,1,4,7,1,5,7,2,1,2,2,3,3,3,3,1
"0000000612","SWE_2022","Sweden",1.275,36,0,99,4,9,99,9,9,9,9,752,1,3,9,3,1,1,0,9,9,9,9,9,9,9,9,99,9,9,9,9,9,9,9,9,9,9,99,999999,999999,9,9,9,99,999999,9,99,99,99,99,99,99,99,99,99,99,99,99,99,99,99,99,99,99,99,99,99,99,99,99,99,9,9,9,9,9,9,9,9,9
"0000002549","SWE_2022","Sweden",1.7726,19,1,99,4,9,99,9,9,9,9,752,0,24,9,2,1,5,3,2,1,1,4,4,5,4,2,8,2,3,3,2,3,2,3,2,2,9,1,752004,0,2,4,2,99,999999,3,8,0,4,9,6,0,5,3,8,0,3,9,6,0,3,3,4,10,7,1,5,9,2,7,2,2,0,2,9,9,2,3,2,1
"0000001082","SWE_2022","Sweden",1.2661,36,1,6,4,0,2,1,2,2,1,752,0,12,3,2,1,7,7,2,1,2,4,4,4,2,3,8,2,2,2,1,2,2,3,2,3,5,1,752005,0,2,2,1,1,752005,4,5,0,2,5,7,0,8,4,3,1,2,5,9,1,4,5,4,9,7,1,5,8,3,6,5,2,0,3,4,2,4,4,3,1
"0000001751","SWE_2022","Sweden",1.7726,22,1,4,4,1,6,2,4,1,1,752,0,24,2,3,1,2,7,1,1,3,4,4,4,4,4,10,2,2,2,1,2,2,3,2,2,4,1,752001,1,1,1,1,1,752001,5,10,0,2,9,7,0,8,2,10,0,3,8,9,1,6,2,99,10,8,0,4,9,1,8,1,1,1,2,3,2,2,1,3,1
"0000001472","SWE_2022","Sweden",0.7489,74,1,4,1,1,7,1,1,2,2,752,0,18,1,2,7,7,7,2,1,9,9,9,2,2,1,7,2,3,4,2,2,3,3,4,4,4,1,752002,0,1,2,2,1,752002,5,0,10,9,0,1,9,1,1,1,10,8,1,0,10,0,1,1,9,9,0,4,9,1,7,9,4,1,1,2,3,4,4,3,1
"0000002690","SWE_2022","Sweden",0.8153,92,1,5,2,0,7,1,2,2,1,752,9,1,3,2,7,3,0,2,2,2,2,2,2,2,3,8,1,3,2,2,3,3,9,3,2,4,1,752003,0,1,1,2,1,752003,4,2,5,10,0,5,8,1,5,9,6,9,0,5,8,0,6,2,8,10,0,5,8,1,5,9,2,1,2,3,3,3,3,3,0
"0000001831","SWE_2022","Sweden",0.7489,75,1,3,1,1,7,1,9,3,1,752,0,1,4,1,7,4,7,2,1,5,5,5,5,5,5,10,1,1,1,2,2,2,3,1,1,2,1,752001,1,1,1,4,1,752001,5,10,0,0,6,6,0,7,0,10,0,0,5,8,0,8,1,2,10,10,2,3,10,3,8,1,1,1,1,9,3,4,2,3,0
"0000000825","SWE_2022","Sweden",1.1901,56,1,4,4,0,1,1,1,4,1,752,0,3,4,3,2,0,1,2,1,1,4,5,3,3,3,7,2,2,2,1,3,3,3,2,2,4,1,752008,0,2,2,1,1,752003,3,6,0,9,2,7,7,6,10,6,0,9,1,7,6,5,10,0,10,10,0,7,10,2,10,8,2,0,3,3,2,2,3,3,9
"0000002687","SWE_2022","Sweden",0.7489,78,1,3,2,9,7,2,9,1,1,752,0,1,3,2,4,0,0,2,1,9,9,3,4,4,4,8,2,2,2,2,2,2,9,2,2,4,1,752001,1,1,2,2,1,999999,4,99,99,99,99,99,99,99,99,99,99,99,99,99,99,99,99,99,99,99,99,99,99,99,99,99,2,9,2,4,4,2,3,3,0
"0000000526","SWE_2022","Sweden",0.7841,41,1,9,1,1,1,1,2,5,1,901,9,1,4,3,0,4,7,2,1,2,2,5,5,2,4,9,2,3,1,1,2,2,4,1,1,3,1,752007,0,1,1,1,1,752001,4,9,0,1,9,5,1,10,6,8,0,0,8,5,3,8,5,3,10,9,3,5,9,4,7,3,2,1,2,2,2,4,4,2,1
"0000000287","SWE_2022","Sweden",1.073,33,1,8,4,1,2,1,1,4,1,752,0,21,1,2,5,5,7,2,1,3,5,5,5,2,4,8,2,3,2,1,3,2,3,2,2,5,1,752004,0,1,1,1,1,752004,5,7,0,0,10,5,0,10,1,7,0,0,10,7,0,9,1,4,10,10,0,6,10,5,9,0,2,1,1,3,2,4,3,3,0
"0000000280","SWE_2022","Sweden",0.9037,58,1,7,4,1,2,1,1,2,1,752,0,22,1,3,6,7,7,1,1,2,5,3,5,5,5,9,2,2,2,2,2,3,4,2,2,4,1,752001,1,1,1,1,1,752001,5,10,7,0,7,5,0,2,5,10,7,0,7,7,0,0,5,1,7,10,0,5,9,2,5,2,2,1,1,3,4,3,3,3,1
"0000002339","SWE_2022","Sweden",0.8153,79,1,2,1,0,7,2,1,1,1,752,9,9,1,3,99,99,99,3,1,9,9,9,9,1,9,8,2,2,3,2,3,3,3,2,2,4,1,752001,1,1,5,1,1,752001,5,10,1,0,6,2,0,6,2,10,5,0,0,5,0,5,0,0,10,10,0,3,10,0,10,1,2,1,9,3,1,3,2,3,1
"0000000685","SWE_2022","Sweden",1.0805,33,0,8,4,1,1,1,1,4,1,752,0,1,4,2,4,4,5,1,1,3,2,3,5,2,5,9,2,2,2,2,2,2,4,2,2,4,1,752003,0,2,2,1,1,752003,4,6,4,9,0,2,9,1,7,8,7,9,3,7,7,5,5,3,6,9,0,4,9,1,7,9,1,0,3,2,2,3,3,3,1
"0000002258","SWE_2022","Sweden",1.1014,92,1,2,2,1,7,2,4,1,1,900,9,6,1,2,99,99,99,3,1,3,2,5,3,2,1,8,2,3,2,2,3,3,4,1,2,5,1,752001,1,1,2,1,1,752001,3,10,8,2,1,8,4,0,0,99,99,99,99,99,99,99,99,5,5,10,1,9,6,8,10,5,2,9,2,9,3,9,9,9,9
"0000002581","SWE_2022","Sweden",0.5247,74,1,6,1,0,7,1,1,3,1,752,0,24,2,2,7,99,1,2,1,9,2,3,5,5,5,8,2,2,9,2,9,2,3,2,2,4,1,752001,1,2,2,3,1,752007,4,7,0,1,99,99,0,7,99,9,0,0,8,5,0,7,5,1,9,10,0,7,9,2,8,5,2,0,3,3,3,2,2,9,0
"0000002648","SWE_2022","Sweden",1.1092,83,0,2,1,1,7,9,9,2,3,752,0,25,1,1,2,99,99,1,1,5,1,3,9,9,9,99,9,9,9,9,9,9,9,9,9,2,99,999999,999999,9,9,1,1,752001,5,5,8,10,0,0,8,99,3,10,10,10,5,5,10,0,7,0,4,3,4,3,4,0,3,5,1,1,1,2,3,2,2,2,0
"0000001117","SWE_2022","Sweden",1.0931,64,1,3,3,0,7,2,2,4,1,752,0,13,2,2,4,7,7,2,1,2,1,9,9,1,9,10,2,2,2,2,3,3,3,4,3,4,1,752003,0,1,1,1,1,752003,4,0,1,9,0,3,5,0,2,0,5,9,0,1,8,0,5,2,10,9,0,4,9,0,7,9,1,1,2,2,2,3,3,3,1
"0000000105","SWE_2022","Sweden",1.1008,61,0,3,1,1,1,2,1,3,1,752,0,14,1,2,7,7,1,2,1,2,5,5,5,4,4,8,2,2,2,2,3,2,3,2,2,4,1,999999,999999,9,2,1,1,999999,5,6,5,7,4,3,8,0,5,6,6,6,5,0,7,1,5,5,5,8,2,5,8,5,7,5,2,0,2,3,2,2,2,3,1
"0000001885","SWE_2022","Sweden",1.1008,51,0,4,4,1,5,2,2,1,1,752,0,12,3,2,7,7,7,2,1,2,1,2,3,2,1,10,1,1,2,1,2,1,3,1,1,4,1,752001,1,1,1,1,1,752001,5,10,6,6,6,6,9,1,6,10,6,6,6,7,10,0,6,0,10,10,0,10,10,0,10,0,1,1,2,2,2,1,1,1,0
"0000000387","SWE_2022","Sweden",1.073,33,1,8,4,0,1,2,1,5,2,752,0,1,3,2,7,7,7,1,1,2,5,3,5,5,5,7,2,2,3,2,9,3,9,4,4,4,1,752006,0,1,2,1,1,752003,5,3,9,9,2,0,10,0,1,3,9,10,5,0,10,5,2,1,10,9,0,99,9,0,5,9,2,1,1,2,3,4,3,3,1
"0000002178","SWE_2022","Sweden",1.0396,76,1,4,1,0,7,1,2,2,1,752,0,7,1,3,7,0,0,1,2,1,4,3,5,3,2,7,2,3,2,2,3,3,4,4,3,5,1,752002,0,1,2,1,1,752002,4,1,10,8,0,0,5,0,4,0,10,6,0,0,5,0,3,3,9,10,0,3,8,0,6,9,2,1,2,3,3,3,4,4,1
"0000001298","SWE_2022","Sweden",1.6791,38,0,4,4,1,1,2,1,3,1,752,0,14,1,2,6,5,0,2,2,1,4,2,5,4,4,10,2,2,2,1,2,1,4,3,2,3,1,752001,1,1,1,1,1,752007,4,9,0,1,1,7,0,3,4,10,0,1,1,9,0,1,3,4,10,9,0,8,10,5,6,4,2,1,1,2,3,4,3,3,0
"0000000922","SWE_2022","Sweden",0.7658,52,1,8,3,0,1,1,2,3,1,752,0,14,1,1,7,6,7,1,2,2,2,3,3,3,4,10,2,2,2,2,2,2,3,3,2,4,1,752002,0,1,5,1,1,752002,5,5,10,8,1,0,9,0,6,7,9,8,2,0,9,0,6,4,9,8,0,1,10,0,6,9,2,1,1,2,2,4,3,2,0
"0000002114","SWE_2022","Sweden",0.7489,73,1,2,1,0,7,2,1,1,2,752,0,17,1,2,99,0,0,3,1,2,5,5,4,1,3,7,3,2,2,1,3,2,4,2,1,4,1,752001,1,1,1,1,1,752007,4,10,6,1,7,2,6,9,3,10,8,5,5,5,7,9,5,5,6,10,1,8,7,2,8,5,1,1,2,3,3,2,3,3,0
"0000001629","SWE_2022","Sweden",1.1008,51,0,3,4,9,1,1,2,5,2,752,0,5,1,2,2,0,7,2,1,2,1,2,1,2,1,10,3,3,3,2,4,4,3,4,3,5,1,752002,0,1,1,1,1,752002,3,0,10,7,0,0,4,0,2,0,10,8,2,0,6,0,3,0,10,9,0,0,5,0,5,9,2,1,2,2,4,3,3,4,1
"0000000050","SWE_2022","Sweden",1.6791,31,0,6,1,1,1,1,2,5,1,752,0,14,2,2,5,7,7,2,1,2,2,2,5,5,5,8,2,2,3,4,3,3,4,4,2,4,1,752002,0,1,1,1,1,752002,4,3,9,9,0,0,6,0,5,7,10,8,0,0,7,0,9,5,9,9,0,2,8,0,8,7,2,0,9,2,3,3,3,3,1
"0000000876","SWE_2022","Sweden",1.0805,33,0,7,4,1,1,1,2,3,1,752,1,20,2,2,5,1,0,2,1,1,3,4,5,3,3,8,2,2,2,1,3,2,3,2,2,3,1,752007,0,2,4,1,1,752004,3,6,0,0,8,3,0,8,2,6,0,1,8,4,1,7,5,4,7,9,1,6,9,3,7,3,2,1,2,3,1,4,2,3,1
"0000000373","SWE_2022","Sweden",1.073,38,1,8,1,1,1,1,1,5,1,752,0,24,1,2,7,7,1,2,1,1,4,5,5,3,4,10,1,2,2,1,3,1,3,2,2,4,1,752001,1,2,4,1,1,999999,3,9,0,7,5,5,3,5,5,99,99,99,99,99,99,99,99,3,10,9,0,6,10,3,7,3,2,0,2,2,4,2,3,3,1
"0000000318","SWE_2022","Sweden",0.7658,58,1,8,1,1,1,1,1,5,2,752,0,23,2,2,0,1,7,2,1,3,5,5,5,4,4,9,1,1,1,1,1,1,3,2,2,3,1,752007,0,1,2,1,1,752004,4,99,99,99,99,99,99,99,99,6,2,4,8,5,2,7,4,6,10,9,2,7,10,5,8,1,2,1,1,3,2,3,3,3,8
"0000002727","SWE_2022","Sweden",0.6191,76,1,7,1,1,7,1,9,9,3,752,0,3,1,1,5,3,3,1,1,2,4,4,5,5,5,10,2,2,2,2,2,2,3,2,2,4,1,999999,999999,9,2,3,1,752005,4,4,0,9,0,5,8,1,8,7,5,7,2,7,7,0,7,1,10,9,0,4,9,1,8,8,2,9,2,2,3,4,4,3,0
"0000001957","SWE_2022","Sweden",1.1092,75,0,2,4,0,7,4,2,1,2,752,1,4,2,3,1,0,0,1,1,1,1,3,9,9,1,10,1,1,2,2,2,2,4,2,2,3,1,752003,0,1,2,1,1,752003,4,7,0,10,0,8,9,0,9,7,0,10,0,8,9,0,9,5,7,10,0,8,9,1,9,9,2,1,2,2,2,1,1,3,0
"0000000251","SWE_2022","Sweden",0.7658,61,1,8,1,1,2,9,1,5,4,752,0,19,2,1,7,7,7,2,1,1,5,4,5,5,5,8,1,1,1,1,2,9,3,2,2,4,1,752007,0,1,2,1,1,752007,5,6,0,2,6,8,2,10,5,10,0,2,6,10,2,10,5,99,99,99,99,99,99,99,99,99,2,1,1,3,2,9,3,3,1
"0000001713","SWE_2022","Sweden",1.7851,20,0,4,4,1,5,2,2,2,2,752,0,25,1,1,2,6,7,1,1,2,2,3,2,2,2,7,2,2,2,2,2,2,2,4,4,4,1,752002,0,1,2,2,0,999999,5,2,10,7,0,0,7,0,4,0,10,7,0,0,7,0,4,2,8,7,0,2,7,0,6,8,2,1,2,2,1,4,4,3,1
"0000001488","SWE_2022","Sweden",0.7489,67,1,5,1,0,7,1,1,4,1,752,0,14,4,1,7,0,5,1,1,1,5,5,5,4,3,8,1,2,1,2,3,2,4,3,2,3,1,752001,1,2,4,1,1,752007,5,8,1,5,4,7,4,8,8,9,2,4,3,6,4,4,8,4,6,10,2,6,9,3,6,5,1,0,3,3,3,2,3,3,1
"0000002551","SWE_2022","Sweden",0.821,66,0,4,1,0,7,1,2,1,1,752,0,18,1,2,2,0,0,2,9,9,1,9,9,2,9,8,2,2,2,3,2,2,4,2,3,4,1,752008,0,2,2,1,1,752002,3,8,7,3,0,7,1,0,8,10,9,1,1,7,1,1,8,6,6,9,1,6,9,1,5,5,2,1,2,2,3,4,2,2,1
"0000002566","SWE_2022","Sweden",1.1008,57,0,3,4,0,5,1,2,1,1,752,0,1,2,3,7,3,0,2,1,3,5,3,5,5,4,6,3,3,3,3,3,2,4,3,2,4,1,752002,0,1,2,2,1,752002,3,2,8,7,1,2,6,0,5,2,9,8,2,1,7,0,6,2,8,9,0,4,8,2,6,10,2,0,2,1,3,3,2,3,8
"0000001631","SWE_2022","Sweden",1.6674,36,1,3,4,1,2,2,2,1,1,752,0,1,3,4,0,0,7,5,1,2,3,5,4,3,3,5,3,3,3,2,4,3,3,3,3,5,0,999999,999999,9,5,3,1,752004,1,6,0,0,7,0,0,0,0,5,0,0,5,0,0,5,5,4,10,7,0,5,7,7,6,3,4,0,3,3,3,4,4,5,1
"0000000580","SWE_2022","Sweden",1.0931,57,1,3,1,1,1,1,2,5,1,752,0,14,2,2,5,5,0,1,1,4,5,5,5,5,5,10,1,1,1,1,1,2,4,2,3,5,1,752003,0,1,1,1,1,752006,4,5,4,10,4,7,9,4,8,9,7,10,7,7,9,4,7,5,10,8,0,7,9,1,7,8,1,0,9,3,3,3,3,3,0
"0000002679","SWE_2022","Sweden",0.6191,84,1,3,2,0,7,1,1,1,9,752,0,1,3,3,1,99,99,3,3,2,3,2,3,1,2,5,3,3,3,3,3,3,3,2,3,3,1,999999,999999,9,4,3,1,999999,3,99,99,99,99,99,99,99,99,99,99,99,99,99,99,99,99,99,99,99,99,99,99,99,99,99,4,0,9,3,3,3,9,9,0
"0000001084","SWE_2022","Sweden",1.7851,20,0,4,4,0,5,2,2,5,1,752,0,22,1,2,3,3,4,2,1,2,3,1,5,3,2,8,2,2,3,2,3,2,2,2,2,4,1,752003,0,2,2,2,99,999999,4,8,5,8,1,4,2,0,2,9,0,8,0,2,4,5,0,3,10,7,0,5,7,1,8,5,2,0,2,2,2,4,2,3,1
"0000001476","SWE_2022","Sweden",0.821,82,0,2,1,0,7,3,2,1,1,752,0,20,2,2,5,0,0,2,2,2,2,3,2,2,2,8,2,2,2,3,3,2,3,3,2,4,1,752002,0,1,2,2,1,752002,5,1,10,8,0,0,8,0,5,5,10,8,0,0,8,0,5,2,10,10,0,4,10,0,8,10,4,1,1,2,2,2,3,3,1
"0000000607","SWE_2022","Sweden",0.7712,56,0,7,1,1,1,1,2,5,1,752,0,14,4,1,6,7,7,1,1,1,5,5,5,5,5,8,1,1,1,1,3,2,4,2,2,5,1,752005,0,2,1,1,1,752005,5,3,0,2,2,9,1,3,3,6,0,0,4,10,0,5,3,5,10,10,0,8,10,2,8,7,1,0,2,2,1,4,3,3,1
"0000001659","SWE_2022","Sweden",2.1412,38,0,3,4,1,1,2,2,2,1,752,0,14,1,4,99,6,7,2,1,3,5,3,5,3,3,8,3,3,4,2,3,3,3,3,3,5,1,752001,1,2,2,2,1,752001,4,7,0,3,5,5,2,5,5,8,2,2,5,5,2,5,5,3,10,10,0,5,10,5,6,3,2,0,2,4,2,4,4,3,1
"0000001977","SWE_2022","Sweden",0.7541,81,0,2,1,0,7,2,1,1,4,752,0,5,1,2,7,0,0,3,1,3,4,3,3,3,3,7,2,2,2,2,3,3,3,2,2,4,1,752001,1,2,1,1,1,752001,5,9,0,5,5,7,5,9,5,10,5,5,5,5,5,5,5,3,8,10,0,5,3,3,5,5,2,0,9,2,1,3,2,3,0
"0000000456","SWE_2022","Sweden",1.073,27,1,7,4,1,1,2,1,4,1,752,0,12,2,3,0,7,7,1,1,1,5,5,3,2,2,7,2,3,2,2,3,2,3,4,2,5,1,752003,0,2,2,3,1,752003,4,5,5,10,1,5,8,5,5,5,5,10,1,7,8,1,5,0,8,10,0,3,10,0,5,8,2,1,1,2,1,2,3,5,1
"0000002045","SWE_2022","Sweden",0.6234,72,0,7,4,1,7,4,2,5,1,752,0,1,1,1,6,4,1,2,1,2,2,5,4,3,2,8,2,3,2,1,3,2,3,3,2,3,1,752002,0,2,2,1,1,752002,3,4,10,9,5,2,7,1,6,7,9,8,7,0,7,4,7,4,9,8,2,5,8,3,5,9,2,1,2,3,3,2,3,3,1
"0000001019","SWE_2022","Sweden",0.7658,57,1,7,1,1,1,1,2,4,9,752,0,22,2,2,7,5,6,2,1,2,5,5,5,4,3,9,2,2,2,2,2,2,3,2,2,4,1,752001,1,1,1,1,1,752001,4,9,0,3,5,6,1,6,3,9,0,2,4,7,1,5,3,5,8,9,1,7,9,3,8,5,2,9,2,2,2,3,3,3,1
"0000000258","SWE_2022","Sweden",0.7712,44,0,99,1,1,1,9,1,5,9,752,0,1,3,3,0,1,0,4,1,1,5,5,5,5,4,9,2,2,1,1,3,2,4,2,2,5,1,752001,1,2,4,1,1,752001,4,9,0,1,9,6,1,9,1,99,99,99,99,99,99,99,99,2,10,9,1,7,9,3,9,99,2,0,2,2,1,3,3,3,1
"0000000577","SWE_2022","Sweden",0.5283,68,0,7,1,1,7,1,1,3,1,752,0,25,2,2,7,0,0,1,1,1,5,3,5,5,4,9,2,1,1,1,2,2,4,1,1,4,1,752001,1,1,1,2,1,752001,4,10,0,2,8,5,1,8,5,10,0,2,8,7,1,8,3,0,9,8,0,5,10,2,6,1,2,1,1,2,3,2,2,4,0
"0000001984","SWE_2022","Sweden",1.7851,19,0,4,4,0,6,9,9,5,1,752,1,24,2,1,0,0,7,1,1,1,5,5,5,2,3,8,1,1,2,1,3,1,4,1,1,3,1,752004,0,1,1,1,99,999999,5,7,0,0,10,4,0,8,0,8,0,0,10,7,0,9,0,4,10,10,0,7,9,4,7,1,1,1,1,4,2,2,2,3,1
"0000000744","SWE_2022","Sweden",1.0805,29,0,8,4,1,1,1,2,5,1,752,0,1,3,1,1,7,7,9,1,3,5,2,2,1,1,8,3,3,4,1,2,2,3,4,2,5,1,752003,0,1,1,1,1,752003,5,3,7,10,0,0,9,0,6,7,6,8,0,0,10,0,8,6,10,8,0,2,9,0,7,9,1,0,2,1,1,2,1,1,1
"0000000649","SWE_2022","Sweden",0.7712,50,0,4,1,0,5,9,9,9,1,752,0,1,3,3,4,1,7,3,1,3,4,4,5,2,4,8,3,2,2,1,3,2,3,3,2,4,1,999999,999999,9,5,2,99,999999,4,9,0,4,8,7,1,7,3,8,2,3,6,99,3,5,99,2,10,7,0,5,9,3,6,2,2,0,3,3,2,4,3,3,1
"0000000572","SWE_2022","Sweden",0.7658,56,1,8,1,1,1,1,1,5,1,752,0,1,4,1,7,7,7,1,1,2,5,5,5,4,5,9,2,2,1,1,3,3,4,3,4,5,1,999999,999999,9,4,1,1,999999,5,3,0,3,0,5,0,2,5,4,0,3,1,5,0,3,5,4,10,8,0,4,10,1,5,5,2,0,2,9,3,4,4,3,1
"0000002398","SWE_2022","Sweden",0.7489,77,1,3,4,0,7,1,1,9,1,752,0,1,2,3,3,0,1,3,9,9,9,9,3,3,3,5,9,3,3,4,3,3,3,3,2,4,99,999999,999999,9,2,3,0,999999,3,7,7,7,99,99,99,99,99,99,7,7,99,99,7,99,7,99,99,99,99,99,99,99,99,99,2,0,9,3,3,3,3,3,0
"0000002650","SWE_2022","Sweden",1.7851,23,0,4,4,1,1,2,2,2,3,900,1,1,3,3,1,1,1,2,2,2,3,3,5,1,4,9,3,3,4,2,3,2,4,3,3,5,1,752002,0,2,4,1,1,752002,4,3,8,8,1,3,2,0,3,2,9,4,99,4,2,99,99,0,10,8,0,5,5,2,3,9,1,0,2,3,3,3,3,3,1
"0000002759","SWE_2022","Sweden",0.5247,76,1,7,3,0,7,1,9,2,1,752,0,13,1,2,4,4,6,2,1,1,5,1,1,1,1,1,4,4,4,3,4,4,4,4,4,5,1,752002,0,1,4,5,1,752002,3,0,9,9,0,0,9,0,5,0,9,7,2,0,9,0,5,1,9,9,0,1,9,0,7,10,5,1,2,2,4,5,5,4,0
"0000002707","SWE_2022","Sweden",1.0805,26,0,99,4,0,6,9,9,1,9,752,0,19,2,3,0,0,0,1,2,1,4,3,5,2,4,8,2,2,2,1,3,3,4,3,3,5,1,752003,0,2,2,2,0,999999,4,5,4,8,3,4,5,3,6,6,6,6,6,3,4,3,6,4,8,8,2,4,6,3,7,7,2,0,2,2,1,3,3,4,1
"0000000004","SWE_2022","Sweden",0.91,64,0,4,1,1,1,4,2,5,2,752,0,12,1,1,7,7,3,1,1,1,2,3,1,2,4,9,1,1,1,1,2,2,4,3,2,2,1,752006,0,1,1,1,1,752006,4,99,99,99,99,99,99,99,99,1,9,10,1,2,10,0,7,2,10,9,0,3,10,0,6,10,1,1,1,2,3,2,3,4,0
"0000000682","SWE_2022","Sweden",1.0805,32,0,8,1,0,1,1,2,5,2,752,0,1,4,2,1,7,7,1,1,2,5,2,5,1,5,9,2,2,1,2,3,1,3,2,1,4,1,752001,1,2,2,1,1,752008,3,8,0,5,3,7,1,2,8,10,3,2,5,9,2,3,5,4,9,7,2,5,9,2,6,5,1,0,9,1,2,2,2,3,1
"0000000269","SWE_2022","Sweden",0.7658,58,1,7,1,0,2,2,1,4,3,752,0,13,2,3,7,2,7,1,1,1,5,2,2,4,2,10,2,2,3,2,3,2,3,3,3,5,1,752006,0,1,2,1,1,752006,3,7,9,9,8,0,9,0,8,9,9,9,9,0,9,0,8,1,10,10,1,3,10,1,5,7,2,0,2,3,4,4,3,3,1
"0000000709","SWE_2022","Sweden",1.073,37,1,7,1,1,1,4,2,4,1,752,1,14,3,3,1,0,1,2,1,2,4,5,3,2,5,6,2,3,2,1,4,3,3,2,2,3,1,752007,0,1,4,3,1,752007,4,7,0,0,7,7,1,8,0,10,0,0,8,9,0,6,1,2,10,9,2,4,9,2,7,2,4,0,3,4,3,3,2,3,0
"0000000089","SWE_2022","Sweden",0.7712,57,0,99,1,9,99,9,9,9,9,752,0,1,9,1,2,2,7,9,9,9,9,9,9,9,9,99,9,9,9,9,9,9,9,9,9,9,99,999999,999999,9,9,9,99,999999,9,99,99,99,99,99,99,99,99,99,99,99,99,99,99,99,99,99,99,99,99,99,99,99,99,99,9,9,9,9,9,9,9,9,9
"0000001007","SWE_2022","Sweden",1.073,26,1,8,4,0,1,2,2,2,1,752,0,12,1,3,0,0,5,2,1,2,2,3,3,3,2,8,2,2,2,2,3,2,2,2,2,3,1,752008,0,2,2,2,1,752007,4,6,0,5,5,7,5,8,8,4,3,5,5,7,5,5,5,3,10,8,1,5,6,5,5,5,2,1,2,2,2,3,3,3,1
"0000001819","SWE_2022","Sweden",0.7489,86,1,2,2,9,7,9,1,1,1,752,0,25,1,2,6,0,0,4,5,9,2,2,5,4,4,7,3,3,3,4,4,4,4,2,2,4,1,999999,999999,9,4,2,1,999999,4,2,4,2,5,2,5,2,4,2,4,5,2,2,5,2,2,8,3,1,4,4,1,5,3,5,2,0,9,3,3,3,2,2,7
"0000000818","SWE_2022","Sweden",1.0805,30,0,7,4,1,5,4,2,4,1,752,0,4,2,3,1,0,0,2,1,4,5,5,5,2,4,10,3,2,1,1,2,4,4,2,2,4,0,999999,999999,9,2,2,0,999999,5,9,0,3,5,7,0,9,7,10,0,3,3,9,4,7,3,3,10,7,0,4,8,3,1,4,4,1,2,4,2,4,3,5,1
"0000001329","SWE_2022","Sweden",1.6674,29,1,4,1,1,5,2,1,3,1,752,0,3,2,4,1,6,7,4,2,2,2,3,5,2,2,7,2,2,2,3,2,2,2,3,3,9,1,752003,0,2,2,2,1,999999,3,6,7,9,0,6,8,3,5,7,6,8,1,7,8,5,5,4,9,8,1,4,7,2,8,7,2,0,9,2,3,4,3,3,1
"0000000789","SWE_2022","Sweden",0.7541,71,0,5,3,0,7,1,2,2,1,752,0,12,2,2,7,7,7,2,1,1,5,3,5,5,5,9,1,2,2,2,2,2,3,2,2,4,1,752002,0,2,2,1,1,752002,4,8,10,9,5,4,3,3,5,5,9,9,5,0,2,2,7,99,10,9,0,4,5,3,99,9,1,0,2,2,3,3,1,3,0
"0000000718","SWE_2022","Sweden",0.7658,44,1,7,4,1,2,1,1,4,2,752,0,14,4,2,3,7,7,2,1,3,4,4,5,3,4,10,2,2,2,1,2,2,3,2,1,3,1,752004,0,1,1,2,1,752004,4,7,0,1,9,3,0,8,1,8,0,99,99,8,0,7,2,2,10,10,0,6,8,3,10,1,2,1,2,3,2,2,3,2,1
"0000002633","SWE_2022","Sweden",0.7541,69,0,2,4,1,7,1,1,9,2,901,9,1,9,2,1,1,1,1,1,2,2,2,1,2,2,10,1,2,3,9,4,9,9,1,1,1,1,752002,0,1,1,9,1,752002,9,99,10,99,99,99,99,99,99,99,10,99,99,99,99,99,99,99,10,99,99,99,99,99,99,99,1,1,2,1,1,2,2,2,7
"0000002664","SWE_2022","Sweden",0.7489,70,1,3,1,0,7,2,1,9,1,752,0,17,1,3,0,2,0,2,1,1,2,1,5,5,1,9,2,2,3,2,3,2,4,3,2,3,1,999999,999999,9,2,2,1,999999,3,99,99,99,99,99,99,99,99,99,99,99,99,99,99,99,99,99,99,99,99,99,99,99,99,99,2,1,9,3,2,1,2,2,1
"0000000203","SWE_2022","Sweden",1.0805,35,0,8,1,0,5,1,1,4,3,752,1,5,2,2,3,6,7,3,1,2,2,3,5,4,4,10,2,2,3,2,3,4,4,4,4,4,1,752006,0,1,1,1,1,752006,4,1,6,8,2,1,8,0,4,1,7,9,3,1,10,0,2,3,10,8,0,3,8,0,4,7,2,0,2,2,4,4,3,3,1
"0000000741","SWE_2022","Sweden",0.91,59,0,4,1,1,1,1,2,5,2,752,1,1,3,2,7,6,6,2,1,1,4,5,2,2,3,8,2,2,2,1,3,2,3,2,2,4,1,752001,1,1,1,1,1,752001,4,9,0,6,5,6,1,2,5,9,0,4,6,8,0,1,5,4,10,9,1,4,9,1,5,3,2,0,2,2,2,2,2,3,0
"0000001438","SWE_2022","Sweden",1.1901,52,1,5,3,0,10,4,2,1,3,752,0,12,4,2,99,99,99,2,1,1,4,2,5,5,5,8,2,2,3,1,3,3,9,2,2,4,1,752005,0,2,4,1,1,752001,4,8,0,6,5,8,0,3,5,8,1,6,5,8,1,5,5,99,99,99,99,99,99,99,99,99,2,0,3,4,4,3,2,3,1
"0000002841","SWE_2022","Sweden",1.1092,78,0,3,1,0,7,2,2,2,1,752,0,20,1,2,7,4,4,2,1,1,3,2,5,2,5,10,9,3,2,2,3,2,3,3,1,4,1,752001,1,2,5,2,1,752001,4,8,2,3,0,3,5,3,3,8,3,3,0,3,3,3,3,5,5,7,0,7,7,3,7,5,2,0,3,2,2,2,2,2,1
"0000000055","SWE_2022","Sweden",0.7658,41,1,8,4,0,1,1,2,5,1,752,0,1,4,2,2,7,7,2,1,1,5,5,5,2,2,10,2,2,2,2,3,2,3,2,1,4,1,752004,0,1,5,1,1,752007,5,7,0,1,10,8,0,7,1,10,0,0,10,7,0,9,0,5,10,10,0,8,10,3,10,2,1,1,1,4,3,4,2,3,1
"0000002488","SWE_2022","Sweden",0.6234,71,0,6,1,1,7,1,1,1,9,901,9,21,4,2,2,3,6,2,2,3,2,1,1,4,2,5,2,3,9,4,3,3,3,3,2,3,1,752006,0,2,2,2,1,752006,5,5,6,5,3,2,99,99,2,6,7,8,7,3,8,2,5,1,10,9,1,1,99,99,0,7,2,1,2,2,2,2,2,3,1
"0000000752","SWE_2022","Sweden",1.275,30,0,6,4,1,5,1,2,2,1,752,0,12,4,1,5,6,6,2,1,2,5,3,2,2,2,9,2,3,3,2,2,3,3,3,3,5,1,752002,0,2,2,1,1,752002,5,3,8,7,1,2,7,0,5,6,9,6,5,1,7,1,6,3,7,8,1,4,7,1,6,7,2,1,2,1,3,3,3,3,1
"0000000755","SWE_2022","Sweden",1.1008,59,0,5,4,1,1,1,1,4,1,752,0,23,1,2,6,7,0,2,1,3,4,3,5,5,5,9,2,2,2,3,2,3,4,2,2,4,1,999999,999999,9,2,1,1,999999,5,7,7,7,5,7,6,6,7,9,7,8,5,8,6,6,6,5,9,9,2,6,9,4,7,99,4,0,9,2,3,4,3,3,1
"0000000762","SWE_2022","Sweden",0.6234,66,0,4,1,1,7,1,2,3,2,752,0,1,2,3,7,7,0,2,1,2,3,3,5,3,3,8,1,2,2,2,3,2,4,2,2,4,1,752005,0,4,2,1,1,999999,3,7,1,5,2,6,1,3,7,8,2,4,4,8,0,2,5,3,9,9,1,5,9,2,5,6,2,0,9,2,1,2,2,3,1
"0000000766","SWE_2022","Sweden",1.275,34,0,5,4,1,1,2,2,3,1,752,0,12,2,3,0,5,7,3,1,1,3,5,5,5,5,7,2,2,1,1,3,4,4,4,3,5,1,752003,0,2,4,1,1,752003,5,0,4,9,0,7,7,7,2,5,3,8,99,5,5,3,5,0,8,10,0,3,5,3,2,7,2,0,9,3,1,4,4,3,1
"0000000562","SWE_2022","Sweden",1.1984,58,0,4,1,1,1,1,1,5,2,752,0,17,1,2,3,0,7,2,1,1,5,5,5,5,5,8,2,2,2,2,3,1,4,2,2,4,1,752001,1,1,1,2,1,752004,5,9,0,1,9,3,0,7,3,8,0,0,8,8,0,5,1,2,10,10,0,5,10,4,7,1,2,1,2,3,3,4,4,3,0
"0000000769","SWE_2022","Sweden",1.275,34,0,6,4,1,1,1,2,3,1,752,1,14,3,2,0,0,7,2,1,1,1,3,2,2,2,9,2,2,2,1,3,2,3,3,2,3,1,752008,0,2,2,1,1,752003,2,6,1,7,4,6,4,6,7,6,5,3,3,3,3,5,6,4,7,8,1,4,6,4,6,6,2,0,3,2,3,3,3,3,1
"0000001923","SWE_2022","Sweden",0.6234,67,0,8,1,1,7,1,1,2,1,900,9,7,1,2,7,5,0,1,1,1,5,5,5,4,4,6,2,3,2,1,3,2,4,2,2,5,1,999999,999999,9,2,2,1,999999,3,4,0,0,6,4,0,5,3,6,0,0,99,6,0,6,6,7,10,10,2,4,10,5,7,99,4,0,2,3,4,3,4,3,8
"0000000772","SWE_2022","Sweden",0.91,55,0,4,3,1,1,1,1,3,4,752,0,10,1,3,2,5,0,3,1,2,5,4,5,4,2,6,2,3,2,2,4,1,4,2,2,4,1,752002,0,4,4,1,1,752001,4,7,3,2,3,5,3,7,2,7,2,2,3,5,2,6,3,3,7,8,2,6,7,5,7,4,2,0,3,3,2,3,3,3,1
"0000000778","SWE_2022","Sweden",1.3555,24,0,6,4,1,1,1,2,2,1,752,0,12,2,4,0,0,2,5,1,1,3,3,4,2,1,7,4,4,3,2,4,4,4,4,3,5,1,999999,999999,9,5,1,1,999999,2,1,0,4,0,4,1,0,3,3,3,6,5,5,3,5,5,0,10,6,0,1,7,0,3,5,5,0,9,3,2,5,4,4,0
"0000000781","SWE_2022","Sweden",1.275,34,0,6,1,1,1,1,2,3,6,752,0,12,1,2,0,7,7,3,3,3,3,3,3,3,3,8,2,2,3,2,3,2,4,2,2,4,0,999999,999999,9,2,3,0,999999,2,5,5,5,5,5,5,5,5,5,5,5,5,5,5,5,5,2,8,8,1,5,8,2,7,5,2,0,9,3,2,3,3,3,1
"0000002844","SWE_2022","Sweden",1.7726,19,1,4,4,1,6,9,9,5,3,900,1,12,2,3,0,0,7,2,4,3,4,3,5,3,5,6,4,4,4,2,4,3,4,3,2,2,1,752003,0,2,2,3,99,999999,1,0,8,9,0,3,10,0,5,0,4,8,0,2,8,5,7,1,10,9,0,4,9,0,5,8,2,0,2,2,1,3,3,3,0
"0000002074","SWE_2022","Sweden",2.2763,18,0,4,4,0,6,2,2,5,2,752,0,1,4,1,5,5,7,2,1,3,5,2,5,4,4,9,1,1,2,1,2,2,3,2,3,3,1,752008,0,2,2,1,99,999999,4,99,99,99,99,99,99,99,99,7,4,10,7,2,7,3,8,3,8,8,1,8,8,3,7,7,2,0,2,2,2,2,1,2,1
"0000001109","SWE_2022","Sweden",1.0805,30,0,7,4,0,5,2,2,2,2,752,0,8,1,3,0,0,7,3,1,4,3,2,4,4,3,9,2,2,3,1,2,2,3,3,2,5,1,752003,0,1,1,2,1,752003,4,3,99,9,1,4,5,5,99,8,8,5,9,5,4,8,99,3,10,9,0,4,7,4,7,8,2,0,2,3,2,4,3,3,1
"0000002535","SWE_2022","Sweden",0.5247,65,1,8,3,0,7,1,1,5,1,752,0,20,1,2,4,0,6,1,1,1,5,3,5,3,4,8,1,2,2,2,3,2,3,2,2,5,1,752001,1,2,2,1,1,752001,4,9,0,1,7,3,0,4,5,8,0,2,8,5,1,6,6,3,9,8,0,6,9,1,7,2,2,1,2,4,3,2,2,3,0
"0000001988","SWE_2022","Sweden",1.7851,21,0,6,4,0,6,9,9,1,2,752,0,21,3,2,0,7,0,1,2,1,5,5,5,1,1,7,2,3,2,1,3,3,4,3,3,5,1,999992,0,1,1,2,0,999999,5,5,6,4,6,2,5,5,4,6,7,5,7,2,7,6,5,4,7,6,3,4,6,4,7,2,4,1,1,4,3,5,4,3,1
"0000000217","SWE_2022","Sweden",1.0805,37,0,8,4,1,1,1,2,3,2,900,9,1,4,2,1,7,3,1,1,1,4,4,5,3,2,9,2,2,1,2,2,2,3,2,2,4,1,999999,999999,9,2,1,1,999999,5,8,2,7,3,8,2,7,4,8,1,6,4,8,2,7,2,3,99,8,2,5,7,2,99,4,2,1,2,3,2,4,3,3,1
"0000000296","SWE_2022","Sweden",0.7658,56,1,8,1,1,1,2,1,5,1,752,0,17,4,2,7,7,7,1,1,1,2,2,5,2,4,8,3,3,2,2,3,2,4,3,3,5,1,752003,0,2,4,1,1,752001,4,7,0,8,6,4,0,0,6,4,1,9,4,6,0,1,8,2,10,9,0,4,7,5,8,6,2,0,9,3,2,2,3,3,1
"0000001625","SWE_2022","Sweden",1.6791,38,0,4,1,0,1,2,2,3,1,752,1,12,1,2,7,0,0,3,1,2,3,3,5,5,3,7,3,2,2,1,3,2,4,4,2,5,1,752002,0,2,4,3,1,752002,4,0,10,8,0,0,9,0,8,0,10,9,8,0,8,0,8,2,6,8,0,3,9,0,6,7,4,1,2,3,2,3,3,4,0
"0000001812","SWE_2022","Sweden",1.6674,27,1,4,4,0,5,9,9,1,1,752,0,12,1,2,2,0,1,1,1,1,2,3,4,2,2,6,2,3,3,1,3,2,4,2,2,3,1,752003,0,2,4,1,1,752005,5,6,1,8,5,6,0,5,6,99,99,99,99,99,99,99,99,99,99,99,99,99,99,99,99,99,4,0,3,4,2,3,3,3,0
"0000002412","SWE_2022","Sweden",0.6191,74,1,7,3,1,7,1,1,3,2,752,9,12,2,3,7,5,7,2,1,2,3,5,5,5,5,8,2,2,2,2,3,2,3,2,2,5,1,999999,999999,9,2,2,1,999999,4,7,1,5,3,5,3,2,6,7,2,5,2,6,5,4,6,5,9,7,1,6,8,5,6,5,2,0,3,3,3,2,2,3,0
"0000000807","SWE_2022","Sweden",1.0805,36,0,8,4,1,10,1,2,3,3,752,1,14,4,2,1,2,0,2,1,1,4,3,5,5,5,8,3,2,2,1,3,3,3,2,2,4,1,752001,1,2,2,2,1,752001,5,9,0,4,6,8,0,7,0,9,0,3,6,8,0,6,0,3,10,8,0,6,10,4,7,4,2,0,3,4,4,4,2,4,1
"0000001723","SWE_2022","Sweden",1.6078,49,1,2,1,1,1,2,2,3,1,900,9,19,3,2,7,5,3,2,1,3,3,3,4,4,2,6,3,2,4,2,3,3,3,2,2,5,1,999999,999999,9,2,5,1,999999,3,5,1,5,5,5,1,5,5,5,0,5,5,5,0,5,5,3,10,8,3,5,10,3,5,5,2,0,3,3,4,3,4,5,1
"0000002455","SWE_2022","Sweden",0.821,69,0,8,4,0,7,4,2,3,3,752,0,24,2,1,7,7,7,1,1,2,4,2,5,5,5,9,1,3,1,2,3,3,4,4,4,5,1,752003,0,1,2,1,1,752003,5,1,6,8,3,1,8,0,6,5,7,9,8,0,9,0,8,3,4,9,1,2,9,0,6,8,2,1,2,2,3,3,3,3,0
"0000001617","SWE_2022","Sweden",0.91,44,0,6,4,0,1,4,2,5,3,752,0,22,2,2,7,1,1,3,1,2,2,3,3,2,2,9,2,2,3,2,3,1,3,3,2,4,1,752003,0,1,2,1,1,752001,3,5,6,9,1,5,5,0,6,10,10,8,1,5,3,1,4,5,8,9,0,5,9,4,6,8,2,0,2,2,3,3,3,3,1
"0000002731","SWE_2022","Sweden",0.6234,79,0,6,3,0,7,2,9,1,1,752,0,19,2,3,5,0,0,2,1,1,5,4,5,5,4,7,2,2,2,2,3,2,9,2,2,4,0,999999,999999,9,9,1,1,752002,4,5,10,7,6,0,7,0,1,9,10,10,7,0,9,1,1,6,8,9,3,8,8,7,7,3,2,1,2,4,2,3,3,3,0
"0000000816","SWE_2022","Sweden",1.073,36,1,8,1,1,2,1,2,5,2,752,0,5,1,2,99,7,7,1,1,5,5,5,5,5,5,9,2,2,2,1,2,2,3,2,2,4,1,752001,1,2,1,1,1,752001,5,9,0,1,8,8,0,9,2,10,0,1,8,9,0,7,2,2,7,10,0,6,10,2,7,2,2,1,2,3,2,4,3,3,0
"0000002365","SWE_2022","Sweden",1.7726,24,1,8,4,1,1,2,2,5,1,752,0,1,4,1,5,99,7,2,1,9,5,5,2,1,3,9,2,2,2,1,3,2,3,2,2,4,1,752007,0,1,2,1,1,752003,4,10,5,99,99,8,5,10,6,10,5,8,99,10,7,10,8,2,10,7,99,4,8,3,6,99,1,1,2,3,9,3,3,3,1
"0000000819","SWE_2022","Sweden",1.1901,50,1,5,1,1,1,1,2,5,1,752,0,12,1,2,4,4,0,1,1,1,2,2,3,3,3,9,2,2,2,2,3,3,4,3,1,4,1,752003,0,1,2,1,1,752003,5,7,8,8,0,2,5,0,5,8,10,9,5,2,7,5,8,5,10,8,0,5,8,0,6,8,5,1,2,3,2,4,1,2,1
"0000002427","SWE_2022","Sweden",0.9037,64,1,6,4,1,5,1,2,3,2,752,0,14,4,2,7,7,5,2,1,1,3,3,5,4,4,9,2,2,1,2,3,1,3,2,1,4,1,752001,1,1,1,1,1,752004,5,99,99,99,99,99,99,99,99,99,0,1,7,99,0,6,2,4,10,10,1,6,10,2,7,99,1,1,2,3,2,2,3,5,1
"0000001441","SWE_2022","Sweden",1.1984,55,0,5,1,1,1,3,2,3,2,752,0,14,1,1,6,7,4,1,1,1,4,3,5,4,1,9,1,2,1,2,2,1,3,2,2,4,1,752005,0,1,1,2,1,752005,5,6,0,6,1,10,4,1,8,99,99,99,99,99,99,99,99,3,9,7,0,5,10,2,7,5,2,1,1,2,2,4,2,2,1
"0000000830","SWE_2022","Sweden",1.1901,62,1,5,1,0,2,1,2,2,3,752,0,9,1,3,3,7,1,2,1,1,3,3,2,1,5,10,1,1,1,1,2,3,3,3,2,4,1,752003,0,1,1,1,1,752006,5,2,8,10,0,2,8,0,2,5,10,10,2,2,10,0,5,2,10,10,0,2,8,0,8,10,1,0,9,2,1,2,3,3,1
"0000001838","SWE_2022","Sweden",0.9037,41,1,5,4,1,5,2,2,2,1,752,0,14,1,2,1,3,7,2,2,2,9,3,5,3,2,3,3,3,3,3,3,3,3,9,9,5,1,752007,0,2,4,3,1,752004,3,3,0,1,9,5,0,8,3,4,0,0,10,6,0,6,5,6,10,9,2,6,9,3,7,0,4,0,3,3,9,4,4,3,1
"0000000919","SWE_2022","Sweden",1.0805,38,0,8,4,0,1,1,2,5,1,900,9,5,2,2,1,0,0,3,1,2,4,3,5,4,5,10,1,1,1,2,2,1,4,1,1,2,1,752001,1,1,2,1,1,752001,5,9,2,5,4,6,4,8,3,9,4,3,99,7,99,99,99,2,9,7,0,5,7,2,7,4,1,0,2,2,1,3,3,4,1
"0000001586","SWE_2022","Sweden",1.6791,28,0,4,4,1,1,2,2,3,1,752,0,1,3,3,0,4,1,3,2,1,1,1,5,2,1,8,2,2,2,1,2,3,3,3,3,3,1,752002,0,1,2,3,1,752003,4,0,9,9,0,2,6,0,0,0,9,7,0,1,8,0,0,0,10,10,0,6,5,0,4,10,2,0,2,2,2,3,3,3,1
"0000002303","SWE_2022","Sweden",0.7541,69,0,2,4,0,7,2,1,1,1,752,1,1,2,3,2,3,0,3,2,2,2,2,1,2,2,5,3,3,3,3,3,3,3,4,2,4,1,752002,0,2,2,2,1,752002,5,0,10,10,0,0,0,0,0,0,10,10,0,0,0,0,0,0,8,8,99,0,0,0,0,10,4,1,1,2,3,2,2,5,0
"0000001741","SWE_2022","Sweden",1.1008,60,0,3,4,1,1,2,2,4,1,752,0,12,2,2,5,7,0,1,1,1,2,2,5,4,2,5,2,3,3,2,2,4,4,3,3,5,1,752002,0,1,1,1,1,752002,5,2,10,10,5,0,8,0,6,2,10,9,6,0,9,0,3,3,10,10,0,0,8,0,7,10,4,1,1,2,2,2,4,3,0
"0000001026","SWE_2022","Sweden",1.0931,62,1,3,4,1,1,2,1,2,2,752,0,1,3,2,5,5,6,1,1,4,5,5,5,5,5,9,2,2,2,2,2,2,3,1,2,5,1,752001,1,1,2,2,1,752003,5,10,0,1,5,8,1,8,6,10,0,1,4,8,1,7,6,99,99,99,99,99,99,99,99,3,1,0,2,9,2,5,2,2,1
"0000001952","SWE_2022","Sweden",0.91,64,0,4,3,1,9,2,2,1,1,900,9,12,2,2,5,7,0,2,1,1,1,2,2,3,1,10,1,1,2,2,2,2,2,1,2,4,1,752001,1,4,2,2,1,752001,4,10,1,7,8,8,5,9,6,10,0,5,3,9,2,8,2,6,10,10,2,5,10,6,9,7,1,0,2,3,2,2,2,3,1
"0000000850","SWE_2022","Sweden",1.1984,46,0,4,1,1,1,1,2,5,1,752,0,4,2,2,1,0,1,2,1,3,4,5,5,5,1,7,2,2,2,1,3,3,3,3,2,2,1,752003,0,9,2,1,1,752003,4,7,9,9,7,5,8,1,8,6,9,8,6,5,7,1,7,1,10,10,0,0,10,0,7,7,2,1,2,2,1,4,2,2,1
"0000002725","SWE_2022","Sweden",0.7489,76,1,3,1,0,7,2,2,2,2,752,0,13,2,2,7,99,99,3,1,2,3,3,4,2,5,8,2,1,2,2,3,2,3,2,3,4,1,752005,0,4,4,2,1,999999,3,9,0,7,1,9,6,6,9,10,2,6,1,9,6,3,9,5,10,9,1,5,9,4,6,5,2,0,2,3,3,2,2,2,0
"0000002470","SWE_2022","Sweden",1,29,0,3,4,0,9,9,9,1,1,752,0,17,2,3,3,3,0,4,4,4,4,4,3,3,3,7,2,2,3,1,3,3,3,3,2,4,0,999999,999999,9,4,3,0,999999,3,5,5,5,5,5,5,5,5,5,5,5,5,5,5,5,5,5,5,5,5,5,5,5,5,8,2,0,9,4,3,4,2,3,1
"0000000856","SWE_2022","Sweden",0.7712,51,0,8,4,0,1,1,2,5,1,752,1,25,2,1,0,7,7,1,1,1,5,3,4,2,5,9,2,2,1,1,3,1,3,4,3,4,1,752003,0,1,2,1,1,752005,5,1,1,10,0,9,7,0,9,1,1,8,0,9,5,0,9,3,3,8,0,9,8,0,8,10,1,1,2,1,3,3,3,3,1
"0000000857","SWE_2022","Sweden",1.1984,50,0,3,3,1,1,1,2,4,1,752,1,4,2,2,0,7,7,1,1,1,5,2,5,3,2,7,3,3,3,2,3,2,3,3,3,5,1,752001,1,4,2,2,1,999999,3,7,2,6,5,0,0,1,6,8,2,5,6,0,0,0,7,3,6,8,0,6,8,2,7,4,4,0,9,2,2,4,3,3,1
"0000002349","SWE_2022","Sweden",0.5247,78,1,8,3,9,7,1,9,9,3,752,9,12,1,2,7,0,0,1,1,9,2,5,5,5,5,10,1,1,1,3,2,2,4,1,1,1,1,752001,1,1,9,1,1,752001,5,10,0,8,8,8,0,8,8,10,4,7,7,8,4,5,5,3,10,10,0,5,10,5,7,4,1,1,2,2,2,2,2,3,0
"0000000865","SWE_2022","Sweden",1.0805,35,0,7,4,1,1,1,2,5,1,752,1,1,4,3,99,7,7,2,2,1,5,5,5,1,5,4,3,3,2,1,4,3,4,3,2,5,1,752005,0,2,4,2,1,752004,3,5,0,0,5,9,0,0,0,5,0,0,4,6,0,0,0,7,10,10,0,5,10,1,9,4,4,0,2,3,4,5,4,3,1
"0000000866","SWE_2022","Sweden",1.073,27,1,7,4,0,1,1,2,2,1,752,0,14,4,2,0,7,7,2,1,4,4,2,4,4,4,8,2,2,3,2,3,2,2,2,2,4,1,752001,1,2,2,1,1,999999,3,8,4,7,7,7,5,7,7,10,6,6,5,7,6,5,5,0,8,9,1,5,6,3,7,5,2,0,3,3,4,3,3,3,1
"0000001929","SWE_2022","Sweden",0.6234,86,0,2,2,0,7,1,1,1,2,752,0,14,2,2,7,0,0,2,1,5,3,3,5,5,5,9,1,2,2,2,2,2,4,2,1,5,1,752005,0,1,1,1,1,752005,5,9,2,7,7,10,9,7,9,10,6,8,7,10,8,6,8,2,7,10,1,5,8,4,6,5,2,1,2,3,3,1,2,3,0
"0000000874","SWE_2022","Sweden",1.1008,62,0,3,1,1,1,1,2,3,1,752,1,14,1,2,5,7,3,2,1,1,5,3,5,5,5,9,1,1,2,2,2,2,3,2,2,4,1,752001,1,1,2,1,1,752001,4,10,7,7,5,6,6,7,6,10,7,6,6,7,4,5,7,3,6,9,0,5,7,2,6,3,2,1,2,2,2,2,2,2,1
"0000000478","SWE_2022","Sweden",0.7658,55,1,7,1,1,1,2,1,2,2,752,1,14,2,2,5,2,1,2,1,1,4,5,5,5,5,10,1,1,1,1,2,2,3,2,2,4,1,752007,0,2,2,1,1,752001,4,9,1,6,8,8,4,9,8,10,1,4,8,8,1,8,6,3,10,9,1,5,10,4,7,4,1,0,2,2,1,4,3,3,1
"0000000878","SWE_2022","Sweden",1.0805,37,0,7,4,1,1,1,2,2,2,752,1,12,2,3,0,0,7,2,2,2,2,3,1,2,5,3,4,4,2,2,4,4,4,3,4,4,1,999999,999999,9,5,5,1,752003,2,2,2,2,2,2,2,2,2,6,9,4,8,3,10,5,6,6,10,99,99,5,8,4,8,7,4,0,2,3,2,4,3,4,1
"0000000881","SWE_2022","Sweden",1.5423,37,0,4,4,0,1,1,2,5,1,752,0,1,1,2,3,7,5,1,1,2,3,1,4,5,2,9,3,3,2,3,3,3,3,4,3,5,1,752006,0,1,1,2,1,752006,5,0,9,10,0,2,10,0,4,0,10,10,0,0,10,0,1,2,9,8,0,4,8,1,5,8,4,1,1,2,2,3,4,3,1
"0000001696","SWE_2022","Sweden",1.1008,64,0,3,3,0,1,2,2,3,1,752,0,1,2,3,4,3,5,1,4,1,2,2,4,1,2,3,3,3,3,2,4,4,2,3,3,5,0,999999,999999,9,2,3,1,999992,2,5,5,5,5,5,5,5,5,5,5,5,5,5,5,5,5,3,7,10,0,4,7,2,4,5,4,0,9,3,3,4,4,3,1
"0000001135","SWE_2022","Sweden",0.8153,66,1,4,1,0,7,1,1,3,2,752,0,14,1,1,6,7,7,2,1,4,4,3,4,2,2,9,2,2,3,2,2,2,3,3,2,5,1,752006,0,2,2,2,1,752008,4,5,7,8,0,2,9,0,7,8,7,8,3,3,9,0,6,3,10,10,0,4,9,0,7,9,2,0,3,2,4,3,3,3,1
"0000000093","SWE_2022","Sweden",0.7658,44,1,8,1,1,1,1,2,5,1,752,0,23,1,2,3,7,7,2,2,1,3,5,4,2,4,8,2,2,2,2,3,2,2,2,1,4,1,752007,0,1,2,2,1,752007,4,8,0,3,9,7,0,10,2,10,0,0,9,9,0,10,0,3,10,9,1,6,10,1,8,2,2,1,1,3,3,3,3,2,0
"0000000889","SWE_2022","Sweden",1.1901,52,1,5,3,1,1,1,2,3,1,752,0,13,1,2,0,7,7,1,1,1,1,5,2,2,4,8,2,2,2,2,2,2,2,2,2,5,1,752001,1,1,1,1,1,752003,4,9,0,6,0,5,0,0,2,10,0,6,0,7,1,2,5,4,10,10,0,5,1,1,6,6,2,1,2,3,3,2,2,2,1
"0000000333","SWE_2022","Sweden",1.073,33,1,8,4,1,2,2,1,4,3,752,0,1,3,2,5,7,6,2,1,3,5,2,5,5,5,10,1,2,1,2,2,1,4,2,2,5,1,752007,0,1,2,1,1,999999,5,10,0,1,8,6,0,9,3,99,0,3,6,9,1,8,3,2,10,8,0,5,9,3,7,1,2,0,2,2,2,2,3,3,0
"0000002336","SWE_2022","Sweden",0.6234,71,0,6,4,0,7,1,1,3,1,752,0,1,1,3,1,7,0,3,1,1,1,1,3,2,1,8,3,3,3,2,4,3,4,2,2,5,1,752001,1,9,2,1,1,752001,3,5,1,1,1,2,2,0,3,5,3,2,1,3,1,0,5,3,9,7,2,5,5,2,5,2,2,1,3,2,3,3,2,2,0
"0000000891","SWE_2022","Sweden",0.7712,45,0,8,1,1,1,1,2,3,1,752,0,8,2,2,0,7,3,1,1,5,5,3,5,3,4,9,2,2,2,2,3,1,3,4,2,5,1,752006,0,1,2,2,1,752006,4,3,5,10,6,0,10,0,7,3,10,9,7,0,8,0,6,3,3,8,0,10,9,3,7,6,2,0,9,2,3,3,3,3,1
"0000001058","SWE_2022","Sweden",1.0931,60,1,3,1,1,1,1,1,3,2,752,0,19,1,3,7,7,7,2,2,3,3,3,5,5,5,7,2,2,2,1,2,2,2,2,2,5,1,752001,1,2,2,1,1,752001,5,10,7,0,0,7,0,0,0,10,7,1,1,6,0,0,1,99,99,99,99,99,99,99,99,99,2,0,9,3,3,3,3,3,0
"0000001480","SWE_2022","Sweden",0.6191,71,1,7,1,1,7,9,1,2,1,752,0,20,1,1,7,7,99,1,1,2,5,5,5,5,5,9,1,1,2,2,2,2,4,1,1,4,1,752001,1,1,1,1,1,752001,5,10,0,3,5,8,0,4,5,10,0,3,4,9,1,5,5,1,10,9,0,6,10,5,6,2,1,1,2,3,2,2,1,3,0
"0000000900","SWE_2022","Sweden",1.1984,44,0,4,4,0,1,1,2,2,1,752,0,17,2,2,6,7,7,2,1,2,3,3,2,4,4,9,2,2,2,3,3,3,3,2,2,3,1,752006,0,1,1,1,1,752006,5,2,8,8,3,0,10,0,6,1,9,8,1,0,9,0,9,4,6,9,0,5,8,0,7,8,2,0,2,2,2,3,2,2,8
"0000002764","SWE_2022","Sweden",0.821,80,0,3,1,0,7,4,2,5,1,752,0,13,2,9,7,0,0,2,1,1,1,2,2,2,1,6,2,2,2,1,3,2,4,3,2,2,1,752003,0,2,4,2,1,752003,5,3,6,10,1,5,7,0,5,7,8,9,5,1,9,0,6,1,8,10,1,3,9,1,4,10,2,1,2,2,3,2,3,1,1
"0000000349","SWE_2022","Sweden",0.821,71,0,3,1,0,1,1,2,2,1,752,0,18,2,2,7,0,0,2,1,1,4,3,5,5,2,10,1,2,2,1,3,2,4,2,2,4,1,752008,0,2,1,1,1,752008,5,8,0,8,0,9,8,7,9,8,0,4,0,8,7,5,8,1,10,8,0,7,8,3,4,4,1,1,2,2,2,3,3,3,0
"0000000903","SWE_2022","Sweden",1.1407,25,1,8,4,1,1,1,2,4,1,752,0,6,2,2,0,3,7,3,1,3,5,5,4,2,2,8,2,2,2,1,2,1,2,2,2,4,1,752005,0,1,1,1,1,752005,5,9,0,8,6,10,5,9,7,10,0,8,6,10,8,7,8,8,10,3,1,6,8,6,1,7,2,1,9,3,3,3,3,3,1
"0000001799","SWE_2022","Sweden",0.7541,77,0,2,4,1,7,3,2,1,2,752,0,14,1,2,7,0,0,2,1,2,2,5,5,5,1,8,2,2,2,2,3,2,3,2,2,4,1,752005,0,2,4,1,1,752005,5,9,5,3,5,7,6,6,6,8,6,6,5,7,5,5,6,0,10,10,0,5,8,3,6,3,2,1,3,2,2,2,2,2,0
"0000000904","SWE_2022","Sweden",0.6234,65,0,5,1,1,7,1,2,5,1,752,0,14,3,1,7,2,1,1,1,5,5,5,5,5,5,9,1,1,1,2,2,2,2,3,3,4,1,752003,0,1,1,1,1,752003,5,5,4,10,0,3,9,0,6,6,5,10,1,3,10,0,7,2,5,9,0,4,8,1,6,9,1,1,1,2,2,4,3,3,1
"0000002487","SWE_2022","Sweden",0.7489,69,1,3,1,0,7,2,1,2,1,752,9,8,2,3,7,4,7,3,1,9,9,9,9,9,9,8,2,2,1,2,2,2,3,2,2,3,1,752001,1,2,2,1,1,752001,5,9,0,5,6,5,1,3,5,9,0,5,6,5,1,3,5,3,5,10,0,6,9,4,5,99,2,1,2,3,2,2,2,3,1
"0000000907","SWE_2022","Sweden",1.073,27,1,7,4,0,1,2,2,2,2,752,0,1,4,3,0,5,7,1,1,2,2,3,4,2,5,8,2,2,2,2,3,2,3,2,2,5,1,752005,0,2,4,2,1,752005,4,7,0,7,1,8,4,3,7,4,4,4,0,9,9,0,2,4,8,8,0,5,7,1,7,5,2,0,2,3,2,4,2,3,1
"0000000908","SWE_2022","Sweden",1.1008,63,0,4,1,0,1,1,2,3,1,752,0,24,2,9,6,0,6,2,1,1,4,4,5,5,4,8,2,2,2,2,3,3,4,2,1,4,1,752005,0,1,1,1,1,752001,2,8,1,3,4,10,1,4,4,9,1,3,4,10,1,3,4,5,10,9,1,5,6,6,7,6,2,1,2,3,2,3,3,3,8
"0000002508","SWE_2022","Sweden",1.0469,74,0,3,1,0,7,2,2,1,1,752,0,1,1,2,2,0,0,4,1,2,2,3,4,4,5,5,3,3,2,2,3,2,3,2,2,5,1,752002,0,4,2,9,1,752001,4,8,7,5,8,5,5,7,5,7,6,8,9,6,6,5,6,3,6,5,3,5,5,5,5,5,2,0,2,3,3,2,3,3,0
"0000002757","SWE_2022","Sweden",1.0396,68,1,3,1,0,7,1,2,2,9,752,0,1,3,3,7,99,99,3,3,9,9,9,5,9,9,5,3,3,3,9,9,9,9,3,3,5,1,752003,0,1,1,1,1,752003,5,5,7,10,5,5,5,0,5,5,8,10,0,5,5,0,5,0,8,10,0,0,8,0,5,10,4,1,2,3,2,3,3,4,0
"0000001447","SWE_2022","Sweden",0.7489,74,1,3,2,0,7,9,2,1,3,752,0,23,1,3,1,2,7,3,1,1,1,3,3,3,3,8,3,3,4,2,3,3,4,3,3,4,1,752005,0,2,2,1,99,752005,4,7,0,5,5,7,7,8,6,10,2,5,8,10,5,6,5,4,8,8,3,1,8,1,7,5,2,0,2,2,2,3,3,3,0
"0000000916","SWE_2022","Sweden",1.2661,39,1,6,4,0,1,1,2,5,2,752,0,14,1,2,2,1,7,2,1,1,5,3,2,2,4,9,2,2,2,2,2,3,3,3,3,5,1,752008,0,1,1,2,1,752003,4,4,5,9,0,8,8,3,9,2,10,10,0,8,9,6,5,3,10,8,0,4,8,3,7,7,1,0,2,3,4,2,3,4,1
"0000000597","SWE_2022","Sweden",0.7896,48,0,9,1,0,1,4,2,5,1,752,0,1,3,1,4,7,7,1,1,2,4,3,5,5,4,8,2,2,2,2,3,2,3,4,4,5,1,752003,0,2,5,1,1,752006,5,2,4,8,0,0,7,0,3,6,4,9,3,0,7,0,7,3,6,8,1,3,7,2,6,9,4,0,3,1,2,4,3,2,1
"0000002766","SWE_2022","Sweden",0.7541,72,0,3,1,0,7,2,2,2,1,752,0,5,2,2,7,0,0,2,1,1,2,2,3,3,3,7,3,3,2,2,3,2,4,2,2,5,1,752002,0,2,2,2,1,999999,3,7,8,5,5,5,5,2,5,7,8,5,5,5,5,2,5,0,10,10,2,5,7,0,7,7,2,1,2,3,2,1,3,3,0
"0000001636","SWE_2022","Sweden",1.5282,61,0,3,1,0,1,2,9,3,1,752,0,18,1,2,4,0,0,3,1,3,3,3,3,3,3,9,3,3,2,2,4,2,3,3,2,3,1,752001,1,4,2,1,1,752001,4,9,6,4,5,5,5,6,6,9,6,4,5,5,5,5,6,3,6,7,4,5,7,4,5,5,1,0,9,2,1,1,1,1,0
"0000001890","SWE_2022","Sweden",0.821,72,0,5,4,1,7,1,9,1,1,752,0,1,3,2,4,0,0,1,1,2,3,3,9,9,9,99,9,9,9,9,9,9,9,9,9,1,1,999999,999999,9,5,2,1,999999,3,8,1,2,2,8,1,8,2,99,99,99,99,99,99,99,99,99,99,99,99,99,99,99,99,2,5,0,9,3,3,9,9,2,1
"0000000048","SWE_2022","Sweden",1.073,31,1,7,4,0,1,1,2,5,1,752,0,1,4,2,6,3,7,1,1,3,2,4,4,3,4,7,1,2,3,1,2,2,4,2,1,2,1,752008,0,1,1,2,1,752008,5,7,1,9,0,8,9,0,10,8,8,9,0,8,9,0,10,2,10,10,0,4,9,1,6,8,2,1,2,9,1,4,3,3,1
"0000002640","SWE_2022","Sweden",0.6234,88,0,5,1,0,7,1,9,3,1,752,0,1,3,1,7,0,0,1,2,1,5,5,5,5,5,8,2,2,2,2,3,2,4,2,2,4,1,752001,1,2,1,9,1,752008,5,9,0,0,2,8,0,6,0,9,0,1,2,9,0,7,0,3,6,10,0,7,10,4,7,5,9,1,2,3,3,3,3,3,0
"0000000929","SWE_2022","Sweden",0.7658,48,1,8,4,1,6,1,1,3,2,752,0,3,2,1,3,7,7,1,1,2,2,2,5,2,2,10,2,2,2,2,2,2,4,2,1,4,1,752001,1,1,1,1,1,752001,4,9,7,8,2,8,2,2,8,10,7,8,0,8,0,0,5,5,10,8,0,6,9,2,7,5,1,0,2,1,2,3,3,3,0
"0000000931","SWE_2022","Sweden",1.1008,56,0,3,3,1,1,1,1,2,1,752,0,25,2,3,0,1,1,3,1,3,5,3,5,5,5,9,3,2,3,3,3,3,4,3,2,3,1,752003,0,2,2,1,1,752003,4,2,7,9,1,5,4,0,5,3,6,8,5,5,4,3,6,3,9,8,1,5,5,2,6,8,2,1,2,2,1,2,2,3,0
"0000001689","SWE_2022","Sweden",1.0469,65,0,99,4,9,99,9,9,9,9,752,0,8,9,2,2,99,99,3,9,2,2,2,5,9,9,5,3,3,3,9,9,9,9,3,2,9,0,999999,999999,9,2,9,0,999999,3,8,10,8,5,6,5,5,5,9,10,7,6,5,5,5,6,99,99,99,99,99,99,99,99,99,9,9,9,9,9,9,9,9,9
"0000002745","SWE_2022","Sweden",1.1407,24,1,6,4,0,6,2,4,3,1,752,0,14,2,1,2,7,7,1,2,1,2,2,5,1,2,6,2,2,1,2,3,3,2,4,3,5,1,752002,0,2,1,2,1,752008,5,3,9,9,2,1,9,0,8,4,10,9,7,0,10,0,7,4,7,10,0,7,8,3,6,8,2,0,2,1,2,4,2,4,0
"0000001012","SWE_2022","Sweden",1.1407,25,1,8,4,0,1,1,2,5,2,752,0,1,3,3,2,0,7,2,1,3,2,5,5,4,2,9,2,2,3,2,3,2,3,2,2,4,1,752005,0,1,2,1,1,752005,2,5,0,5,3,9,2,3,7,6,0,5,6,10,2,2,7,3,9,7,0,5,8,3,6,5,1,1,2,2,3,3,3,3,1
"0000002075","SWE_2022","Sweden",0.821,74,0,3,1,0,7,1,2,1,1,752,0,13,1,2,7,99,4,1,1,1,5,2,5,5,5,9,1,1,2,2,3,2,3,2,2,2,1,752001,1,2,2,1,1,752001,4,9,0,5,7,6,3,3,6,10,5,5,6,8,0,3,5,3,10,8,1,5,9,2,7,3,2,1,2,2,2,2,2,3,1
"0000000945","SWE_2022","Sweden",0.7658,55,1,8,4,1,1,1,1,4,3,752,0,1,4,1,7,99,99,1,1,9,9,9,5,4,9,9,2,2,2,2,2,2,3,3,3,5,1,752008,0,2,1,1,1,752005,4,0,0,8,0,3,6,0,9,99,7,8,4,3,7,0,9,4,5,9,1,6,9,2,8,8,2,1,2,2,3,3,4,3,0
"0000001663","SWE_2022","Sweden",1.6791,32,0,4,4,1,1,2,2,4,1,752,0,18,2,3,0,7,0,3,1,2,1,3,5,5,2,6,3,3,2,2,2,2,4,4,2,4,1,752003,0,2,2,1,1,752003,5,5,5,10,5,5,7,0,8,5,7,10,5,5,7,5,7,0,10,10,0,2,8,2,8,7,2,0,3,2,2,3,4,3,1
"0000000542","SWE_2022","Sweden",1.073,33,1,7,4,1,1,2,2,5,1,752,1,14,4,1,7,7,7,1,1,4,5,5,5,3,3,8,2,2,3,2,3,2,3,2,2,4,1,752004,0,1,1,1,1,752004,5,7,0,1,9,6,0,8,1,7,0,1,10,8,0,5,2,4,6,10,0,6,9,2,9,0,1,1,1,4,3,3,3,3,1
"0000002770","SWE_2022","Sweden",0.5247,73,1,7,1,0,7,4,2,4,1,752,0,3,2,1,3,1,5,1,1,3,2,1,2,3,4,5,2,1,3,2,3,2,3,4,3,5,1,752003,0,1,2,2,1,752003,3,0,8,10,0,0,9,0,2,0,8,10,0,0,9,0,2,0,10,10,0,2,10,0,4,10,2,1,1,2,1,3,3,1,0
"0000000950","SWE_2022","Sweden",0.6191,67,1,8,4,1,1,9,2,4,1,752,0,14,4,1,7,7,0,2,1,9,5,5,5,5,3,8,1,1,2,2,2,2,4,2,2,2,1,752001,1,2,2,1,1,752001,5,9,0,2,8,5,5,9,6,8,0,1,10,8,2,7,6,7,10,10,2,8,8,7,8,99,2,1,2,2,2,4,2,2,1
"0000000952","SWE_2022","Sweden",0.91,58,0,6,3,1,1,1,1,2,6,752,0,1,2,2,3,3,0,2,1,1,4,3,3,1,3,3,3,3,3,2,4,2,4,2,4,5,1,752001,1,2,4,2,1,752001,5,8,5,0,7,3,1,8,0,9,8,1,9,3,0,9,6,5,5,9,2,7,8,3,8,4,4,1,2,4,3,4,4,4,1
"0000001261","SWE_2022","Sweden",1.0931,49,1,3,4,1,1,2,1,3,1,752,0,24,2,3,0,7,7,3,3,3,3,3,4,2,2,5,3,3,3,1,3,3,3,3,3,5,1,999999,999999,9,2,2,1,999999,2,5,5,5,5,5,5,5,5,5,5,5,5,5,5,5,5,0,10,10,0,10,10,5,10,7,4,0,2,3,3,4,3,5,1
"0000000634","SWE_2022","Sweden",1.0805,38,0,8,4,0,1,1,2,5,1,752,0,1,3,2,5,3,7,1,2,3,4,5,5,1,2,9,3,2,2,1,3,2,4,2,2,2,1,752001,1,2,5,2,1,752001,5,9,0,2,9,6,0,9,2,10,0,0,8,10,0,7,5,3,8,7,2,6,8,3,7,3,4,0,2,2,3,4,4,3,1
"0000000956","SWE_2022","Sweden",1.6674,36,1,5,1,0,2,2,2,3,1,752,0,12,1,3,0,7,7,4,1,1,2,5,5,2,3,5,2,2,3,1,3,2,4,2,2,5,1,752007,0,2,4,2,1,752005,3,8,0,5,7,5,1,9,2,10,0,5,2,6,0,7,5,3,10,9,0,6,9,1,5,1,2,1,2,3,2,3,3,3,0
"0000001306","SWE_2022","Sweden",1.0931,57,1,6,1,1,2,2,2,4,3,752,0,13,2,2,2,1,7,1,1,3,5,3,9,9,2,99,3,4,4,2,3,3,3,4,4,4,1,752002,0,1,2,2,1,752002,3,0,10,8,1,0,8,0,3,2,10,8,2,0,8,0,8,0,9,8,1,0,8,0,2,9,4,1,1,3,2,3,3,3,1
"0000001338","SWE_2022","Sweden",1.275,38,0,7,1,0,1,2,1,5,2,901,1,1,2,2,2,3,0,1,1,1,5,5,4,3,2,9,2,2,2,2,3,2,4,1,2,1,1,752007,0,1,2,2,1,752001,5,7,0,2,5,6,1,6,2,7,0,1,5,9,0,5,3,4,10,8,2,7,10,5,8,3,2,1,2,3,3,2,2,2,1
"0000002634","SWE_2022","Sweden",2.2604,18,1,3,4,0,6,2,2,5,1,901,9,14,1,2,4,0,5,2,1,3,5,5,4,2,4,9,2,2,3,1,3,1,3,2,2,4,1,752005,0,1,2,2,99,999999,5,9,1,8,8,9,5,9,8,9,2,8,8,9,5,9,8,2,6,9,0,5,99,99,6,5,2,0,3,1,3,4,2,2,1
"0000000970","SWE_2022","Sweden",1.073,30,1,8,4,0,5,2,2,2,1,752,0,3,1,3,7,4,7,4,1,3,3,2,5,5,2,7,2,2,3,1,3,2,3,2,2,5,1,999999,999999,9,5,1,1,752001,4,6,0,6,0,5,0,6,6,8,0,6,5,9,7,5,6,3,7,7,2,5,7,5,6,4,2,0,3,3,2,2,2,3,1
"0000000708","SWE_2022","Sweden",0.91,41,0,6,1,0,1,1,2,3,1,752,1,12,3,1,4,7,7,1,1,1,5,4,5,5,1,4,4,3,2,2,3,2,3,3,4,4,1,752005,0,1,5,3,1,752005,5,2,0,0,3,5,0,7,1,3,1,3,4,4,1,5,2,6,8,8,2,7,9,6,6,3,4,0,9,4,4,5,2,3,1
"0000001971","SWE_2022","Sweden",1.5316,35,1,4,4,0,6,2,2,9,1,752,0,1,2,2,7,7,7,1,1,5,5,5,5,1,2,8,2,3,2,1,2,1,3,1,2,5,1,752001,1,1,1,1,1,752001,5,10,0,0,5,0,0,0,0,10,0,0,5,2,0,0,0,4,10,10,2,6,99,4,5,0,1,1,2,3,2,2,2,3,1
"0000002772","SWE_2022","Sweden",0.6234,74,0,6,1,0,7,1,2,3,2,752,0,14,1,2,0,7,3,2,1,2,2,5,5,5,5,7,2,2,1,2,2,3,3,1,1,2,1,752001,1,1,2,2,1,752001,4,10,0,5,7,8,3,6,4,10,0,4,4,8,1,6,4,3,10,9,1,4,8,4,7,99,2,1,9,2,2,3,2,2,0
"0000000400","SWE_2022","Sweden",1.1901,44,1,4,1,0,5,2,1,4,3,752,1,1,3,2,1,99,99,2,2,2,1,2,4,5,4,1,3,3,4,3,3,2,2,4,4,5,1,752006,0,1,1,2,1,752006,4,5,4,9,0,0,10,0,0,0,0,8,0,0,10,0,0,0,5,10,0,0,10,0,6,8,4,1,2,3,3,3,3,4,1
"0000002432","SWE_2022","Sweden",0.821,82,0,5,2,0,7,2,2,1,1,752,0,21,1,3,4,0,2,2,1,1,2,2,5,3,1,8,2,1,2,1,2,2,3,1,2,3,1,752001,1,1,2,1,1,752001,3,10,0,7,7,8,7,9,7,10,0,7,5,9,7,9,5,0,8,8,2,2,8,2,6,0,2,1,9,2,2,1,2,2,0
"0000002701","SWE_2022","Sweden",0.7541,65,0,3,1,1,1,1,2,4,1,752,0,1,1,2,7,2,2,2,1,2,5,3,5,5,4,8,2,2,2,1,3,3,3,2,2,4,1,752001,1,2,2,1,1,752001,5,99,99,99,99,99,99,99,99,10,5,1,7,7,4,5,6,5,10,9,2,7,10,4,7,6,2,1,3,2,3,2,2,3,1
"0000002773","SWE_2022","Sweden",1.1092,85,0,2,1,0,7,2,1,2,1,752,9,12,2,3,4,99,99,3,1,1,2,2,5,5,5,10,3,4,2,3,3,2,9,3,3,3,1,752002,0,2,2,1,1,752002,5,7,9,9,5,6,8,5,7,7,9,8,6,6,8,2,6,2,9,8,1,7,8,0,7,6,2,1,3,3,2,5,3,3,0
"0000000224","SWE_2022","Sweden",1.0805,31,0,8,4,1,1,1,2,3,1,752,0,1,3,3,0,3,0,3,1,1,5,3,3,3,3,8,3,3,3,2,3,3,4,4,2,5,1,999999,999999,9,4,3,1,999999,2,5,0,5,5,5,5,5,5,5,0,5,5,5,5,5,5,5,5,5,5,5,5,5,5,5,4,0,9,3,4,3,3,3,0
"0000001970","SWE_2022","Sweden",0.8153,74,1,5,1,0,7,2,2,2,1,900,9,17,1,2,6,0,6,2,1,2,5,3,5,3,5,8,2,2,2,2,3,2,4,2,2,4,1,752001,1,2,2,2,99,999999,4,8,2,9,4,7,2,2,5,10,6,8,3,7,1,1,6,5,10,8,1,6,10,1,7,7,2,0,3,3,2,3,2,3,0
"0000001366","SWE_2022","Sweden",1.1901,59,1,3,1,1,1,2,1,4,1,752,0,13,1,3,5,0,0,3,1,2,3,3,5,5,5,10,3,3,3,3,3,3,3,2,2,4,1,752001,1,2,2,1,1,752001,4,7,5,5,5,5,5,5,5,7,5,5,5,5,5,5,5,2,7,9,0,5,7,4,6,4,2,0,3,4,3,4,3,3,1
"0000000518","SWE_2022","Sweden",1.0805,37,0,7,1,1,1,1,2,5,1,752,0,4,1,3,3,0,2,2,1,1,5,5,5,1,2,7,3,3,2,1,3,2,4,2,2,4,1,752001,1,2,2,1,1,752005,2,9,0,2,5,8,1,7,3,9,2,3,5,8,1,5,5,3,10,8,0,4,9,0,7,3,2,0,9,2,2,5,3,2,0
"0000001841","SWE_2022","Sweden",0.6234,79,0,6,1,0,7,1,2,2,1,752,0,14,4,3,7,0,0,2,1,1,3,3,4,4,5,9,2,2,2,2,3,2,4,2,2,3,1,752003,0,1,2,1,1,752003,5,3,6,9,3,99,6,3,5,6,7,8,6,5,7,4,6,2,8,8,0,3,8,3,6,8,2,0,9,2,2,2,2,3,0
"0000001237","SWE_2022","Sweden",1.3555,24,0,4,4,0,3,2,2,1,1,900,1,14,2,2,1,5,7,2,1,2,3,4,4,3,2,8,2,2,2,2,3,2,3,3,3,4,1,752008,0,2,2,2,1,752008,3,6,6,8,4,6,5,1,9,5,6,8,0,8,7,1,10,2,10,8,0,5,9,1,6,6,2,1,2,2,3,2,3,3,1
"0000002033","SWE_2022","Sweden",1.1014,76,1,2,3,0,7,9,9,1,1,901,9,3,2,3,1,0,0,4,1,2,3,3,3,2,1,3,3,3,3,3,3,3,3,2,2,5,1,752001,1,1,4,4,1,752001,3,10,0,0,7,9,0,7,0,10,0,0,6,9,0,3,0,1,10,10,0,3,10,3,10,1,4,9,1,3,3,3,5,4,1
"0000000998","SWE_2022","Sweden",1.7726,25,1,8,4,1,5,1,2,2,1,752,0,1,3,3,2,1,7,2,1,1,4,2,4,4,4,7,2,2,2,1,3,2,3,2,2,4,1,752001,1,2,4,2,1,752005,2,9,0,8,4,8,0,3,5,10,1,5,2,9,1,3,5,2,9,7,0,4,8,1,6,5,2,0,2,2,3,3,2,3,0
"0000000999","SWE_2022","Sweden",1.2661,38,1,5,4,1,1,1,2,4,2,752,1,6,2,3,2,0,7,2,1,1,4,5,4,2,1,8,2,3,2,1,3,2,3,2,2,4,1,752007,0,2,1,2,1,752007,4,8,0,1,9,8,1,10,1,8,0,1,8,9,0,10,1,5,10,10,0,3,10,1,9,1,2,1,2,3,2,3,4,3,1
"0000001000","SWE_2022","Sweden",1.1901,45,1,4,1,1,2,2,2,2,3,752,0,13,2,3,3,2,7,3,1,1,5,4,5,5,5,8,1,3,1,1,1,1,3,2,1,9,1,999999,999999,9,1,1,1,999999,5,9,0,5,7,7,1,4,2,10,6,0,0,8,1,5,0,99,99,99,99,99,99,99,99,99,1,0,9,3,2,3,1,2,1
"0000001467","SWE_2022","Sweden",1.0469,67,0,3,1,0,7,9,2,2,2,752,0,10,2,2,7,99,99,1,1,9,9,2,5,2,2,10,1,1,3,1,2,2,3,3,3,5,1,752002,0,1,1,1,1,752003,5,5,10,10,0,6,7,0,7,7,10,10,6,3,8,0,7,4,9,10,0,4,7,0,6,8,1,1,1,2,2,3,2,3,1
"0000000939","SWE_2022","Sweden",1.6674,32,1,4,1,1,1,1,1,4,3,752,0,14,3,3,1,2,7,1,2,3,1,3,3,3,2,8,2,2,2,2,2,2,2,3,4,3,1,752002,0,1,1,1,1,752002,4,99,99,99,99,99,99,99,99,8,8,8,0,0,10,2,6,99,9,99,0,5,8,3,7,8,2,0,9,2,3,4,4,5,1
"0000002271","SWE_2022","Sweden",1.1901,53,1,6,4,1,9,1,2,2,1,752,0,7,2,3,2,2,0,2,1,1,5,1,5,5,5,10,2,2,2,2,2,2,4,2,2,3,1,999999,999999,9,2,3,1,999999,4,99,99,99,99,99,99,99,99,99,99,99,99,99,99,99,99,99,99,99,99,99,99,99,99,99,2,1,2,3,2,2,1,1,0
"0000002451","SWE_2022","Sweden",0.6234,68,0,5,1,1,7,1,2,4,1,752,1,14,4,2,7,5,2,2,1,1,4,5,9,9,9,99,9,9,9,9,9,9,9,9,9,4,99,999999,999999,9,9,2,1,752008,5,7,0,7,1,6,0,0,8,8,3,5,6,5,0,1,6,5,9,10,0,7,8,3,7,7,2,0,9,3,2,3,3,4,0
"0000002598","SWE_2022","Sweden",0.6191,90,1,7,2,0,7,1,1,1,3,752,9,14,3,2,6,0,0,2,1,2,2,4,9,9,2,8,2,2,2,2,3,2,4,2,2,3,0,999999,999999,9,2,1,1,999999,5,99,99,99,99,99,99,99,99,99,99,99,99,99,99,99,99,99,99,99,99,99,99,99,99,99,2,1,9,2,2,3,2,3,0
"0000002560","SWE_2022","Sweden",0.821,73,0,3,1,0,7,1,2,5,4,752,0,6,2,2,7,7,99,2,1,2,3,3,5,4,4,9,2,2,2,2,3,3,3,2,2,4,1,752006,0,1,2,1,1,752006,4,5,5,8,5,4,9,3,7,9,8,8,8,2,9,2,8,3,10,10,0,5,8,1,7,8,1,1,1,2,3,2,2,3,0
"0000001014","SWE_2022","Sweden",1.1407,23,1,7,4,0,5,1,1,2,1,752,0,21,2,2,1,5,7,2,1,1,4,3,5,4,3,7,2,2,2,2,2,2,3,1,1,3,1,752001,1,1,1,2,1,752001,4,9,0,4,4,8,1,5,2,8,0,1,6,9,3,5,2,3,9,7,0,4,9,4,8,3,2,1,1,3,2,3,3,3,1
"0000001076","SWE_2022","Sweden",1.0931,64,1,3,1,0,7,1,2,4,1,752,0,1,2,3,3,0,0,2,1,1,2,2,3,3,3,7,2,2,2,2,3,2,4,3,2,5,1,752002,0,1,2,2,1,752002,3,5,10,9,0,4,1,0,2,5,10,9,0,5,2,99,1,4,10,9,1,5,1,1,3,10,2,1,2,2,3,3,3,3,1
"0000001020","SWE_2022","Sweden",0.5247,72,1,8,2,0,7,1,1,2,2,752,9,12,4,2,4,0,5,2,1,1,4,5,5,5,5,9,1,1,1,2,2,2,3,2,2,4,1,752001,1,1,2,1,1,752001,5,9,0,5,6,7,5,9,6,9,0,5,6,9,3,9,4,1,10,8,0,4,8,3,4,2,2,0,3,2,3,2,3,3,1
"0000000678","SWE_2022","Sweden",0.5283,65,0,8,1,0,1,1,2,4,1,752,0,14,3,1,7,7,5,1,2,2,3,2,2,3,2,7,2,2,2,2,3,2,3,3,2,4,99,999999,999999,9,2,3,1,999999,4,5,10,7,5,0,10,0,0,6,10,7,5,0,10,0,3,2,6,9,2,1,7,1,4,6,4,1,1,2,2,3,3,3,8
"0000001021","SWE_2022","Sweden",0.7658,52,1,7,4,1,1,1,1,5,1,752,1,24,1,2,7,2,0,1,1,1,5,5,5,5,5,8,3,2,2,1,2,1,3,2,2,4,1,752001,1,1,1,1,1,752001,5,9,0,5,7,7,1,8,6,9,0,5,9,8,0,6,4,3,9,10,0,7,9,5,5,5,2,1,2,3,1,3,2,2,1
"0000002049","SWE_2022","Sweden",0.7541,81,0,2,1,0,7,1,2,1,9,752,1,1,3,3,7,99,99,3,9,9,3,9,5,9,9,99,3,9,9,9,9,9,9,2,2,3,1,752003,0,2,2,3,1,752002,4,99,99,6,99,99,99,99,99,99,99,6,99,99,99,99,99,99,99,5,99,99,99,99,99,6,4,0,3,2,2,9,9,9,1
"0000001198","SWE_2022","Sweden",1.7726,24,1,4,4,1,2,2,2,9,2,752,0,21,1,3,2,99,99,2,1,2,4,3,5,3,2,7,2,2,3,2,3,3,3,3,3,4,1,999999,999999,9,2,2,1,999999,4,7,9,10,2,6,9,0,7,9,8,10,6,8,10,5,5,4,7,7,0,5,7,0,5,6,2,0,9,2,3,3,3,4,1
"0000000804","SWE_2022","Sweden",0.6191,66,1,7,1,0,2,2,2,4,1,752,0,12,1,3,6,2,7,2,1,1,2,4,5,5,2,7,2,2,2,1,2,3,3,2,2,5,1,752003,0,1,1,1,1,752003,4,6,8,10,6,5,2,2,2,8,9,10,6,6,4,2,3,2,9,10,2,4,5,4,4,9,2,0,3,2,1,3,3,3,0
"0000002006","SWE_2022","Sweden",1.1014,91,1,2,2,0,7,9,1,1,2,752,9,17,2,9,99,99,99,9,9,9,9,9,9,9,3,8,9,9,9,9,9,2,9,2,2,3,1,752001,1,4,2,1,1,752001,2,99,0,2,4,99,1,0,4,0,10,6,9,3,9,4,9,0,10,7,9,7,9,3,99,99,2,9,9,3,2,1,2,3,0
"0000001037","SWE_2022","Sweden",1.0931,61,1,3,4,1,1,1,1,2,3,752,1,8,1,3,7,0,6,3,1,1,1,3,5,3,1,8,1,2,2,2,3,2,3,2,2,5,1,752002,0,2,2,1,99,999999,5,8,9,9,9,3,9,5,9,9,9,5,5,5,8,5,5,0,10,10,0,5,10,1,10,99,2,1,2,3,2,3,2,2,1
"0000002285","SWE_2022","Sweden",0.6234,69,0,7,1,1,7,1,2,4,2,752,1,1,3,2,7,7,3,1,1,1,3,5,5,5,4,10,1,3,2,2,2,1,3,3,3,5,1,752003,0,1,1,1,1,752003,5,5,5,10,0,2,8,0,5,7,5,7,0,3,8,0,5,3,10,8,0,3,8,1,6,8,1,0,3,2,4,4,2,1,0
"0000000639","SWE_2022","Sweden",0.6234,66,0,6,1,0,2,1,2,5,1,752,0,1,1,2,4,2,3,1,1,1,5,5,5,4,5,8,2,2,2,2,3,2,4,2,2,3,1,752001,1,2,4,1,1,752001,4,10,0,5,6,9,0,7,6,9,0,6,6,9,2,6,6,2,10,9,1,5,10,3,7,3,1,1,2,4,3,3,3,3,0
"0000000155","SWE_2022","Sweden",1.0805,40,0,8,1,1,1,1,2,4,3,752,0,14,1,2,0,7,7,1,1,2,5,4,5,5,5,9,1,1,1,1,3,1,3,1,1,5,1,752007,0,1,2,1,1,752007,5,9,0,0,9,8,0,10,2,10,0,1,6,9,0,10,5,4,8,10,0,5,9,2,7,3,2,1,2,3,3,2,2,1,1
"0000001865","SWE_2022","Sweden",1.6191,62,0,3,4,0,2,2,2,1,2,752,0,12,1,3,5,0,7,3,3,3,3,3,3,3,3,10,3,3,3,2,2,3,3,3,2,5,1,752002,0,1,4,1,1,752002,4,6,10,9,3,0,8,0,3,6,10,9,4,0,9,0,8,5,10,10,0,2,10,2,7,99,2,1,3,2,2,3,3,3,1
"0000000548","SWE_2022","Sweden",0.7712,53,0,8,1,1,5,1,1,5,1,752,1,4,2,2,2,7,3,2,1,2,5,4,5,5,5,9,2,2,2,2,3,2,3,2,2,4,1,752001,1,2,2,1,1,752007,5,9,0,2,4,7,1,9,4,9,0,1,4,7,1,4,6,3,6,8,1,5,8,2,7,3,2,0,3,3,2,3,3,3,1
"0000001162","SWE_2022","Sweden",1.0931,63,1,3,4,1,7,2,1,1,1,900,9,1,3,2,0,2,0,2,1,1,1,3,5,5,2,8,2,2,3,2,2,2,3,4,4,5,1,752002,0,1,1,1,1,752002,5,0,8,5,5,5,5,0,7,2,10,8,0,0,0,0,8,0,5,10,0,10,10,5,10,5,2,1,1,3,3,3,3,3,1
"0000000384","SWE_2022","Sweden",0.7712,55,0,8,4,1,1,9,1,4,2,752,0,13,2,2,5,2,4,1,1,1,4,3,5,2,4,8,2,2,2,2,3,2,4,2,2,4,1,752001,1,2,4,2,1,752007,4,8,1,2,7,6,2,7,5,8,3,2,5,8,2,7,4,4,9,8,1,9,9,4,6,3,2,0,9,3,2,3,3,3,1
"0000002390","SWE_2022","Sweden",0.7541,72,0,8,4,0,7,2,1,2,1,752,0,20,1,1,7,7,7,2,1,1,5,5,5,5,1,6,2,2,2,2,3,2,3,2,2,5,1,752004,0,1,2,2,1,752004,3,7,0,2,10,4,5,6,4,8,0,5,10,5,4,5,3,7,99,8,0,99,99,99,8,0,2,1,1,3,3,4,3,3,0
"0000001063","SWE_2022","Sweden",1.1008,64,0,6,1,1,1,1,2,4,1,752,0,12,2,2,5,5,0,2,1,1,5,3,2,2,3,10,2,2,3,1,3,2,4,2,2,2,1,752001,1,2,2,1,1,752004,5,9,0,5,7,5,0,7,6,7,0,1,9,2,0,0,2,3,10,10,1,3,10,3,5,3,1,0,2,2,1,2,2,3,1
"0000001067","SWE_2022","Sweden",0.7658,50,1,8,1,1,2,1,1,5,1,752,0,12,4,2,5,0,2,2,1,2,3,5,5,5,5,8,2,1,2,2,2,1,3,1,1,3,1,752004,0,1,2,1,1,752004,4,8,0,0,10,6,0,8,3,10,0,1,10,5,0,8,5,3,6,10,0,4,10,3,7,0,2,1,2,3,2,3,3,3,1
"0000001532","SWE_2022","Sweden",1.1008,63,0,3,1,9,1,2,2,5,3,752,0,1,3,2,99,99,99,2,1,3,2,2,3,2,5,8,2,2,2,1,3,2,9,1,1,2,99,999999,999999,9,2,1,1,999999,4,8,8,9,2,7,1,6,5,10,8,9,5,9,2,7,9,3,10,9,2,5,10,2,6,7,2,1,2,2,2,2,1,1,1
"0000000792","SWE_2022","Sweden",1.1984,48,0,4,1,1,1,1,2,3,1,752,1,5,1,2,3,5,7,2,2,2,2,5,2,3,2,9,1,2,2,2,2,2,2,2,1,4,1,752001,1,1,1,2,1,752004,4,9,1,6,8,6,5,7,3,10,5,1,7,8,6,5,5,3,9,8,1,5,6,4,7,2,2,1,2,2,2,4,2,3,1
"0000002424","SWE_2022","Sweden",0.7489,78,1,6,3,1,7,2,9,9,2,900,9,7,2,1,7,7,7,2,1,2,5,5,5,2,9,7,9,9,2,1,3,2,4,2,2,4,1,752001,1,1,1,1,1,752001,5,10,0,2,2,6,2,9,4,10,0,0,6,8,1,9,7,3,10,9,99,5,10,2,5,3,2,1,1,3,1,3,3,4,7
"0000000829","SWE_2022","Sweden",0.9037,64,1,6,1,0,7,2,2,4,1,752,0,24,2,4,7,7,7,3,1,4,4,2,5,3,2,6,2,2,2,2,3,3,4,3,2,4,1,752001,1,2,4,2,1,752008,3,5,2,5,5,5,5,5,5,7,6,5,5,5,5,5,5,3,10,9,0,5,6,2,5,99,2,0,3,3,3,5,3,2,1
"0000001667","SWE_2022","Sweden",0.91,43,0,5,3,1,1,2,2,3,1,752,0,1,3,3,5,5,7,2,2,2,2,3,5,2,3,8,2,2,3,1,9,1,3,2,2,5,1,752005,0,2,1,1,1,752001,5,8,0,2,3,8,2,1,7,10,0,0,1,9,5,4,2,0,10,8,2,3,6,2,7,4,2,0,3,3,2,3,2,2,1
"0000001079","SWE_2022","Sweden",0.7658,41,1,8,1,1,5,1,2,3,1,900,9,1,3,3,1,1,1,3,3,3,2,2,3,3,3,7,3,3,3,2,4,2,4,3,3,4,1,999999,999999,9,4,3,0,999999,3,7,3,6,3,4,4,5,3,7,3,5,3,5,3,5,3,3,8,8,0,5,6,6,2,5,2,0,9,3,3,3,3,3,1
"0000000499","SWE_2022","Sweden",0.7712,57,0,8,3,1,1,1,1,2,2,752,0,23,2,3,1,0,0,2,1,2,3,4,3,3,4,8,2,2,2,2,3,2,3,2,3,4,1,752005,0,2,2,1,1,752005,3,8,1,6,2,8,5,4,7,8,1,6,2,8,5,3,8,4,10,8,0,5,6,99,5,5,2,0,2,3,2,4,3,3,1
"0000001081","SWE_2022","Sweden",1.346,25,1,6,4,0,6,1,2,5,2,752,1,1,4,3,2,7,7,2,1,3,5,5,5,5,5,10,3,3,3,2,3,2,3,3,2,5,1,752008,0,2,4,2,1,752008,4,8,0,7,9,8,2,6,9,8,0,9,10,9,1,5,8,1,10,8,0,4,7,4,5,5,2,0,3,3,4,3,3,5,1
"0000001899","SWE_2022","Sweden",0.8153,84,1,5,2,0,7,1,2,9,2,752,0,1,4,2,5,0,0,2,1,3,3,3,3,3,3,8,2,3,2,2,3,2,9,3,3,3,1,752003,0,2,2,1,1,752003,3,0,2,8,0,0,6,0,6,2,3,8,0,0,7,0,6,0,3,8,0,2,6,0,6,99,2,1,2,2,2,4,2,1,1
"0000002777","SWE_2022","Sweden",0.5247,71,1,7,4,9,7,1,1,2,1,752,0,20,1,1,99,99,0,1,1,3,3,5,5,5,5,8,1,1,1,1,3,2,3,2,2,5,1,752001,1,1,4,1,1,752001,5,9,0,1,8,3,1,6,5,10,0,0,7,3,1,5,5,3,10,8,2,6,8,3,7,2,1,1,2,3,1,4,3,3,0
"0000000146","SWE_2022","Sweden",1.275,33,0,99,1,1,1,1,2,4,9,752,0,12,4,3,1,0,7,4,1,1,2,3,2,2,3,8,3,3,4,2,3,3,4,4,2,4,1,752002,0,1,1,1,1,752003,4,0,8,7,0,1,7,0,3,0,7,7,0,1,7,0,2,3,10,8,0,3,8,2,6,9,2,0,2,2,1,3,3,3,1
"0000000659","SWE_2022","Sweden",0.7712,58,0,8,1,1,1,2,2,4,1,752,1,1,3,2,6,1,0,2,1,1,4,4,4,2,4,9,2,2,2,2,3,2,3,2,3,4,1,752003,0,2,4,1,1,752003,5,6,0,8,2,7,6,1,7,4,6,5,6,4,3,0,6,99,99,99,99,99,99,99,99,99,1,9,2,3,3,9,9,9,9
"0000002326","SWE_2022","Sweden",1.1014,85,1,2,1,0,7,2,9,1,1,752,0,24,2,3,0,0,0,3,1,5,1,1,5,2,1,6,2,2,2,2,3,2,2,2,2,3,1,752001,1,2,2,4,1,752001,5,9,5,5,8,7,5,8,5,9,5,5,5,7,5,5,5,2,5,5,0,5,5,5,5,0,2,1,1,2,1,9,9,3,0
"0000001089","SWE_2022","Sweden",0.7658,60,1,8,3,1,1,1,1,4,3,752,0,1,3,1,7,7,7,1,1,1,5,5,5,5,5,10,1,1,1,1,1,1,2,1,1,4,1,752003,0,2,2,1,1,752008,5,10,3,9,8,8,5,6,8,10,8,10,3,8,3,5,7,2,9,8,1,6,7,5,7,4,1,1,1,1,1,2,2,9,1
"0000002761","SWE_2022","Sweden",0.7489,73,1,2,3,0,7,2,1,1,2,752,0,14,2,3,3,99,99,1,2,2,2,9,5,5,9,9,3,3,9,9,9,9,9,3,3,4,1,752002,0,1,2,3,1,752002,4,3,9,8,0,0,7,0,4,4,9,9,0,0,7,0,0,5,10,10,0,1,9,0,8,9,4,1,2,3,3,3,3,4,0
"0000000465","SWE_2022","Sweden",1.073,40,1,7,4,1,1,2,1,4,2,752,0,1,3,2,1,7,7,1,1,2,4,5,5,2,2,7,3,2,2,1,2,1,3,1,1,3,1,752001,1,1,1,1,1,999999,5,99,99,99,99,99,99,99,99,99,99,99,99,99,99,99,99,1,10,10,99,7,10,1,10,0,2,9,1,4,2,9,9,9,9
"0000000130","SWE_2022","Sweden",0.5372,65,1,9,1,1,1,9,9,5,1,752,0,14,4,1,0,7,4,1,1,2,5,4,5,5,5,8,2,1,1,1,2,1,3,2,2,4,1,752005,0,2,2,2,1,752008,4,6,0,4,6,6,3,6,6,6,0,2,5,8,1,7,5,3,10,8,1,6,9,5,7,6,1,0,9,2,2,2,2,3,0
"0000000861","SWE_2022","Sweden",0.91,53,0,4,1,1,1,1,2,5,1,752,1,1,4,1,2,7,4,1,1,2,2,3,2,2,5,10,2,2,2,2,2,2,3,3,2,4,1,752003,0,2,2,1,1,752003,5,6,7,9,0,4,7,3,6,3,7,8,1,3,7,1,5,4,9,8,0,6,8,2,5,8,1,0,2,2,1,2,3,3,1
"0000001098","SWE_2022","Sweden",1.1901,48,1,6,1,1,1,1,2,4,2,752,0,12,1,2,3,99,99,2,1,1,5,9,3,4,3,7,3,3,3,3,3,2,3,2,2,5,1,752001,1,1,2,2,1,752001,4,9,2,5,4,3,4,7,6,7,4,5,4,0,3,6,5,2,5,8,2,5,5,4,5,5,1,1,2,3,1,2,2,3,1
"0000001350","SWE_2022","Sweden",1.6674,28,1,4,4,1,3,2,2,1,2,752,0,12,1,3,0,2,7,2,3,3,1,3,3,2,1,7,3,3,3,1,2,2,2,4,3,5,1,752002,0,1,2,1,1,752003,5,0,10,8,1,0,7,2,5,0,10,8,2,1,8,0,5,0,9,9,0,3,7,3,5,9,2,1,3,2,2,3,5,3,1
"0000000015","SWE_2022","Sweden",0.7712,59,0,7,3,1,1,1,2,4,2,752,1,12,2,3,0,1,0,2,1,2,2,3,5,5,5,9,2,2,1,2,2,2,3,2,2,4,1,752002,0,2,2,1,1,752002,3,5,7,7,3,5,7,5,5,6,8,5,5,6,8,5,5,5,8,8,2,6,8,3,6,8,2,1,2,2,3,3,3,3,0
"0000000936","SWE_2022","Sweden",1.1008,59,0,3,1,1,1,1,2,4,1,752,0,14,3,2,5,3,7,2,1,1,5,3,5,3,9,8,2,3,2,2,3,1,3,2,2,4,1,752001,1,1,2,1,1,752001,5,9,1,3,8,5,1,7,2,8,2,2,8,5,0,3,7,3,10,9,0,3,9,2,7,2,1,1,2,3,3,3,3,3,1
"0000001113","SWE_2022","Sweden",0.91,41,0,6,3,1,1,2,2,2,1,752,0,4,1,2,0,7,7,1,4,1,2,2,4,2,1,3,3,4,4,3,4,4,4,4,3,5,1,752006,0,2,4,4,1,752003,2,0,2,4,1,0,6,0,0,0,5,5,2,0,9,0,0,2,8,7,1,3,8,2,3,6,4,0,3,4,4,5,5,4,1
"0000002034","SWE_2022","Sweden",0.5247,77,1,8,1,9,7,1,9,3,1,752,0,1,4,2,7,1,4,2,1,3,5,3,5,5,5,10,1,1,1,1,2,1,9,1,1,3,1,752001,1,1,1,1,1,752001,5,10,0,5,8,8,1,9,5,10,0,5,8,8,5,9,5,3,10,10,0,5,9,3,5,99,2,1,1,2,3,1,1,1,0
"0000000100","SWE_2022","Sweden",1.1008,59,0,3,1,1,1,4,2,3,2,752,0,14,1,2,0,4,0,1,1,1,5,5,5,5,5,9,1,1,1,1,2,2,4,2,3,2,1,752004,0,2,4,1,1,752005,4,7,0,5,6,10,0,1,6,7,0,2,8,10,0,2,6,3,10,9,0,5,10,0,6,7,2,1,2,2,2,2,3,3,1
"0000000967","SWE_2022","Sweden",1.0931,64,1,3,4,1,1,2,2,1,3,752,0,21,2,3,5,0,7,2,1,5,5,3,5,5,2,9,2,2,2,2,9,3,3,2,2,4,1,752001,1,1,1,1,1,752001,5,10,0,5,8,8,5,8,5,10,0,5,8,8,1,5,5,0,5,10,0,6,6,6,10,1,2,1,1,2,2,2,3,3,1
"0000001122","SWE_2022","Sweden",1.5423,39,0,8,1,1,5,1,1,4,3,901,9,5,2,2,1,7,7,1,1,1,3,4,5,3,5,4,2,3,2,2,3,2,3,2,2,5,1,752005,0,2,4,1,1,752005,4,9,0,1,7,10,0,7,1,10,0,0,9,10,0,9,0,2,10,10,0,5,10,0,10,5,1,1,2,2,2,3,3,3,1
"0000001142","SWE_2022","Sweden",1.7726,21,1,4,4,0,6,2,1,2,1,752,0,4,2,3,0,0,0,9,3,9,2,3,2,1,5,7,3,3,3,1,3,2,3,2,2,4,1,752001,1,2,4,2,0,999999,3,5,5,5,5,5,5,5,5,5,5,5,5,5,5,5,5,99,99,99,99,99,99,99,99,99,4,0,9,3,3,4,3,3,1
"0000002057","SWE_2022","Sweden",1.0469,74,0,2,1,0,7,2,2,1,1,752,1,17,2,3,1,1,2,3,2,2,2,2,3,3,3,5,3,3,2,2,3,3,3,3,3,3,1,999999,999999,9,4,3,1,999999,3,5,5,5,5,5,5,5,5,9,10,3,3,0,3,0,2,0,10,1,0,0,2,2,3,5,4,0,9,2,3,3,3,3,0
"0000001149","SWE_2022","Sweden",1.6674,34,1,4,1,1,5,2,1,3,2,752,0,19,1,3,1,1,5,2,1,1,1,2,3,1,5,5,3,3,3,2,3,3,3,4,4,4,1,752002,0,1,1,3,1,752002,4,0,10,5,0,0,5,0,5,0,10,7,0,0,5,0,5,0,10,10,0,0,10,0,0,10,4,1,9,3,2,4,4,3,1
"0000001153","SWE_2022","Sweden",1.7726,20,1,4,4,0,1,2,1,9,1,752,0,14,1,2,6,5,7,2,1,3,4,5,5,2,5,9,3,3,2,1,3,2,3,2,2,5,1,752003,0,2,2,2,99,999999,5,8,5,8,6,3,3,6,5,9,4,7,8,3,3,3,5,2,10,9,0,6,10,4,9,5,1,0,9,3,3,4,3,3,1
"0000001203","SWE_2022","Sweden",1.2661,28,1,7,1,0,6,2,2,2,1,752,1,1,4,2,5,7,5,2,1,2,2,2,5,2,3,9,2,2,2,2,2,3,3,2,2,4,1,752001,1,1,2,1,1,752003,4,10,0,1,5,10,0,7,5,10,0,0,4,10,0,5,4,3,10,8,0,5,9,4,7,3,1,1,1,3,3,4,3,3,1
"0000001156","SWE_2022","Sweden",1.275,32,0,6,4,9,6,9,9,1,2,752,0,1,3,9,99,99,99,9,9,9,9,9,9,2,1,8,2,2,2,2,3,2,3,3,2,2,1,752008,0,4,2,1,99,999999,9,99,99,99,99,99,99,99,99,99,99,99,99,99,99,99,99,4,10,8,0,4,9,0,6,5,2,0,2,3,3,2,3,4,1
"0000001458","SWE_2022","Sweden",1.1008,58,0,7,4,9,2,3,2,5,1,752,1,14,1,1,7,0,0,1,4,2,1,2,2,2,4,7,1,2,4,4,3,2,4,4,1,4,1,752003,0,1,2,1,1,752003,4,5,10,10,0,0,8,0,5,5,10,9,0,0,8,0,5,0,10,10,0,0,10,0,5,10,4,1,1,3,2,2,2,1,0
"0000001589","SWE_2022","Sweden",1.1901,46,1,5,3,0,1,2,1,2,1,752,0,4,2,3,0,7,7,3,1,3,2,3,5,4,2,7,2,2,3,2,3,3,3,2,3,5,1,999992,0,1,2,3,1,752001,1,99,99,99,99,99,99,99,99,99,99,99,99,99,99,99,99,99,99,99,99,99,99,99,99,99,2,0,9,9,9,3,3,4,1
"0000001161","SWE_2022","Sweden",0.7658,55,1,4,1,1,5,2,2,2,1,900,9,18,2,3,0,2,2,2,9,9,1,9,9,9,5,2,2,2,3,1,3,4,4,3,1,3,1,752001,1,4,4,2,1,752001,4,9,5,5,9,5,5,5,5,5,5,5,5,5,5,5,10,2,0,0,2,0,0,0,0,2,4,0,3,3,2,1,3,1,0
"0000000177","SWE_2022","Sweden",0.7712,57,0,8,1,1,1,1,2,5,1,901,9,1,3,2,5,6,5,1,1,1,2,1,5,5,2,10,3,2,3,1,2,2,3,2,2,5,1,752003,0,4,2,1,1,999999,5,8,0,9,0,8,5,6,9,9,0,9,99,8,6,4,99,3,10,9,0,5,8,2,6,7,1,0,9,4,3,5,1,3,1
"0000002786","SWE_2022","Sweden",2.2604,21,1,5,4,0,6,9,9,1,1,752,0,3,3,2,0,5,7,3,1,2,2,3,3,3,2,6,2,2,3,2,2,3,3,3,2,5,1,752002,0,2,2,2,0,999999,4,3,7,8,0,3,8,0,5,8,7,8,0,3,8,0,5,2,9,8,0,3,8,2,5,7,2,0,2,2,2,4,3,5,1
"0000001166","SWE_2022","Sweden",0.9037,50,1,7,1,1,1,2,4,3,6,752,0,12,1,2,7,5,7,2,1,1,5,2,5,4,1,6,2,3,2,1,3,2,3,3,2,5,1,752006,0,2,1,1,1,752002,5,5,10,9,6,0,10,0,7,0,10,9,7,0,10,0,8,4,5,8,2,4,7,0,6,6,2,0,2,2,2,5,4,3,1
"0000002174","SWE_2022","Sweden",0.7489,70,1,3,1,1,7,2,2,1,3,752,0,6,1,2,7,7,5,2,1,1,2,2,5,5,5,7,3,3,3,3,3,2,3,3,3,5,1,999999,999999,9,2,1,1,752006,5,5,6,9,4,5,5,2,7,5,6,8,5,5,5,3,8,1,10,99,0,4,10,4,5,9,2,0,3,3,2,3,3,3,1
"0000001174","SWE_2022","Sweden",1.1984,45,0,4,1,1,1,4,2,3,4,752,0,6,1,2,1,0,0,2,1,3,2,2,5,5,5,8,1,2,2,2,2,2,3,3,2,5,1,752002,0,1,1,1,1,752002,5,2,10,9,0,0,9,0,2,5,10,9,1,0,9,1,5,2,10,9,0,2,9,1,5,10,2,1,2,2,3,2,2,3,1
"0000001178","SWE_2022","Sweden",1.0931,52,1,4,3,1,1,2,1,2,1,752,0,14,1,3,2,3,2,3,2,2,2,2,3,3,3,5,3,3,4,2,3,3,2,4,2,4,1,752003,0,1,1,1,99,999999,9,99,99,99,99,99,99,99,99,99,99,99,99,99,99,99,99,0,10,10,0,10,10,0,10,10,2,1,9,3,2,3,3,3,1
"0000001916","SWE_2022","Sweden",0.6191,66,1,5,1,1,7,9,1,2,1,752,0,14,1,2,7,3,2,1,1,2,3,1,5,2,3,7,2,2,2,1,3,2,3,2,2,3,1,752001,1,1,2,1,1,752001,5,10,0,0,5,5,0,8,0,10,0,0,6,8,0,99,0,3,10,10,0,5,10,4,10,3,1,1,1,3,3,2,1,1,1
"0000001187","SWE_2022","Sweden",1.1901,55,1,3,1,0,1,2,2,2,2,752,0,12,2,2,7,0,3,2,1,2,2,1,5,5,5,8,1,1,1,1,1,2,3,3,2,4,1,752002,0,1,2,1,99,999999,9,99,99,99,99,99,99,99,99,99,99,99,99,99,99,99,99,4,10,10,0,5,10,2,10,10,1,0,9,2,2,5,2,3,1
"0000001702","SWE_2022","Sweden",1.1008,48,0,4,1,0,1,4,1,2,3,900,9,14,3,3,0,3,2,3,4,2,1,1,3,3,2,4,3,4,4,3,3,2,2,3,2,4,0,999999,999999,9,4,3,0,999999,3,9,9,5,3,5,8,5,3,7,9,5,2,3,2,6,6,8,9,99,99,99,99,5,1,5,4,0,9,3,3,2,4,2,8
"0000000180","SWE_2022","Sweden",0.9037,49,1,4,1,1,1,1,2,5,2,752,0,14,2,3,0,1,0,2,1,1,2,3,5,5,5,8,2,2,2,2,3,3,4,2,2,3,1,752001,1,1,1,1,1,752001,5,7,2,5,5,5,5,5,5,7,6,4,5,6,6,5,5,4,6,7,3,5,6,4,5,6,2,0,9,2,2,4,3,3,1
"0000002791","SWE_2022","Sweden",0.7658,64,1,8,1,0,7,1,2,4,2,752,0,14,1,2,6,2,7,1,1,1,2,4,4,1,5,9,2,2,2,2,2,9,9,2,2,4,1,752003,0,1,4,1,1,752008,4,6,8,9,0,3,9,1,9,10,8,10,0,2,10,0,8,5,10,10,0,3,9,0,7,8,2,1,1,2,2,2,2,3,1
"0000002792","SWE_2022","Sweden",0.8153,72,1,4,1,0,7,1,2,2,1,752,0,8,2,3,5,1,7,2,1,3,4,5,4,2,5,8,2,2,2,2,2,2,3,2,2,4,1,752001,1,1,1,1,1,752001,3,9,0,2,8,6,3,7,4,10,0,1,7,6,3,7,5,2,10,9,0,5,7,3,6,2,2,0,2,3,3,2,3,3,0
"0000002305","SWE_2022","Sweden",0.821,79,0,4,1,0,7,1,2,4,1,752,0,1,3,2,7,7,0,1,1,9,9,9,3,2,5,10,1,2,2,2,2,2,4,3,3,2,1,752003,0,1,2,1,1,752003,5,5,7,9,5,99,7,3,7,5,8,9,6,4,8,3,7,4,8,9,2,3,8,2,6,7,2,0,2,2,2,2,2,3,0
"0000001638","SWE_2022","Sweden",1.1008,52,0,3,4,1,1,2,2,2,1,752,1,4,3,9,99,99,99,9,9,9,9,9,3,3,3,6,3,3,3,2,3,3,4,4,2,5,1,752002,0,1,2,1,1,752002,3,1,10,5,5,0,5,0,4,3,8,0,5,0,7,0,6,8,5,10,0,2,7,0,4,5,2,0,9,3,3,3,3,3,0
"0000001200","SWE_2022","Sweden",0.9037,54,1,99,1,9,99,9,9,9,9,752,0,12,9,3,2,1,5,2,2,1,3,3,2,2,3,10,3,3,2,2,2,2,3,4,4,9,1,999999,999999,9,1,9,1,752003,4,1,8,9,2,2,8,0,5,2,9,8,5,0,7,0,5,2,8,8,0,2,7,0,7,7,9,9,9,9,9,9,9,9,9
"0000000770","SWE_2022","Sweden",1.0805,33,0,8,1,0,1,1,1,4,1,752,0,14,2,2,1,7,7,2,1,1,5,3,3,2,4,8,1,1,1,1,3,2,3,3,3,5,1,752003,0,2,2,2,1,752003,4,5,9,9,4,3,8,0,6,6,10,10,7,1,9,0,4,6,6,8,1,4,10,0,5,8,1,0,2,2,2,2,3,3,1
"0000002494","SWE_2022","Sweden",0.7489,77,1,3,3,0,7,1,2,1,2,752,1,9,1,2,7,0,0,3,1,3,2,4,3,3,3,8,2,2,3,2,2,2,4,2,2,5,1,752001,1,1,1,2,1,752001,3,9,9,5,7,7,7,6,5,10,10,5,6,6,7,6,6,4,8,10,0,8,8,2,8,3,2,1,2,4,4,3,3,3,1
"0000000979","SWE_2022","Sweden",0.9037,62,1,3,1,0,2,1,4,1,2,752,0,5,1,9,7,99,7,2,1,1,2,5,5,5,5,8,2,2,2,2,2,3,3,3,3,9,1,752006,0,1,1,4,1,999999,5,5,8,7,6,7,10,6,8,7,8,7,7,7,10,7,8,2,10,9,0,2,8,3,7,8,4,1,2,3,3,2,4,5,0
"0000000421","SWE_2022","Sweden",0.7712,56,0,99,1,1,1,1,1,5,9,752,0,1,3,2,7,3,0,2,1,1,5,4,5,3,5,8,1,1,2,2,2,1,3,2,1,5,1,752001,1,1,1,1,1,752001,4,10,0,5,6,5,1,6,3,10,1,5,7,7,0,8,3,3,10,8,1,7,9,4,7,99,1,1,1,2,2,3,3,3,1
"0000001211","SWE_2022","Sweden",1.1008,49,0,5,1,1,1,1,2,2,1,752,0,10,2,2,4,6,0,2,1,1,5,5,5,4,3,9,2,2,1,1,2,2,4,2,1,3,1,752001,1,1,1,1,1,752001,5,10,0,5,5,8,0,9,5,10,0,2,4,9,0,6,5,5,10,10,0,8,10,5,8,6,1,1,1,2,2,4,3,3,1
"0000001213","SWE_2022","Sweden",1.1984,43,0,4,1,0,1,4,2,4,1,752,0,14,3,1,4,5,7,1,1,1,5,3,3,3,1,10,2,2,2,2,3,2,3,2,1,4,1,752005,0,1,1,1,1,752005,3,7,0,6,6,9,5,6,7,6,0,5,5,7,0,5,5,4,7,10,0,6,6,3,5,5,1,1,2,3,2,3,3,4,1
"0000001216","SWE_2022","Sweden",1.7726,19,1,4,4,0,5,9,9,3,3,752,0,14,1,2,0,2,7,3,1,3,4,5,4,2,2,8,2,2,2,2,3,2,3,2,3,3,1,752004,0,2,4,2,99,999999,4,8,0,3,9,8,3,6,4,8,0,4,9,6,4,5,5,1,10,8,0,4,8,4,7,1,2,0,2,3,3,3,3,3,1
"0000001530","SWE_2022","Sweden",1.6791,28,0,4,4,0,1,2,1,2,2,752,0,21,1,3,0,0,1,2,1,1,1,3,4,2,2,6,3,3,3,2,3,3,4,2,3,4,1,752002,0,1,2,3,1,752002,4,5,9,7,0,5,5,0,5,5,10,8,0,4,7,99,5,1,10,7,0,3,7,0,4,99,4,1,3,3,1,3,3,3,1
"0000000007","SWE_2022","Sweden",0.7658,52,1,7,3,1,1,1,2,5,1,752,1,22,2,1,7,7,7,2,1,2,5,3,3,3,3,8,3,4,3,2,4,4,4,4,3,5,1,752002,0,2,2,1,1,752003,5,0,8,8,0,0,8,0,5,0,9,7,4,0,10,0,7,3,7,8,0,4,9,0,5,10,2,0,3,3,3,4,3,3,1
"0000001221","SWE_2022","Sweden",1.7726,25,1,8,4,0,6,2,2,1,2,752,0,12,4,3,1,2,7,3,2,2,5,3,5,5,2,7,3,3,3,2,3,2,2,3,3,5,1,752003,0,2,2,3,1,752007,4,6,8,9,8,7,1,2,3,8,9,9,9,8,1,1,1,3,10,8,0,4,10,1,5,5,4,0,9,3,3,3,3,3,1
"0000000308","SWE_2022","Sweden",0.5247,65,1,7,1,1,2,1,1,2,2,752,0,19,2,2,7,0,5,2,1,2,5,5,5,5,4,8,1,2,2,1,2,1,3,1,2,4,1,752001,1,1,1,1,1,752001,5,9,0,2,7,2,0,8,3,10,1,1,7,2,0,9,5,2,10,10,0,5,10,4,8,2,2,1,1,3,3,3,2,3,1
"0000001231","SWE_2022","Sweden",1.0396,66,1,5,1,0,7,2,2,2,4,752,0,13,1,3,5,4,3,2,1,2,1,2,3,3,2,4,3,3,3,2,3,3,3,3,3,5,1,999999,999999,9,2,2,1,999999,3,5,7,7,5,4,7,1,6,6,7,7,4,2,7,1,6,4,7,8,2,3,7,1,5,6,5,0,3,3,3,4,3,3,1
"0000001247","SWE_2022","Sweden",1.1901,61,1,5,4,0,1,2,1,4,1,900,1,1,4,3,2,7,7,2,1,1,5,5,5,4,1,2,2,9,2,2,4,3,4,2,3,4,1,752001,1,1,4,2,1,752001,1,10,0,0,3,3,0,7,5,10,0,0,0,5,0,0,2,4,10,10,4,99,10,5,7,0,4,0,9,3,4,2,2,2,0
"0000002586","SWE_2022","Sweden",1.1092,79,0,99,1,0,7,2,2,1,9,752,9,6,1,2,7,6,1,2,2,2,2,3,5,5,5,9,2,2,3,9,2,3,3,2,2,3,1,752006,0,2,2,2,1,752006,3,8,2,7,6,7,8,7,6,8,7,8,7,7,8,7,7,99,99,99,99,99,99,99,99,7,2,0,3,3,2,9,9,9,8
"0000000937","SWE_2022","Sweden",1.275,38,0,6,1,1,2,1,1,4,1,752,0,14,2,2,5,7,5,1,1,1,3,3,2,1,4,8,2,2,3,1,3,3,4,4,4,4,1,752006,0,1,2,2,1,752003,3,3,6,8,0,3,9,0,8,3,9,7,1,0,10,0,10,2,3,10,0,4,9,2,7,9,2,0,2,3,2,4,3,2,8
"0000001250","SWE_2022","Sweden",0.5247,75,1,7,3,0,7,1,1,3,1,752,0,1,4,1,7,0,0,2,1,1,5,3,5,5,5,8,3,3,2,2,3,3,3,3,3,5,1,752008,0,2,4,1,1,999999,3,1,0,6,0,4,6,0,9,99,99,99,99,99,99,99,99,3,10,8,0,5,8,0,7,7,4,1,2,2,4,5,3,3,0
"0000002036","SWE_2022","Sweden",0.7489,73,1,2,1,0,7,2,1,1,2,752,0,3,1,3,7,0,0,4,5,5,5,5,5,5,5,99,4,4,4,4,4,4,4,3,3,3,1,752001,1,4,4,9,1,752001,9,10,99,99,99,99,99,99,99,10,4,8,7,9,8,8,7,99,99,99,99,99,99,99,99,99,9,9,9,9,9,9,9,9,9
"0000001253","SWE_2022","Sweden",1.0931,47,1,4,4,1,2,2,2,4,1,752,0,3,2,3,4,7,7,3,1,1,5,5,3,3,3,8,2,2,2,2,2,2,2,2,2,4,1,752003,0,2,2,1,1,752003,5,5,2,9,5,5,5,5,5,4,0,4,2,6,6,2,5,99,99,99,99,99,99,99,99,99,2,0,2,2,2,4,3,3,1
"0000001258","SWE_2022","Sweden",1.5316,40,1,5,4,1,1,2,1,1,2,752,0,10,2,3,99,6,7,3,2,2,2,1,3,3,3,8,2,9,9,2,3,2,3,2,1,5,1,752001,1,2,2,2,1,752001,4,10,0,5,8,8,5,8,5,10,0,5,6,10,3,5,6,0,10,9,0,0,9,0,8,1,2,0,3,3,2,1,3,3,1
"0000001262","SWE_2022","Sweden",1.073,27,1,7,4,1,10,2,1,1,1,752,0,1,3,3,0,2,7,3,1,2,4,2,5,5,1,7,2,2,3,1,2,1,2,2,3,4,1,752005,0,1,1,2,1,752005,4,8,3,7,7,10,7,6,7,9,5,5,8,10,7,5,5,2,10,9,0,5,8,4,7,3,2,0,9,3,2,3,3,3,1
"0000002795","SWE_2022","Sweden",0.5247,82,1,7,2,0,7,2,1,1,6,752,0,14,2,1,7,4,7,1,1,2,2,4,4,4,1,7,2,2,2,2,2,2,2,3,2,4,1,752006,0,1,1,1,1,752006,5,4,8,10,0,8,10,3,9,4,8,10,0,8,99,3,9,3,10,10,0,5,9,2,8,8,1,1,2,2,3,2,2,2,1
"0000001272","SWE_2022","Sweden",1.1901,61,1,3,4,1,1,2,1,3,2,752,0,5,1,2,4,5,0,2,1,2,2,4,3,2,4,9,3,2,2,2,3,2,3,3,2,5,1,752002,0,9,2,1,1,752003,5,5,10,9,1,2,9,0,6,5,10,10,5,5,10,5,7,3,9,9,0,2,9,0,7,9,2,1,1,2,3,2,2,3,1
"0000001273","SWE_2022","Sweden",1.346,25,1,3,4,1,6,2,4,1,1,752,0,1,2,3,0,0,7,2,1,2,4,3,5,2,4,8,2,2,2,1,2,2,3,3,2,5,1,752001,1,2,4,4,1,752001,3,9,2,6,3,7,1,5,3,8,0,6,4,6,2,3,5,99,99,99,99,99,99,99,99,99,4,1,2,3,2,4,3,2,1
"0000002224","SWE_2022","Sweden",0.6191,72,1,7,1,0,7,1,1,3,1,752,0,12,1,3,2,0,7,2,1,3,2,3,9,3,9,8,3,3,3,2,2,2,2,2,1,3,1,752003,0,2,1,1,1,752008,2,8,7,10,5,5,5,8,10,8,5,10,5,5,0,5,9,3,10,9,1,3,4,3,6,7,2,0,9,2,3,3,2,3,1
"0000000327","SWE_2022","Sweden",0.7712,52,0,8,1,0,1,1,2,5,1,752,0,1,3,1,7,7,7,1,1,1,5,3,5,5,5,7,2,3,3,4,3,2,3,4,4,4,1,752003,0,1,2,1,1,999992,2,2,5,9,2,0,8,0,3,5,7,9,9,0,99,0,5,3,5,9,1,1,9,1,6,10,2,1,2,3,3,4,3,3,1
"0000000169","SWE_2022","Sweden",0.91,43,0,7,4,1,1,4,2,5,1,752,0,19,2,1,4,7,7,1,2,4,2,1,5,4,1,9,2,2,3,2,3,3,3,3,2,4,1,752003,0,2,2,3,1,752003,4,2,9,10,0,3,8,0,7,3,9,9,0,2,7,0,7,3,8,9,0,4,8,1,7,9,4,1,1,2,2,2,3,3,0
"0000001279","SWE_2022","Sweden",0.7658,53,1,8,1,0,1,1,2,5,2,752,0,12,1,3,2,3,99,2,1,2,5,3,5,5,5,10,2,2,2,2,2,2,3,2,2,4,1,752005,0,1,2,1,1,752003,4,7,0,5,6,10,2,5,5,9,2,5,99,9,0,2,99,2,10,9,1,5,9,3,6,4,1,0,9,3,2,2,2,3,1
"0000000531","SWE_2022","Sweden",0.7712,51,0,8,1,1,1,1,1,5,1,752,1,1,3,1,2,4,3,1,1,1,3,4,4,4,2,8,2,2,1,2,2,2,3,2,2,2,1,752008,0,2,1,1,1,752008,5,6,0,8,6,5,4,3,9,7,3,7,6,6,4,6,6,2,5,9,1,5,8,3,7,7,2,1,2,2,1,3,3,2,0
"0000001284","SWE_2022","Sweden",0.9037,49,1,5,1,1,5,2,1,3,1,752,0,12,1,4,0,3,0,5,2,1,2,3,5,2,4,10,3,3,2,2,3,2,4,2,2,2,1,752007,0,1,2,2,1,752007,5,7,1,2,7,2,2,9,5,5,5,5,5,5,5,5,5,2,8,10,0,5,6,2,5,2,2,0,3,3,2,2,3,3,0
"0000001529","SWE_2022","Sweden",1.2661,36,1,6,4,1,5,2,2,2,1,752,0,14,4,2,6,4,0,2,2,2,4,1,5,2,3,4,2,2,2,3,4,2,4,3,3,4,1,752001,1,2,2,3,1,752004,2,8,3,4,8,5,0,8,3,5,3,3,4,4,3,4,3,0,10,7,2,5,8,4,6,1,4,0,9,3,2,2,4,2,0
"0000001180","SWE_2022","Sweden",0.5283,66,0,6,1,0,2,4,2,5,2,752,0,24,2,2,7,7,0,2,1,3,2,5,5,5,5,9,1,2,1,2,2,2,3,2,2,3,1,752005,0,2,1,1,1,752005,5,8,0,8,2,9,1,5,3,9,0,10,3,10,1,7,3,99,10,99,0,5,10,5,8,99,2,0,3,2,3,1,2,3,1
"0000001285","SWE_2022","Sweden",0.9037,54,1,6,3,1,1,2,1,1,3,752,0,12,1,3,3,1,0,1,1,2,2,4,5,5,5,7,2,2,3,1,2,2,4,1,1,5,1,999999,999999,9,1,1,1,999999,4,10,7,5,6,6,5,5,5,10,4,5,5,5,5,5,5,4,5,5,3,5,5,5,5,5,2,1,2,2,3,5,3,4,1
"0000002118","SWE_2022","Sweden",1.1014,81,1,2,2,9,7,2,9,1,9,900,9,21,1,3,2,4,0,2,1,2,1,2,5,5,5,7,2,3,3,2,3,3,4,2,2,4,1,752002,0,2,2,2,1,999999,4,4,8,5,2,3,6,2,3,6,8,7,4,3,6,3,5,6,8,6,2,2,1,1,5,8,2,9,3,3,3,4,3,3,0
"0000001290","SWE_2022","Sweden",1.1901,64,1,5,3,1,3,2,1,2,1,752,0,5,2,3,7,0,0,2,2,3,4,4,5,3,3,8,2,2,2,2,3,2,3,3,2,5,1,752002,0,2,2,2,0,999999,4,7,8,8,0,6,6,2,5,7,7,7,0,6,7,0,6,3,9,8,0,4,8,1,8,6,2,0,9,3,4,3,4,2,1
"0000002242","SWE_2022","Sweden",1.1984,50,0,9,4,0,9,2,9,1,1,752,1,12,2,1,0,7,0,1,5,1,1,1,1,1,1,3,4,4,4,1,4,4,4,4,4,5,0,999999,999999,9,5,5,0,999999,1,0,10,0,0,0,0,0,0,0,10,0,0,0,0,0,0,4,10,6,2,4,5,3,3,10,5,1,1,4,1,5,5,2,0
"0000000845","SWE_2022","Sweden",0.91,49,0,6,1,0,1,9,2,5,1,752,0,14,3,2,3,7,0,2,1,1,3,5,2,3,1,9,1,2,2,2,2,2,4,2,2,2,1,752003,0,2,2,1,1,752003,5,7,0,9,1,5,5,5,5,7,0,7,1,5,4,5,5,4,10,8,0,5,7,1,6,8,2,1,2,3,2,4,2,2,1
"0000002260","SWE_2022","Sweden",0.8153,76,1,4,2,1,7,1,4,2,1,752,0,25,1,2,7,7,7,2,1,2,3,2,5,3,2,9,1,1,2,2,2,2,3,2,1,4,1,752001,1,1,1,1,1,752001,5,10,0,5,5,7,0,0,5,10,0,3,0,8,0,0,6,0,10,10,0,4,9,7,9,0,2,1,9,3,2,1,1,1,0
"0000000949","SWE_2022","Sweden",0.6234,66,0,3,1,1,1,2,1,4,2,752,1,1,4,2,7,99,7,2,1,1,5,3,5,2,5,10,2,1,1,2,2,3,2,2,1,4,1,752003,0,2,2,1,1,752003,4,2,6,8,4,5,6,0,5,2,6,7,6,5,6,0,4,1,5,10,99,4,7,2,4,8,2,0,9,1,2,3,3,3,1
"0000002802","SWE_2022","Sweden",0.6191,66,1,6,1,1,2,9,1,3,4,752,0,14,2,2,5,3,0,1,1,3,2,3,5,4,4,9,1,1,2,1,2,3,4,1,1,4,1,752007,0,2,2,3,1,752001,5,10,0,1,8,8,1,9,8,9,1,0,9,9,0,10,6,4,10,10,1,5,10,4,6,4,2,0,2,3,2,4,2,4,0
"0000001318","SWE_2022","Sweden",1.2661,38,1,5,1,1,1,2,1,3,2,752,0,14,2,9,0,1,7,2,1,3,5,3,5,5,5,8,1,1,1,2,2,3,3,2,1,5,1,752004,0,1,1,1,1,752004,5,9,0,1,10,6,0,7,1,10,0,0,8,7,0,5,5,2,6,10,0,4,9,4,7,0,2,1,1,4,2,3,3,3,1
"0000000360","SWE_2022","Sweden",0.7658,47,1,8,4,1,1,1,1,5,2,752,0,3,1,2,3,7,7,2,1,1,2,4,5,4,2,8,1,2,2,1,2,2,3,3,3,2,1,752003,0,1,1,2,1,752005,4,2,0,9,0,4,3,5,9,8,2,10,2,5,3,2,10,3,5,8,1,4,8,2,6,7,2,1,2,3,2,3,3,3,1
"0000000396","SWE_2022","Sweden",1.346,24,1,4,4,0,6,1,1,5,1,752,0,12,2,2,1,0,2,1,2,1,3,4,5,5,2,7,2,3,3,2,9,2,3,3,2,5,1,999999,999999,9,4,1,1,752006,3,6,1,6,4,4,4,3,5,7,1,2,5,2,4,5,5,99,8,7,3,6,7,99,5,7,4,0,9,2,1,5,3,4,1
"0000001999","SWE_2022","Sweden",0.5247,75,1,8,1,0,7,1,2,4,3,752,0,12,1,2,7,7,5,2,1,1,2,5,3,2,3,8,2,2,3,3,3,3,4,3,2,5,1,752003,0,2,1,1,1,752003,5,3,2,10,0,3,5,0,5,3,2,9,5,3,4,1,5,3,10,9,1,3,8,1,5,10,2,1,1,2,3,3,2,3,0
"0000000972","SWE_2022","Sweden",0.7541,67,0,5,1,0,7,1,2,4,3,752,0,14,1,1,7,7,7,1,1,2,4,5,5,5,5,9,1,2,2,2,3,2,3,2,2,4,1,752008,0,2,1,1,1,752005,3,6,0,8,1,6,7,0,9,8,7,8,6,6,8,1,9,4,5,8,0,5,9,2,6,7,1,1,2,2,1,2,1,3,1
"0000001326","SWE_2022","Sweden",1.0931,62,1,3,1,1,2,2,1,2,2,752,0,13,1,3,6,99,6,2,1,2,4,4,5,4,4,8,2,2,2,2,2,2,3,2,3,2,1,752008,0,2,2,2,1,752003,4,5,2,6,3,5,4,4,8,6,3,6,3,5,3,3,7,3,8,7,2,4,7,2,6,6,2,0,3,2,2,2,2,2,1
"0000002099","SWE_2022","Sweden",0.5247,80,1,7,2,0,7,1,1,1,1,752,0,1,2,2,7,0,0,2,1,1,3,4,5,5,5,8,2,2,2,2,3,3,4,2,2,4,1,752004,0,1,1,1,1,752004,3,8,0,4,8,8,5,8,5,10,0,2,10,9,5,10,3,3,10,9,2,4,7,3,5,3,2,1,2,3,2,2,3,3,1
"0000002783","SWE_2022","Sweden",0.7541,69,0,2,3,0,7,3,9,1,1,752,0,13,9,4,7,0,0,3,1,2,1,2,9,1,9,5,3,3,3,2,3,3,4,3,2,4,0,999999,999999,9,4,3,0,999999,1,0,10,5,0,0,9,0,5,99,10,10,0,0,8,0,99,0,10,10,0,0,9,0,8,9,4,0,9,3,3,2,3,4,1
"0000002699","SWE_2022","Sweden",0.7489,74,1,3,3,0,7,1,1,3,1,752,0,21,2,2,7,1,0,2,1,1,5,4,4,2,3,8,2,2,2,2,2,3,3,3,3,4,1,752006,0,2,2,1,1,752006,4,5,2,5,2,2,9,2,6,5,6,6,2,2,9,1,6,3,7,9,0,5,7,1,8,7,2,0,3,2,2,3,3,3,1
"0000002263","SWE_2022","Sweden",0.7489,79,1,5,1,0,7,9,2,3,1,752,0,22,1,1,7,4,2,2,1,1,3,2,4,4,3,9,1,1,1,2,3,2,3,3,2,3,1,752003,0,2,2,1,1,752003,5,3,8,9,0,2,8,1,7,6,8,8,1,2,8,1,7,3,8,9,0,2,8,1,7,8,1,1,2,2,2,2,2,3,0
"0000000116","SWE_2022","Sweden",0.7658,59,1,7,1,1,1,1,1,5,2,752,0,21,2,2,7,3,7,1,1,3,5,5,5,2,4,10,1,1,1,1,2,1,3,2,2,4,1,752001,1,1,1,1,99,999999,9,99,99,99,99,99,99,99,99,99,99,99,99,99,99,99,99,2,10,10,0,6,99,2,7,2,1,1,2,3,1,2,1,9,0
"0000001337","SWE_2022","Sweden",1.1407,23,1,8,4,0,6,2,1,1,1,752,0,12,2,2,0,1,7,2,2,2,4,5,5,1,5,9,3,3,2,1,3,2,3,2,1,4,1,752007,0,1,2,1,1,752007,5,9,0,4,9,9,3,10,5,10,6,2,8,9,2,10,8,4,9,9,1,4,9,2,7,1,4,0,9,3,2,4,4,2,1
"0000001342","SWE_2022","Sweden",1.0931,58,1,3,1,0,1,2,2,3,3,752,0,1,1,2,5,0,0,2,1,2,2,3,4,4,4,10,2,2,3,2,2,2,3,3,4,4,1,752003,0,1,1,1,1,752003,4,0,9,10,0,3,9,0,5,0,9,10,0,2,9,0,6,1,10,10,0,2,9,2,8,9,2,1,1,2,1,4,3,3,1
"0000000535","SWE_2022","Sweden",0.7712,64,0,8,1,0,1,1,2,5,1,752,0,1,3,1,6,7,3,2,1,2,5,3,5,5,3,9,1,2,2,2,3,3,4,3,2,5,1,752003,0,1,1,1,1,752003,5,4,4,9,3,5,6,2,5,3,4,9,3,3,6,2,5,4,4,7,1,9,8,2,6,7,2,1,1,2,1,2,3,3,1
"0000002642","SWE_2022","Sweden",1.5316,32,1,3,1,0,2,2,9,2,2,752,0,5,3,3,0,4,7,3,3,2,2,3,3,2,2,7,2,2,2,2,2,9,9,2,2,5,1,752002,0,9,2,3,1,752001,4,9,10,8,5,5,10,2,5,5,9,5,5,5,9,5,5,2,8,2,2,8,8,8,2,7,2,0,3,2,1,5,3,4,1
"0000002810","SWE_2022","Sweden",1.0396,65,1,3,4,0,7,2,2,1,2,752,0,20,2,2,1,0,3,3,1,1,2,1,9,9,1,8,2,9,2,2,2,9,3,3,2,5,0,999999,999999,9,4,1,1,999999,5,10,10,0,0,0,0,0,99,99,99,99,99,99,99,99,99,10,0,0,0,0,0,0,0,10,1,0,2,3,3,5,3,3,0
"0000002817","SWE_2022","Sweden",0.8153,77,1,4,1,0,7,1,2,2,2,900,9,5,2,2,7,7,0,2,1,2,2,3,3,3,2,10,2,2,2,2,2,3,4,2,2,4,1,752003,0,2,2,1,1,752003,4,6,6,9,0,1,8,2,6,7,6,9,1,1,9,1,7,3,7,10,0,2,9,1,7,99,2,0,2,2,2,9,3,2,0
"0000000485","SWE_2022","Sweden",0.9037,64,1,6,3,1,99,1,1,2,1,900,9,12,3,3,99,99,7,4,3,3,3,3,5,5,5,5,2,2,2,2,2,4,4,2,1,4,0,999999,999999,9,2,1,1,752001,5,10,10,99,99,99,99,99,99,99,10,10,99,99,99,99,99,99,99,99,99,99,99,99,99,99,5,0,3,2,4,9,3,3,1
"0000001355","SWE_2022","Sweden",1.7851,25,0,4,4,0,10,2,2,1,1,752,0,5,2,3,0,1,0,3,1,1,3,3,5,2,3,8,2,2,2,2,2,2,3,2,2,4,0,999999,999999,9,2,3,1,999999,3,8,0,6,8,7,2,5,3,5,0,5,5,5,5,5,5,2,10,7,0,99,8,5,7,1,2,0,9,2,4,3,3,4,8
"0000001356","SWE_2022","Sweden",1.1901,43,1,99,4,9,99,9,9,9,9,752,0,20,9,2,99,99,99,9,9,9,9,9,9,9,9,99,9,9,9,9,9,9,9,9,9,9,99,999999,999999,9,9,9,99,999999,9,99,99,99,99,99,99,99,99,99,99,99,99,99,99,99,99,99,99,99,99,99,99,99,99,99,9,9,9,9,9,9,9,9,9
"0000001357","SWE_2022","Sweden",1.7726,20,1,4,4,0,1,2,1,5,1,752,0,6,2,2,4,2,7,2,1,2,2,5,5,3,3,9,2,2,2,1,2,2,3,3,3,4,1,752005,0,2,5,2,99,999999,4,8,0,1,7,10,1,9,3,9,0,0,8,10,0,9,6,1,8,9,0,5,7,4,10,5,2,0,2,3,2,4,3,3,1
"0000001364","SWE_2022","Sweden",1.0931,62,1,3,1,1,7,2,1,9,1,752,0,4,2,3,1,0,0,1,2,3,4,3,5,4,2,8,2,2,2,1,3,2,9,2,2,3,1,752001,1,2,1,3,1,752001,2,8,5,5,5,5,5,5,5,8,5,5,5,5,5,5,5,99,99,99,99,99,99,99,99,99,2,0,2,2,2,2,2,3,0
"0000001129","SWE_2022","Sweden",0.91,51,0,6,3,0,1,1,2,3,1,752,1,1,3,3,4,7,0,1,1,1,4,3,3,3,3,8,2,2,2,2,3,2,4,2,2,4,1,752003,0,1,2,1,1,752003,4,0,7,9,0,5,6,0,5,8,8,9,0,4,8,0,5,0,10,10,0,3,10,3,7,10,2,1,2,2,2,3,3,3,1
"0000001725","SWE_2022","Sweden",1.1901,59,1,5,3,1,1,2,2,2,1,752,0,6,2,4,0,99,99,3,3,3,2,3,5,5,2,5,3,3,3,4,3,4,4,3,3,4,1,752002,0,1,2,2,1,752002,3,0,10,9,0,0,8,0,5,0,10,9,0,0,8,0,5,2,9,9,0,3,7,0,6,7,4,1,2,4,3,4,3,9,1
"0000002677","SWE_2022","Sweden",1.0805,29,0,8,4,0,6,9,9,1,1,752,0,14,2,2,0,0,0,3,2,2,4,4,5,2,2,7,2,3,2,1,3,3,4,4,2,4,99,999999,999999,9,5,2,1,999999,3,8,6,8,0,0,3,0,6,10,8,5,0,0,4,5,5,3,10,7,0,0,9,0,8,10,2,0,3,2,1,1,3,3,8
"0000001130","SWE_2022","Sweden",1.5282,60,0,99,1,9,99,9,9,9,9,752,0,1,9,4,0,0,0,1,1,5,1,1,5,5,1,99,9,9,9,9,9,9,9,4,1,9,1,752002,0,1,1,9,1,752002,4,7,7,8,5,9,5,8,8,2,9,6,0,0,0,0,0,99,99,99,99,99,99,99,99,99,9,9,9,9,9,9,9,9,9
"0000001045","SWE_2022","Sweden",1.1901,47,1,5,1,0,1,1,1,4,1,901,9,1,3,3,2,2,7,2,1,1,1,5,5,5,5,8,2,2,2,2,3,3,3,9,2,9,99,752008,0,4,4,2,1,752003,4,7,0,7,7,7,3,7,7,5,0,5,5,5,5,5,5,0,10,10,8,8,99,1,8,5,2,0,9,3,2,4,4,9,1
"0000000828","SWE_2022","Sweden",0.91,41,0,7,4,0,1,1,4,5,1,752,0,1,4,2,7,7,6,3,1,3,5,3,5,5,5,8,2,2,2,1,2,1,3,2,2,4,1,752001,1,2,2,2,1,752008,5,8,5,6,6,6,6,6,8,10,6,8,7,9,6,7,7,4,7,8,2,6,7,3,6,5,1,0,9,2,2,4,3,4,1
"0000001655","SWE_2022","Sweden",1.3555,25,0,5,4,0,6,2,2,4,2,752,0,13,1,3,0,7,7,4,1,3,5,3,5,5,3,8,2,3,3,2,3,2,3,3,3,5,1,999999,999999,9,2,2,1,999999,5,2,7,7,1,0,5,0,6,4,7,7,5,0,6,0,6,3,6,7,0,5,7,1,6,7,2,0,9,2,3,3,3,3,1
"0000001371","SWE_2022","Sweden",0.7541,71,0,4,2,0,1,2,1,2,1,752,0,4,2,1,7,7,0,1,9,5,2,2,9,2,9,9,2,1,1,1,2,3,4,4,3,4,1,752002,0,1,1,1,1,752002,5,0,10,9,0,0,8,0,5,0,10,9,0,0,8,0,5,3,9,9,0,3,9,3,5,9,2,1,1,2,3,2,2,2,0
"0000001886","SWE_2022","Sweden",0.7541,69,0,5,4,1,7,1,2,1,1,752,0,12,2,2,6,7,0,1,1,5,5,5,5,5,5,9,1,3,1,2,3,2,4,2,1,4,1,752005,0,2,1,1,1,752005,4,8,0,5,4,9,3,8,4,10,0,6,4,10,1,4,4,2,10,8,0,5,5,2,6,5,1,1,2,1,1,3,2,2,0
"0000000626","SWE_2022","Sweden",0.7658,43,1,7,1,0,1,1,1,5,3,901,9,1,3,3,0,1,0,3,3,3,2,2,2,2,2,8,3,3,2,2,3,3,4,2,2,4,1,752001,1,2,2,2,1,752001,4,9,2,8,5,5,5,5,5,99,99,99,99,99,99,99,99,99,99,99,99,99,99,99,99,99,2,1,3,3,2,2,2,2,1
"0000001742","SWE_2022","Sweden",1.5282,62,0,3,1,1,5,2,2,9,9,901,9,5,2,2,4,99,99,2,9,9,9,2,4,9,9,0,9,9,9,9,9,9,9,2,4,5,1,752001,1,2,9,3,1,999999,3,99,0,0,10,0,0,0,0,2,0,0,10,7,0,0,2,9,99,0,9,99,0,99,0,99,4,0,2,4,2,5,4,9,0
"0000002832","SWE_2022","Sweden",1.2661,29,1,6,4,1,10,1,1,3,1,752,0,5,4,2,7,7,7,1,1,1,5,3,5,5,5,9,2,2,2,1,2,2,2,4,2,5,1,752003,0,1,1,2,1,752003,5,5,9,10,0,0,9,5,5,7,9,10,0,0,9,0,6,2,10,10,0,0,9,0,6,9,2,1,9,2,3,4,3,3,1
"0000001387","SWE_2022","Sweden",0.9037,56,1,6,1,1,1,2,1,2,1,752,0,6,1,2,1,99,99,2,2,3,9,9,3,2,2,8,3,3,3,3,3,3,4,3,3,4,1,752002,0,2,2,2,1,752002,4,5,10,8,5,5,3,0,5,5,10,8,5,5,5,5,5,5,9,9,0,5,9,0,7,9,2,1,2,3,2,4,4,4,1
"0000001392","SWE_2022","Sweden",0.7658,43,1,8,4,0,6,2,2,2,1,752,0,21,1,2,1,6,0,2,1,1,5,5,5,2,3,9,1,2,1,1,2,1,4,2,2,4,1,752001,1,1,1,1,1,752001,4,8,5,5,7,5,5,10,5,9,6,9,9,4,4,8,5,4,6,8,1,5,8,1,7,3,2,1,2,3,2,4,3,3,8
"0000001393","SWE_2022","Sweden",1.1008,64,0,3,3,0,7,2,1,2,3,752,0,10,1,2,4,5,0,2,9,9,9,9,5,5,5,8,1,1,1,1,3,3,3,3,2,2,1,999999,999999,9,4,1,1,752001,2,5,5,2,1,2,5,5,3,99,99,99,99,99,99,99,99,99,99,99,99,99,99,99,99,99,2,0,3,3,3,2,2,2,1
"0000002578","SWE_2022","Sweden",0.7541,80,0,2,1,0,7,2,2,3,1,752,0,12,1,3,5,0,0,3,1,1,2,3,3,3,3,8,2,2,2,2,2,2,9,2,2,3,1,752003,0,2,1,1,1,752003,4,5,6,8,3,3,5,3,5,5,6,8,3,3,5,3,5,0,6,10,0,3,5,1,6,8,2,0,3,2,2,3,3,3,0
"0000002383","SWE_2022","Sweden",1,93,1,5,9,9,7,9,4,9,9,752,9,99,9,2,99,2,3,2,9,2,2,2,9,3,9,6,2,2,4,9,2,2,2,2,3,3,1,752008,0,9,4,9,1,752008,5,6,5,8,4,3,5,5,7,9,6,8,5,7,7,7,8,7,99,8,2,5,7,5,6,8,2,0,2,2,2,3,3,3,0
"0000000868","SWE_2022","Sweden",1.1984,62,0,6,1,1,7,1,2,4,3,752,0,14,2,2,7,7,2,2,1,5,3,5,5,4,2,10,2,2,2,2,2,2,3,2,2,4,1,752005,0,2,2,1,1,752005,4,7,0,7,2,8,6,3,8,8,5,7,5,8,5,5,7,4,10,10,0,99,9,2,8,5,2,0,3,2,3,4,3,3,1
"0000002820","SWE_2022","Sweden",0.5247,76,1,7,1,0,7,1,1,3,2,752,0,10,2,3,7,2,7,2,2,1,1,5,5,5,5,9,1,1,1,3,2,2,3,2,2,4,1,752003,0,1,1,1,1,752008,4,6,3,10,99,4,7,4,99,6,6,9,4,6,8,5,8,99,10,99,0,5,7,6,8,9,1,1,1,2,2,2,2,3,0
"0000001402","SWE_2022","Sweden",0.9037,62,1,8,1,0,9,1,1,5,1,752,0,1,3,2,7,7,99,1,1,2,4,5,9,5,4,7,2,2,2,3,2,3,3,2,2,5,1,999999,999999,9,2,2,1,999999,4,5,5,5,5,5,5,5,5,6,9,9,8,6,6,5,7,7,8,9,1,6,2,2,6,5,2,1,9,2,3,3,2,3,1
"0000002116","SWE_2022","Sweden",0.5247,79,1,99,1,9,99,9,9,9,9,752,0,13,9,2,7,0,99,1,1,4,1,3,5,5,1,9,1,2,2,2,2,2,3,1,2,9,1,752001,1,1,2,2,1,752001,5,10,5,8,7,8,8,8,8,10,5,8,7,8,7,8,8,4,10,99,2,4,7,3,6,4,2,1,1,9,9,4,2,2,1
"0000000054","SWE_2022","Sweden",0.7658,45,1,8,1,1,1,1,2,9,1,752,0,1,3,1,7,99,99,1,1,1,3,4,5,5,5,8,2,2,2,2,3,2,3,4,3,4,99,999999,999999,9,1,1,1,999999,4,4,9,10,0,4,9,4,6,4,7,10,0,0,10,0,3,3,9,8,0,3,8,1,6,8,1,0,9,2,4,2,3,3,8
"0000001404","SWE_2022","Sweden",0.821,65,0,5,3,9,7,2,1,3,1,752,0,17,2,3,1,99,3,2,1,2,1,3,5,2,2,7,3,3,3,2,3,2,3,3,2,3,1,999999,999999,9,2,1,1,999999,5,8,10,7,6,6,5,0,5,7,10,8,0,0,0,0,0,0,10,10,0,10,10,10,10,99,4,1,9,3,2,3,3,3,0
"0000001966","SWE_2022","Sweden",0.6191,69,1,7,1,0,7,9,1,1,1,752,0,13,1,3,1,0,0,3,1,5,5,5,5,5,5,10,1,1,1,2,2,2,3,2,2,3,1,999999,999999,9,1,1,1,752001,5,10,5,0,0,0,0,0,0,10,5,0,0,0,0,0,0,0,8,10,0,8,8,5,8,0,1,1,1,2,2,9,9,3,0
"0000001407","SWE_2022","Sweden",0.7489,76,1,6,3,0,7,1,2,2,2,752,9,14,2,1,7,7,0,1,1,2,5,5,4,5,1,10,2,2,1,2,3,2,4,2,2,5,1,752001,1,1,2,1,1,752001,5,9,0,0,7,2,3,7,3,10,0,1,6,3,5,5,3,1,10,10,0,7,8,3,6,2,2,1,2,3,2,2,2,3,0
"0000000556","SWE_2022","Sweden",0.9037,49,1,6,1,0,1,1,1,3,6,901,9,1,1,3,3,2,0,2,1,2,5,5,4,2,2,9,2,3,3,2,3,1,3,2,2,4,1,752001,1,2,4,1,1,752006,4,8,0,6,4,6,5,5,4,8,0,6,4,5,6,4,4,2,5,7,4,5,5,5,6,2,2,1,2,4,3,4,2,3,1
"0000001450","SWE_2022","Sweden",1.0931,47,1,5,4,0,2,2,2,4,4,901,9,5,4,4,7,0,7,2,1,1,2,3,5,5,5,10,2,2,1,2,2,3,4,3,2,4,1,752002,0,1,1,1,1,752003,4,5,10,8,0,0,7,0,7,0,10,8,0,5,8,0,0,2,10,8,0,5,9,0,7,8,2,1,2,2,2,2,1,3,1
"0000001410","SWE_2022","Sweden",1.6791,29,0,5,4,0,5,2,1,2,1,752,0,25,1,2,0,0,7,3,1,2,2,2,5,2,2,7,2,2,3,1,2,2,3,2,2,4,1,752004,0,1,2,1,1,752001,4,9,0,2,10,8,2,8,4,10,0,0,9,9,2,5,3,3,10,10,0,4,8,3,9,0,2,1,2,3,3,3,3,4,1
"0000001762","SWE_2022","Sweden",1.0931,58,1,3,1,1,1,2,1,4,1,752,0,6,2,3,2,3,0,2,3,3,3,3,3,3,2,7,2,2,2,2,2,2,4,2,2,3,1,999999,999999,9,2,2,1,999999,3,7,5,5,7,0,0,0,0,7,5,99,7,0,0,99,0,2,5,8,0,8,8,1,7,99,2,0,3,3,2,2,2,2,1
"0000000475","SWE_2022","Sweden",1.073,37,1,7,1,1,2,2,1,4,1,752,0,17,1,2,1,1,7,2,1,3,5,5,5,5,5,6,2,2,2,2,3,4,4,2,2,3,1,752001,1,1,1,2,1,752001,5,9,0,3,5,7,1,3,5,10,0,1,4,10,0,5,5,1,10,9,0,3,8,2,6,2,2,1,9,3,3,2,3,3,0
"0000000650","SWE_2022","Sweden",1.0805,35,0,7,4,0,1,1,1,3,2,752,0,6,1,3,0,7,7,3,1,3,3,3,4,3,4,10,2,2,2,2,3,2,3,2,2,4,1,999999,999999,9,2,1,1,999999,4,5,5,5,2,0,5,0,5,6,5,5,2,0,5,0,5,4,5,5,3,4,5,4,5,3,2,0,9,2,1,4,3,3,8
"0000000733","SWE_2022","Sweden",1.1008,60,0,3,1,1,1,2,1,3,1,752,0,18,2,2,1,2,7,2,1,1,2,3,3,5,3,8,3,3,3,3,3,3,3,1,1,5,1,752001,1,1,2,3,1,752001,4,10,2,2,6,7,1,5,3,10,4,0,8,7,2,5,3,3,9,10,1,5,8,4,7,3,2,1,2,3,2,2,2,3,1
"0000002308","SWE_2022","Sweden",1.0469,69,0,3,1,0,7,9,2,2,1,752,0,3,1,2,7,7,7,2,1,1,4,2,5,2,4,7,2,3,3,2,3,3,3,2,2,3,1,752001,1,2,2,1,1,752001,5,10,2,0,8,2,0,1,1,10,2,0,8,2,0,1,1,5,10,10,0,7,10,3,8,3,2,1,1,3,2,3,2,3,1
"0000001606","SWE_2022","Sweden",1.6791,30,0,4,4,0,5,2,1,1,1,752,0,21,1,2,1,7,7,2,1,2,5,5,3,1,3,7,2,2,4,3,3,3,3,4,2,4,1,752002,0,1,2,2,1,752002,3,5,8,5,0,0,6,0,0,1,8,5,0,0,0,0,5,2,5,9,0,1,7,0,7,5,2,1,2,3,2,4,4,4,1
"0000001491","SWE_2022","Sweden",0.6234,73,0,6,1,0,7,1,2,3,2,752,0,20,1,1,7,7,7,2,1,2,3,2,4,3,5,7,2,3,3,4,3,3,3,3,2,2,1,752003,0,2,2,1,1,752003,5,5,8,10,0,1,7,0,5,6,8,9,1,0,7,0,5,3,9,9,0,3,8,0,6,8,2,1,2,3,3,2,3,3,1
"0000001427","SWE_2022","Sweden",1.2661,39,1,5,4,1,1,2,1,4,2,752,0,1,3,3,0,7,7,2,1,2,4,3,5,5,4,9,2,2,2,1,3,2,3,2,2,4,1,752001,1,1,2,2,1,752005,4,8,3,6,4,7,5,6,6,8,4,6,5,7,6,6,6,2,9,99,99,4,8,4,7,3,1,0,3,2,3,3,3,2,0
"0000002496","SWE_2022","Sweden",0.6191,71,1,6,2,0,7,2,1,2,3,752,0,5,2,2,2,7,0,3,1,2,3,3,5,5,5,8,2,2,2,2,2,2,4,2,2,2,1,752001,1,9,2,1,1,752001,5,10,0,5,3,5,0,5,5,10,0,4,4,5,0,5,5,2,10,8,1,5,7,5,6,2,2,1,2,2,2,2,2,2,0
"0000001880","SWE_2022","Sweden",0.7489,79,1,6,1,1,7,1,2,2,1,752,9,14,4,3,7,0,0,3,2,2,4,4,5,2,3,7,3,3,3,2,3,2,4,2,2,5,1,752008,0,2,2,2,1,752003,4,3,0,7,99,0,0,0,99,4,0,6,0,0,2,2,6,5,10,9,1,3,4,4,7,7,2,1,2,3,3,2,2,4,1
"0000000334","SWE_2022","Sweden",0.7658,56,1,7,1,1,5,2,2,3,1,901,9,1,3,1,7,4,0,2,1,1,1,2,5,3,1,10,1,1,1,1,1,1,2,1,2,2,1,752001,1,1,2,1,1,752001,5,10,0,6,8,9,2,9,6,10,2,7,9,10,0,7,8,4,10,7,0,5,9,4,8,5,1,1,2,2,1,2,1,4,1
"0000000265","SWE_2022","Sweden",0.9037,51,1,6,1,1,1,1,2,3,2,752,1,14,3,3,1,1,7,2,1,2,4,5,5,4,4,10,2,2,2,2,2,2,3,2,2,5,1,752001,1,1,2,1,1,752001,3,9,0,7,1,5,0,4,3,10,0,6,4,6,2,5,5,3,10,9,0,5,10,5,6,4,2,1,9,3,2,2,3,3,1
"0000001536","SWE_2022","Sweden",1.1984,41,0,4,1,1,1,4,2,5,2,752,0,14,1,2,1,7,7,2,1,1,5,3,5,2,4,7,2,2,2,1,2,2,3,4,2,5,1,752003,0,2,1,1,1,752003,4,2,8,9,0,4,8,0,7,6,7,8,0,3,8,0,8,3,9,8,0,4,8,1,7,8,2,0,1,3,2,2,2,1,1
"0000001593","SWE_2022","Sweden",0.9037,56,1,4,1,1,1,2,2,4,2,752,0,14,1,3,4,3,7,2,1,3,5,5,5,4,3,10,1,1,2,2,2,1,3,1,1,4,1,752001,1,1,1,1,1,752001,4,10,3,6,7,8,3,3,5,10,5,6,6,8,2,5,5,5,10,9,0,6,9,2,7,5,1,0,2,2,2,2,2,3,1
"0000002576","SWE_2022","Sweden",1.0396,71,1,3,1,9,7,2,2,2,1,752,0,21,2,2,1,0,0,3,1,2,2,3,2,3,3,8,3,3,2,2,3,4,4,3,2,4,1,752002,0,4,4,1,1,999999,9,2,5,2,1,0,0,0,1,3,3,2,0,0,0,0,1,99,99,99,99,99,99,99,99,99,2,0,2,1,3,2,2,4,1
"0000000521","SWE_2022","Sweden",0.7658,42,1,8,1,1,2,1,1,5,1,752,0,1,3,2,0,0,0,2,1,1,5,5,5,5,5,8,2,1,2,1,2,3,4,1,1,4,1,752001,1,1,2,1,1,752001,5,10,0,0,10,7,0,10,2,10,0,0,9,8,0,8,0,2,8,9,0,7,10,1,6,2,1,1,1,2,2,3,3,2,1
"0000002072","SWE_2022","Sweden",1.1008,64,0,3,1,1,9,2,2,3,1,752,0,12,2,2,7,7,7,1,1,1,5,2,5,5,5,9,1,2,2,2,3,2,4,4,1,4,1,752002,0,1,1,1,1,752002,4,7,10,9,0,0,4,0,4,10,10,9,0,0,0,0,7,6,7,9,0,4,4,0,6,7,2,1,2,2,2,3,3,3,0
"0000001454","SWE_2022","Sweden",1.0469,66,0,3,3,1,2,2,1,3,1,752,0,6,1,2,3,7,0,2,1,4,5,4,5,3,5,8,2,2,3,1,3,2,3,2,1,5,1,752002,0,2,1,1,1,752001,4,9,10,7,7,2,8,0,0,10,10,6,1,2,8,0,0,3,9,9,0,8,8,2,8,7,1,0,2,2,2,4,2,3,0
"0000001464","SWE_2022","Sweden",1.1092,87,0,2,3,0,7,2,2,1,2,752,0,12,1,3,2,0,0,1,2,2,2,3,3,2,2,5,2,3,3,2,3,2,9,3,3,4,0,999999,999999,9,2,3,0,999999,2,7,7,9,5,8,8,5,8,7,7,9,5,8,8,6,8,3,8,7,0,4,5,2,5,5,4,1,2,2,2,2,2,3,8
"0000001466","SWE_2022","Sweden",0.5283,72,0,7,1,0,2,4,2,5,1,752,0,4,1,1,7,99,99,1,1,1,5,5,5,5,5,10,1,1,1,1,1,1,4,1,1,4,1,752001,1,1,1,1,1,752005,5,10,0,3,2,8,1,8,5,10,0,6,1,8,1,7,5,4,10,8,1,5,10,3,5,99,1,1,1,2,9,3,3,3,1
"0000002754","SWE_2022","Sweden",0.7541,75,0,3,4,0,7,1,1,1,1,752,0,20,2,3,3,0,0,3,5,5,5,5,3,3,3,6,3,3,3,4,3,3,4,2,2,5,1,752002,0,1,9,1,1,752002,3,99,10,99,4,2,99,99,99,99,10,99,0,2,99,99,99,99,5,99,99,99,99,99,99,5,4,0,9,1,2,3,5,1,0
"0000001779","SWE_2022","Sweden",1.1092,80,0,99,3,0,7,2,2,1,9,752,0,3,1,3,0,0,0,2,1,3,3,5,5,5,3,5,2,2,3,2,3,2,4,2,2,3,0,999999,999999,9,2,1,99,999999,3,5,5,5,5,5,5,5,5,5,5,5,5,5,5,5,5,4,8,10,0,6,9,5,7,4,2,0,9,3,1,3,3,5,0
"0000002501","SWE_2022","Sweden",0.5283,90,0,8,1,0,7,9,2,5,1,752,9,1,3,1,7,0,0,1,1,2,5,2,5,5,5,10,1,2,2,2,2,2,3,2,2,4,1,752002,0,2,1,1,1,752003,5,4,9,9,2,1,9,0,0,5,10,8,9,4,9,0,2,1,10,9,0,5,10,0,6,8,1,1,2,2,3,1,2,3,0
"0000000215","SWE_2022","Sweden",1.0805,40,0,8,4,1,1,1,2,3,1,752,0,14,1,2,4,7,7,2,1,1,5,5,5,5,5,10,1,1,2,1,2,2,4,2,1,4,1,752004,0,1,2,1,1,752004,5,8,0,1,10,2,0,8,1,9,0,1,8,5,0,6,3,99,10,7,2,5,8,5,6,2,1,1,1,3,2,2,2,3,1
"0000001471","SWE_2022","Sweden",1.1984,64,0,6,1,1,1,4,2,2,3,752,0,19,1,2,1,0,0,1,1,3,5,4,5,5,5,8,3,2,2,2,3,2,4,3,2,5,1,752003,0,2,2,2,1,752005,4,3,1,8,2,8,7,2,7,8,7,7,3,7,7,2,9,4,4,8,1,6,9,2,7,7,2,0,3,3,4,2,3,3,1
"0000001477","SWE_2022","Sweden",0.6191,73,1,8,1,0,7,4,2,2,2,752,0,13,1,1,7,7,7,1,1,1,3,3,5,4,5,10,2,2,2,2,3,2,3,2,1,4,1,752008,0,4,2,1,1,752003,5,6,0,10,0,8,3,3,9,10,7,8,0,4,3,1,9,4,10,10,0,3,8,2,8,5,1,1,2,2,3,4,3,3,1
"0000000834","SWE_2022","Sweden",1.073,28,1,7,4,1,1,1,2,2,1,752,0,1,2,4,0,6,0,2,2,2,4,3,3,3,3,7,2,2,2,2,3,2,3,2,2,4,1,752008,0,4,4,4,1,999999,4,5,1,6,6,6,5,5,7,6,0,4,3,4,4,4,4,4,10,7,4,5,5,3,7,5,2,0,9,3,1,4,4,2,0
"0000002314","SWE_2022","Sweden",0.5372,78,1,7,1,1,7,1,1,2,1,752,0,1,3,1,7,3,7,1,1,2,5,5,5,5,3,8,1,9,2,2,3,2,3,2,2,4,1,752001,1,1,2,1,1,752001,4,9,0,2,7,5,1,7,5,10,0,1,6,7,0,7,5,5,10,9,3,8,10,4,8,5,2,0,3,3,3,4,3,2,0
"0000001481","SWE_2022","Sweden",0.7541,87,0,2,1,9,7,2,1,1,2,752,0,20,1,2,7,6,7,2,1,2,1,4,3,3,1,9,2,2,3,2,2,2,2,2,2,3,1,752003,0,2,2,1,1,752003,5,0,0,99,0,4,2,0,1,4,10,9,0,1,9,0,3,1,10,9,0,2,5,0,5,9,2,1,9,2,2,3,2,3,1
"0000001590","SWE_2022","Sweden",1.1984,43,0,4,4,1,1,1,2,2,1,752,1,14,2,2,1,7,7,2,1,5,2,4,5,2,2,8,2,2,3,2,3,2,3,2,2,5,1,752001,1,2,1,1,1,752003,5,9,7,8,2,2,2,1,3,9,8,8,4,8,3,1,7,2,9,9,0,5,10,1,6,7,2,0,3,2,2,4,3,3,1
"0000002569","SWE_2022","Sweden",0.5247,65,1,7,1,0,7,4,2,3,1,752,0,5,1,2,7,0,0,1,1,3,5,5,5,5,5,9,2,2,2,1,2,2,3,2,2,5,1,752003,0,1,1,1,1,752003,5,4,0,8,0,5,6,1,6,6,3,8,1,3,5,0,5,2,10,7,0,2,6,1,5,7,1,1,2,3,3,5,4,3,1
"0000001494","SWE_2022","Sweden",0.5247,72,1,8,1,0,7,1,1,2,4,752,0,8,1,2,7,7,1,2,1,4,5,1,5,2,4,10,1,1,1,1,2,2,3,2,2,3,1,752008,0,1,1,1,1,752005,5,4,7,8,2,3,7,0,8,4,8,7,6,3,7,0,8,0,7,10,0,3,10,1,10,9,2,0,3,2,1,4,3,2,1
"0000001497","SWE_2022","Sweden",0.91,56,0,4,1,0,1,4,2,3,1,752,0,3,1,1,99,2,0,1,1,9,9,9,5,5,5,10,1,1,1,1,2,1,3,1,1,3,1,752001,1,1,1,1,1,752005,5,10,0,5,5,10,0,7,5,10,0,5,7,10,1,6,5,5,10,10,0,6,10,5,7,5,1,0,2,2,1,3,3,3,1
"0000002219","SWE_2022","Sweden",0.9037,59,1,7,4,1,1,1,1,3,1,752,0,1,4,2,4,7,0,2,1,1,5,5,5,5,5,7,2,2,2,2,3,2,4,2,2,3,1,999999,999999,9,2,1,1,999999,5,7,1,2,1,4,1,0,5,9,3,1,0,4,2,1,4,4,9,9,0,7,8,0,7,99,2,0,3,2,2,5,3,3,1
"0000001287","SWE_2022","Sweden",1.1008,54,0,2,3,1,1,2,1,9,9,901,9,1,4,1,3,2,7,3,3,3,3,3,9,9,1,9,1,1,2,2,2,2,3,2,1,2,1,752001,1,1,1,1,1,752004,5,9,5,99,9,6,6,8,5,8,5,6,99,7,7,8,5,2,0,9,1,5,7,4,9,3,1,0,3,2,2,1,2,2,1
"0000001507","SWE_2022","Sweden",1.1984,48,0,5,4,1,1,2,2,2,1,752,0,14,2,2,4,7,7,2,1,3,4,3,5,3,4,10,1,1,2,1,2,1,3,1,1,4,1,752001,1,1,1,1,1,752001,5,10,0,5,8,5,1,5,5,10,0,5,8,5,0,5,5,3,10,7,0,8,10,5,8,2,2,1,1,3,3,1,1,2,1
"0000002628","SWE_2022","Sweden",0.7489,72,1,3,1,0,7,1,9,1,2,752,1,14,1,2,6,1,1,2,1,2,5,3,5,5,5,8,2,3,3,2,2,1,3,2,2,5,99,999999,999999,9,2,2,1,999999,5,5,5,5,5,5,5,5,5,5,5,5,5,5,5,5,5,99,99,99,99,99,99,99,99,99,2,0,9,3,2,2,2,3,0
"0000001512","SWE_2022","Sweden",1.5282,60,0,3,1,1,1,9,2,2,1,752,0,12,1,3,0,3,0,1,1,2,2,3,2,3,2,6,2,2,1,1,2,3,9,2,3,4,1,752001,1,2,2,1,1,752001,4,9,5,3,4,5,5,6,3,9,3,3,4,6,4,5,3,0,9,9,1,5,8,2,7,1,2,1,9,2,2,4,3,4,0
"0000001516","SWE_2022","Sweden",1.6791,36,0,4,1,1,5,2,2,3,1,752,0,5,1,2,2,7,7,1,1,2,5,5,5,5,3,8,2,2,2,1,2,2,3,3,2,5,1,999999,999999,9,2,1,1,752001,5,8,1,6,5,2,1,6,2,8,1,6,5,5,2,5,5,5,10,10,0,6,10,0,9,4,2,1,2,3,3,2,3,3,1
"0000001834","SWE_2022","Sweden",0.7541,73,0,2,3,0,7,2,2,1,2,752,0,21,1,3,99,99,99,3,1,3,2,2,1,9,9,2,3,3,4,2,4,2,4,3,2,2,0,999999,999999,9,4,1,1,752001,5,6,0,0,2,1,0,0,0,6,0,0,2,1,0,0,0,99,99,99,99,99,99,99,99,99,4,0,2,3,1,4,2,2,0
"0000000255","SWE_2022","Sweden",1.073,37,1,8,1,1,1,2,1,4,1,752,0,17,2,2,3,6,5,2,1,2,5,5,5,2,1,8,1,1,3,1,2,1,3,2,3,4,1,752001,1,1,1,1,1,752001,5,9,0,1,8,7,0,9,1,10,0,2,8,7,1,9,2,4,10,9,2,5,8,4,8,3,2,0,2,4,4,4,3,3,1
"0000002226","SWE_2022","Sweden",0.7541,76,0,3,2,0,7,4,2,1,1,752,0,20,1,2,7,7,7,2,3,3,2,3,4,4,4,7,2,3,4,1,3,3,4,3,2,4,1,752002,0,2,2,1,1,752002,3,5,8,6,5,0,5,1,3,7,8,7,6,1,5,0,5,5,9,9,2,3,5,1,5,8,2,1,2,3,3,3,3,3,0
"0000000366","SWE_2022","Sweden",1.6791,39,0,4,1,0,1,4,2,4,2,752,0,1,3,2,5,3,7,1,1,2,2,2,2,3,2,2,4,4,4,3,3,3,3,4,3,4,1,752002,0,1,1,3,1,752002,2,0,10,7,0,0,9,0,0,0,10,5,0,0,9,0,0,2,10,8,0,2,10,0,6,10,4,1,1,3,3,4,3,3,1
"0000001578","SWE_2022","Sweden",1.5282,50,0,3,4,0,2,4,2,1,1,752,0,12,1,2,7,0,0,1,2,2,2,2,5,5,5,5,3,4,4,4,3,4,4,4,3,5,1,752002,0,1,1,4,1,752002,5,0,10,8,0,0,8,0,3,4,10,7,4,0,8,0,4,5,10,9,0,0,9,0,5,10,4,1,1,2,1,3,3,2,0
"0000001011","SWE_2022","Sweden",1.7726,20,1,4,4,0,5,1,2,2,1,752,0,1,3,3,1,1,1,2,1,3,3,4,9,1,2,10,2,1,2,1,2,3,4,2,3,4,1,752003,0,1,1,1,99,999999,4,2,6,10,0,3,9,1,8,2,4,10,0,3,9,1,8,0,8,10,0,4,10,2,5,99,2,0,2,2,3,4,3,4,1
"0000001351","SWE_2022","Sweden",1.073,39,1,8,1,0,9,2,1,1,3,752,0,8,2,2,5,6,0,3,1,1,5,5,4,2,3,7,2,2,2,2,2,1,3,3,3,5,1,999999,999999,9,2,2,1,752005,4,5,0,6,1,9,5,1,5,3,0,6,0,8,3,1,4,4,10,7,0,5,9,1,6,5,2,0,2,3,3,3,3,3,1
"0000000365","SWE_2022","Sweden",1.2661,34,1,7,4,1,5,2,1,2,3,752,9,14,4,2,1,7,7,2,1,1,4,3,2,2,2,6,2,2,3,1,3,2,3,2,2,4,1,752001,1,1,4,3,1,752001,4,9,0,7,5,5,4,7,4,10,0,4,5,4,2,6,4,3,10,7,1,5,9,4,9,5,4,0,2,3,3,4,3,2,1
"0000002132","SWE_2022","Sweden",1.0396,70,1,2,3,0,7,1,1,1,6,901,9,14,3,3,1,99,99,2,1,1,2,1,5,2,1,1,3,3,3,1,3,3,3,2,1,4,1,752001,1,1,4,3,1,752001,5,10,0,2,6,6,0,0,0,10,0,0,10,10,0,5,0,7,10,10,1,4,6,1,5,5,4,1,1,4,4,3,3,3,1
"0000002183","SWE_2022","Sweden",0.5283,77,0,6,1,9,7,1,1,2,1,752,0,14,1,2,7,7,0,1,1,1,2,3,5,5,5,10,2,2,1,1,3,1,4,3,2,2,1,752002,0,2,1,1,1,752003,5,2,10,10,0,0,6,2,7,7,9,6,0,0,7,5,6,3,10,10,0,1,10,1,5,9,1,1,2,2,2,2,3,3,1
"0000001535","SWE_2022","Sweden",1.5282,57,0,2,1,0,1,2,2,4,1,900,1,14,1,3,7,7,0,2,1,2,2,3,5,5,5,10,2,2,3,3,3,3,4,2,1,3,0,999999,999999,9,4,1,0,999999,5,7,4,5,5,5,5,5,5,6,0,4,4,5,3,5,5,0,10,10,0,10,10,5,10,2,1,0,2,3,3,3,3,3,1
"0000002519","SWE_2022","Sweden",1.7726,19,1,4,4,0,6,2,2,1,1,752,0,17,3,1,7,1,7,1,1,3,5,5,5,2,4,9,2,2,1,3,9,2,2,2,1,3,1,752004,0,1,1,1,99,999999,5,8,0,1,10,6,1,9,5,9,0,3,9,9,4,10,3,4,8,9,0,5,10,2,6,0,1,1,1,4,3,2,2,3,1
"0000001540","SWE_2022","Sweden",1.1008,53,0,6,1,0,1,4,2,4,1,752,0,8,1,1,3,7,0,1,1,3,1,1,2,5,4,9,1,4,3,3,2,3,4,4,1,5,1,752002,0,1,1,1,1,752002,5,6,10,7,1,3,8,0,5,3,10,7,1,1,8,0,5,3,9,8,0,3,8,0,5,9,1,1,1,2,2,1,1,3,1
"0000001542","SWE_2022","Sweden",2.1412,27,0,4,4,1,1,2,2,4,1,752,0,1,2,2,0,2,7,1,1,3,3,3,2,2,2,10,2,4,3,2,2,2,3,4,2,5,1,752003,0,9,2,1,1,752003,5,5,9,10,0,2,8,0,7,2,10,10,0,3,9,0,8,4,9,7,0,2,8,1,6,8,2,1,2,2,2,3,2,3,1
"0000000317","SWE_2022","Sweden",0.7712,42,0,8,1,1,2,1,2,5,2,752,0,12,1,1,0,7,7,2,2,1,5,5,5,4,4,9,2,2,1,1,2,1,3,2,2,5,1,752007,0,2,1,1,1,752007,5,7,0,1,3,8,0,9,1,8,0,1,7,9,0,7,0,4,7,9,1,7,10,4,8,3,1,1,3,2,3,4,3,2,1
"0000001006","SWE_2022","Sweden",1.1901,55,1,4,4,0,2,1,2,5,2,752,0,5,1,3,6,3,7,2,1,2,2,3,4,4,4,10,1,1,2,2,2,2,3,2,2,3,1,752006,0,2,2,1,1,752005,9,1,6,9,0,9,10,0,6,7,7,9,1,9,9,2,7,2,8,10,0,8,10,0,5,8,1,1,3,2,2,4,3,3,0
"0000002833","SWE_2022","Sweden",0.7489,73,1,3,1,0,7,1,2,4,3,752,0,13,1,2,7,7,0,2,1,5,3,3,9,9,9,99,9,9,9,9,9,9,9,9,9,4,99,999999,999999,9,9,1,1,752006,2,3,6,7,0,0,10,0,5,7,7,5,2,0,9,0,5,4,10,9,0,3,9,0,7,8,5,1,2,2,3,3,3,2,1
"0000001547","SWE_2022","Sweden",1.6791,31,0,3,4,0,5,2,2,3,2,752,0,1,2,3,0,1,4,2,1,2,2,3,4,2,2,7,2,3,2,2,3,3,3,4,3,5,1,752003,0,2,2,2,1,752003,4,5,9,9,1,1,9,0,6,5,9,9,1,0,10,0,5,5,10,9,0,4,7,0,8,9,2,1,2,1,2,3,4,3,1
"0000001898","SWE_2022","Sweden",1.1092,77,0,2,3,0,7,9,2,1,3,752,0,12,1,2,1,1,1,3,3,3,3,3,2,2,2,3,3,3,3,3,3,3,3,2,2,2,1,752001,1,2,2,3,99,999999,1,7,7,7,7,7,7,7,7,9,7,6,8,7,6,8,7,3,4,5,4,6,6,3,5,99,5,0,2,2,1,2,2,2,0
"0000001671","SWE_2022","Sweden",0.91,60,0,5,3,1,1,2,2,2,1,752,0,14,2,3,3,7,0,2,1,5,4,3,5,5,4,8,2,3,2,2,3,2,4,2,1,5,1,752001,1,2,4,1,1,752001,5,10,0,2,8,7,2,8,4,10,0,2,7,8,0,6,5,3,10,9,1,6,9,3,8,3,2,1,2,4,2,3,2,3,1
"0000000665","SWE_2022","Sweden",0.7658,56,1,7,4,1,1,1,2,4,1,752,0,20,2,2,7,6,7,2,1,3,4,3,3,3,4,9,2,2,1,2,2,1,3,2,2,3,1,752003,0,1,1,1,1,752003,4,6,5,10,0,7,8,2,9,6,8,10,0,8,7,1,9,5,10,8,0,6,9,1,7,9,1,1,2,2,1,3,2,2,1
"0000000357","SWE_2022","Sweden",0.7712,41,0,8,1,1,5,1,1,4,2,752,0,1,3,2,7,7,7,2,1,1,5,5,5,5,1,8,3,3,2,2,3,2,4,2,2,5,1,752007,0,2,4,2,1,752001,4,99,0,2,2,6,0,7,2,9,0,1,3,8,1,2,3,99,10,8,0,7,99,99,8,4,2,0,9,2,4,4,4,3,1
"0000001552","SWE_2022","Sweden",1.5176,46,1,3,1,0,3,2,2,2,1,752,1,4,2,2,0,7,7,3,1,3,5,1,5,5,5,5,2,2,2,2,9,3,4,2,2,3,1,752001,1,1,2,2,1,752001,4,9,0,0,4,2,0,4,0,9,0,0,1,2,0,1,1,99,99,10,99,10,10,99,10,99,2,0,3,3,2,4,3,2,0
"0000001555","SWE_2022","Sweden",1.6791,31,0,5,4,1,5,2,2,1,1,752,0,17,1,3,0,99,99,2,1,2,5,3,3,3,2,7,3,3,3,2,3,3,4,3,2,2,99,999999,999999,9,2,1,1,752001,4,5,5,7,1,2,7,1,5,5,5,5,5,5,5,5,5,5,5,5,5,5,5,5,5,6,2,0,9,2,2,2,2,4,8
"0000001556","SWE_2022","Sweden",1.5282,50,0,3,1,1,1,1,2,4,1,752,1,4,1,9,0,0,0,3,1,1,5,3,9,9,1,0,4,4,2,3,4,4,4,4,4,5,1,999999,999999,9,2,3,1,999999,1,0,7,7,0,0,7,0,0,0,6,6,0,0,6,0,0,10,10,10,3,0,10,0,3,7,5,1,2,4,3,3,5,3,1
"0000001128","SWE_2022","Sweden",1.5423,39,0,4,4,1,5,2,2,1,1,901,9,6,3,1,2,7,7,1,1,1,5,2,5,5,1,6,2,2,2,1,2,1,2,1,2,2,1,752001,1,1,2,2,1,752004,5,10,0,0,10,7,0,5,2,99,99,99,99,99,99,99,99,0,10,8,0,4,9,3,9,0,2,1,1,4,2,2,2,3,1
"0000001311","SWE_2022","Sweden",1.1901,45,1,4,4,1,5,2,1,3,1,752,1,14,1,3,7,7,5,1,3,3,1,3,3,3,3,5,2,2,2,2,2,2,2,3,2,4,1,999999,999999,9,2,3,0,999999,3,5,5,5,5,5,5,5,5,5,5,5,5,5,5,5,5,0,10,10,0,0,10,0,10,5,2,0,9,2,2,5,3,3,1
"0000001300","SWE_2022","Sweden",0.7541,70,0,6,1,1,7,2,1,1,1,752,1,1,4,2,7,7,0,2,1,1,4,5,5,5,3,7,3,3,2,2,3,2,4,3,2,4,1,752008,0,1,4,1,1,752003,4,5,0,10,0,5,5,0,10,9,0,10,0,0,6,0,10,6,5,10,0,3,8,0,8,8,2,1,2,2,2,3,3,3,0
"0000002086","SWE_2022","Sweden",2.2763,18,0,99,4,9,99,9,9,9,9,901,1,12,9,4,99,99,99,9,9,9,9,9,9,9,9,99,9,9,9,9,9,9,9,9,9,9,99,999999,999999,9,9,9,99,999999,9,99,99,99,99,99,99,99,99,99,99,99,99,99,99,99,99,99,99,99,99,99,99,99,99,99,9,9,9,9,9,9,9,9,9
"0000001661","SWE_2022","Sweden",0.91,53,0,4,1,1,1,2,1,4,1,752,0,14,1,2,3,7,4,1,1,1,5,5,5,5,1,6,3,3,3,2,3,4,4,4,4,5,1,752004,0,1,4,2,1,999999,3,0,0,0,8,7,0,5,0,0,0,0,8,6,0,5,0,6,10,10,2,5,8,4,8,5,2,0,3,2,3,3,4,5,1
"0000000207","SWE_2022","Sweden",0.7712,60,0,6,3,1,1,1,2,5,1,752,0,13,2,2,7,7,0,1,2,2,5,5,5,5,5,10,2,2,1,1,3,2,4,2,1,5,1,752005,0,2,4,1,1,752003,5,4,0,2,3,7,2,3,2,8,9,4,4,8,1,4,7,5,8,9,1,7,10,2,7,7,1,0,2,2,3,3,3,4,1
"0000002423","SWE_2022","Sweden",1.7851,19,0,4,4,0,1,2,2,3,2,752,0,3,1,2,3,3,4,2,1,2,1,2,3,3,3,6,3,2,3,4,2,3,3,4,2,3,1,999999,999999,9,2,9,99,999999,5,0,10,8,0,0,8,0,3,2,10,8,0,0,7,0,0,2,9,7,0,0,8,0,5,9,2,0,2,3,3,3,3,4,1
"0000001573","SWE_2022","Sweden",0.7541,74,0,3,4,0,7,2,2,2,1,752,0,14,1,3,2,0,0,2,1,1,2,3,4,2,3,2,3,3,4,2,3,3,4,4,4,4,1,999999,999999,9,2,1,1,999999,3,1,9,9,2,2,6,2,5,1,9,9,1,1,9,1,6,0,10,10,0,3,8,0,4,9,2,0,3,3,3,2,3,3,9
"0000001575","SWE_2022","Sweden",1.6791,40,0,4,1,0,1,2,2,2,2,752,1,1,4,2,0,7,6,2,3,3,4,3,1,3,2,3,3,3,2,3,4,4,2,3,3,4,1,999992,0,4,5,3,1,999999,3,0,6,7,0,4,7,0,3,0,5,5,0,2,8,0,2,4,4,4,2,3,7,2,3,8,4,0,2,3,3,5,4,3,1
"0000001024","SWE_2022","Sweden",1.2661,32,1,5,4,1,1,1,1,1,2,752,0,14,2,2,5,0,0,3,2,1,3,2,5,5,5,2,4,4,4,2,4,3,3,4,2,5,1,752001,1,4,2,3,1,752004,1,4,0,0,4,0,0,0,0,10,0,0,10,0,10,0,0,0,5,10,0,10,10,0,10,0,5,1,3,4,4,1,5,5,1
"0000000166","SWE_2022","Sweden",1.073,26,1,8,4,1,1,1,2,5,1,752,0,1,4,3,0,0,7,2,1,1,4,5,5,4,4,9,2,2,2,1,3,1,3,1,1,4,1,752001,1,1,1,1,1,752001,5,10,0,3,1,10,0,4,1,10,0,1,1,10,0,5,0,3,10,9,0,4,10,5,8,4,2,0,2,3,2,4,4,3,1
"0000001587","SWE_2022","Sweden",1.5282,60,0,99,4,9,5,9,9,2,9,752,0,8,9,3,1,99,99,2,2,9,9,9,5,9,9,6,2,9,9,9,9,9,9,3,2,4,1,999999,999999,9,4,3,1,999999,4,6,5,6,5,5,6,5,5,6,6,6,6,5,6,5,4,5,5,5,5,5,5,5,5,99,2,0,9,2,2,2,9,9,0
"0000002215","SWE_2022","Sweden",0.7541,75,0,3,1,0,7,2,1,1,3,752,0,17,2,2,5,0,0,1,1,3,2,2,5,5,4,10,1,1,2,2,2,2,3,2,1,2,1,752001,1,1,2,1,1,752001,5,10,1,1,8,5,5,1,1,10,1,0,3,5,5,9,1,0,10,10,0,0,10,0,10,1,1,1,3,2,1,3,2,2,0
"0000001588","SWE_2022","Sweden",1.1984,61,0,3,1,1,1,2,2,3,2,752,0,12,1,3,3,99,0,3,1,4,5,3,4,2,2,8,3,3,2,2,9,2,4,3,2,3,1,752001,1,2,2,1,1,999999,3,8,8,2,2,4,7,0,2,7,8,1,2,3,6,0,2,5,7,9,1,5,5,1,7,5,2,0,9,3,2,3,3,3,1
"0000001595","SWE_2022","Sweden",1.1008,63,0,3,1,1,5,9,1,3,3,901,9,14,1,3,1,1,1,2,2,2,2,2,9,9,2,10,9,2,9,9,9,9,9,2,1,2,1,752002,0,4,4,1,99,999999,5,10,99,99,99,99,99,99,99,10,99,99,99,99,99,99,99,10,99,99,99,99,99,99,99,8,4,1,3,2,1,9,9,9,1
"0000002504","SWE_2022","Sweden",1.346,20,1,99,4,9,99,9,9,9,9,752,1,13,9,3,2,1,3,3,1,2,2,2,2,3,2,5,2,2,2,1,2,3,2,3,2,9,1,752001,1,2,2,9,99,999999,4,99,99,5,5,5,5,5,5,5,5,5,5,5,5,5,5,99,99,99,99,99,99,99,99,99,9,9,9,9,9,9,9,9,9
"0000001607","SWE_2022","Sweden",0.7541,65,0,3,3,1,1,2,2,2,1,752,0,20,1,3,0,0,1,3,3,3,3,3,3,3,3,2,3,3,4,3,3,4,4,4,4,4,1,752002,0,2,2,3,1,752002,2,2,10,7,2,0,7,0,2,0,10,8,2,0,8,0,2,0,10,10,0,0,10,0,99,10,4,1,2,4,4,3,4,3,1
"0000000383","SWE_2022","Sweden",0.7658,42,1,8,3,1,1,1,1,5,1,752,0,14,2,3,0,7,7,1,1,2,3,5,5,5,5,5,2,2,2,2,2,2,3,1,1,5,1,752001,1,1,2,4,1,752007,5,10,0,0,7,10,0,10,0,10,0,0,7,10,0,7,2,0,10,10,0,5,10,3,10,2,4,1,2,4,2,1,2,4,1
"0000001413","SWE_2022","Sweden",2.2604,18,1,3,4,0,6,9,9,9,1,752,1,3,4,3,1,0,7,4,3,3,2,9,9,3,3,9,2,2,9,2,2,2,2,2,9,3,99,999999,999999,9,9,1,99,999999,3,5,2,5,5,99,5,5,5,5,2,5,5,5,5,5,5,0,10,8,0,1,9,1,7,3,2,0,9,3,2,2,3,3,1
"0000001609","SWE_2022","Sweden",1.6791,34,0,4,1,0,99,2,2,1,1,752,0,6,2,3,4,99,99,2,2,3,2,3,3,3,2,9,2,2,2,2,3,3,3,2,2,5,1,752006,0,2,2,1,1,752006,3,8,7,8,4,5,9,1,9,9,7,4,3,3,9,2,8,4,10,10,1,5,8,0,6,7,2,0,2,3,2,4,3,3,1
"0000000047","SWE_2022","Sweden",1.1984,42,0,4,3,1,1,1,2,4,1,752,0,21,1,2,2,1,4,2,1,1,4,4,2,2,4,7,2,2,2,2,3,3,3,3,2,4,1,999999,999999,9,2,2,1,752001,4,7,2,9,6,4,2,0,2,6,0,8,6,4,1,1,1,3,10,8,1,4,6,4,6,7,2,0,9,2,2,5,3,3,1
"0000001222","SWE_2022","Sweden",1.7726,21,1,4,4,1,2,2,2,5,1,752,0,25,2,2,1,2,7,2,1,3,4,5,5,5,3,9,2,2,2,2,2,1,3,2,2,2,1,752007,0,2,1,2,99,999999,4,9,0,2,9,5,0,9,5,9,0,3,8,5,1,9,3,2,10,6,0,4,9,2,6,1,2,1,2,3,2,4,3,4,1
"0000000486","SWE_2022","Sweden",1.1984,46,0,4,1,1,5,1,1,4,3,752,0,25,1,2,4,4,3,1,1,1,5,5,5,5,5,9,2,2,2,2,3,2,3,1,1,3,1,752004,0,1,2,1,1,752004,5,9,0,0,10,2,0,2,0,10,0,0,10,2,0,2,0,0,10,10,0,6,10,3,10,0,1,1,2,3,2,3,2,3,1
"0000002743","SWE_2022","Sweden",0.7489,68,1,6,2,0,7,2,1,1,1,752,0,3,1,2,4,4,0,2,1,1,5,5,2,2,1,10,2,2,2,1,3,2,4,2,1,3,1,752005,0,1,2,1,1,752005,5,8,0,9,99,10,8,7,99,8,0,9,5,10,8,7,9,4,10,6,2,5,5,4,5,5,1,1,2,3,3,5,2,3,0
"0000000581","SWE_2022","Sweden",1.0805,28,0,8,4,0,1,1,2,5,1,752,0,1,3,3,0,2,7,2,1,3,2,3,2,2,5,8,2,2,1,1,3,2,3,2,2,4,1,752003,0,2,1,2,1,752003,5,5,1,6,1,6,6,1,6,8,4,6,5,5,6,3,5,4,5,6,2,5,5,3,6,7,4,0,9,3,4,4,3,2,0
"0000001735","SWE_2022","Sweden",1.0931,61,1,3,1,1,1,2,2,9,6,752,0,12,1,4,0,0,0,4,1,9,9,9,9,9,9,99,9,9,9,9,9,9,9,9,9,9,1,752006,0,9,9,3,1,752006,3,99,99,99,99,99,99,99,99,99,99,99,99,99,99,99,99,99,99,99,99,99,99,99,99,99,2,1,3,9,9,9,9,9,1
"0000002344","SWE_2022","Sweden",1.1487,25,0,8,4,1,1,2,2,2,1,752,0,12,2,2,0,2,0,3,1,3,5,5,4,2,2,8,1,1,1,1,2,2,4,2,2,4,1,752007,0,1,1,1,1,752007,3,8,0,3,9,4,1,10,5,6,0,4,5,2,1,5,5,3,10,7,0,6,9,1,6,1,1,0,3,3,2,4,3,3,1
"0000001621","SWE_2022","Sweden",1.6674,36,1,4,4,0,5,2,2,2,1,752,1,3,2,2,0,7,7,1,1,3,2,2,5,5,3,7,2,2,2,2,2,2,3,3,2,4,1,752003,0,2,4,1,1,752003,3,5,3,8,0,3,8,0,5,8,5,8,8,2,8,0,5,0,5,10,0,3,10,1,5,9,2,0,3,2,2,4,3,3,1
"0000002333","SWE_2022","Sweden",0.5247,68,1,8,3,0,7,2,1,1,1,752,0,17,2,2,2,0,0,3,1,1,5,1,2,2,2,3,3,3,2,2,3,2,4,4,4,5,1,752002,0,2,4,3,1,752006,2,1,9,9,0,0,10,0,5,7,10,8,0,0,10,0,6,5,9,10,0,3,10,0,5,9,4,1,2,4,4,4,3,3,1
"0000002378","SWE_2022","Sweden",0.7489,73,1,5,3,0,9,2,1,1,6,752,9,14,2,1,7,7,7,2,2,1,2,3,3,2,1,7,2,2,1,2,3,3,3,2,2,4,1,752001,1,1,2,2,1,752001,4,10,0,0,4,3,0,7,1,10,0,0,0,3,0,5,0,0,10,10,6,7,9,3,5,0,2,1,1,3,2,2,2,3,0
"0000001093","SWE_2022","Sweden",0.9037,44,1,5,1,1,2,1,2,3,3,752,0,12,2,3,3,7,7,2,1,2,3,3,4,5,2,9,2,2,2,2,2,2,3,2,2,5,1,752002,0,1,1,1,1,752002,3,2,10,9,2,1,9,1,7,4,9,8,1,1,9,1,8,2,10,8,0,1,9,1,8,10,2,1,1,1,2,4,2,2,1
"0000001624","SWE_2022","Sweden",1.1901,50,1,3,4,1,1,2,2,3,1,752,0,7,1,4,0,99,99,3,1,2,5,4,5,5,3,6,2,2,1,2,3,3,3,2,9,5,1,752007,0,2,2,2,1,752001,4,99,2,4,6,5,6,7,4,8,1,3,3,8,1,8,7,1,9,8,1,5,6,3,7,2,2,0,3,3,3,4,3,3,1
"0000002330","SWE_2022","Sweden",0.821,72,0,4,1,1,7,1,2,2,1,752,0,7,1,2,99,7,99,1,2,1,1,1,9,1,9,0,4,4,4,3,4,4,4,4,4,5,1,752002,0,1,1,5,1,752002,5,0,10,2,0,0,2,0,0,0,10,2,0,0,2,0,0,0,10,7,0,0,8,0,0,10,5,1,1,4,4,5,5,5,1
"0000000471","SWE_2022","Sweden",1.073,32,1,7,4,1,1,2,1,3,3,752,0,14,1,4,0,1,1,5,3,2,1,3,5,5,2,8,4,4,4,2,4,3,3,2,2,4,0,999999,999999,9,4,1,0,999999,1,5,5,5,5,5,5,5,5,5,5,5,5,5,5,5,5,5,5,5,5,5,5,5,5,5,2,0,9,3,2,5,4,4,1
"0000000362","SWE_2022","Sweden",0.5372,73,1,9,3,0,1,1,1,1,2,900,9,3,4,1,7,0,0,1,1,5,5,5,5,5,5,8,2,3,2,1,3,2,4,2,3,3,1,752005,0,2,4,1,1,752008,3,4,0,4,7,8,0,0,5,3,0,5,7,10,0,0,10,3,10,7,0,5,10,3,5,4,2,0,2,2,3,4,4,3,0
"0000002685","SWE_2022","Sweden",0.7541,73,0,3,1,0,7,1,2,3,1,752,0,4,2,2,7,7,7,3,1,2,2,2,2,2,2,8,2,3,2,2,3,3,3,3,2,4,1,752008,0,2,4,1,1,752003,4,5,6,7,5,4,7,2,8,6,6,7,5,3,7,4,8,5,10,9,2,5,8,3,6,7,2,1,2,3,3,3,2,3,0
"0000001795","SWE_2022","Sweden",0.5283,75,0,6,2,0,7,1,2,2,1,752,0,12,2,1,7,7,0,1,1,2,2,2,5,5,5,9,2,2,3,3,2,2,4,3,3,4,1,752002,0,1,1,1,1,752002,4,1,10,9,0,1,9,0,2,6,10,9,0,0,9,0,7,6,9,9,0,3,10,0,6,9,2,1,1,2,2,4,2,3,1
"0000001314","SWE_2022","Sweden",0.7658,58,1,99,4,9,99,9,9,9,9,752,0,14,9,2,99,99,99,2,1,1,9,9,9,9,9,99,9,9,9,9,9,9,9,9,9,9,99,999999,999999,9,9,9,99,999999,9,99,99,99,99,99,99,99,99,99,99,99,99,99,99,99,99,99,99,99,99,99,99,99,99,99,9,9,9,9,9,9,9,9,9
"0000001644","SWE_2022","Sweden",1.1008,64,0,2,1,0,7,2,2,3,2,752,0,3,1,2,5,4,7,2,1,1,2,1,3,1,1,5,3,4,4,3,3,3,3,4,3,5,1,752002,0,2,2,3,1,752002,4,0,10,9,2,0,8,0,3,1,10,9,5,0,9,0,7,1,8,8,0,4,8,0,6,8,2,1,1,2,2,4,3,3,1
"0000001652","SWE_2022","Sweden",1.1984,51,0,3,1,1,1,2,2,4,1,752,0,21,2,2,7,2,0,2,2,4,5,3,5,5,5,8,2,2,3,2,2,2,3,2,2,5,1,752001,1,2,2,1,1,752001,4,8,2,6,5,5,6,3,6,5,7,5,5,5,6,3,7,3,8,7,1,4,7,3,6,4,2,0,9,2,2,3,2,3,1
"0000001656","SWE_2022","Sweden",1.5423,33,0,3,4,0,5,2,2,2,2,901,9,14,3,2,99,4,3,2,2,1,2,2,1,2,1,6,2,2,2,2,4,3,3,3,4,5,1,999999,999999,9,4,9,99,999999,2,99,99,99,99,99,99,99,99,99,99,99,99,99,99,99,99,99,99,99,99,99,99,99,99,99,2,1,2,2,2,3,4,3,1
"0000001665","SWE_2022","Sweden",1.7726,19,1,4,4,1,1,2,1,5,1,752,0,25,2,1,3,5,7,1,1,2,1,4,5,2,4,9,2,2,3,1,2,2,3,2,2,4,1,752004,0,1,1,1,0,999999,5,9,0,0,10,7,1,8,2,9,0,0,10,8,0,8,1,3,10,10,0,5,9,2,8,0,2,1,2,3,2,2,3,3,1
"0000001220","SWE_2022","Sweden",1.7726,19,1,4,4,0,2,2,2,5,1,752,0,1,3,3,2,2,7,2,1,2,4,5,5,4,3,8,2,2,2,2,3,2,3,3,3,4,1,752005,0,2,2,1,99,999999,4,5,0,7,1,9,3,5,8,6,1,9,2,10,4,4,8,3,9,7,1,6,7,4,6,6,2,0,3,2,1,3,3,3,1
"0000002805","SWE_2022","Sweden",0.7489,81,1,3,2,0,7,1,1,1,9,752,0,14,1,2,3,0,0,2,1,1,1,9,5,1,3,10,1,1,1,1,2,1,3,2,2,3,1,999999,999999,9,9,1,1,999999,3,5,5,5,5,5,5,5,5,5,5,5,5,5,5,5,5,99,99,99,99,99,99,99,99,5,2,1,1,2,2,2,2,3,0
"0000001369","SWE_2022","Sweden",1.0931,63,1,5,4,1,2,2,2,2,2,752,0,4,2,3,3,7,7,2,1,3,5,5,5,3,3,6,3,3,3,2,3,3,4,2,2,4,1,752001,1,2,2,1,1,752001,4,6,0,5,5,5,3,5,5,7,0,0,3,6,0,5,5,7,10,10,2,7,9,6,7,4,2,0,3,3,3,2,3,4,1
"0000002010","SWE_2022","Sweden",0.6191,70,1,7,1,0,7,1,1,3,2,752,0,14,2,2,7,7,0,1,1,4,2,5,5,5,5,9,2,2,2,2,2,2,4,2,2,4,1,752001,1,2,2,2,1,752004,4,9,4,7,9,6,4,6,3,9,3,7,9,5,3,6,4,2,10,8,0,4,7,3,5,99,2,0,2,3,3,3,3,3,8
"0000001672","SWE_2022","Sweden",1.1984,43,0,4,1,1,5,9,9,1,4,752,1,12,2,2,4,2,7,4,3,3,1,3,3,3,3,5,3,3,3,3,3,3,3,4,4,5,1,999992,0,1,4,4,0,999999,2,5,0,0,0,0,0,0,0,5,0,0,0,0,0,0,0,0,10,10,0,5,10,10,10,0,5,1,1,9,3,5,4,3,1
"0000001676","SWE_2022","Sweden",1.5282,44,0,4,4,1,5,2,2,2,1,752,0,5,2,2,5,5,5,1,1,2,2,2,5,5,5,8,2,2,2,2,2,2,2,3,2,2,1,752002,0,1,1,1,1,752002,3,6,10,10,0,2,6,0,2,5,10,10,0,2,8,0,7,3,7,10,0,2,9,0,5,7,2,1,1,1,1,2,2,2,1
"0000002370","SWE_2022","Sweden",1.7851,20,0,4,4,1,5,2,2,5,1,752,0,17,1,2,4,1,5,2,1,3,1,1,2,3,4,5,2,3,3,3,3,4,3,4,4,5,1,752003,0,2,1,2,99,999999,5,2,10,8,1,5,7,0,3,4,10,10,1,3,9,0,1,2,9,7,0,4,8,0,4,8,4,0,1,2,2,3,3,3,1
"0000001678","SWE_2022","Sweden",1.6674,34,1,4,1,1,1,2,2,3,1,752,0,10,2,3,0,0,2,3,3,2,2,3,3,3,3,7,3,3,3,2,3,2,2,4,3,4,1,752002,0,2,2,1,1,752002,4,5,5,5,5,5,5,5,5,5,7,5,5,5,5,5,5,3,10,6,0,3,6,3,5,8,4,1,2,3,2,4,4,3,1
"0000001687","SWE_2022","Sweden",1.1984,42,0,4,1,1,5,1,1,4,1,752,0,8,1,3,5,7,6,2,5,3,2,3,4,2,2,6,2,2,2,2,2,3,3,4,3,4,1,752002,0,2,4,2,1,752002,3,3,9,4,2,5,7,0,2,3,9,1,0,0,9,2,2,99,99,99,99,99,99,99,99,99,4,1,2,2,2,4,3,3,0
"0000002653","SWE_2022","Sweden",0.7489,71,1,5,1,0,7,2,1,1,1,752,0,21,1,2,99,7,6,3,1,2,1,3,5,4,1,7,2,2,2,1,3,3,3,4,2,3,1,752002,0,1,2,9,1,752002,3,6,9,5,8,8,7,5,5,9,9,8,6,8,99,0,6,99,99,99,99,99,99,99,99,99,9,9,9,3,3,9,9,9,9
"0000001694","SWE_2022","Sweden",0.91,50,0,7,3,0,10,9,2,2,2,752,0,17,2,2,7,7,7,2,1,2,2,3,5,5,5,8,2,2,2,2,2,2,2,2,2,2,1,999999,999999,9,2,1,1,999999,4,99,99,99,99,99,99,99,99,8,9,10,2,2,9,0,8,0,10,10,0,0,10,0,10,8,1,0,9,3,2,2,2,2,1
"0000002095","SWE_2022","Sweden",0.5247,73,1,8,1,0,7,1,1,1,1,752,0,17,2,3,7,0,4,2,1,2,3,5,5,5,4,7,1,2,3,2,2,2,4,2,2,3,1,752001,1,1,2,1,1,752008,4,9,0,5,5,8,5,8,8,9,3,5,5,9,5,7,7,4,10,10,2,4,8,3,6,5,2,1,2,2,3,2,2,3,1
"0000001699","SWE_2022","Sweden",1.1984,46,0,4,1,1,1,2,2,4,1,752,0,22,1,3,1,0,6,2,2,2,4,3,5,4,4,9,2,2,2,2,2,2,4,2,1,4,1,752001,1,2,1,1,1,752001,5,99,99,99,99,99,99,99,99,8,8,3,5,8,8,5,5,2,10,10,0,7,7,4,7,5,1,0,9,2,2,3,3,3,1
"0000002822","SWE_2022","Sweden",0.6234,71,0,5,3,1,7,1,2,3,1,752,9,20,1,1,5,3,5,2,1,3,5,3,5,5,4,10,1,1,2,2,3,2,3,2,2,4,1,752007,0,2,2,1,1,752004,5,7,0,3,9,6,0,8,2,8,0,1,8,8,0,9,1,3,10,9,1,7,9,2,8,2,1,1,2,3,3,4,1,3,0
"0000001703","SWE_2022","Sweden",1.5176,50,1,3,4,0,1,4,2,2,1,752,0,1,3,2,3,7,0,2,1,1,4,5,5,5,4,8,2,2,2,2,2,2,4,2,2,4,1,752001,1,1,1,1,1,752001,5,10,0,1,99,7,0,7,99,8,2,1,8,8,1,5,5,4,10,10,0,5,10,5,6,99,1,1,2,4,2,2,3,3,8
"0000002489","SWE_2022","Sweden",1.0469,69,0,7,1,0,7,9,9,3,1,752,0,12,1,1,7,7,0,1,1,3,4,2,5,5,3,8,2,3,3,2,2,2,4,4,3,5,1,752002,0,2,2,1,1,752003,4,0,9,9,0,2,8,0,2,1,9,9,1,0,9,0,5,3,10,10,0,3,10,0,4,9,2,1,2,2,2,3,3,3,1
"0000000012","SWE_2022","Sweden",1.1008,60,0,4,1,0,1,4,2,4,1,752,0,21,2,1,7,7,7,2,1,1,5,5,5,5,5,10,1,9,1,9,2,2,3,3,1,4,1,752003,0,2,1,1,1,752003,5,3,5,10,0,5,10,0,8,7,10,10,3,3,10,0,10,3,8,10,0,8,10,0,8,10,1,9,1,1,1,9,9,9,9
"0000000800","SWE_2022","Sweden",0.9037,63,1,7,1,1,2,9,1,4,1,752,0,14,1,2,7,0,7,1,1,3,4,4,5,5,5,10,2,2,2,2,2,2,3,2,2,4,1,752003,0,1,1,1,1,752003,4,3,7,9,2,5,8,1,5,5,10,8,6,1,7,0,5,4,7,8,1,4,8,0,5,8,1,1,2,1,1,3,3,3,0
"0000002281","SWE_2022","Sweden",0.821,81,0,2,1,0,7,1,2,2,1,752,0,4,2,3,7,7,7,2,1,3,3,3,4,4,2,8,2,2,2,2,2,2,3,2,2,3,1,752002,0,2,2,2,1,752003,4,7,9,9,4,6,6,5,5,7,9,8,5,6,7,5,6,5,8,7,2,4,5,2,5,7,2,0,9,2,2,2,3,2,1
"0000000385","SWE_2022","Sweden",1.073,37,1,8,4,0,1,1,1,4,1,752,0,5,1,2,1,3,7,2,1,4,4,4,4,2,2,7,3,3,3,2,3,3,3,2,2,4,1,999999,999999,9,2,1,1,752003,4,7,2,8,6,7,7,5,7,7,5,8,6,6,7,5,6,5,10,8,2,5,8,3,7,7,2,1,2,3,3,3,3,3,1
"0000001722","SWE_2022","Sweden",1.1901,47,1,4,3,1,1,2,2,3,1,752,0,14,1,3,99,4,4,2,1,1,3,3,5,5,3,8,3,2,3,3,3,2,2,4,3,5,1,752006,0,1,1,1,1,752003,5,0,10,10,2,5,10,1,2,5,9,9,5,5,10,5,5,1,10,10,4,5,10,2,5,10,2,1,2,3,3,4,9,4,1
"0000001726","SWE_2022","Sweden",0.9037,62,1,6,4,1,2,9,4,3,2,752,0,14,2,3,1,0,5,2,1,3,4,5,5,5,2,9,1,1,1,2,3,2,3,2,1,4,1,752001,1,2,2,2,1,752001,4,10,0,5,6,5,1,8,5,10,0,1,5,6,2,5,5,3,10,9,1,5,8,5,5,99,1,1,1,2,3,2,2,3,1
"0000001861","SWE_2022","Sweden",0.6234,68,0,8,4,0,7,1,1,1,1,752,0,21,1,2,0,7,5,1,1,5,5,5,5,5,5,9,1,1,1,1,2,1,3,2,1,2,1,752001,1,1,1,1,1,752004,5,99,99,99,99,99,99,99,99,10,5,6,9,8,2,0,5,2,10,8,1,4,7,5,6,0,1,1,2,2,3,2,3,3,0
"0000001732","SWE_2022","Sweden",1.1901,55,1,5,1,1,2,2,1,4,1,752,0,23,1,2,6,6,7,1,1,2,4,3,5,5,5,8,1,2,1,2,3,3,3,4,3,5,1,752002,0,1,1,2,1,752002,4,2,9,9,0,0,9,0,5,3,10,9,1,0,8,0,7,3,7,9,0,7,9,0,5,7,2,0,2,3,4,3,3,4,1
"0000001736","SWE_2022","Sweden",1.0931,60,1,3,1,1,1,2,1,3,2,752,0,23,1,2,5,5,0,2,1,3,3,1,5,5,5,10,1,2,2,2,3,2,4,2,2,4,1,752001,1,2,2,1,1,752001,4,10,0,0,5,4,0,6,4,10,0,0,6,5,0,6,4,4,10,10,0,6,10,4,8,4,1,1,2,2,3,2,2,3,1
"0000001737","SWE_2022","Sweden",1.3555,24,0,6,4,0,6,2,2,1,1,752,0,1,3,2,2,0,7,3,1,2,5,5,5,3,4,9,2,2,2,1,2,2,3,2,2,4,1,752004,0,2,2,2,1,752004,3,9,0,1,9,3,2,8,5,5,5,5,5,5,5,5,5,1,10,8,0,6,8,2,5,99,2,0,2,3,2,3,3,3,1
"0000000306","SWE_2022","Sweden",0.7658,42,1,8,4,0,2,9,1,3,2,752,0,5,1,2,3,1,7,1,1,1,5,3,4,4,4,9,2,2,2,2,2,2,4,2,2,5,1,752008,0,2,4,2,1,752003,3,6,2,6,3,8,4,4,8,6,4,4,4,4,3,4,99,3,8,8,1,7,8,2,6,5,2,0,2,2,2,4,4,2,1
"0000001632","SWE_2022","Sweden",0.91,58,0,6,3,1,1,2,2,2,1,752,0,7,1,1,0,7,0,1,2,2,4,2,4,2,3,3,4,4,3,3,4,3,3,4,3,5,1,752002,0,2,4,2,1,752002,2,0,3,2,0,0,2,0,2,0,2,0,0,0,1,0,3,1,8,6,0,2,6,0,5,5,4,0,3,4,4,5,4,4,1
"0000001745","SWE_2022","Sweden",1.073,38,1,7,4,1,1,1,1,4,1,752,1,12,1,2,0,99,7,1,1,1,5,5,5,2,2,10,2,2,2,1,3,3,3,2,1,4,1,752007,0,1,2,1,1,752007,4,5,0,5,9,7,3,10,4,99,99,99,99,99,99,99,99,6,10,8,1,6,8,3,8,3,2,1,1,3,3,3,3,3,8
"0000001158","SWE_2022","Sweden",1.1014,76,1,3,1,0,7,4,2,2,6,752,0,7,2,2,7,99,7,2,1,9,9,9,1,9,9,10,2,1,3,2,3,2,3,2,2,4,1,752003,0,2,2,1,1,752003,5,10,0,10,0,7,99,99,7,10,0,9,0,7,7,7,7,5,0,10,0,5,5,0,10,8,2,0,3,2,3,3,3,3,1
"0000002106","SWE_2022","Sweden",1.1014,74,1,3,2,0,7,9,9,1,1,752,0,12,1,3,2,3,7,3,1,3,2,3,3,3,3,6,3,3,3,2,4,3,3,2,3,4,1,752001,1,9,2,2,1,752001,3,10,9,1,1,0,5,8,5,8,10,0,2,1,7,5,0,9,8,5,3,1,1,1,1,1,4,0,2,3,3,2,3,4,0
"0000001501","SWE_2022","Sweden",1.1984,50,0,4,4,1,1,2,2,2,1,752,0,23,1,1,7,7,7,1,1,1,1,3,2,2,2,8,2,2,1,3,4,4,4,4,2,5,1,752002,0,2,2,1,1,752002,3,0,6,5,0,0,5,0,0,0,8,5,0,0,5,0,0,4,9,7,0,3,7,4,5,10,2,1,2,2,2,3,3,3,1
"0000001579","SWE_2022","Sweden",1.6791,38,0,4,1,0,5,2,2,5,1,752,0,12,1,2,7,7,0,2,1,3,3,4,5,5,5,9,1,1,1,1,1,1,3,2,3,3,1,752003,0,2,2,2,1,752003,5,5,5,9,5,5,5,5,5,5,5,5,5,5,5,5,5,5,6,9,1,7,9,1,7,9,2,0,3,2,3,3,3,3,1
"0000001749","SWE_2022","Sweden",1.7726,20,1,4,4,1,1,2,2,1,1,752,0,5,1,1,5,6,7,1,1,2,2,1,5,5,1,6,2,2,4,4,2,4,3,2,3,5,1,752002,0,2,4,2,99,999999,4,2,9,6,4,0,8,0,7,2,9,4,5,0,8,0,7,2,5,8,0,4,9,1,6,5,4,1,2,2,4,4,3,5,0
"0000001569","SWE_2022","Sweden",1.1008,53,0,3,4,1,1,2,2,4,1,752,0,6,2,2,4,1,7,2,2,2,1,1,1,2,2,6,3,3,2,2,3,2,2,3,3,5,1,752002,0,1,1,3,1,752002,4,99,99,99,99,99,99,99,99,1,10,8,2,4,9,0,7,1,9,8,1,2,9,0,7,8,4,0,2,2,3,2,3,4,1
"0000001755","SWE_2022","Sweden",2.2604,18,1,4,4,0,6,9,9,1,1,900,1,23,1,3,2,1,7,4,1,1,4,5,5,2,3,8,2,3,2,1,3,1,3,2,2,4,1,752007,0,1,1,2,0,999999,4,99,99,99,99,99,99,99,99,5,5,5,5,5,5,5,5,3,99,8,1,4,9,2,6,2,2,0,2,3,2,3,3,5,1
"0000001828","SWE_2022","Sweden",0.7658,50,1,7,4,1,5,2,2,2,1,752,1,18,2,3,1,3,6,2,1,3,3,4,5,4,4,9,2,2,3,2,3,2,3,2,2,4,1,752004,0,2,2,2,1,752004,4,9,0,0,9,4,0,7,2,10,0,0,8,6,0,6,1,2,9,10,0,7,10,1,8,1,1,1,2,3,4,3,3,3,1
"0000001649","SWE_2022","Sweden",1.7726,24,1,4,4,0,5,2,2,3,1,752,0,23,1,3,0,2,7,2,1,1,4,3,5,5,2,7,2,2,2,2,2,2,2,3,3,5,1,752003,0,2,2,3,1,999992,3,2,6,9,0,5,3,0,5,1,4,9,2,5,0,5,5,0,8,10,0,5,8,5,6,7,2,0,3,3,2,4,3,5,1
"0000001760","SWE_2022","Sweden",1.3555,23,0,7,4,1,5,1,9,2,1,752,1,6,4,2,2,2,4,2,1,3,1,3,5,3,5,9,2,1,2,2,2,2,4,3,2,4,1,752003,0,1,1,2,1,752003,4,7,8,10,1,9,9,7,9,6,8,10,6,9,10,2,8,1,10,9,0,5,8,3,8,8,2,0,2,1,1,1,1,4,1
"0000002765","SWE_2022","Sweden",0.7541,72,0,3,4,9,7,2,2,2,2,752,0,19,1,3,4,0,0,3,1,3,3,2,4,9,9,8,2,2,3,9,2,3,3,2,2,4,1,752003,0,2,2,2,1,752003,4,6,5,9,2,3,4,2,7,6,5,99,2,99,4,99,4,5,4,9,3,3,3,2,7,7,2,0,2,3,1,2,2,3,0
"0000002157","SWE_2022","Sweden",1.1901,58,1,4,1,0,9,2,1,3,1,901,9,3,2,2,5,99,1,1,1,5,5,3,5,5,1,8,2,2,2,9,3,3,4,3,2,5,1,752003,0,1,2,1,1,752003,4,4,6,10,1,4,4,1,6,2,4,10,1,4,4,2,6,2,10,10,0,6,8,0,7,7,1,1,2,1,2,3,2,3,1
"0000000791","SWE_2022","Sweden",1.1008,61,0,3,1,0,6,9,9,3,1,752,0,7,1,2,1,99,99,2,1,1,2,5,5,5,5,7,2,2,2,2,3,2,4,3,2,4,1,752003,0,4,4,2,1,752006,5,99,99,99,99,99,99,99,99,99,99,99,99,99,99,99,99,99,99,99,99,99,99,99,99,99,2,0,9,9,3,3,3,3,1
"0000001772","SWE_2022","Sweden",1.7726,22,1,5,4,9,99,9,9,9,1,752,1,24,9,2,7,4,5,2,1,4,5,3,5,2,5,8,1,1,1,2,3,3,4,3,2,9,1,752002,0,2,2,2,99,999999,9,99,99,99,99,99,99,99,99,99,99,99,99,99,99,99,99,2,8,8,0,3,9,1,5,7,2,0,9,2,9,2,3,3,0
"0000000661","SWE_2022","Sweden",0.9037,50,1,5,4,1,1,1,1,3,2,752,0,4,2,3,0,7,2,2,1,2,2,2,4,2,2,8,2,2,2,1,2,2,3,1,1,4,1,752003,0,1,1,2,1,752003,4,7,8,10,4,6,7,6,7,9,9,10,5,8,9,5,8,2,10,10,0,3,8,2,8,9,2,1,2,3,2,2,1,3,1
"0000002837","SWE_2022","Sweden",1.1901,64,1,4,1,0,7,1,1,1,9,752,0,22,2,3,5,7,0,1,1,2,5,4,5,3,5,8,2,2,2,2,2,2,9,2,2,5,1,752001,1,9,1,1,1,752001,4,10,0,1,9,8,2,8,3,10,0,1,9,8,0,10,3,1,10,9,0,7,8,5,7,99,2,1,2,3,2,1,1,2,0
"0000001783","SWE_2022","Sweden",0.7541,79,0,6,2,0,7,1,2,2,1,752,0,12,2,4,3,4,7,4,1,1,5,5,2,1,5,6,1,3,4,1,4,2,4,2,1,5,0,999999,999999,9,5,1,1,999999,3,5,0,9,0,5,7,1,7,9,3,7,0,0,5,0,7,3,10,10,0,7,7,4,5,99,2,0,2,2,3,2,1,3,1
"0000002723","SWE_2022","Sweden",1.6791,31,0,99,4,0,5,2,1,2,9,900,1,13,2,2,6,6,6,2,1,1,5,3,9,9,1,6,2,2,3,2,2,3,3,3,3,5,1,752001,1,2,2,5,1,752001,3,10,0,5,4,0,0,0,4,0,0,0,0,0,0,0,0,0,10,10,0,0,10,0,10,0,2,0,3,3,3,3,3,3,1
"0000001784","SWE_2022","Sweden",0.8153,80,1,4,1,0,7,1,2,4,2,752,0,5,2,2,7,7,0,2,1,1,4,3,2,2,1,8,2,2,1,2,2,2,4,3,2,4,1,752003,0,2,2,1,1,752006,4,4,5,9,0,4,8,0,8,7,5,10,0,4,7,0,6,4,10,9,0,4,8,2,7,8,2,1,2,2,2,2,2,3,1
"0000001786","SWE_2022","Sweden",0.7489,74,1,3,1,0,7,2,2,1,2,900,9,12,3,3,4,4,5,2,3,1,1,2,2,2,1,9,1,1,1,2,2,2,3,2,2,3,1,752001,1,2,2,1,1,752001,5,10,99,99,99,99,99,99,99,99,99,99,99,10,99,99,99,5,99,99,99,99,99,99,99,5,2,1,3,2,1,2,2,3,0
"0000000326","SWE_2022","Sweden",0.7712,63,0,8,3,1,1,4,2,4,2,752,0,12,2,1,6,7,6,1,1,1,5,5,5,5,5,10,1,1,1,1,2,2,3,1,2,2,1,752007,0,2,2,1,1,752007,5,9,0,1,4,7,1,9,2,10,0,2,3,8,0,8,2,3,10,8,0,6,9,3,7,3,1,1,3,2,2,4,4,2,1
"0000000796","SWE_2022","Sweden",0.7712,58,0,7,3,1,1,2,1,2,1,752,1,1,2,2,2,5,7,2,1,3,5,2,4,4,4,10,2,3,2,3,3,3,4,3,4,5,99,999999,999999,9,1,2,1,999999,5,5,5,5,5,0,5,0,5,5,5,5,5,0,5,0,5,99,8,99,0,3,8,2,5,5,2,0,9,3,2,9,9,9,9
"0000001104","SWE_2022","Sweden",1.1008,63,0,3,4,0,1,2,2,3,1,752,0,14,4,2,4,4,4,1,1,1,1,2,3,3,2,8,3,3,2,2,3,4,3,4,2,4,1,752002,0,1,2,1,1,752002,4,1,10,9,2,0,5,0,2,1,10,7,5,0,8,0,5,1,10,10,0,2,7,0,4,8,2,1,2,3,3,4,3,4,1
"0000001798","SWE_2022","Sweden",2.2763,19,0,4,4,0,1,9,9,1,9,752,1,14,1,2,99,4,4,2,3,1,1,9,5,5,1,9,3,3,3,3,4,4,4,4,4,2,1,999999,999999,9,4,3,99,999999,3,2,4,5,0,3,5,0,5,0,5,5,0,5,5,5,5,2,9,8,1,4,7,4,5,5,2,0,9,9,9,3,9,3,0
"0000001801","SWE_2022","Sweden",0.821,76,0,4,1,0,7,1,2,3,1,752,1,12,1,2,5,7,7,2,1,1,4,5,5,4,3,9,2,3,2,2,3,1,3,2,3,5,1,752003,0,2,2,1,1,752003,3,3,1,8,1,2,5,1,3,8,7,7,1,1,5,1,5,6,9,8,0,5,9,0,6,8,2,0,3,2,2,2,2,3,0
"0000001802","SWE_2022","Sweden",0.7489,73,1,3,1,0,7,9,9,1,4,901,9,20,2,4,1,0,0,9,9,9,9,9,9,9,9,9,9,9,9,9,9,9,9,2,1,9,1,752001,1,2,2,9,1,752001,9,10,2,4,6,6,3,6,5,10,99,99,99,99,99,99,99,99,99,99,99,99,99,99,99,99,2,0,9,9,9,9,9,9,8
"0000000529","SWE_2022","Sweden",1.0931,59,1,3,1,1,2,1,1,3,1,752,0,20,2,2,2,7,0,2,1,2,3,4,3,3,4,8,2,2,2,1,2,2,4,2,3,4,1,752005,0,2,2,2,1,752003,4,7,0,8,0,10,99,2,5,9,0,9,0,9,2,3,7,5,2,9,0,8,6,2,8,7,1,0,2,3,2,2,3,3,1
"0000002137","SWE_2022","Sweden",0.5283,83,0,7,1,0,7,1,1,1,6,752,0,6,4,2,7,1,0,2,1,5,5,2,5,5,5,8,3,3,2,2,3,2,4,3,3,4,1,999999,999999,9,1,1,1,752003,3,2,1,6,0,4,2,0,2,5,3,7,5,2,3,2,5,3,7,7,0,4,4,2,4,5,2,0,3,2,2,2,2,3,0
"0000002486","SWE_2022","Sweden",1.6791,39,0,4,1,0,3,2,2,3,1,752,0,23,1,2,0,7,7,3,1,5,5,1,3,3,1,5,4,4,4,2,4,3,4,4,4,4,1,752003,0,2,2,3,1,752005,5,2,7,8,2,8,8,0,8,6,8,8,6,8,8,0,8,3,9,8,0,6,7,0,7,5,4,0,9,2,3,4,3,3,0
"0000001317","SWE_2022","Sweden",1.5176,59,1,3,1,0,2,2,1,4,4,752,0,14,1,2,7,7,0,2,1,1,4,4,5,5,3,8,2,2,2,2,2,2,3,3,2,4,1,752003,0,2,4,1,1,752006,3,7,4,8,5,6,8,7,6,7,7,9,7,6,9,6,8,3,5,9,1,6,8,1,6,6,2,1,3,3,3,3,3,3,0
"0000002043","SWE_2022","Sweden",0.5247,75,1,7,2,0,7,1,1,1,2,752,1,22,2,2,7,0,0,2,2,3,3,3,5,4,5,8,2,2,2,2,3,2,4,2,2,4,1,752007,0,1,2,2,1,999999,4,9,0,1,7,9,2,10,7,99,99,99,99,99,99,99,99,2,9,9,1,3,8,1,5,2,2,1,2,2,3,2,2,3,1
"0000001087","SWE_2022","Sweden",1.7851,24,0,4,4,1,2,2,2,4,2,752,0,23,2,2,0,2,7,2,1,1,4,3,5,2,2,6,2,2,3,3,3,3,3,2,3,5,1,752003,0,2,2,2,1,752003,3,2,6,9,2,6,6,0,7,5,3,8,5,3,6,5,99,3,10,9,1,6,6,2,6,8,2,1,1,2,2,4,4,4,1
"0000001813","SWE_2022","Sweden",0.821,68,0,4,3,0,7,1,2,2,1,752,0,12,2,2,6,7,5,1,1,5,4,5,5,5,5,9,1,1,2,2,3,2,4,1,1,2,1,752001,1,1,1,1,1,752001,5,10,0,7,5,7,3,8,3,10,0,0,99,8,0,3,99,2,10,8,0,7,6,2,7,2,1,1,1,2,2,4,3,5,0
"0000001704","SWE_2022","Sweden",1.1008,49,0,3,1,1,1,2,2,1,1,752,0,1,3,2,99,7,7,1,1,1,2,2,2,2,2,7,2,2,3,2,3,4,2,4,3,5,1,752002,0,1,2,1,1,752003,4,5,10,9,0,0,8,0,8,0,10,10,0,0,9,0,8,5,10,9,0,0,8,0,6,8,4,1,2,2,2,4,4,2,0
"0000001816","SWE_2022","Sweden",0.7541,77,0,99,3,0,7,1,2,2,9,752,0,3,4,2,6,0,6,2,1,3,5,5,5,5,5,9,2,2,3,2,3,2,3,2,3,4,1,752003,0,9,2,1,1,752006,3,5,8,9,4,5,9,2,7,7,10,6,7,5,10,0,8,4,9,10,0,5,9,1,8,7,2,0,9,3,3,3,3,3,1
"0000001204","SWE_2022","Sweden",1.1901,59,1,99,4,9,5,2,2,1,9,901,9,1,4,2,7,4,4,3,1,1,1,1,9,9,9,99,9,9,9,9,9,9,9,9,9,5,99,999999,999999,9,5,3,1,999999,5,9,0,99,9,7,0,9,4,9,0,99,8,2,1,9,4,2,10,10,3,2,10,3,7,2,2,0,9,3,2,4,4,4,1
"0000001829","SWE_2022","Sweden",0.6234,76,0,99,1,0,7,1,2,5,9,752,0,3,2,3,7,1,7,1,2,1,4,3,4,4,4,9,1,1,1,2,2,2,4,2,1,4,1,752002,0,2,4,2,1,752006,3,8,9,7,2,5,6,2,5,5,8,7,7,5,5,7,3,4,8,8,2,4,10,2,6,7,2,0,2,2,3,2,3,3,0
"0000001830","SWE_2022","Sweden",0.821,73,0,4,1,0,7,1,1,2,1,752,0,3,2,1,7,7,5,1,1,1,5,4,5,5,5,8,1,2,2,2,2,2,3,1,1,3,1,752001,1,1,1,2,1,752001,5,10,1,5,8,9,2,8,6,10,2,5,8,9,0,8,6,1,10,9,0,5,10,4,6,1,1,1,1,2,1,3,1,3,0
"0000001541","SWE_2022","Sweden",0.7712,56,0,8,1,0,1,4,2,5,1,752,0,25,2,2,4,5,0,1,1,1,5,3,5,5,5,10,1,1,1,1,1,2,4,2,2,5,1,752001,1,1,1,1,1,752003,5,10,0,5,2,10,2,5,5,10,0,5,5,10,3,5,8,4,10,7,0,5,8,4,6,5,1,0,2,2,2,4,4,3,1
"0000000984","SWE_2022","Sweden",1.275,32,0,5,4,1,1,2,2,3,1,752,0,1,1,1,4,7,99,1,1,2,4,3,3,2,2,8,2,2,2,2,2,2,3,2,2,4,1,752003,0,2,2,1,1,752003,5,3,5,8,1,3,7,0,6,7,8,9,6,2,9,0,5,4,6,8,1,4,8,3,7,8,1,1,2,2,3,3,3,3,0
"0000001835","SWE_2022","Sweden",1.0469,66,0,3,1,0,7,1,2,3,1,752,0,13,1,2,7,7,7,1,1,5,5,5,5,5,1,10,1,3,2,2,2,2,2,2,2,2,1,752001,1,1,1,1,1,752003,5,10,2,7,8,0,6,0,0,9,5,7,7,5,7,0,5,3,9,7,1,4,8,99,5,3,1,0,3,3,3,2,2,3,1
"0000001815","SWE_2022","Sweden",0.7541,80,0,2,1,0,7,2,2,2,3,752,0,14,1,9,5,0,0,2,1,2,2,3,5,5,1,5,2,2,1,1,2,2,4,2,2,4,1,752001,1,1,2,1,1,752001,4,10,99,99,99,99,99,99,99,10,99,99,99,99,99,99,99,0,99,99,99,99,99,99,99,2,2,1,1,4,3,3,2,2,1
"0000002181","SWE_2022","Sweden",1.1014,80,1,2,1,0,7,4,2,1,6,752,0,14,1,3,5,99,99,3,2,9,9,9,9,9,9,9,1,1,1,9,9,9,9,2,2,9,1,752006,0,2,9,1,1,752006,4,99,99,9,99,99,9,99,99,99,99,8,99,99,9,99,99,99,99,9,99,99,7,99,99,8,2,9,2,2,1,2,2,3,0
"0000001857","SWE_2022","Sweden",0.6234,67,0,7,1,0,7,1,4,1,2,752,9,12,1,1,3,7,7,2,1,1,5,5,5,3,2,10,1,2,2,1,3,2,3,2,2,4,1,752001,1,1,2,1,1,752001,3,10,0,0,7,8,0,5,2,10,0,0,8,8,0,5,4,4,10,10,0,5,10,5,7,99,1,0,3,2,3,3,2,3,1
"0000001864","SWE_2022","Sweden",0.6234,79,0,6,1,0,7,1,2,3,2,752,0,1,3,1,7,7,0,2,1,1,5,3,5,5,5,10,1,2,3,2,2,3,9,3,3,4,1,752003,0,2,2,1,1,752003,4,5,8,10,1,3,8,0,8,8,8,9,4,6,8,2,7,3,8,10,0,5,9,2,7,99,1,1,9,2,2,3,4,2,0
"0000000841","SWE_2022","Sweden",1.1008,61,0,3,3,0,1,1,2,3,1,752,0,12,1,1,7,7,1,1,4,2,4,5,5,5,5,8,3,3,3,3,3,3,4,4,4,5,1,752002,0,1,2,2,1,752002,5,0,9,8,0,1,7,0,4,1,10,8,0,0,9,0,5,2,8,8,0,2,8,0,5,8,4,1,1,2,1,3,3,2,1
"0000002295","SWE_2022","Sweden",1.0396,66,1,4,1,1,7,1,1,1,3,901,9,6,2,3,0,0,0,5,3,3,3,3,3,3,3,8,2,2,2,2,2,3,4,2,2,3,1,999999,999999,9,2,3,1,999999,3,99,99,99,99,99,99,99,99,99,99,99,99,99,99,99,99,99,99,99,99,99,99,99,99,99,2,0,9,2,1,2,3,4,1
"0000001870","SWE_2022","Sweden",0.6234,70,0,4,1,0,7,1,2,3,1,752,0,13,2,2,3,7,7,2,1,1,4,3,5,4,2,8,3,3,2,2,3,4,2,3,2,3,1,752008,0,4,2,1,1,752001,4,5,0,4,1,3,2,2,5,7,1,6,3,5,3,2,7,6,10,9,1,8,9,2,7,7,2,0,9,3,2,3,3,3,1
"0000000814","SWE_2022","Sweden",1.1984,57,0,4,4,1,1,1,2,5,2,900,1,4,2,3,5,6,0,2,1,1,5,3,4,3,4,10,1,1,1,2,2,3,4,3,2,4,1,752003,0,2,9,1,99,752001,5,8,7,9,0,1,7,0,5,7,5,8,1,1,5,0,5,4,6,9,0,2,9,0,6,8,1,0,9,2,1,2,1,2,1
"0000001874","SWE_2022","Sweden",0.6191,75,1,6,3,0,7,1,9,2,1,752,9,5,1,2,2,6,0,3,1,2,1,3,9,9,2,4,3,3,3,3,4,2,4,4,2,4,1,752003,0,1,2,2,1,752003,5,1,2,8,0,1,7,1,6,1,5,8,0,0,8,1,7,2,8,9,0,3,8,4,7,8,5,0,3,3,4,3,3,3,0
"0000002663","SWE_2022","Sweden",1.1092,77,0,2,2,0,7,2,1,1,1,752,0,13,1,2,7,7,0,3,1,3,1,1,4,3,3,8,2,2,2,2,2,2,9,2,2,3,1,752001,1,2,2,2,1,752001,4,10,0,0,5,7,0,6,3,10,0,0,6,7,0,6,3,5,10,10,0,5,10,5,7,5,2,1,2,2,2,2,2,3,8
"0000001877","SWE_2022","Sweden",0.7489,66,1,3,1,0,7,2,1,9,1,752,0,1,1,3,3,7,7,3,1,3,3,1,3,3,3,5,3,3,2,2,3,3,3,3,2,3,1,999999,999999,9,4,3,1,999999,5,2,10,8,5,3,0,0,5,2,10,8,1,7,0,0,2,3,8,8,0,3,0,0,3,8,2,0,9,3,2,5,3,3,0
"0000002516","SWE_2022","Sweden",0.5247,79,1,6,1,0,7,1,1,2,4,752,0,5,2,1,7,7,0,1,1,1,5,3,3,2,3,7,3,3,3,3,3,3,4,4,4,4,1,752002,0,2,2,3,1,752002,4,4,8,7,2,2,8,0,5,5,9,8,5,0,8,0,5,1,6,8,0,1,8,1,5,5,2,0,9,2,2,3,3,3,0
"0000002405","SWE_2022","Sweden",0.7489,77,1,3,1,1,7,1,1,2,1,752,9,23,2,2,7,7,7,2,2,2,2,3,4,4,4,7,2,2,2,2,3,2,3,2,2,4,1,752001,1,1,2,1,1,752001,3,9,1,5,7,7,6,7,6,9,1,5,7,7,6,7,6,0,8,10,0,4,7,4,7,2,4,1,2,2,2,3,3,3,0
"0000002042","SWE_2022","Sweden",0.5283,80,0,7,1,0,7,1,2,4,1,752,0,5,2,1,7,6,0,1,1,5,5,5,5,5,5,10,1,2,3,4,2,9,4,3,2,2,1,752002,0,1,1,1,1,752002,5,1,9,10,0,0,5,0,5,3,9,9,0,0,8,0,6,1,10,10,0,1,9,0,5,9,1,1,1,2,3,3,3,3,0
"0000000927","SWE_2022","Sweden",1.073,35,1,7,4,1,2,1,1,4,1,752,0,1,3,2,6,0,7,1,1,1,5,4,5,5,4,9,2,2,2,1,2,2,3,2,2,5,1,752001,1,2,2,1,1,752005,4,8,0,6,6,9,4,8,8,9,1,4,10,10,4,10,1,4,7,9,1,6,10,3,7,5,2,0,2,3,3,4,3,4,1
"0000001353","SWE_2022","Sweden",0.91,56,0,4,1,1,3,2,1,2,3,752,0,4,2,2,5,3,5,2,2,1,5,4,5,5,5,4,2,3,2,2,3,1,3,2,2,5,1,999999,999999,9,1,3,1,999999,2,5,5,5,5,5,5,5,5,5,5,5,5,5,5,5,5,5,5,5,5,5,5,5,5,5,4,1,2,3,3,2,3,2,0
"0000001884","SWE_2022","Sweden",1.1092,84,0,2,2,0,7,2,1,2,1,752,0,25,1,2,7,0,0,1,1,2,2,3,4,4,4,99,2,2,3,2,9,2,9,2,2,4,1,999999,999999,9,4,2,1,999999,4,8,5,6,8,7,6,7,6,8,5,6,8,7,5,6,6,4,10,10,2,5,8,2,7,3,2,0,9,3,4,2,2,3,0
"0000001908","SWE_2022","Sweden",1.0396,69,1,3,4,1,7,2,2,2,1,752,0,21,2,3,7,0,0,2,1,1,2,2,5,5,2,8,2,2,2,2,2,2,2,2,2,5,1,999999,999999,9,2,2,1,999999,4,8,7,4,8,5,2,2,5,8,7,4,8,5,3,2,5,3,8,10,0,4,7,3,7,5,2,0,2,3,4,3,3,4,1
"0000000198","SWE_2022","Sweden",0.91,57,0,4,1,0,1,1,2,4,3,752,1,13,2,3,3,2,7,2,1,2,4,2,2,2,5,7,2,2,2,2,3,3,2,4,2,5,1,752002,0,1,1,3,1,752006,5,1,9,8,0,1,9,0,5,0,10,7,1,0,10,0,5,2,7,9,0,1,8,0,6,8,4,1,1,2,2,5,3,4,1
"0000001888","SWE_2022","Sweden",1.0931,64,1,3,4,0,7,2,1,2,1,752,0,18,1,3,4,0,99,3,1,9,9,9,5,3,2,8,2,2,2,2,3,3,4,9,2,5,0,999999,999999,9,9,1,0,999999,9,99,99,99,99,99,99,99,99,99,99,99,99,99,99,99,99,99,99,99,99,99,99,99,99,99,2,0,9,3,3,2,3,3,0
"0000002808","SWE_2022","Sweden",0.5283,76,0,8,1,0,7,1,2,5,3,752,0,1,3,1,7,7,0,1,1,2,3,5,5,5,2,10,1,1,1,9,2,2,4,3,2,4,1,752003,0,2,1,1,1,752003,5,4,4,9,2,1,9,0,8,9,5,8,5,0,8,0,8,4,10,9,0,4,10,1,7,8,1,1,2,1,1,2,3,3,1
"0000000673","SWE_2022","Sweden",0.7712,64,0,7,1,1,1,1,2,5,3,752,0,14,3,2,3,7,0,1,1,1,5,5,5,5,5,9,2,2,2,1,3,2,3,2,2,5,1,752008,0,2,2,1,1,752006,5,7,0,8,0,8,7,3,9,7,1,8,4,8,6,2,8,4,10,8,1,7,8,2,7,99,2,0,3,2,2,3,2,2,1
"0000000470","SWE_2022","Sweden",0.6191,65,1,6,1,0,7,9,1,5,1,752,1,3,3,3,7,7,7,2,1,1,2,5,5,2,4,8,2,2,2,1,2,1,3,3,3,4,1,752003,0,1,1,1,1,752003,5,6,6,9,0,5,8,0,7,7,6,9,0,5,8,0,7,2,10,10,0,4,8,1,8,10,2,1,2,3,4,4,4,3,0
"0000001903","SWE_2022","Sweden",0.5247,67,1,8,3,0,7,1,1,1,1,752,1,14,4,1,5,2,7,2,1,9,9,9,5,5,5,7,2,2,2,1,3,3,3,3,3,5,1,752004,0,2,2,1,1,752004,5,8,0,0,9,1,0,8,6,8,0,0,9,8,0,7,0,5,10,10,4,10,10,7,10,0,2,0,3,4,2,3,3,4,1
"0000001914","SWE_2022","Sweden",0.7489,75,1,2,1,1,7,2,1,2,6,752,0,6,1,3,2,0,0,2,3,3,1,3,3,3,3,8,2,2,2,2,2,2,2,2,2,3,1,752006,0,2,2,1,1,752006,4,2,8,8,0,4,10,0,2,2,8,8,0,4,10,0,2,3,9,9,1,1,9,0,2,99,2,0,2,2,2,2,2,2,1
"0000001917","SWE_2022","Sweden",0.5247,72,1,7,3,0,7,9,9,1,2,752,0,23,1,2,7,0,3,3,2,3,1,3,3,3,3,6,2,2,3,1,2,2,3,3,2,4,1,752002,0,1,2,2,1,752002,5,7,10,9,5,5,9,5,9,8,10,9,5,5,9,5,8,5,10,10,1,1,10,2,10,10,2,0,1,2,3,3,3,3,0
"0000001919","SWE_2022","Sweden",1,66,1,5,9,1,7,2,1,1,1,752,0,99,1,3,3,3,0,3,1,2,2,2,5,5,5,7,2,2,2,2,2,3,3,2,1,5,1,752001,1,2,4,2,1,752003,3,99,0,8,4,8,1,0,5,10,0,6,99,7,4,0,5,2,5,6,0,5,5,0,5,6,2,0,3,3,2,2,2,3,0
"0000001922","SWE_2022","Sweden",0.821,70,0,4,1,1,7,2,2,4,1,752,1,1,3,2,1,0,0,3,1,2,5,5,3,3,3,9,2,2,3,1,3,2,4,1,2,5,1,752001,1,1,1,1,1,752001,5,10,0,0,6,8,0,5,5,10,0,0,6,8,0,5,5,3,10,10,0,4,9,5,7,3,1,1,2,2,1,5,1,3,0
"0000001358","SWE_2022","Sweden",1.2661,26,1,99,4,9,99,9,9,9,9,752,0,21,9,3,3,99,99,3,1,1,2,3,5,1,5,7,2,2,2,1,3,4,4,2,1,4,1,752006,0,4,4,2,1,752003,5,7,7,6,0,8,8,0,7,5,8,5,5,9,7,4,6,4,7,7,0,99,7,2,7,6,2,0,2,2,1,3,4,3,1
"0000001925","SWE_2022","Sweden",0.7658,62,1,7,1,1,7,1,2,4,1,752,0,19,3,2,7,7,4,1,1,1,5,5,5,4,4,9,2,2,2,1,3,2,4,2,2,4,1,752001,1,2,1,1,1,752001,4,9,0,7,2,2,2,8,5,10,7,6,2,0,3,8,5,3,9,8,1,6,10,2,7,4,1,0,3,2,2,4,3,3,1
"0000000801","SWE_2022","Sweden",0.6191,65,1,6,3,1,7,1,1,5,2,752,0,1,3,3,4,7,7,2,1,2,4,4,4,3,4,7,2,2,2,2,3,2,3,2,2,4,1,752008,0,2,4,1,1,752008,4,7,1,8,4,3,4,2,8,8,3,8,4,6,4,4,8,5,9,9,1,4,7,3,7,7,2,0,9,2,2,4,3,3,0
"0000001930","SWE_2022","Sweden",0.6191,74,1,7,1,1,7,1,1,9,2,752,0,5,1,1,7,7,7,1,1,3,4,4,5,4,5,10,1,1,1,2,2,2,3,3,3,3,1,752003,0,1,1,1,1,752003,5,99,99,99,99,99,99,99,99,4,8,10,0,4,9,0,8,4,7,10,0,5,9,3,8,9,2,1,2,2,3,2,2,3,1
"0000001932","SWE_2022","Sweden",1.0931,60,1,6,1,1,1,1,1,5,1,752,0,12,1,2,3,7,3,1,1,1,5,3,5,5,5,9,2,2,2,2,3,2,4,2,2,4,1,752008,0,1,2,1,1,752008,4,7,3,5,2,4,0,1,8,9,5,3,2,4,0,1,4,4,9,7,1,5,8,4,6,6,2,0,2,2,3,3,2,4,1
"0000001933","SWE_2022","Sweden",0.6191,74,1,5,3,1,7,1,2,2,6,752,9,8,1,1,7,1,5,2,1,2,4,5,4,4,4,8,2,2,3,2,3,2,3,2,2,4,1,752001,1,1,2,1,1,752007,5,9,1,5,4,8,2,2,5,9,2,4,3,8,2,3,4,4,9,9,1,6,9,3,6,6,2,1,2,2,2,4,4,3,0
"0000000593","SWE_2022","Sweden",1.0805,27,0,7,4,1,5,1,2,4,1,752,0,1,3,3,2,5,7,3,3,2,5,5,2,2,2,9,3,3,3,2,4,2,4,3,2,4,1,999992,0,2,4,1,1,752008,2,7,1,5,3,5,0,7,7,3,1,3,4,4,1,2,4,2,10,8,0,5,9,1,6,5,2,0,9,2,3,4,4,4,0
"0000001935","SWE_2022","Sweden",1.1092,79,0,2,1,9,7,4,2,1,3,752,0,1,1,2,7,99,99,4,1,2,4,2,2,9,9,8,2,2,1,3,4,4,4,4,3,4,1,752003,0,2,2,2,99,752003,3,0,9,10,0,0,0,0,0,0,9,10,0,0,9,0,0,0,5,10,0,0,5,0,5,5,2,0,2,1,1,3,2,2,1
"0000000182","SWE_2022","Sweden",0.91,47,0,7,1,1,1,1,2,5,1,752,1,1,3,2,5,7,7,1,1,1,5,3,5,5,5,10,1,1,1,1,1,1,3,2,2,4,1,752001,1,1,1,1,1,752001,5,8,4,1,5,3,0,2,2,9,6,0,5,6,0,5,1,3,8,9,0,6,9,5,6,3,2,1,2,2,3,3,3,3,1
"0000001936","SWE_2022","Sweden",0.6191,67,1,7,1,1,7,1,1,4,1,752,0,4,2,3,0,0,0,2,1,3,4,5,5,3,5,8,2,3,2,2,3,2,4,3,2,5,1,999999,999999,9,2,1,0,999999,5,4,9,6,1,7,3,0,3,5,8,6,0,9,3,0,1,4,9,10,0,8,7,2,7,8,2,0,9,2,3,3,2,3,1
"0000001941","SWE_2022","Sweden",0.6191,65,1,7,1,1,7,4,2,3,6,752,1,14,2,3,5,0,3,2,1,1,2,3,3,3,3,8,2,2,2,2,3,3,3,2,2,4,1,752003,0,2,2,1,1,752001,4,8,5,8,5,5,5,5,5,5,5,5,5,5,5,5,5,3,10,7,0,5,6,1,6,5,2,0,3,2,2,4,2,3,1
"0000002724","SWE_2022","Sweden",1.1014,85,1,2,2,1,7,2,2,2,1,752,0,1,3,1,7,0,0,1,1,1,4,2,5,5,5,10,2,1,2,2,3,2,3,1,1,9,1,752001,1,1,2,1,1,752001,5,10,0,0,6,6,0,6,5,10,0,0,7,7,0,7,5,0,10,10,0,5,10,3,6,0,2,1,1,2,2,2,2,2,0
"0000000860","SWE_2022","Sweden",0.7541,74,0,4,1,0,7,4,2,3,1,752,9,14,2,2,6,7,7,1,1,2,2,5,2,9,9,7,2,2,3,2,3,9,3,2,2,3,1,752001,1,1,2,2,1,752001,4,9,6,7,6,8,7,7,99,10,6,7,7,8,6,6,7,6,9,9,3,6,8,6,7,6,2,0,2,2,2,2,2,3,0
"0000001944","SWE_2022","Sweden",0.7541,78,0,4,1,0,7,1,1,2,1,752,0,14,2,2,4,5,0,1,1,3,4,2,5,2,1,8,2,2,3,3,9,3,4,3,3,4,1,752002,0,1,1,1,1,752002,5,5,10,8,3,3,8,1,5,5,10,7,2,2,8,0,6,1,9,9,0,4,9,1,7,7,2,1,2,2,3,3,3,3,1
"0000001945","SWE_2022","Sweden",0.5409,81,0,9,3,0,7,1,9,3,2,752,0,14,3,2,2,4,1,2,1,2,5,5,5,5,5,6,3,3,3,2,4,2,4,3,2,4,1,752008,0,4,4,2,1,752003,3,4,0,4,1,2,2,1,4,4,3,2,1,1,2,1,3,3,10,8,0,5,7,1,5,4,4,0,3,3,4,3,3,4,0
"0000001949","SWE_2022","Sweden",1.1014,84,1,2,2,0,7,2,2,1,1,752,0,20,1,2,7,0,6,2,1,3,3,2,5,5,2,8,2,2,2,2,2,3,3,2,2,4,1,999999,999999,9,2,1,1,999999,4,8,2,2,4,6,1,4,6,8,2,2,4,5,0,2,6,2,9,10,0,6,10,3,8,4,2,1,2,3,3,3,2,3,0
"0000000062","SWE_2022","Sweden",1.0805,40,0,8,4,1,1,9,2,4,1,752,0,1,4,2,4,6,7,1,1,1,1,3,4,3,5,9,2,2,1,1,3,2,3,2,2,5,1,752007,0,2,2,1,1,752001,4,6,0,3,4,5,0,6,5,7,0,0,4,6,0,5,2,3,7,8,1,6,10,4,5,5,2,0,9,2,2,4,3,2,1
"0000002340","SWE_2022","Sweden",0.6191,70,1,7,3,1,7,9,9,1,4,752,0,1,2,1,7,0,0,1,2,2,4,4,5,2,2,5,1,2,2,2,4,4,4,2,3,5,1,752001,1,2,1,1,1,752001,5,10,0,4,4,7,3,9,4,9,0,4,1,7,3,3,99,1,10,10,0,4,10,4,7,1,2,1,2,3,4,2,4,5,1
"0000001954","SWE_2022","Sweden",0.5247,74,1,7,3,1,7,1,2,2,4,752,0,24,2,1,7,5,7,2,1,5,5,5,5,5,5,10,1,2,2,2,2,2,3,9,2,9,1,999999,999999,9,2,1,1,999999,5,6,2,5,5,6,5,6,6,6,4,5,5,6,5,6,6,4,8,6,3,5,6,4,5,99,2,0,9,2,3,3,3,3,1
"0000001959","SWE_2022","Sweden",1.1092,88,0,2,2,0,7,4,2,1,2,752,0,14,2,3,6,99,99,4,1,9,9,9,9,9,1,6,1,3,3,1,3,2,4,2,2,4,1,752001,1,2,4,2,1,752001,5,10,0,3,2,7,7,10,6,10,0,1,2,5,9,9,6,1,10,10,0,7,4,2,6,5,2,0,3,3,4,4,2,3,0
"0000001985","SWE_2022","Sweden",0.6191,69,1,6,4,0,7,2,1,2,1,752,0,13,2,1,7,0,7,1,1,1,5,4,5,5,5,8,2,2,1,1,2,1,3,2,1,4,1,752007,0,2,1,1,1,999999,5,8,0,0,9,4,0,10,4,9,0,1,9,10,0,10,5,2,10,10,0,5,9,1,8,99,1,1,1,2,1,2,1,3,0
"0000001408","SWE_2022","Sweden",0.5247,79,1,6,2,0,7,1,1,1,6,752,0,8,1,2,7,2,0,1,1,1,5,3,5,5,3,5,2,2,3,3,2,2,9,2,2,4,1,752006,0,2,2,2,1,752006,4,3,9,6,1,0,9,0,0,8,10,8,5,0,9,2,6,0,10,10,0,3,10,2,4,9,2,1,2,2,1,1,2,2,0
"0000001907","SWE_2022","Sweden",0.7489,76,1,2,2,0,7,2,1,1,2,752,0,14,2,2,7,0,0,2,1,2,3,3,3,3,3,8,2,2,2,2,3,2,3,2,3,3,1,999999,999999,9,9,1,1,999999,3,8,4,8,5,8,8,7,7,8,5,8,6,8,8,5,5,4,8,9,1,6,6,4,5,6,2,0,9,2,2,3,9,3,0
"0000001974","SWE_2022","Sweden",0.8153,77,1,4,2,0,7,1,2,2,1,752,0,14,1,2,7,0,1,1,1,1,5,5,5,5,5,8,2,2,2,1,2,2,4,2,2,3,1,752008,0,2,2,1,1,752007,3,6,5,5,5,6,5,6,7,7,5,4,6,3,5,5,7,1,10,10,0,4,9,2,4,99,1,0,9,2,2,3,3,3,0
"0000002600","SWE_2022","Sweden",0.7541,75,0,4,1,0,7,1,1,9,1,752,0,24,2,2,5,0,0,1,1,4,4,5,5,5,2,9,2,2,2,2,2,2,3,2,2,4,1,752001,1,2,2,1,1,752001,5,99,99,99,99,99,99,99,99,10,0,3,5,6,1,7,5,4,10,8,1,5,9,99,5,99,2,1,2,2,2,3,3,3,0
"0000001280","SWE_2022","Sweden",1.0931,55,1,3,1,1,2,2,1,5,1,752,0,22,4,3,2,3,7,2,1,1,3,2,3,3,3,6,2,2,3,2,3,2,3,3,3,5,1,752006,0,2,2,1,1,752006,4,6,4,5,5,5,8,5,5,7,6,7,5,5,8,5,5,0,10,10,0,0,10,0,5,7,2,0,2,3,2,3,3,3,1
"0000002733","SWE_2022","Sweden",0.6234,68,0,6,3,1,7,1,2,2,1,752,0,14,1,1,1,7,3,2,1,1,1,1,1,3,1,3,3,4,4,2,3,4,3,4,4,5,1,752002,0,2,1,2,1,752001,3,1,9,6,1,1,6,0,2,2,9,8,5,0,8,0,4,1,9,8,0,2,8,0,5,7,4,0,2,3,2,4,4,3,8
"0000000488","SWE_2022","Sweden",1.1901,51,1,6,3,0,2,1,1,1,3,752,9,20,1,3,1,1,7,2,1,1,5,5,5,5,5,10,1,1,1,1,2,1,2,2,2,4,1,752001,1,1,2,1,1,752001,4,9,0,2,10,8,0,10,0,9,0,0,7,8,0,0,0,2,10,8,0,5,9,3,8,0,2,1,3,3,2,2,1,3,1
"0000001354","SWE_2022","Sweden",2.2604,22,1,4,4,1,2,2,2,2,1,752,0,12,2,3,0,7,7,2,1,2,4,3,4,3,3,8,2,2,2,1,3,2,3,2,2,5,1,752001,1,2,1,4,99,999999,5,10,0,3,10,7,1,8,5,10,2,7,10,9,4,8,6,2,9,8,99,4,99,2,99,2,2,0,2,2,2,4,3,4,1
"0000002748","SWE_2022","Sweden",1.0469,74,0,2,3,1,7,2,1,2,2,752,0,19,1,2,99,99,99,2,9,2,9,9,9,9,2,5,9,9,9,9,9,9,9,2,2,3,99,752001,1,2,2,2,1,752001,2,9,9,99,8,99,99,99,99,99,7,99,99,99,8,99,99,99,99,99,99,99,99,99,99,99,2,1,2,2,2,9,9,9,0
"0000001992","SWE_2022","Sweden",1.1008,61,0,3,3,0,5,1,1,1,1,901,9,13,1,2,7,1,0,3,1,1,3,2,3,2,4,10,2,2,9,9,3,3,9,2,1,1,1,752001,1,2,2,1,1,999999,9,99,99,99,99,99,99,99,99,9,99,7,8,7,7,99,99,0,6,10,0,7,9,6,5,0,1,1,1,2,1,1,1,2,1
"0000002346","SWE_2022","Sweden",0.7489,80,1,3,1,0,7,1,1,2,3,752,0,4,2,1,7,7,7,2,1,5,3,3,9,9,3,8,2,3,2,2,3,3,3,4,4,5,1,752006,0,9,1,3,1,752002,4,0,9,9,1,3,9,0,1,2,9,9,2,2,9,0,6,5,9,10,0,5,9,4,6,9,2,1,2,2,4,3,3,3,1
"0000001993","SWE_2022","Sweden",1.1092,81,0,2,1,0,7,2,2,2,2,752,0,18,1,3,7,7,0,2,1,1,1,1,5,5,5,5,2,2,2,2,2,2,3,3,2,2,1,752002,0,2,2,1,1,752003,5,6,9,7,2,5,9,5,5,10,9,6,1,5,3,5,5,3,9,9,2,5,8,2,4,8,2,0,3,2,1,2,2,1,0
"0000000625","SWE_2022","Sweden",1.1407,25,1,7,4,1,1,1,2,3,2,752,0,1,3,1,7,6,7,1,2,2,4,3,4,2,2,7,2,2,3,2,2,3,3,3,2,5,1,752003,0,1,2,2,1,752004,4,6,8,9,4,6,0,1,5,8,8,5,1,8,0,6,1,4,10,8,1,99,9,0,6,7,2,1,2,1,3,3,3,1,1
"0000002275","SWE_2022","Sweden",0.6191,74,1,7,3,0,7,1,2,3,1,752,0,1,3,2,7,7,2,1,1,5,2,4,9,9,9,99,9,9,9,9,9,9,9,9,9,4,99,999999,999999,9,9,1,1,752001,3,8,6,8,7,0,5,0,7,8,8,3,6,0,5,0,6,5,10,8,1,4,9,1,6,7,2,0,2,2,4,2,2,3,0
"0000001774","SWE_2022","Sweden",1.6078,61,1,3,1,1,1,2,1,1,2,901,9,1,3,3,1,0,0,1,3,3,3,3,5,5,1,10,2,2,9,9,2,2,3,2,2,3,1,999999,999999,9,2,1,1,999999,5,5,5,5,5,5,5,5,5,5,5,5,5,5,5,5,5,3,6,7,3,5,7,5,7,5,1,1,9,2,2,2,2,2,1
"0000000847","SWE_2022","Sweden",1.0805,37,0,8,3,9,1,1,2,2,1,752,0,5,2,1,3,7,7,1,1,1,5,4,5,2,3,7,3,2,2,1,3,2,3,2,1,4,1,752004,0,1,2,1,1,752004,4,7,0,1,9,5,0,8,4,9,1,3,8,8,0,5,5,4,10,9,2,7,10,3,8,1,2,1,1,3,3,5,4,3,1
"0000002002","SWE_2022","Sweden",1.5282,56,0,3,4,0,10,2,2,9,9,752,1,1,3,2,2,0,0,2,2,3,2,2,9,9,2,5,2,2,3,2,2,2,3,4,3,5,1,752002,0,2,2,4,1,752002,1,99,10,99,99,99,99,99,99,2,10,1,0,1,2,0,2,4,10,10,99,99,5,3,7,10,9,1,3,3,4,9,9,5,0
"0000002004","SWE_2022","Sweden",1,26,1,4,4,0,9,9,9,1,3,752,1,17,1,4,1,99,99,5,5,5,5,5,5,5,4,7,3,3,3,3,3,3,3,3,3,3,1,999999,999999,9,4,3,1,999999,3,5,5,5,5,5,5,5,5,5,5,5,5,5,5,5,5,5,5,5,5,5,5,5,5,5,2,0,9,3,2,3,3,3,1
"0000000401","SWE_2022","Sweden",0.7712,48,0,8,3,1,1,1,1,5,3,752,0,22,2,2,4,7,7,2,1,1,5,3,5,5,4,10,2,2,2,2,2,2,4,2,2,5,1,752004,0,1,2,2,1,752004,5,8,0,1,9,4,0,8,2,9,0,1,9,7,1,7,3,4,10,9,0,5,9,1,8,1,2,1,2,3,3,2,3,3,1
"0000001528","SWE_2022","Sweden",1.1008,57,0,3,3,1,1,2,2,4,1,752,0,18,1,9,1,0,0,3,1,1,4,4,5,5,5,9,2,2,2,3,9,2,2,2,2,4,1,752001,1,1,1,1,1,752001,5,10,0,3,9,6,2,4,1,10,2,1,9,6,1,0,3,1,10,10,0,4,10,5,6,2,2,0,2,3,2,2,2,1,1
"0000002017","SWE_2022","Sweden",0.5247,80,1,7,1,0,7,1,1,2,1,752,9,21,2,2,7,0,0,1,1,1,5,5,5,5,5,9,2,2,2,2,2,2,4,2,2,4,1,752001,1,1,1,1,1,752001,9,9,0,3,5,5,1,5,5,9,0,3,5,5,1,5,5,2,10,10,0,6,10,2,6,4,2,0,3,3,3,3,3,3,0
"0000000621","SWE_2022","Sweden",1.0805,26,0,8,4,0,99,1,2,2,2,752,0,5,4,3,2,7,7,9,1,2,4,3,5,2,3,8,2,2,2,2,3,2,3,2,2,5,1,999999,999999,9,5,1,1,999999,4,8,5,8,3,3,4,3,5,8,5,8,4,2,6,5,5,3,8,8,2,3,9,2,6,99,2,0,9,3,3,5,3,3,1
"0000002026","SWE_2022","Sweden",0.6234,67,0,6,4,0,7,9,2,2,1,752,0,1,3,2,7,0,0,2,1,1,5,4,5,5,4,9,1,1,2,2,2,2,3,2,2,4,1,752001,1,2,1,1,1,752002,5,9,9,9,5,5,5,7,5,8,9,9,99,8,5,5,5,5,8,8,3,5,5,3,5,7,1,0,9,2,3,2,2,3,8
"0000002027","SWE_2022","Sweden",2.2763,19,0,5,4,0,5,9,9,3,2,901,1,14,2,2,2,3,5,2,5,4,4,1,2,3,1,5,2,3,1,1,1,1,3,2,4,2,0,999999,999999,9,4,2,0,999999,3,5,5,6,4,5,5,5,5,2,10,5,6,5,6,0,7,4,6,6,5,6,5,5,5,7,2,1,2,4,3,2,3,9,0
"0000002555","SWE_2022","Sweden",1.0396,68,1,3,1,0,7,1,9,2,1,752,0,1,4,3,5,3,0,3,2,3,3,3,3,3,2,6,2,2,3,2,3,2,4,2,2,3,1,999999,999999,9,2,2,1,999999,5,5,6,10,2,6,10,0,8,0,6,99,9,6,10,0,5,99,5,10,2,2,10,2,8,8,2,1,2,3,2,2,2,2,1
"0000002031","SWE_2022","Sweden",0.821,71,0,3,1,9,7,1,2,2,1,752,0,21,1,2,3,0,1,2,1,3,3,5,5,5,5,10,2,2,2,2,2,2,3,2,2,2,1,752001,1,1,2,2,1,752001,5,10,0,0,6,5,1,7,3,10,0,1,3,5,0,6,3,3,9,9,0,6,9,4,6,3,2,1,2,3,2,3,2,3,1
"0000001836","SWE_2022","Sweden",1.6078,44,1,99,1,9,99,9,9,9,9,901,9,4,9,4,99,99,99,9,9,9,9,9,9,9,9,99,9,9,9,9,9,9,9,9,9,9,99,999999,999999,9,9,9,99,999999,9,99,99,99,99,99,99,99,99,99,99,99,99,99,99,99,99,99,99,99,99,99,99,99,99,99,9,9,9,9,9,9,9,9,9
"0000001201","SWE_2022","Sweden",1.1901,51,1,4,1,1,1,2,2,4,1,752,0,6,1,3,4,0,0,3,1,2,5,2,1,2,5,6,2,2,3,1,2,1,4,2,2,4,1,752003,0,2,1,1,1,752005,4,7,0,8,1,7,5,6,1,8,0,8,5,6,7,1,5,1,9,9,8,8,6,4,3,5,2,0,2,3,2,5,2,3,0
"0000000011","SWE_2022","Sweden",1.1984,46,0,5,1,1,1,4,2,5,2,752,0,21,1,2,3,2,2,2,1,2,2,3,3,2,2,9,2,2,2,2,2,1,3,2,2,4,1,752003,0,2,2,1,1,752005,4,6,3,8,2,7,5,4,6,6,5,7,5,6,5,4,6,4,8,8,1,5,7,3,6,7,2,0,9,2,3,3,2,3,1
"0000000403","SWE_2022","Sweden",0.7712,48,0,8,1,1,1,1,1,5,4,900,1,12,4,3,3,5,5,2,1,1,5,3,5,5,1,10,1,2,3,2,3,3,3,2,3,4,1,752003,0,1,2,1,1,752003,5,6,0,10,0,5,10,1,9,9,0,10,0,5,10,0,5,1,8,8,0,5,8,4,7,8,2,0,2,3,4,3,3,3,1
"0000002046","SWE_2022","Sweden",0.5247,80,1,99,4,9,7,4,2,1,1,752,0,1,4,9,5,4,0,1,1,1,5,5,5,5,2,5,3,3,2,1,3,3,4,4,2,3,99,752007,0,2,4,2,99,752004,3,5,0,0,8,99,0,9,0,2,0,0,8,1,0,2,0,6,10,10,3,8,8,3,10,0,4,1,2,3,3,2,3,3,0
"0000000640","SWE_2022","Sweden",1.0805,32,0,99,4,9,99,9,9,9,9,752,1,1,9,2,1,7,7,2,2,2,9,9,3,1,1,9,2,2,1,1,3,3,4,3,2,9,1,752003,0,2,2,9,99,999999,9,99,99,99,99,99,99,99,99,99,99,99,99,99,99,99,99,99,99,99,99,99,99,99,99,99,9,9,9,9,9,9,9,9,9
"0000001307","SWE_2022","Sweden",1.1901,59,1,5,1,9,2,2,1,2,6,752,0,6,1,3,5,0,0,2,1,2,2,3,5,5,5,7,2,2,2,2,2,2,4,3,3,4,1,752006,0,4,1,1,1,752001,4,6,2,7,1,6,6,1,7,7,1,7,2,4,2,3,2,3,3,8,1,5,6,5,5,5,2,0,3,3,3,2,2,2,1
"0000000201","SWE_2022","Sweden",0.91,49,0,7,1,0,1,1,2,4,1,752,1,14,3,1,5,5,1,1,2,1,5,4,5,2,2,9,2,2,1,1,2,2,3,2,2,3,1,752008,0,4,4,1,1,752005,5,3,0,5,0,10,4,4,9,10,7,2,0,10,2,3,5,3,5,8,1,7,8,3,7,8,1,0,2,2,2,4,3,3,1
"0000002210","SWE_2022","Sweden",0.7541,66,0,3,3,1,7,2,1,1,1,752,0,14,2,1,7,7,5,1,1,1,4,5,5,5,2,9,2,2,2,2,3,2,3,2,2,4,1,752004,0,1,1,1,1,752004,5,8,0,0,9,4,2,3,3,99,0,1,10,4,2,99,4,3,9,10,0,7,9,2,7,1,2,1,2,3,2,3,2,3,1
"0000000131","SWE_2022","Sweden",0.5283,68,0,7,1,0,7,1,1,4,3,752,0,17,1,1,3,7,7,1,1,9,5,5,5,5,5,10,9,3,2,3,3,2,4,4,2,5,1,752003,0,1,1,1,1,752006,5,4,2,10,2,4,8,0,4,3,3,9,0,4,7,0,5,3,8,9,0,3,8,2,5,8,1,1,2,2,3,3,3,3,0
"0000002639","SWE_2022","Sweden",0.7489,74,1,3,3,0,7,2,1,1,4,752,0,6,1,2,99,0,0,3,1,1,3,3,5,9,1,7,2,2,3,2,3,3,3,2,2,4,1,752005,0,4,2,2,1,752005,3,5,7,5,5,8,5,5,5,6,7,6,5,8,6,5,5,4,3,8,0,6,6,5,3,6,2,0,9,3,3,2,3,3,0
"0000000325","SWE_2022","Sweden",0.7712,46,0,8,4,1,1,1,2,5,1,752,0,14,1,2,0,2,0,1,1,2,4,3,4,2,4,8,2,2,2,2,3,2,4,2,2,4,1,999999,999999,9,2,2,1,999999,5,5,5,5,5,5,5,5,5,5,5,5,5,5,5,5,5,5,8,9,1,7,9,4,7,5,2,0,9,2,2,2,2,3,1
"0000001428","SWE_2022","Sweden",1.1008,53,0,3,1,1,1,1,9,4,1,752,0,17,1,2,99,0,0,1,1,1,2,2,3,3,2,4,2,2,2,2,2,2,4,3,2,5,1,752002,0,1,1,1,1,752002,3,5,10,9,0,1,9,0,3,6,10,10,0,1,9,0,5,2,10,10,0,2,8,0,4,99,2,1,1,2,3,3,3,4,1
"0000000987","SWE_2022","Sweden",0.7658,43,1,7,1,0,1,2,2,2,2,752,0,14,1,2,3,7,7,2,1,1,2,1,5,2,3,7,2,2,4,2,2,3,3,3,2,5,1,752005,0,1,1,1,1,752005,5,5,0,0,7,10,0,2,6,9,0,6,5,10,0,5,5,4,3,9,1,5,8,4,7,99,2,1,2,4,4,3,3,5,1
"0000000222","SWE_2022","Sweden",0.7896,41,0,9,1,1,1,1,2,5,4,752,1,3,4,1,0,2,0,2,1,1,5,2,5,5,1,9,2,3,1,3,2,2,3,3,2,4,1,752003,0,2,1,2,1,752005,4,8,3,8,0,9,6,5,7,9,3,4,0,2,2,0,5,4,6,8,0,7,8,2,6,7,1,0,9,3,2,4,3,2,1
"0000000833","SWE_2022","Sweden",0.8153,65,1,3,1,1,1,9,2,3,1,752,0,17,1,2,7,1,0,1,1,3,5,3,3,3,3,10,2,2,3,2,3,2,4,2,2,3,1,752005,0,1,2,1,1,752005,4,3,0,2,0,9,0,2,4,7,2,2,2,9,0,5,5,3,8,9,1,5,10,1,5,6,2,1,2,2,2,3,3,3,1
"0000000768","SWE_2022","Sweden",1.1008,59,0,5,3,1,1,1,2,2,1,752,0,22,1,3,0,1,0,2,1,2,4,3,4,4,3,8,2,3,2,3,3,3,4,4,3,4,1,752005,0,2,2,2,1,752005,4,2,0,6,1,7,4,0,5,3,1,4,1,6,1,1,3,2,9,9,0,6,5,1,8,5,2,0,3,2,3,3,3,3,1
"0000000376","SWE_2022","Sweden",0.7658,42,1,8,1,1,1,1,1,5,1,752,0,3,1,2,3,7,1,1,1,1,5,5,5,5,5,8,2,2,2,1,2,1,3,2,2,4,1,752004,0,4,2,1,1,752004,4,8,0,0,10,1,0,7,1,7,0,0,10,2,0,5,5,5,10,10,0,6,10,4,8,0,2,1,2,3,3,3,2,2,0
"0000000145","SWE_2022","Sweden",1.1984,64,0,5,3,0,1,4,2,3,1,752,0,5,1,3,1,7,4,2,1,1,4,2,2,2,5,9,2,2,2,3,3,2,4,2,2,4,1,752003,0,2,4,1,1,752005,4,7,0,8,0,6,2,0,5,7,0,6,0,6,2,1,6,2,6,8,0,4,9,0,5,6,2,0,2,2,2,2,2,1,0
"0000000432","SWE_2022","Sweden",0.7658,46,1,9,4,1,5,2,1,2,1,752,0,14,2,2,2,5,7,9,9,9,9,9,5,5,2,10,4,4,2,1,3,1,3,2,2,4,1,752001,1,2,2,2,1,752001,4,9,99,0,7,8,1,7,1,10,0,0,6,9,0,5,5,5,10,99,99,6,10,5,10,4,2,1,2,4,2,2,2,5,1
"0000001101","SWE_2022","Sweden",1.2661,38,1,6,1,1,1,2,2,5,2,752,0,6,2,2,3,1,1,1,1,1,4,3,2,2,2,8,2,2,2,1,2,3,4,3,3,4,1,752006,0,2,1,1,1,752008,4,6,7,5,4,3,7,1,6,9,8,9,3,0,7,2,6,4,8,9,0,5,9,1,7,7,4,0,3,3,2,2,3,3,8
"0000002047","SWE_2022","Sweden",1.5423,28,0,3,4,0,6,9,9,2,1,752,1,12,4,3,1,0,0,2,4,2,4,4,5,1,3,8,2,3,2,2,3,1,3,2,3,5,1,752001,1,2,2,2,1,752001,3,8,0,4,7,6,4,8,6,7,0,3,6,5,2,5,5,2,10,8,0,6,9,3,7,2,2,0,2,3,3,3,3,3,1
"0000002448","SWE_2022","Sweden",0.6234,74,0,3,1,0,7,1,9,2,2,752,0,14,1,2,7,6,3,2,1,2,5,5,5,5,3,9,2,2,2,9,2,3,3,9,9,4,1,752006,0,2,1,1,1,752003,5,3,5,7,2,4,8,5,5,5,5,8,3,3,9,0,7,4,9,7,1,2,8,1,6,6,1,0,3,2,2,3,3,3,0
"0000002124","SWE_2022","Sweden",2.2763,18,0,3,4,1,6,9,9,3,1,752,1,12,1,1,4,4,7,2,1,9,5,5,5,4,5,9,1,3,1,1,2,1,2,2,2,4,1,752001,1,1,1,1,99,999999,5,10,0,0,8,3,0,6,2,10,0,0,7,7,0,5,3,3,10,9,1,6,9,3,7,3,1,1,1,3,3,3,3,3,1
"0000002596","SWE_2022","Sweden",1.1092,93,0,99,4,0,7,2,2,1,9,752,9,17,1,3,5,0,0,2,1,5,9,5,5,5,5,6,3,2,2,3,3,3,9,1,1,3,99,752001,1,1,4,2,0,999999,5,99,99,99,99,99,99,99,99,10,6,3,99,99,0,99,99,99,99,99,99,99,99,99,99,99,2,9,9,3,3,9,9,9,0
"0000000378","SWE_2022","Sweden",1.0805,31,0,8,4,1,5,1,2,1,2,752,0,3,3,2,3,4,0,3,2,3,5,3,4,2,4,9,1,1,1,1,3,2,3,2,2,4,1,752001,1,2,4,1,1,752007,4,8,1,3,6,5,2,4,7,8,2,5,5,2,3,3,4,3,8,7,2,5,8,5,6,4,1,0,3,3,2,4,3,2,1
"0000000728","SWE_2022","Sweden",1.073,36,1,7,4,1,1,1,1,1,1,752,0,5,4,2,3,7,7,2,1,1,5,5,5,2,2,8,2,2,2,1,3,1,4,2,2,4,1,752004,0,2,2,1,1,752004,4,8,0,2,10,4,0,9,2,5,5,5,5,5,5,5,5,3,5,9,1,6,9,2,5,2,2,1,2,3,3,4,3,3,1
"0000002122","SWE_2022","Sweden",0.8153,89,1,4,2,1,7,1,2,1,2,900,9,12,2,2,7,99,99,3,1,1,4,5,9,3,9,8,2,3,3,1,3,2,3,2,2,5,1,752001,1,1,2,1,1,752001,5,10,0,5,6,6,9,10,5,10,0,4,4,6,3,8,6,0,10,7,0,5,5,5,5,1,2,1,2,2,1,1,1,3,0
"0000000747","SWE_2022","Sweden",0.5283,65,0,7,4,1,7,1,1,2,1,752,0,12,1,2,7,5,5,1,1,1,2,4,4,1,5,9,1,3,3,2,2,2,4,4,2,5,1,752002,0,1,1,1,1,752002,4,6,10,9,0,0,7,0,5,7,10,8,2,1,8,0,5,4,9,10,0,1,9,0,5,9,2,1,1,2,3,5,2,3,1
"0000002804","SWE_2022","Sweden",1.0469,67,0,2,1,0,7,2,1,2,2,752,0,13,2,2,7,7,7,2,3,3,2,2,4,4,3,4,2,3,4,2,3,2,3,4,2,5,1,752002,0,1,1,2,1,752002,5,4,10,9,4,4,99,99,4,5,10,9,5,5,9,5,6,2,9,10,1,2,7,1,2,99,2,1,1,3,4,3,3,4,1
"0000001721","SWE_2022","Sweden",1.5176,45,1,3,4,1,7,2,2,4,2,901,9,25,1,4,0,0,0,2,1,1,2,4,5,4,4,8,1,1,1,1,1,9,3,2,1,4,0,999999,999999,9,2,1,0,999999,5,10,0,6,7,9,5,9,8,9,0,6,7,8,5,8,8,2,10,8,1,3,10,2,4,3,2,1,2,2,2,2,2,2,0
"0000002209","SWE_2022","Sweden",0.7541,65,0,3,1,1,7,1,1,3,1,900,1,14,2,3,1,0,0,3,3,3,3,3,3,3,3,7,3,3,3,2,4,4,4,4,2,5,1,752003,0,2,2,3,1,999999,3,2,8,8,1,0,2,0,1,2,8,8,1,0,2,0,1,1,9,9,1,0,6,1,6,8,2,0,2,2,2,3,3,5,1
"0000000097","SWE_2022","Sweden",0.91,50,0,7,1,0,1,1,2,5,2,752,0,14,3,1,7,7,7,2,1,1,4,4,5,5,1,8,2,3,1,2,3,1,3,3,2,5,1,752008,0,1,2,1,1,752007,5,99,99,99,99,99,99,99,99,99,99,99,99,99,99,99,99,4,10,7,2,5,9,0,6,6,1,1,2,1,3,4,3,3,1
"0000002190","SWE_2022","Sweden",0.7541,80,0,2,1,9,7,2,2,4,1,752,0,1,3,3,99,99,99,9,1,2,4,5,9,9,9,99,9,9,9,9,9,9,9,9,9,4,99,999999,999999,9,9,1,1,752001,9,7,0,99,99,99,0,5,99,10,5,8,5,6,0,5,99,8,10,10,0,5,99,2,7,4,2,0,3,3,1,2,3,9,0
"0000002120","SWE_2022","Sweden",0.5247,67,1,8,1,0,7,1,1,5,2,900,9,14,3,1,7,7,7,1,1,3,4,5,5,5,5,10,2,2,1,2,2,2,2,2,2,3,1,752006,0,1,1,1,99,999999,4,5,5,10,2,0,10,5,9,7,9,10,7,0,10,0,8,2,10,10,0,4,8,2,10,7,1,1,2,2,2,3,2,3,1
"0000000653","SWE_2022","Sweden",1.0805,39,0,8,1,0,1,1,2,5,2,752,0,12,3,2,5,3,7,1,2,2,2,2,5,2,5,8,2,2,3,1,2,3,3,3,3,5,1,752002,0,2,1,1,1,752002,3,7,9,9,0,2,8,0,3,9,10,8,6,0,10,0,6,3,8,7,0,2,8,0,5,8,2,0,2,2,1,4,2,1,1
"0000002800","SWE_2022","Sweden",1.1014,72,1,2,1,1,7,2,1,2,1,752,0,4,2,3,7,7,0,3,1,2,3,4,5,5,4,9,2,2,2,2,3,2,3,2,2,5,1,752001,1,1,1,2,1,752001,5,10,0,0,7,5,0,7,3,10,0,0,6,7,0,6,1,2,10,10,0,7,9,3,9,1,2,1,1,4,2,4,4,3,8
"0000000884","SWE_2022","Sweden",1.5282,55,0,3,1,0,1,1,2,5,1,752,0,12,1,2,7,99,99,2,1,3,2,2,2,2,3,7,3,3,2,1,3,3,3,4,3,4,1,752003,0,2,2,1,1,752003,4,0,8,9,0,0,7,0,5,8,8,9,5,1,7,0,8,5,8,9,2,2,6,0,4,10,1,0,2,3,1,2,3,2,1
"0000000799","SWE_2022","Sweden",1.073,29,1,7,4,1,1,2,1,2,1,752,0,6,3,1,2,3,0,2,1,1,5,5,5,2,2,9,2,2,1,1,3,3,4,1,2,4,1,752001,1,1,1,1,1,752001,4,8,0,2,9,3,0,9,2,10,1,1,5,6,1,5,5,2,10,7,0,4,9,1,8,0,2,1,2,3,2,4,4,4,1
"0000001825","SWE_2022","Sweden",1.346,21,1,4,4,0,6,9,9,1,2,752,0,14,3,3,1,7,7,2,1,1,5,4,4,3,4,9,2,2,1,1,3,2,3,2,2,5,1,752001,1,2,2,1,99,999999,4,9,0,5,7,8,2,6,5,10,0,6,8,10,1,7,3,3,10,8,1,5,9,2,7,3,2,0,3,3,2,2,2,5,0
"0000001822","SWE_2022","Sweden",0.5283,71,0,8,1,0,7,9,1,4,2,752,0,22,2,1,7,5,7,1,1,5,5,3,5,5,4,10,1,2,1,2,3,2,3,2,2,4,1,752001,1,1,2,1,1,752001,5,10,0,1,5,8,0,9,2,10,0,1,6,9,0,9,3,4,10,9,2,5,9,4,7,4,1,1,2,3,1,4,3,3,0
"0000000338","SWE_2022","Sweden",1.073,28,1,6,4,1,1,2,1,2,3,752,0,6,2,3,1,1,1,3,1,2,5,4,4,1,3,7,3,3,3,2,3,3,3,3,3,4,1,752002,0,2,2,4,1,752001,2,7,8,6,4,5,8,4,5,6,7,3,4,3,5,5,4,6,3,6,6,3,3,3,6,5,2,0,9,3,2,3,4,4,1
"0000000389","SWE_2022","Sweden",0.7658,48,1,8,1,1,2,1,1,3,2,752,0,12,1,3,4,7,7,2,1,1,5,5,5,2,4,7,2,2,2,2,3,3,3,3,1,5,1,752005,0,2,2,2,1,752008,3,7,3,7,3,8,7,5,5,9,6,6,5,8,2,4,7,3,10,8,0,5,7,1,6,5,2,1,2,3,3,4,2,4,1
"0000002556","SWE_2022","Sweden",1.6674,30,1,4,4,0,9,9,9,1,1,752,0,7,1,2,0,7,3,3,1,1,5,5,5,5,2,7,2,2,3,1,3,1,3,3,3,5,1,752004,0,2,5,2,1,752001,5,8,0,2,6,3,0,2,1,8,0,2,6,2,0,5,2,2,10,8,0,5,10,5,9,2,2,0,2,4,3,5,3,4,0
"0000001489","SWE_2022","Sweden",1.1014,83,1,2,2,0,7,2,9,1,1,752,9,8,1,2,6,0,0,4,3,3,3,2,1,4,5,5,2,2,2,2,3,2,3,2,2,2,1,752003,0,2,2,1,1,752005,4,99,99,99,99,99,99,99,99,10,0,10,2,9,99,1,2,8,2,10,6,7,9,4,3,6,2,0,2,2,2,2,3,3,0
"0000002166","SWE_2022","Sweden",0.821,77,0,3,1,1,7,2,2,1,1,752,0,14,2,2,3,0,0,9,4,1,4,3,5,5,2,99,3,3,3,3,3,3,4,2,2,4,1,999999,999999,9,4,4,1,999999,4,5,0,5,5,5,0,5,99,99,0,0,0,0,0,99,99,0,0,0,0,0,0,0,0,0,2,9,9,3,1,3,3,3,1
"0000002391","SWE_2022","Sweden",0.6191,84,1,7,2,9,7,9,1,1,1,752,0,12,2,2,7,0,0,1,1,1,3,5,5,5,3,10,2,9,2,2,9,9,4,1,2,4,1,752001,1,1,1,1,1,752001,5,10,0,0,8,99,0,8,2,10,0,0,8,8,0,8,2,2,10,10,1,5,9,2,7,2,2,1,2,2,3,3,2,3,8
"0000001775","SWE_2022","Sweden",1.6191,58,0,2,1,1,1,1,2,2,9,901,9,13,2,2,5,5,99,2,1,1,1,9,3,3,3,9,1,2,1,2,3,1,4,2,1,2,1,752004,0,1,2,1,1,752001,5,10,0,9,10,10,9,10,8,10,0,10,10,10,10,9,9,1,10,9,0,5,7,4,8,4,1,0,3,3,1,2,1,3,1
"0000002536","SWE_2022","Sweden",0.7489,66,1,3,1,0,7,1,1,3,4,752,0,1,3,2,7,0,0,2,1,1,5,3,4,2,2,8,2,2,2,2,2,2,4,1,2,4,1,752002,0,1,4,2,1,752001,4,9,0,1,3,8,0,6,2,10,7,2,3,9,0,8,2,5,10,10,0,6,10,5,6,5,2,0,2,2,1,3,2,3,0
"0000002345","SWE_2022","Sweden",0.7489,72,1,3,1,0,7,2,1,2,2,752,0,8,2,2,0,7,7,2,1,2,5,5,5,5,4,10,2,3,4,2,3,3,2,2,2,2,1,752007,0,1,4,2,1,752004,5,9,0,0,10,5,0,10,0,10,0,0,10,8,0,10,0,4,10,10,0,4,10,1,10,0,2,1,1,3,3,2,2,3,0
"0000000671","SWE_2022","Sweden",0.8153,66,1,4,1,1,7,1,2,3,1,752,0,1,3,2,4,7,0,3,1,1,4,3,4,4,4,7,3,3,2,3,3,2,4,2,1,4,1,752001,1,2,2,1,1,752001,4,8,1,3,5,5,1,3,5,8,1,2,4,5,1,3,4,4,10,9,2,5,6,4,6,4,2,0,2,3,2,3,3,3,1
"0000000613","SWE_2022","Sweden",0.9037,59,1,6,1,1,1,1,2,5,2,752,0,1,3,2,7,0,0,1,1,1,5,5,5,5,5,10,2,3,2,2,2,2,4,2,2,5,1,752007,0,1,1,1,99,999999,9,7,0,3,5,9,2,10,4,9,0,7,8,9,3,9,6,3,10,10,0,6,9,2,7,6,1,0,9,2,9,3,3,3,1
"0000002590","SWE_2022","Sweden",1.1092,77,0,3,1,9,7,2,2,9,3,752,0,22,1,2,7,99,99,2,1,1,1,5,2,9,9,7,2,2,2,2,3,2,9,2,2,4,1,752001,1,2,2,1,1,752001,5,9,99,99,99,99,99,99,99,10,99,99,99,99,99,99,99,5,6,99,3,4,99,2,4,5,2,1,2,2,2,1,1,2,1
"0000002622","SWE_2022","Sweden",1.1092,79,0,3,2,0,7,4,2,3,3,752,0,17,2,2,7,5,0,2,1,5,2,2,2,2,3,8,2,2,2,1,2,2,9,2,2,3,1,752003,0,1,2,1,1,752003,4,8,8,10,7,8,7,5,7,10,8,10,7,8,7,5,7,99,99,99,99,99,99,99,99,99,2,1,1,2,2,1,3,1,1
"0000001553","SWE_2022","Sweden",1.5282,58,0,4,1,1,5,2,2,3,6,900,9,7,2,3,1,1,1,3,1,5,5,5,3,3,3,7,3,3,3,2,3,3,3,2,2,3,1,999999,999999,9,4,2,1,999999,5,5,5,5,5,5,5,5,5,5,5,5,5,5,5,5,5,2,8,7,2,5,7,5,1,3,2,0,9,2,2,4,3,3,1
"0000001539","SWE_2022","Sweden",1.1984,42,0,99,4,9,99,9,9,9,9,752,0,14,9,2,2,99,99,2,1,2,4,2,5,5,2,9,3,3,2,2,3,4,4,2,2,9,1,752003,0,2,4,9,1,752002,4,7,6,8,2,3,7,0,5,5,6,7,0,5,6,0,0,99,99,99,99,99,99,99,99,99,9,9,9,9,9,9,9,9,9
"0000000611","SWE_2022","Sweden",0.7712,61,0,7,1,1,1,1,1,5,1,752,0,14,2,3,3,5,7,2,1,3,4,9,5,4,5,6,3,2,2,2,3,2,3,2,3,5,1,752001,1,2,2,1,1,752008,4,8,1,8,2,8,5,5,8,10,5,9,2,8,4,3,9,6,10,8,1,6,9,3,7,8,2,0,9,3,3,2,3,2,1
"0000002466","SWE_2022","Sweden",1.073,33,1,8,4,1,5,2,2,5,1,752,0,1,4,2,0,7,7,2,1,3,5,1,3,3,3,8,3,3,3,2,3,2,2,3,3,5,1,752001,1,2,9,9,1,752001,3,10,0,7,4,10,0,4,7,10,0,5,5,10,0,5,5,4,10,7,1,5,10,1,7,6,2,1,2,3,1,3,3,3,1
"0000002400","SWE_2022","Sweden",0.7489,78,1,6,3,1,1,2,2,2,1,901,9,1,4,1,3,5,7,1,1,1,4,2,5,2,2,5,3,3,3,2,3,3,3,3,3,3,1,752004,0,1,2,2,1,752004,4,6,0,0,10,1,0,8,0,6,0,0,10,2,0,7,0,7,10,10,1,8,10,5,10,1,4,1,2,4,3,3,3,3,1
"0000002112","SWE_2022","Sweden",0.7541,82,0,2,4,0,7,2,2,1,2,752,9,7,2,3,99,99,99,2,1,1,2,2,9,3,9,5,3,3,3,2,3,2,9,2,2,4,1,752002,0,9,2,2,1,752002,4,6,9,6,6,6,6,6,6,8,9,7,5,5,5,5,5,2,9,10,1,7,6,2,7,6,2,1,2,3,3,2,9,3,0
"0000000795","SWE_2022","Sweden",0.7712,43,0,7,1,0,1,4,2,2,1,752,0,22,1,2,1,7,7,1,1,2,2,3,5,2,3,8,3,3,2,2,3,4,4,4,3,5,1,752002,0,1,1,2,1,752002,5,3,10,9,0,0,8,0,5,2,10,9,0,0,9,0,2,3,10,9,0,4,8,2,6,99,2,1,1,2,3,2,2,4,1
"0000001720","SWE_2022","Sweden",1.0931,63,1,3,1,1,1,2,1,2,1,752,0,22,1,3,1,0,0,3,3,3,2,2,2,2,2,7,3,3,3,2,3,2,3,3,2,4,0,999999,999999,9,4,3,1,752002,2,0,10,9,0,0,9,0,3,0,10,9,0,0,9,0,0,0,10,10,0,0,9,0,5,10,2,1,2,2,1,2,3,3,0
"0000000049","SWE_2022","Sweden",0.7712,42,0,8,1,1,1,1,2,5,2,900,9,1,3,3,0,7,0,2,1,2,9,5,5,2,1,8,2,2,3,2,3,2,4,3,3,4,1,752003,0,2,2,1,1,752003,5,4,3,9,3,5,5,4,6,5,5,7,5,5,5,5,5,4,7,6,3,5,6,4,5,6,2,0,9,2,2,3,2,3,1
"0000000555","SWE_2022","Sweden",0.7658,51,1,8,1,1,1,1,1,5,3,752,0,1,4,1,3,5,0,2,1,1,5,3,5,5,5,9,2,2,1,1,2,1,3,2,2,5,1,752005,0,1,2,1,1,752008,4,6,0,4,3,9,1,6,5,10,0,2,5,10,0,5,7,4,5,9,1,6,10,4,7,6,2,0,2,2,2,3,3,3,1
"0000001263","SWE_2022","Sweden",1.346,24,1,4,4,1,6,2,1,2,1,752,0,6,2,4,1,5,7,2,9,9,9,9,5,4,4,7,2,2,2,1,3,2,2,2,2,4,1,752001,1,2,2,2,1,752001,4,8,2,5,6,6,6,6,6,9,0,7,5,5,2,5,5,5,5,5,5,5,5,5,5,5,2,0,2,3,2,2,2,3,8
"0000002796","SWE_2022","Sweden",0.5283,66,0,7,1,0,7,1,1,4,1,752,0,12,2,2,7,7,1,1,1,4,4,3,5,5,4,9,1,1,2,2,2,2,3,2,2,4,1,752006,0,2,2,1,1,752006,3,6,5,6,2,7,8,2,5,8,8,7,2,8,7,2,4,5,9,6,2,5,7,3,6,99,2,1,2,2,4,2,2,3,1
"0000002153","SWE_2022","Sweden",0.5283,80,0,8,1,0,7,1,2,3,1,752,0,14,3,1,7,6,6,1,2,1,2,3,5,5,3,9,1,2,2,2,2,2,3,2,2,3,1,752001,1,1,2,1,1,752001,4,10,0,1,8,8,0,9,1,10,0,1,7,7,1,9,2,2,10,9,1,5,10,3,7,2,2,1,1,2,2,2,2,3,0
"0000001377","SWE_2022","Sweden",1.1008,50,0,6,1,1,5,9,1,2,6,901,9,12,1,2,5,6,7,2,1,5,3,1,3,3,1,10,2,1,1,1,2,3,2,2,1,4,99,999999,999999,9,1,1,99,999999,9,99,99,99,10,99,99,99,99,99,99,99,10,99,99,99,99,99,99,99,99,99,99,99,99,99,1,1,1,3,1,2,1,1,1
"0000002458","SWE_2022","Sweden",0.821,68,0,6,4,0,7,4,2,2,1,752,0,12,2,2,7,2,7,2,1,2,2,2,5,5,3,7,2,3,2,3,2,3,9,3,3,3,1,752003,0,2,2,2,1,752003,3,2,7,8,1,3,7,0,6,2,7,9,0,3,8,0,7,3,9,8,1,4,8,2,6,8,2,1,9,2,2,3,2,3,0
"0000000388","SWE_2022","Sweden",1.073,39,1,8,4,1,1,2,1,2,1,752,0,24,1,3,1,1,7,2,1,2,4,3,5,5,4,10,2,2,2,2,3,3,4,2,2,4,1,752006,0,4,2,2,1,752001,3,10,3,6,9,9,9,7,8,10,7,8,8,10,9,10,4,4,9,10,0,5,9,3,7,4,1,1,2,2,2,4,3,4,0
"0000001618","SWE_2022","Sweden",1.0469,73,0,3,3,0,7,4,2,2,2,752,9,14,1,1,7,0,0,1,1,1,5,5,5,5,5,6,2,2,2,1,2,2,4,2,2,4,1,752001,1,5,1,1,1,752001,4,10,0,0,8,5,0,2,0,10,0,1,3,3,0,1,1,2,10,10,0,5,8,3,10,0,2,1,1,3,1,2,2,3,0
"0000001226","SWE_2022","Sweden",0.7541,68,0,5,1,0,7,2,2,3,1,752,0,3,2,2,7,7,0,1,1,1,5,5,5,5,5,10,1,1,1,1,2,1,4,2,2,3,1,752001,1,1,2,1,1,752001,5,9,0,7,0,8,5,7,5,9,0,8,5,8,5,5,5,4,10,8,0,5,8,5,5,5,2,0,2,4,2,2,2,3,1
"0000001343","SWE_2022","Sweden",2.1262,27,1,4,4,1,2,1,1,4,1,752,0,1,3,2,2,1,7,9,1,1,2,2,5,5,5,7,3,3,3,2,3,3,4,4,4,5,1,752002,0,1,2,3,1,752003,4,5,10,8,5,5,8,5,5,5,10,6,5,5,5,5,5,1,8,7,0,3,7,3,4,7,4,1,1,3,2,4,4,3,1
"0000002079","SWE_2022","Sweden",0.5283,75,0,8,3,1,7,4,2,4,1,752,0,17,2,2,7,6,0,1,1,2,3,5,5,5,5,9,1,2,2,2,3,1,4,3,2,4,1,752008,0,2,1,1,1,752008,4,7,6,5,6,5,9,0,7,7,7,99,99,4,8,0,6,3,9,8,1,3,8,1,6,6,1,1,2,3,3,3,2,3,0
"0000000663","SWE_2022","Sweden",1.1901,45,1,5,4,1,1,1,2,5,2,752,0,1,3,2,3,7,7,1,1,3,5,3,4,4,5,10,3,3,2,1,2,1,3,3,2,4,1,752003,0,9,2,1,1,752003,5,5,3,9,1,8,6,3,8,6,5,9,3,5,8,5,5,3,10,8,0,6,9,3,8,7,2,0,2,2,1,4,3,3,1
"0000000382","SWE_2022","Sweden",0.91,59,0,6,1,1,1,2,1,5,1,752,0,12,1,3,5,7,7,2,1,1,3,2,3,2,2,9,2,2,2,1,3,2,3,3,2,4,1,752002,0,2,2,1,1,752003,4,5,10,8,0,0,4,1,5,6,10,8,0,0,7,0,2,4,10,9,0,5,7,2,7,10,2,1,2,2,3,2,3,3,1
"0000000635","SWE_2022","Sweden",1.275,35,0,99,4,9,99,9,9,9,9,752,0,1,9,2,5,7,7,2,2,2,3,3,4,1,4,7,2,2,2,1,3,3,3,4,2,9,1,752004,0,2,2,9,1,752008,5,99,99,99,99,99,99,99,99,99,99,99,99,99,99,99,99,99,99,99,99,99,99,99,99,99,9,9,9,9,9,9,9,9,9
"0000001363","SWE_2022","Sweden",1.0805,33,0,7,4,1,2,2,1,1,1,752,0,3,2,1,4,5,7,2,2,4,3,4,5,5,4,5,3,3,2,2,4,3,3,4,3,2,1,999999,999999,9,5,4,1,999999,2,0,0,0,4,0,0,0,0,0,0,0,2,0,0,0,0,7,10,10,5,8,10,7,8,0,4,1,1,2,4,5,3,3,1
"0000002180","SWE_2022","Sweden",0.821,76,0,4,3,0,7,1,2,1,1,752,0,14,2,3,3,0,0,2,1,2,2,2,3,3,3,8,2,2,2,1,2,2,3,2,2,4,1,752001,1,2,2,1,1,752001,5,9,3,4,4,4,5,3,5,9,5,7,5,6,5,5,5,2,9,6,3,5,5,5,5,5,2,0,3,2,2,3,2,3,8
"0000001863","SWE_2022","Sweden",1.0469,76,0,3,4,0,7,1,1,1,1,752,0,14,2,3,2,0,0,5,1,2,3,2,3,3,3,9,2,2,3,4,3,4,4,2,3,3,1,999999,999999,9,2,1,1,999999,4,8,6,7,5,6,5,5,5,6,7,7,6,6,5,5,6,3,2,3,2,1,1,1,2,3,2,0,9,2,1,2,2,2,0
"0000000242","SWE_2022","Sweden",0.5409,70,0,9,1,1,1,1,9,5,2,752,0,1,3,1,7,2,0,2,1,1,4,4,4,3,3,8,2,2,3,1,3,2,4,2,2,3,1,752005,0,4,2,1,1,752003,4,7,2,7,2,8,2,4,7,8,3,8,3,8,1,3,7,6,9,9,2,7,9,2,8,6,2,0,3,2,2,2,2,2,1
"0000000024","SWE_2022","Sweden",1.1984,41,0,4,4,0,1,2,2,4,2,752,0,14,1,2,2,4,4,2,1,1,4,5,2,2,2,8,2,2,2,2,2,3,4,2,2,5,1,752006,0,2,2,1,1,752001,3,8,5,5,3,3,9,0,5,5,5,5,5,5,5,5,5,4,10,7,0,6,7,2,6,4,1,1,2,3,4,4,2,3,1
"0000000430","SWE_2022","Sweden",0.7658,52,1,7,3,1,1,2,1,2,2,752,0,14,1,2,5,5,5,2,2,2,4,3,3,2,5,9,1,1,1,1,2,1,3,2,1,4,1,752006,0,4,4,1,1,752003,4,7,5,8,1,6,8,3,7,8,8,8,1,6,7,3,6,4,7,7,1,5,7,2,7,6,2,0,9,2,3,2,3,3,1
"0000000938","SWE_2022","Sweden",1.073,31,1,8,4,1,1,1,1,4,2,752,0,22,1,1,2,2,7,1,1,1,5,5,5,3,3,8,2,2,2,1,2,2,2,2,2,4,1,752004,0,1,2,1,1,752004,4,6,0,2,8,3,2,6,2,99,0,4,6,6,1,5,5,4,9,9,2,9,9,5,9,0,2,1,9,3,3,3,3,4,1
"0000001520","SWE_2022","Sweden",1.1984,45,0,7,3,1,2,2,1,5,2,752,0,12,2,3,5,3,1,2,1,1,5,5,5,3,4,9,2,2,2,1,2,1,3,2,2,5,1,752003,0,2,2,1,1,752001,5,9,0,9,5,5,4,6,6,10,0,6,4,7,4,5,5,2,5,9,0,5,7,1,6,2,4,0,2,2,3,3,3,4,1
"0000001510","SWE_2022","Sweden",1.7851,23,0,4,4,1,1,2,2,5,1,752,0,14,1,3,3,1,7,3,1,3,9,9,5,5,4,9,2,2,2,1,2,2,3,9,2,4,1,752003,0,2,2,1,1,752003,4,6,9,9,0,99,8,0,5,7,9,9,2,2,9,0,5,4,9,9,0,3,9,3,5,9,2,0,3,2,2,4,2,3,1
"0000002113","SWE_2022","Sweden",1.1008,56,0,3,4,1,7,9,1,2,1,752,0,10,1,2,2,2,2,3,1,1,1,1,3,3,3,5,3,3,3,3,3,3,3,2,2,3,1,752001,1,9,2,3,1,752001,9,8,5,0,0,2,5,5,0,8,2,1,1,2,2,2,1,5,0,5,5,5,5,5,5,5,2,0,9,3,2,3,3,3,0
"0000001766","SWE_2022","Sweden",1.0931,58,1,3,1,9,1,2,2,4,2,752,0,17,2,2,4,7,2,2,1,9,9,9,5,5,5,10,1,1,1,1,1,2,2,3,2,5,1,752001,1,4,2,1,1,752001,5,10,8,8,8,5,8,8,8,10,8,8,7,8,8,8,7,0,10,10,0,5,5,5,10,10,1,1,1,2,2,5,4,4,1
"0000001418","SWE_2022","Sweden",1.1008,62,0,3,4,0,9,2,2,1,1,752,0,4,2,9,0,99,0,2,1,1,5,5,9,1,9,3,4,4,4,2,4,4,4,2,2,4,1,752001,1,1,5,1,1,752001,4,99,0,0,5,0,0,0,5,8,0,0,0,0,0,0,0,8,10,10,99,99,99,99,99,3,5,1,1,1,2,2,3,3,0
"0000001420","SWE_2022","Sweden",0.7489,81,1,5,1,0,7,9,1,1,1,752,0,3,2,2,7,99,5,3,3,2,3,2,4,5,1,7,3,3,2,3,3,2,2,2,2,2,99,999999,999999,9,4,1,1,752003,5,10,99,10,99,99,99,99,99,10,99,9,99,99,99,99,99,1,99,7,2,99,99,99,7,6,2,0,3,2,2,2,2,2,1
"0000000468","SWE_2022","Sweden",1.073,34,1,7,1,1,1,2,1,3,1,752,1,19,2,2,0,7,5,1,2,1,3,1,5,2,2,3,3,3,3,2,3,3,3,3,3,4,1,752002,0,1,4,3,1,752008,2,2,8,7,5,2,7,0,5,2,8,7,3,0,5,2,3,4,7,6,2,4,7,0,5,7,4,1,2,2,2,3,4,3,1
"0000001729","SWE_2022","Sweden",1.1901,54,1,3,4,1,1,2,1,9,1,752,0,24,1,2,7,7,7,2,1,1,5,3,5,4,2,8,2,3,2,2,3,2,3,2,2,4,1,752001,1,1,2,2,1,752001,4,9,0,1,8,6,1,7,3,9,1,1,6,8,1,6,4,3,10,9,0,5,8,4,7,2,2,1,1,3,3,3,3,3,0
"0000001241","SWE_2022","Sweden",1.6674,30,1,4,4,0,6,2,2,1,1,752,0,18,4,2,1,2,7,2,1,3,4,5,5,2,3,8,2,2,2,1,3,1,4,3,3,5,1,999999,999999,9,2,1,1,999999,5,99,0,2,10,2,0,7,2,6,0,0,6,1,0,7,5,4,10,9,0,7,10,4,8,2,1,0,2,2,2,5,3,5,0
"0000001044","SWE_2022","Sweden",0.7489,67,1,5,1,1,7,1,1,2,1,752,0,24,2,2,7,6,2,2,1,2,5,5,5,5,5,9,2,2,2,3,9,2,4,2,2,4,1,752001,1,1,1,1,1,752001,5,10,0,5,5,8,3,5,5,10,0,4,4,8,2,5,4,3,10,10,0,5,10,4,7,3,1,1,1,3,2,4,2,3,0
"0000001793","SWE_2022","Sweden",1.1014,78,1,2,1,9,99,2,1,3,9,752,0,12,1,2,7,7,7,2,1,3,3,1,9,9,9,99,2,9,2,9,3,9,9,9,3,2,99,752001,1,2,2,1,1,752001,3,99,99,99,5,99,5,99,5,9,3,2,7,99,99,5,5,2,10,10,1,5,99,2,5,4,2,1,2,3,3,2,9,3,1
"0000001717","SWE_2022","Sweden",1.1984,46,0,5,1,1,1,2,2,4,1,752,0,3,1,3,1,0,0,2,2,1,1,3,2,2,5,9,2,2,2,2,3,1,4,3,2,5,1,752006,0,1,1,1,1,752006,4,5,5,8,99,4,9,0,99,6,8,6,0,3,10,1,7,5,10,9,0,3,8,1,7,8,2,0,2,2,1,2,2,3,1
"0000002665","SWE_2022","Sweden",1,46,1,99,4,0,9,9,9,9,9,752,0,5,2,2,99,99,0,2,9,2,9,9,1,9,9,10,1,1,9,9,9,9,9,2,3,3,1,752007,0,4,4,3,99,999999,5,10,99,99,99,99,99,10,99,99,99,99,99,99,99,99,99,10,99,99,99,99,99,9,99,10,5,0,9,2,1,9,9,9,1
"0000000418","SWE_2022","Sweden",0.7712,59,0,8,4,1,1,1,1,4,1,752,0,8,2,1,7,3,0,1,1,1,5,5,5,5,5,10,1,1,1,1,2,2,4,2,2,4,1,752007,0,2,1,1,1,752001,5,8,0,0,4,7,0,9,0,9,0,0,5,9,0,8,1,6,10,10,0,7,10,2,8,2,1,1,2,2,3,3,1,3,1
"0000001924","SWE_2022","Sweden",1.275,28,0,7,4,1,6,1,1,3,2,752,0,12,2,2,2,4,7,2,2,1,4,3,5,2,2,7,2,2,1,1,3,2,3,2,1,4,1,752008,0,1,1,1,1,752008,5,7,7,9,0,6,5,7,10,7,10,9,1,3,10,5,8,2,9,8,0,5,7,5,7,99,1,1,1,1,2,2,3,4,1
"0000000586","SWE_2022","Sweden",1.073,29,1,7,4,1,1,1,1,5,2,752,0,1,4,2,2,6,7,2,1,1,5,5,5,4,5,10,2,2,2,2,3,2,3,2,2,4,1,752001,1,1,1,1,1,752001,5,9,0,1,9,7,1,8,1,10,0,1,9,8,1,8,2,3,8,9,1,6,8,3,7,2,1,0,3,4,2,3,3,3,1
"0000001094","SWE_2022","Sweden",0.7658,43,1,8,1,1,1,1,1,5,1,752,0,6,2,3,5,3,0,1,1,1,3,4,5,4,3,7,2,2,2,1,3,3,3,2,2,4,1,752001,1,2,2,1,1,752001,5,9,0,6,3,7,7,7,6,9,0,6,5,8,6,5,5,3,10,7,1,4,5,5,5,4,2,1,2,3,3,3,3,3,1
"0000002179","SWE_2022","Sweden",0.821,74,0,3,1,0,7,9,2,2,2,752,0,3,1,1,99,2,2,2,1,1,3,2,2,2,1,7,2,3,2,2,4,3,4,3,3,5,1,999999,999999,9,2,2,1,999999,4,8,9,8,5,0,8,0,6,8,9,7,5,0,8,0,7,4,9,9,2,5,7,0,6,99,2,0,9,3,3,2,2,3,0
"0000000504","SWE_2022","Sweden",1.0805,33,0,7,4,1,1,1,1,4,1,752,0,19,1,2,7,7,0,1,1,3,4,5,3,3,3,9,2,2,2,2,3,2,3,2,2,3,1,752001,1,1,1,1,1,752001,4,8,4,8,4,7,4,7,4,9,5,8,3,7,3,7,5,2,10,8,1,5,9,3,7,5,2,0,2,3,2,3,3,3,1
"0000001770","SWE_2022","Sweden",1.0805,27,0,8,4,1,1,4,9,1,2,752,0,1,4,2,3,5,7,2,1,3,2,4,2,1,4,8,2,2,2,2,2,3,3,3,2,4,1,752006,0,2,4,2,1,752006,5,1,2,10,0,7,10,0,8,7,8,8,7,7,9,2,9,3,5,10,0,4,10,2,7,9,2,1,1,2,2,3,3,5,1
"0000000590","SWE_2022","Sweden",1.1901,51,1,4,4,1,1,1,1,4,1,752,1,6,1,3,7,5,7,2,1,1,5,5,5,4,5,10,1,1,1,1,2,1,3,2,2,4,1,752001,1,1,1,1,1,752001,4,9,0,6,6,8,6,8,6,7,4,6,6,6,4,5,5,99,99,99,99,99,99,99,99,3,1,0,3,2,2,3,3,3,1
"0000001206","SWE_2022","Sweden",2.2604,18,1,6,4,0,6,9,9,4,3,752,0,17,1,3,1,1,3,2,1,3,3,3,4,2,1,9,2,2,3,2,3,2,3,2,2,3,1,752003,0,2,2,2,0,999999,3,4,7,9,3,5,6,2,5,6,6,9,5,5,6,5,5,2,8,8,0,3,8,1,7,6,2,0,2,2,2,4,3,3,1
"0000002159","SWE_2022","Sweden",0.5409,84,0,9,1,1,7,9,2,4,4,752,0,12,1,2,5,0,2,2,1,1,2,3,4,3,2,10,2,3,1,2,3,2,4,3,2,5,1,752003,0,2,2,1,1,752003,4,2,7,9,0,7,6,0,6,3,7,8,0,6,6,0,7,2,10,8,0,5,6,0,6,7,2,1,2,3,3,3,3,4,0
"0000001787","SWE_2022","Sweden",0.5247,73,1,7,1,0,3,1,2,4,3,752,1,3,2,2,7,1,2,2,1,1,5,5,5,5,5,8,2,2,2,2,2,2,4,2,2,5,1,752001,1,2,2,1,1,752008,5,8,0,3,3,3,3,3,6,10,0,3,3,4,2,5,6,3,10,9,0,5,9,2,8,5,2,0,3,3,3,2,2,3,0
"0000000846","SWE_2022","Sweden",1.073,29,1,7,4,0,99,1,2,2,1,752,0,1,4,3,4,1,7,2,1,3,3,3,4,5,5,10,2,2,2,1,2,9,3,3,3,4,1,752003,0,1,2,1,1,752005,3,6,8,9,0,7,7,4,7,7,7,7,5,5,5,5,5,3,10,10,0,5,8,1,8,8,1,0,2,2,2,4,1,1,1
"0000001444","SWE_2022","Sweden",0.821,76,0,3,3,1,7,3,2,3,1,752,0,24,2,2,7,99,7,2,1,2,4,5,3,3,3,8,2,2,2,3,3,3,4,3,3,2,1,752005,0,2,4,2,1,752005,3,8,7,7,6,9,6,5,8,8,9,8,8,8,7,5,8,5,9,9,1,7,9,4,8,6,2,1,2,3,4,3,3,3,1
"0000001171","SWE_2022","Sweden",1.1008,60,0,3,1,0,1,2,1,4,6,752,0,19,1,3,2,99,99,2,1,1,1,9,4,9,9,4,4,2,3,9,9,9,9,3,1,5,1,999999,999999,9,5,1,1,999999,4,8,6,5,5,5,5,5,5,8,5,5,5,5,5,5,5,5,10,9,3,7,8,6,8,5,1,0,9,3,1,2,1,3,1
"0000001245","SWE_2022","Sweden",1.6674,36,1,4,4,1,2,2,2,3,1,752,0,21,2,3,0,6,7,3,1,2,5,3,5,5,5,10,2,2,2,2,2,2,3,2,2,4,1,752001,1,1,2,1,1,752001,4,9,0,3,5,8,3,5,5,8,0,2,7,10,2,5,5,3,10,6,0,5,8,3,99,3,2,1,2,4,3,3,3,3,1
"0000001125","SWE_2022","Sweden",1.275,26,0,6,4,0,99,4,2,2,1,752,0,12,4,3,0,7,0,2,1,3,4,4,4,4,4,8,3,3,3,2,3,3,4,3,2,4,1,752001,1,4,2,1,1,752005,2,8,0,7,4,7,1,5,7,8,8,6,5,9,0,5,7,4,10,6,0,5,8,3,8,6,2,0,3,3,2,3,3,3,1
"0000000165","SWE_2022","Sweden",0.7658,45,1,6,4,1,1,1,2,2,1,752,0,1,4,2,3,7,0,2,1,1,4,5,5,3,4,1,1,1,1,1,2,2,3,3,2,4,1,752003,0,1,2,1,1,752003,5,5,2,9,2,7,2,2,8,8,6,8,8,4,6,4,8,6,10,9,0,6,7,0,8,8,2,1,2,2,2,3,3,3,1
"0000002676","SWE_2022","Sweden",0.5409,84,0,99,1,0,7,1,1,2,9,752,0,14,4,2,4,99,99,1,1,4,5,3,9,9,1,7,2,2,2,9,3,2,3,3,3,3,99,999999,999999,9,2,1,99,999999,5,2,7,8,0,5,6,0,5,7,7,8,0,4,5,0,6,2,8,10,99,3,6,0,6,8,2,1,2,2,1,3,9,4,0
"0000000584","SWE_2022","Sweden",0.7658,53,1,7,1,0,1,1,1,5,1,752,1,12,4,2,5,3,6,1,1,1,4,3,5,4,4,8,2,2,2,2,3,3,3,2,1,4,1,752001,1,1,2,1,1,752001,4,9,0,6,5,7,0,6,8,9,0,3,5,8,1,6,7,4,7,9,0,5,10,3,6,5,2,0,3,2,2,3,3,3,1
"0000000204","SWE_2022","Sweden",0.91,57,0,5,1,1,1,9,2,5,2,752,0,25,1,2,6,7,1,1,1,1,3,4,5,2,3,9,1,1,2,1,2,2,4,2,1,4,1,752003,0,2,1,1,1,752003,5,8,6,8,8,1,6,0,5,9,8,9,9,0,8,0,8,4,6,9,1,3,9,3,6,7,2,0,2,2,3,4,3,3,0
"0000002093","SWE_2022","Sweden",0.5247,75,1,7,1,0,7,1,1,1,2,752,0,17,1,2,5,7,1,2,1,1,2,3,5,5,5,10,1,2,2,1,2,1,3,3,2,4,1,752003,0,2,1,1,1,752003,5,6,4,9,0,0,8,0,5,5,6,10,1,0,9,0,9,3,10,10,0,3,9,0,7,9,2,1,2,2,2,4,2,3,0
"0000001430","SWE_2022","Sweden",1.1984,58,0,3,1,1,1,2,1,5,1,752,0,5,2,2,5,3,5,1,1,4,3,4,5,5,4,9,2,2,2,1,3,2,3,2,1,4,1,752005,0,1,2,1,1,752008,4,6,0,4,0,9,0,5,4,8,0,5,2,10,0,4,6,4,10,9,1,6,9,2,6,7,1,0,2,2,2,4,3,3,1
"0000001023","SWE_2022","Sweden",0.9037,52,1,6,1,1,1,1,1,5,1,752,0,21,2,3,2,99,99,2,1,9,1,2,2,4,4,8,2,2,2,2,3,2,3,3,2,4,1,752003,0,1,2,2,1,752003,5,7,5,9,2,5,5,0,9,7,5,9,3,5,5,0,9,3,10,8,0,5,5,0,7,7,2,1,2,3,3,2,9,3,1
"0000000017","SWE_2022","Sweden",0.7712,51,0,8,3,1,1,1,1,4,1,752,0,3,4,2,5,6,99,1,1,2,4,5,5,2,2,8,2,2,2,1,3,2,4,2,1,4,1,752008,0,4,4,1,1,752001,5,6,0,1,2,0,1,4,6,8,0,3,3,4,0,5,6,5,8,8,1,7,9,3,6,5,4,0,2,2,3,2,2,2,8
"0000002353","SWE_2022","Sweden",0.5409,90,0,9,1,0,7,1,4,4,3,752,9,14,3,1,5,3,0,1,1,1,5,4,5,5,5,10,1,2,1,1,2,2,4,2,2,2,1,752003,0,1,2,1,1,752003,5,6,1,10,0,5,7,0,5,7,7,9,1,3,8,1,5,2,7,10,0,4,8,1,7,9,1,0,9,1,2,2,3,3,0
"0000002697","SWE_2022","Sweden",0.5283,78,0,7,1,0,7,1,2,5,2,752,0,1,3,1,7,5,0,1,1,1,4,5,5,4,4,10,1,1,1,1,2,1,3,2,9,3,1,752001,1,2,1,9,1,752008,5,9,0,6,6,9,6,3,8,10,2,5,9,10,5,7,9,2,10,8,0,3,9,1,3,3,1,0,2,9,2,2,2,3,1
"0000000591","SWE_2022","Sweden",1.6791,38,0,7,4,1,1,1,2,4,2,901,1,1,4,3,2,6,7,2,1,2,2,1,5,4,2,7,2,2,2,2,3,3,3,2,2,2,1,752004,0,2,4,2,1,752001,3,8,0,2,10,5,0,8,0,8,0,0,10,8,0,0,0,4,10,10,0,4,10,2,10,0,2,0,2,4,2,3,3,3,1
"0000002482","SWE_2022","Sweden",0.821,76,0,5,2,0,7,4,2,1,3,752,0,14,3,2,7,7,0,1,1,2,5,5,5,5,5,10,1,1,1,1,1,1,4,2,1,4,1,752001,1,1,1,1,1,752003,5,9,3,9,3,8,4,5,8,9,3,9,3,8,4,5,8,6,5,8,2,7,7,5,7,6,2,0,2,2,2,2,2,9,1
"0000000379","SWE_2022","Sweden",0.9037,55,1,99,3,9,99,9,9,9,9,752,0,1,9,3,0,99,99,2,1,1,1,9,3,2,9,9,9,9,9,9,9,9,9,9,9,9,99,999999,999999,9,9,9,99,999999,9,99,99,99,99,99,99,99,99,99,99,99,99,99,99,99,99,99,99,99,99,99,99,99,99,99,9,9,9,9,9,9,9,9,9
"0000000901","SWE_2022","Sweden",1.073,34,1,8,1,1,5,1,2,2,1,901,9,22,2,2,4,2,0,3,5,4,4,5,3,3,4,7,2,3,2,2,3,4,4,3,3,4,1,752002,0,1,2,1,1,752002,4,0,9,9,0,2,4,1,5,0,9,9,0,2,4,1,5,0,9,8,0,1,4,1,4,8,4,0,9,2,1,4,3,3,1
"0000001716","SWE_2022","Sweden",1.1984,53,0,4,3,9,1,2,2,2,1,752,0,14,4,3,4,0,0,1,1,2,5,5,4,4,5,7,2,2,1,3,4,2,3,3,2,4,1,752001,1,9,4,1,0,999999,4,10,1,8,4,5,4,3,8,8,2,4,9,5,6,7,5,5,5,5,5,5,5,5,5,7,2,0,2,3,3,4,2,4,0
"0000000742","SWE_2022","Sweden",0.91,64,0,4,1,1,7,9,2,5,3,752,0,14,1,3,1,2,3,1,1,1,5,5,5,4,2,7,3,3,2,3,3,3,4,2,3,2,1,752007,0,2,2,2,1,752007,4,3,0,2,2,3,1,8,2,8,0,0,2,5,0,7,1,2,9,9,1,5,8,3,7,3,4,0,3,3,3,2,3,3,1
"0000002208","SWE_2022","Sweden",1.0805,33,0,6,4,0,6,2,2,3,4,752,1,1,3,2,5,7,0,2,3,1,3,3,5,2,2,7,3,3,3,3,3,3,3,3,3,4,1,999999,999999,9,5,2,1,752007,3,9,0,5,9,7,0,9,6,9,0,2,10,9,0,9,5,3,10,8,1,5,10,2,7,5,4,0,9,3,2,4,3,4,1
"0000001459","SWE_2022","Sweden",0.7541,80,0,2,3,1,7,3,2,2,1,752,0,23,1,1,7,0,0,2,1,1,4,2,4,4,2,8,1,1,2,2,3,3,9,3,2,3,1,752002,0,1,2,2,1,752002,5,8,9,7,7,5,7,1,6,7,9,7,5,2,7,0,5,4,8,10,1,3,8,1,7,7,2,1,2,3,3,2,2,3,8
"0000002729","SWE_2022","Sweden",0.821,71,0,4,1,0,7,4,2,2,2,752,0,8,1,3,0,3,0,2,1,1,4,5,5,2,4,7,2,2,2,2,3,3,4,2,1,3,1,752003,0,2,2,1,1,752001,4,5,1,7,1,5,5,4,3,7,1,5,3,5,1,5,5,3,9,7,2,6,5,4,5,6,2,0,3,3,2,2,3,3,0
"0000000264","SWE_2022","Sweden",1.073,37,1,8,4,0,1,2,1,2,1,752,0,1,4,2,1,7,7,1,1,3,3,5,5,4,4,8,2,2,2,1,2,2,3,2,2,4,1,752001,1,2,1,1,1,752004,5,9,0,3,9,5,2,8,4,10,0,3,10,7,4,8,7,2,10,9,0,5,9,3,8,2,1,1,2,3,3,2,2,4,1
"0000002735","SWE_2022","Sweden",0.7541,72,0,3,1,0,7,1,1,3,1,752,0,25,2,2,4,7,0,1,1,3,2,3,5,5,5,8,2,3,1,1,3,2,4,2,1,3,1,752001,1,2,1,1,1,752001,5,8,2,5,7,6,5,0,5,8,6,3,8,7,5,0,6,2,10,10,2,5,7,5,8,3,1,1,2,2,2,3,2,2,1
"0000001682","SWE_2022","Sweden",1.1008,56,0,4,3,0,99,9,9,1,9,901,9,1,2,3,1,0,1,2,3,3,3,3,3,3,2,8,1,1,1,1,3,2,2,2,2,2,1,752001,1,2,2,2,1,752001,2,10,1,3,9,4,7,9,10,10,1,3,9,4,7,99,10,10,0,2,8,99,8,99,10,6,2,1,2,2,2,4,2,3,0
"0000002521","SWE_2022","Sweden",0.7489,77,1,3,2,0,7,1,1,1,1,752,0,14,1,3,7,0,0,2,1,1,5,3,5,5,5,8,2,2,2,2,3,2,9,2,2,4,1,752001,1,2,4,2,1,752001,3,8,1,3,7,6,3,6,3,9,8,2,7,7,1,7,3,3,7,10,0,4,8,3,9,4,2,1,2,2,2,2,3,3,0
"0000002768","SWE_2022","Sweden",0.7658,50,1,8,4,0,5,1,1,1,1,752,0,12,2,1,6,0,7,1,1,1,2,5,5,1,3,8,3,2,2,1,3,1,3,1,2,9,1,752001,1,1,2,1,1,752001,4,9,1,4,8,4,1,9,2,10,1,1,9,3,1,7,5,3,8,8,1,6,9,4,8,2,1,0,3,2,2,2,2,5,1
"0000001380","SWE_2022","Sweden",0.7541,70,0,5,1,0,7,2,2,3,4,752,0,6,1,2,7,7,0,2,1,1,2,5,5,5,5,9,1,1,2,2,2,2,4,2,1,3,1,752001,1,1,1,1,1,752001,5,99,99,99,99,99,99,99,99,10,0,1,9,7,0,8,1,1,10,10,0,5,10,3,9,1,2,1,2,3,2,1,1,1,1
"0000002593","SWE_2022","Sweden",1.0469,81,0,3,1,0,7,1,2,2,2,752,9,1,2,2,6,7,0,2,1,2,4,3,4,3,4,8,2,2,2,2,3,2,4,3,2,4,1,752008,0,2,2,1,1,752003,4,5,2,8,0,2,6,1,9,5,5,8,0,0,6,0,6,3,5,7,1,4,6,3,6,7,2,1,2,2,2,3,2,3,1
"0000001028","SWE_2022","Sweden",0.91,60,0,7,1,0,1,1,2,3,2,752,0,1,2,9,0,7,0,2,2,2,2,3,4,2,3,8,2,2,2,1,3,2,4,2,2,3,1,752001,1,2,2,2,1,752001,5,9,2,6,5,5,5,5,5,8,4,6,6,5,5,4,5,3,10,8,1,4,7,3,6,5,2,0,2,2,2,2,2,3,1
"0000000515","SWE_2022","Sweden",0.7658,46,1,7,1,1,1,1,2,5,1,752,0,14,3,2,1,7,0,1,1,3,5,5,5,4,4,8,2,3,2,2,2,1,4,2,2,4,1,752004,0,4,4,1,1,752007,5,8,0,2,8,7,0,8,1,9,0,1,8,9,0,6,1,2,7,7,1,4,10,4,8,3,1,0,9,3,3,2,3,3,1
"0000002829","SWE_2022","Sweden",0.7541,76,0,3,1,0,7,2,2,2,3,752,0,19,2,1,5,0,0,1,1,4,2,2,2,2,2,10,1,1,2,2,3,2,3,1,1,1,1,752001,1,1,1,1,1,752001,4,10,0,1,8,9,1,8,1,99,99,99,99,99,99,99,99,99,99,99,99,99,99,99,99,99,1,1,1,2,2,1,1,1,0
"0000002547","SWE_2022","Sweden",0.6234,76,0,99,1,9,99,9,9,9,9,752,0,17,9,9,5,5,99,1,1,5,5,2,5,5,3,9,3,3,2,2,3,3,9,3,1,9,99,999999,999999,9,2,9,1,999999,2,99,99,99,99,2,99,99,99,99,99,99,99,99,99,99,99,99,99,99,99,99,99,99,99,99,9,9,9,9,9,9,9,9,9
"0000000675","SWE_2022","Sweden",0.5283,79,0,99,1,9,99,9,9,9,9,752,0,1,9,2,7,5,0,2,2,4,3,2,3,3,3,3,2,2,3,3,3,3,3,3,2,9,99,999999,999999,9,2,3,1,999999,2,4,7,7,4,2,7,4,5,5,7,7,3,2,7,4,6,3,4,5,2,2,5,3,4,5,2,0,9,2,9,3,3,3,0
"0000002830","SWE_2022","Sweden",1.0396,83,1,3,1,0,7,4,2,2,2,752,0,8,2,2,7,6,6,1,1,2,1,3,5,5,3,10,2,2,3,2,3,2,3,4,3,3,1,752008,0,1,9,1,1,752006,4,2,9,8,0,1,9,1,9,1,9,9,0,99,9,0,9,1,9,9,0,2,9,0,9,9,1,0,9,2,3,3,3,3,0
"0000001140","SWE_2022","Sweden",0.91,61,0,7,1,0,2,2,2,4,1,752,0,12,2,2,0,7,0,5,1,1,5,3,3,3,3,9,3,2,2,2,3,3,4,2,2,9,1,752002,0,1,4,1,1,752008,5,5,5,5,5,5,5,5,5,5,5,5,5,5,5,5,5,4,7,6,3,6,5,3,5,5,2,0,9,2,1,4,3,4,1
"0000000330","SWE_2022","Sweden",1.073,34,1,8,1,1,1,2,2,5,2,752,0,1,3,3,0,0,7,2,1,1,2,3,3,2,5,8,2,2,2,1,3,1,4,2,2,4,1,752008,0,2,4,1,1,752005,5,7,0,10,0,10,4,3,10,8,0,7,0,10,3,0,7,3,7,10,0,9,5,0,9,8,2,0,3,3,3,2,3,3,1
"0000002443","SWE_2022","Sweden",0.821,89,0,99,1,0,7,4,2,3,9,752,0,14,2,3,6,7,0,3,1,1,3,1,1,1,5,10,2,3,2,3,3,2,3,3,2,4,1,752003,0,1,1,1,1,752003,5,5,7,9,0,5,6,0,5,8,6,9,2,5,5,0,6,4,10,10,0,5,7,1,6,9,1,1,2,2,2,3,3,3,0
"0000000179","SWE_2022","Sweden",1.0805,40,0,8,1,1,5,1,2,5,2,901,9,1,4,2,3,7,7,2,2,2,2,2,2,3,3,6,2,2,2,2,3,2,3,3,2,4,1,752003,0,1,2,1,1,752003,5,0,0,10,0,2,8,2,9,0,0,10,0,2,7,2,9,1,10,9,0,5,8,4,7,8,2,1,2,2,2,3,3,2,1
"0000001734","SWE_2022","Sweden",1.1984,55,0,3,4,1,1,2,2,2,1,752,1,20,1,2,0,0,0,2,1,3,2,3,5,4,3,8,3,2,3,2,2,3,3,2,2,4,1,752001,1,1,1,1,1,752001,5,10,0,0,8,3,0,5,2,10,0,1,7,6,0,5,4,2,10,9,1,5,9,5,7,2,1,1,1,3,3,4,3,4,1
"0000002478","SWE_2022","Sweden",1.1014,71,1,4,1,0,7,4,2,5,1,752,0,5,2,2,7,4,2,2,1,4,2,2,3,3,2,7,2,2,2,2,2,3,3,9,3,2,1,752003,0,2,2,2,1,752006,5,99,6,10,0,6,9,0,7,4,8,10,0,6,10,0,8,4,7,10,0,4,10,0,6,9,2,1,2,3,3,2,2,3,0
"0000002028","SWE_2022","Sweden",0.821,78,0,6,1,0,7,1,2,2,1,900,9,14,2,2,99,7,0,2,1,1,2,3,5,5,3,7,1,2,3,2,3,2,4,2,2,2,1,752001,1,2,5,1,1,999999,3,9,5,3,7,7,5,6,5,10,6,4,5,2,2,5,4,3,6,10,0,5,8,4,6,3,2,0,2,3,3,4,4,3,1
"0000001308","SWE_2022","Sweden",1.1901,56,1,3,1,1,1,2,1,3,2,752,0,12,2,2,3,7,5,2,1,9,9,9,3,3,9,7,2,2,2,2,2,9,9,2,2,4,1,752001,1,2,2,2,1,752001,5,9,0,7,3,6,4,4,5,10,3,6,2,6,4,5,3,3,5,10,0,5,5,5,7,7,2,1,2,2,1,2,2,2,1
"0000001170","SWE_2022","Sweden",1.5282,54,0,2,4,1,1,2,1,1,1,752,0,1,4,9,1,0,2,1,1,1,5,2,5,5,2,8,2,2,2,2,2,2,9,9,2,9,1,752004,0,1,1,1,1,752004,9,9,0,0,10,6,0,9,1,9,0,0,10,7,0,8,1,99,99,99,99,99,99,99,99,99,2,9,9,2,2,9,9,9,9
"0000002602","SWE_2022","Sweden",0.5283,89,0,8,2,0,7,1,9,1,2,752,0,1,4,1,7,7,5,1,1,1,2,4,9,2,9,9,1,1,2,2,9,3,4,4,2,3,1,752003,0,2,2,1,1,752002,5,1,8,6,0,0,7,0,3,1,8,5,1,0,5,0,4,1,8,7,0,4,5,1,1,7,2,0,9,2,2,3,3,3,1
"0000000638","SWE_2022","Sweden",0.9037,54,1,6,3,1,1,1,2,4,1,752,0,21,2,2,3,7,7,2,1,1,4,5,2,2,4,8,2,2,1,1,3,2,4,2,1,4,1,752001,1,2,4,1,1,752004,2,9,0,2,10,5,2,6,4,9,0,2,10,5,2,5,4,2,10,9,0,4,10,4,6,0,1,1,2,3,3,2,1,3,1
"0000001078","SWE_2022","Sweden",0.7658,47,1,8,1,1,5,1,1,5,1,752,0,1,3,3,2,7,7,2,1,1,4,5,5,5,5,10,1,1,1,1,1,1,3,2,2,4,1,752001,1,1,2,1,1,752005,4,9,0,6,6,8,3,8,7,10,0,7,6,8,0,7,6,3,10,9,0,5,10,0,8,3,1,0,9,3,3,4,4,3,1
"0000001331","SWE_2022","Sweden",1.1901,51,1,5,3,0,1,2,1,2,1,752,0,19,2,3,0,0,0,2,2,1,5,3,5,5,1,7,4,4,4,3,2,3,2,9,4,5,1,752002,0,2,2,3,1,752002,4,0,10,0,0,0,0,0,0,1,10,1,1,1,1,1,1,5,5,5,5,5,5,5,5,5,5,1,9,4,4,4,5,3,1
"0000001348","SWE_2022","Sweden",0.7541,66,0,5,3,0,1,2,1,4,1,752,0,7,1,2,3,99,99,2,1,2,5,5,5,5,5,7,2,2,3,2,3,3,3,3,3,4,1,999999,999999,9,2,1,1,999999,3,8,7,9,0,3,8,0,7,8,8,9,4,6,8,4,8,6,8,8,3,5,8,3,7,99,2,1,2,3,3,4,4,4,1
"0000001818","SWE_2022","Sweden",0.5283,75,0,99,1,9,99,9,9,9,9,752,0,1,9,2,3,99,0,3,1,9,9,9,2,2,5,9,3,3,1,2,3,2,4,3,4,9,1,752003,0,1,2,9,1,752003,4,1,9,9,0,2,8,0,7,2,9,8,0,0,8,0,7,99,99,99,99,99,99,99,99,99,9,9,9,9,9,9,9,9,9
"0000002582","SWE_2022","Sweden",1.0469,69,0,3,1,0,7,2,1,1,1,901,9,1,1,1,6,7,0,1,1,1,5,5,5,5,4,10,2,2,2,2,2,3,3,2,2,4,1,752004,0,2,2,1,1,752004,5,8,0,1,9,8,5,7,5,8,0,1,8,7,1,7,4,2,10,8,1,3,99,99,6,1,1,0,2,2,2,2,2,3,1
"0000000756","SWE_2022","Sweden",1.6791,38,0,5,1,1,1,1,2,5,2,752,0,12,1,3,0,7,7,2,1,1,5,5,4,1,4,9,2,2,2,1,3,3,3,2,2,5,1,752008,0,4,4,1,1,752008,5,7,0,7,5,9,3,4,9,7,0,5,7,10,3,5,6,5,10,8,2,6,9,3,7,6,2,0,3,2,1,4,3,3,1
"0000002529","SWE_2022","Sweden",0.7541,74,0,2,2,0,7,2,2,1,3,752,0,8,1,2,7,99,99,3,2,3,3,3,9,9,1,7,2,2,3,2,2,2,3,2,2,4,1,752003,0,1,2,1,1,752003,5,9,5,10,5,5,5,9,5,9,5,10,5,5,5,9,5,8,0,10,0,0,0,7,0,99,2,1,2,2,2,2,2,2,1
"0000002115","SWE_2022","Sweden",0.821,80,0,5,2,1,7,1,1,3,2,752,0,20,1,1,7,6,7,9,1,2,4,2,5,5,4,8,2,3,2,3,3,2,3,3,3,4,1,752005,0,1,1,2,1,752005,5,5,0,7,1,8,6,1,5,5,3,5,2,6,3,1,5,4,8,10,0,6,9,1,6,8,2,1,1,2,3,3,3,3,0
"0000001987","SWE_2022","Sweden",0.5247,69,1,8,4,0,7,1,1,1,1,752,0,3,3,2,4,3,6,2,1,1,4,5,5,2,9,7,2,2,2,2,3,2,2,2,2,2,1,752001,1,1,9,3,1,752004,5,9,0,1,9,7,0,8,2,10,0,0,9,7,0,9,2,1,10,10,0,7,10,2,9,0,2,0,2,3,2,2,2,4,0
"0000001442","SWE_2022","Sweden",1.1984,52,0,4,4,0,1,9,2,2,1,752,0,12,1,2,5,0,0,2,1,1,5,2,5,5,1,5,3,3,3,2,3,2,4,3,3,3,1,999999,999999,9,1,1,1,999999,5,10,5,0,10,0,5,0,0,10,5,5,10,5,5,5,5,4,6,8,2,10,8,3,10,3,2,1,9,2,2,3,2,3,1
"0000000051","SWE_2022","Sweden",1.073,29,1,8,1,0,1,1,2,5,2,752,0,1,4,2,1,3,7,2,2,1,3,5,4,2,4,7,2,3,3,1,3,2,3,2,3,3,1,752005,0,1,2,1,1,752003,3,9,0,5,3,10,1,10,4,10,0,6,3,10,0,10,2,4,5,8,99,7,8,4,6,6,2,1,2,3,3,4,9,3,1
"0000001159","SWE_2022","Sweden",1.6674,37,1,4,4,1,2,2,2,5,2,752,0,5,1,3,1,2,7,2,3,3,3,3,3,3,3,7,2,2,3,1,3,2,2,2,2,5,1,752006,0,2,2,1,1,752006,5,7,7,9,0,6,10,0,5,6,10,7,0,6,10,0,5,3,7,10,0,4,10,2,5,7,2,0,2,3,3,3,4,4,1
"0000002060","SWE_2022","Sweden",1.1092,77,0,2,3,1,7,2,2,3,1,752,0,17,1,2,7,0,0,3,1,3,2,4,5,5,3,10,2,3,2,3,3,1,4,1,1,2,1,752001,1,2,1,1,1,752001,3,10,0,0,8,5,0,6,3,10,0,0,4,7,0,5,0,0,10,10,2,2,10,3,5,0,2,1,1,2,1,4,1,3,0
"0000000171","SWE_2022","Sweden",0.7658,52,1,6,1,1,1,1,2,9,1,752,0,19,4,3,1,7,0,1,1,3,3,3,5,2,2,5,2,3,3,2,3,2,4,9,9,5,1,999999,999999,9,2,1,1,999999,3,5,0,5,5,5,5,4,5,7,0,3,5,7,5,3,5,4,10,7,2,6,7,3,5,5,2,0,3,9,3,3,3,3,1
"0000001409","SWE_2022","Sweden",1.1407,24,1,7,4,1,6,2,2,1,1,752,0,12,2,2,0,99,7,2,1,4,5,5,5,5,4,8,2,2,3,1,3,1,3,1,1,5,1,752001,1,1,1,1,1,752005,4,8,0,0,7,7,0,6,3,10,0,2,10,10,1,6,4,3,8,8,0,4,8,0,6,3,1,1,2,2,1,4,2,3,1
"0000001382","SWE_2022","Sweden",1.0931,59,1,3,3,0,1,9,9,2,1,752,0,6,2,3,7,1,3,2,1,1,4,4,5,3,1,8,2,2,3,2,3,2,4,2,1,5,1,752001,1,1,1,3,1,752001,5,99,0,0,6,0,0,99,0,10,0,0,10,0,0,8,0,3,10,10,1,7,10,4,10,2,2,1,1,4,3,4,3,3,1
"0000002061","SWE_2022","Sweden",0.7541,76,0,2,1,1,7,9,4,2,1,752,9,1,3,1,5,0,0,2,1,2,3,5,5,5,3,8,1,2,2,3,3,4,4,2,2,4,1,752001,1,1,2,1,1,752001,4,10,1,2,8,7,0,8,1,10,1,2,7,8,1,7,0,1,10,9,0,5,10,4,8,99,2,1,1,3,1,2,3,3,0
"0000000934","SWE_2022","Sweden",1.275,38,0,6,1,1,1,1,1,3,1,752,0,14,3,2,1,1,2,3,1,4,4,3,2,1,2,9,1,2,1,1,2,2,4,2,2,3,1,752008,0,2,2,1,1,752008,5,4,4,6,5,5,5,3,6,2,6,7,7,6,5,2,6,3,10,7,0,4,6,3,6,7,1,0,2,2,1,4,3,4,1
"0000002096","SWE_2022","Sweden",0.5247,82,1,7,2,0,7,1,1,1,1,752,0,12,1,1,7,99,99,2,1,3,4,5,3,3,3,7,2,2,2,2,2,2,3,2,9,3,1,752005,0,2,2,2,1,752005,3,99,0,99,99,10,99,8,8,8,4,8,6,10,4,8,8,2,0,8,2,10,2,2,6,8,2,0,9,2,2,3,3,3,0
"0000000438","SWE_2022","Sweden",0.7658,50,1,8,1,1,1,2,1,3,1,900,1,18,2,4,0,1,1,2,1,1,2,3,2,1,1,5,2,3,2,1,4,4,4,2,2,4,1,752001,1,9,2,3,1,752001,3,10,0,7,7,6,6,10,9,8,0,7,7,7,6,7,7,0,10,8,8,9,9,4,4,0,4,0,9,3,3,3,3,4,1
"0000002799","SWE_2022","Sweden",1.1014,75,1,2,1,0,7,2,1,1,2,752,0,18,1,3,1,3,5,2,1,2,2,1,3,3,3,5,2,2,2,1,1,1,2,2,2,5,1,752003,0,1,1,1,1,752001,3,5,6,8,4,4,2,0,5,7,9,7,4,4,1,6,4,5,5,5,5,5,5,5,5,5,2,0,2,2,2,1,1,1,0
"0000000513","SWE_2022","Sweden",1.1901,49,1,6,4,1,5,1,2,3,1,752,0,12,4,2,2,99,99,2,1,2,5,5,5,5,5,10,2,1,1,3,2,2,3,3,2,3,1,752008,0,1,4,1,1,752003,5,1,0,9,0,7,7,0,10,3,0,8,0,6,7,0,6,2,10,10,0,5,7,1,7,7,1,1,2,3,1,4,2,3,1
"0000001118","SWE_2022","Sweden",1,36,0,99,4,9,99,9,9,9,9,752,0,14,9,3,0,0,1,2,4,5,4,3,2,5,9,6,2,2,2,4,3,1,1,4,2,9,1,752002,0,2,9,9,99,752002,9,0,10,6,99,0,6,5,3,0,10,4,4,0,10,4,4,99,10,99,99,99,99,99,99,99,9,9,2,9,9,9,9,9,9
"0000000809","SWE_2022","Sweden",1.073,31,1,8,4,1,1,1,1,1,1,900,1,5,4,3,1,0,7,2,1,2,3,4,3,3,3,8,2,2,2,1,3,2,3,2,2,5,1,752001,1,2,2,2,1,999999,4,7,5,6,5,4,5,5,5,7,5,4,5,4,5,5,5,4,10,7,0,5,5,5,5,4,2,0,2,3,3,3,3,2,1
"0000000442","SWE_2022","Sweden",0.6191,72,1,7,1,0,7,2,1,9,1,752,0,4,1,2,6,5,7,2,2,1,2,3,5,5,5,8,2,2,2,2,9,2,3,1,2,4,1,752007,0,9,9,3,1,752001,5,10,0,5,5,8,4,8,6,10,1,1,5,9,4,7,6,3,10,10,0,5,10,4,6,99,2,1,1,3,2,2,2,2,1
"0000002286","SWE_2022","Sweden",1,81,1,99,1,0,7,1,1,1,9,752,0,1,2,3,4,0,7,3,1,3,4,4,5,5,5,7,2,2,2,9,9,9,9,2,2,3,1,752005,0,4,2,1,1,752003,3,5,0,8,4,5,5,5,8,7,0,8,3,5,3,5,8,1,10,10,0,5,10,5,10,9,2,1,2,3,2,2,2,3,0
"0000002580","SWE_2022","Sweden",1.1901,62,1,4,1,0,5,1,1,1,1,900,9,5,1,3,0,0,7,2,3,2,1,2,1,1,1,10,1,1,1,2,2,2,2,4,3,5,1,752001,1,1,2,1,1,999999,5,10,99,99,99,99,99,99,99,10,99,99,99,99,99,99,99,99,10,99,99,99,99,99,99,10,2,0,1,2,2,4,5,4,1
"0000000896","SWE_2022","Sweden",1.1984,53,0,3,3,0,7,1,1,1,1,901,9,1,3,4,3,0,0,3,3,3,2,3,5,5,5,5,2,2,2,2,3,3,3,2,2,4,1,752001,1,2,2,2,1,752001,3,8,2,7,4,4,3,4,4,8,3,8,3,3,3,5,6,99,99,99,99,99,99,99,99,99,4,1,3,3,3,3,3,3,0
"0000001805","SWE_2022","Sweden",2.2604,18,1,4,4,0,6,2,1,5,2,752,0,5,2,2,1,2,7,1,1,1,5,5,5,2,2,9,2,2,2,1,3,2,3,3,2,5,1,752003,0,2,2,1,99,999999,5,6,0,8,2,5,6,6,7,6,2,9,7,6,7,5,6,2,10,8,0,4,9,3,7,6,2,0,2,3,2,4,3,4,1
"0000001046","SWE_2022","Sweden",0.7658,43,1,7,4,1,1,1,1,1,1,752,0,23,2,3,1,3,4,3,1,2,3,4,4,3,3,9,2,3,3,2,3,3,3,3,3,4,1,752008,0,4,4,1,1,752001,4,3,1,5,3,5,0,2,5,5,0,3,1,5,1,5,4,4,5,8,1,5,6,1,7,6,2,0,9,3,3,2,3,3,0
"0000000314","SWE_2022","Sweden",0.9037,64,1,7,1,1,7,1,1,2,2,752,0,14,4,2,7,2,7,2,1,2,2,3,4,3,3,8,2,2,2,2,3,2,4,2,2,4,1,752001,1,1,2,1,1,752001,5,9,0,1,6,5,0,6,5,10,0,0,7,7,0,6,5,2,10,10,0,4,10,1,6,2,1,1,2,3,2,2,2,3,1
"0000002184","SWE_2022","Sweden",0.8153,80,1,6,1,0,7,1,9,9,1,752,0,1,3,3,7,2,0,3,2,3,2,3,3,1,4,8,2,2,1,1,3,2,4,9,2,4,1,752003,0,1,2,2,1,752002,3,4,8,9,0,1,5,0,5,7,9,9,0,0,9,0,5,5,8,9,0,3,5,1,99,9,2,0,2,2,1,4,3,3,1
"0000000509","SWE_2022","Sweden",0.7658,49,1,7,1,1,1,1,2,5,1,752,0,8,2,3,1,0,0,2,1,2,5,5,5,5,5,8,2,2,2,2,3,1,4,3,2,5,1,999999,999999,9,1,1,1,752003,5,5,5,10,5,5,5,5,5,5,5,7,5,5,5,5,5,0,10,10,1,5,10,2,5,10,1,1,1,2,2,3,3,3,1
"0000002155","SWE_2022","Sweden",1.1092,83,0,2,1,0,7,2,1,2,3,752,9,24,1,2,5,0,0,2,1,2,2,5,5,4,5,6,2,2,2,2,2,3,3,2,1,2,1,752001,1,1,2,1,1,752001,5,9,0,0,6,8,1,1,7,10,0,0,99,8,1,0,99,3,9,8,1,5,9,3,5,3,4,1,2,2,2,2,2,3,0
"0000000010","SWE_2022","Sweden",1.1008,59,0,4,1,1,1,1,2,4,1,752,0,20,1,2,1,5,7,3,1,1,5,4,5,4,5,7,2,3,2,1,3,2,4,3,2,5,1,752008,0,2,4,1,1,752003,4,6,0,3,1,5,1,0,6,7,0,1,5,2,1,1,5,4,10,8,0,5,9,1,6,6,2,0,3,2,2,2,2,3,1
"0000001374","SWE_2022","Sweden",2.1262,26,1,3,4,0,5,9,4,1,1,752,0,20,1,3,99,1,7,2,1,3,3,2,5,2,2,8,3,3,2,1,4,2,3,2,1,3,1,752001,1,2,4,3,1,752001,4,7,0,3,5,5,4,5,5,5,3,5,5,5,4,5,5,2,5,10,0,4,7,5,8,2,4,0,3,4,2,4,3,3,0
"0000001154","SWE_2022","Sweden",1.073,39,1,99,4,9,99,9,9,9,9,752,0,1,9,3,0,99,99,2,4,1,5,5,5,3,3,9,2,2,2,2,3,2,2,2,1,9,99,999999,999999,9,9,9,99,999999,9,99,99,99,99,99,99,99,99,99,99,99,99,99,99,99,99,99,99,99,99,99,99,99,99,99,9,9,9,9,9,9,9,9,9
"0000000128","SWE_2022","Sweden",0.5283,66,0,8,1,0,7,9,9,5,2,752,0,20,1,9,99,99,99,9,9,9,9,9,5,4,5,10,2,2,2,2,3,2,3,2,2,4,1,752005,0,4,2,1,1,752006,3,7,1,5,2,7,5,1,6,8,2,2,6,7,6,2,7,5,10,9,1,7,9,3,7,6,1,0,9,2,2,2,3,3,1
"0000002537","SWE_2022","Sweden",0.6191,70,1,6,3,1,7,1,1,9,2,752,0,1,4,1,7,99,99,2,1,2,2,1,5,5,2,9,1,2,2,2,2,2,3,1,2,2,99,999999,999999,9,2,1,1,999999,5,9,0,6,8,8,6,6,8,10,0,6,8,8,5,6,8,5,10,10,0,6,10,3,9,4,1,0,2,3,1,1,1,4,0
"0000000072","SWE_2022","Sweden",1.1984,45,0,4,1,1,1,1,2,5,2,752,0,1,3,2,3,7,0,2,1,1,4,4,5,4,2,9,2,2,2,1,2,2,3,2,2,4,1,752001,1,2,2,1,1,752001,4,9,0,3,6,5,0,8,2,9,0,1,5,5,0,4,1,5,9,9,1,7,10,5,9,5,2,1,2,3,2,2,2,3,1
"0000000294","SWE_2022","Sweden",0.7658,60,1,7,1,1,2,2,1,3,1,752,0,14,2,3,2,5,7,3,1,2,4,3,5,3,3,7,2,2,2,2,3,2,3,2,2,4,1,752001,1,1,2,1,99,999999,9,99,99,99,99,99,99,99,99,99,99,99,99,99,99,99,99,3,10,10,0,5,10,2,5,4,2,0,2,3,3,2,2,2,1
"0000000243","SWE_2022","Sweden",0.7712,50,0,8,1,1,1,9,1,5,1,752,0,12,3,2,4,2,7,2,1,2,4,5,5,4,4,8,2,2,2,2,3,2,3,2,2,4,1,752001,1,2,2,1,1,752001,4,9,1,4,2,6,2,3,6,9,4,4,6,7,3,5,7,4,4,8,1,7,9,4,6,5,2,1,2,2,3,4,2,3,1
"0000000915","SWE_2022","Sweden",1.1984,63,0,4,4,0,1,1,2,2,1,752,0,1,4,2,7,4,2,1,1,2,5,5,5,3,5,10,1,1,1,1,2,3,3,3,2,5,1,752002,0,1,1,1,1,752002,4,0,10,9,0,2,7,0,7,2,10,6,5,1,8,0,6,0,10,10,0,3,10,0,6,10,1,1,1,2,2,2,3,3,1
"0000000226","SWE_2022","Sweden",1.6791,40,0,99,4,9,99,9,9,9,9,752,0,3,9,2,99,99,99,9,9,9,9,9,9,9,9,99,9,9,9,9,9,9,9,9,9,9,99,999999,999999,9,9,9,99,999999,9,99,99,99,99,99,99,99,99,99,99,99,99,99,99,99,99,99,99,99,99,99,99,99,99,99,9,9,9,9,9,9,9,9,9
"0000001230","SWE_2022","Sweden",1.1984,49,0,4,4,9,1,2,2,4,2,752,0,5,2,2,3,4,1,2,1,2,4,5,5,2,1,9,1,2,1,2,2,2,3,2,2,4,1,999999,999999,9,1,1,1,999999,3,9,6,7,2,8,1,3,9,9,6,7,3,8,0,1,9,5,9,8,0,7,8,3,7,7,1,0,2,2,1,4,3,3,1
"0000001524","SWE_2022","Sweden",1.1008,60,0,3,3,1,10,4,2,4,1,752,0,9,2,2,1,3,3,2,1,1,4,3,2,2,4,8,2,2,3,2,3,3,3,3,2,5,1,752003,0,2,2,2,1,752003,4,2,8,8,1,2,7,0,5,2,9,8,3,0,8,0,5,4,9,9,0,4,8,2,6,9,4,0,2,3,3,3,2,3,0
"0000001686","SWE_2022","Sweden",1.1008,57,0,3,1,1,1,2,1,3,1,752,0,12,1,3,0,7,7,2,1,2,3,3,4,5,3,6,3,3,3,2,3,2,3,4,2,5,1,752002,0,1,2,2,1,752002,4,2,10,9,1,0,8,0,3,4,10,9,3,0,9,0,1,2,10,10,0,2,8,0,5,9,2,1,1,2,2,4,3,2,0
"0000001270","SWE_2022","Sweden",1.1901,42,1,4,4,1,1,2,1,2,1,752,0,10,2,2,6,2,7,2,1,1,1,2,4,5,4,8,2,2,2,1,2,2,2,2,2,5,1,752001,1,2,2,1,1,752001,4,8,3,6,4,5,2,4,2,8,7,7,3,6,6,2,2,3,7,8,1,4,9,1,9,3,2,1,2,2,2,3,3,2,1
"0000001088","SWE_2022","Sweden",1.6674,35,1,4,4,1,1,1,2,3,2,752,0,4,1,3,0,1,7,1,1,1,4,4,4,4,3,8,2,2,2,2,3,3,3,4,2,4,1,752003,0,2,1,1,1,752003,4,3,8,8,0,3,7,0,6,3,6,7,7,1,8,0,7,2,10,10,0,3,7,0,7,9,2,0,2,3,1,3,3,5,0
"0000002619","SWE_2022","Sweden",0.7489,77,1,5,2,0,7,1,2,2,2,752,0,14,3,1,7,1,7,2,1,9,9,9,5,5,5,10,2,2,2,2,3,2,3,2,2,4,1,752001,1,2,2,1,1,752001,5,0,0,0,5,8,0,7,5,0,0,0,6,8,0,5,5,4,5,10,0,5,10,5,9,4,2,1,2,2,2,2,2,3,0
"0000001452","SWE_2022","Sweden",1.1901,45,1,6,1,1,1,4,2,5,1,752,0,1,1,2,4,7,7,2,1,1,5,5,5,5,4,10,2,2,2,1,2,1,3,2,2,4,1,752007,0,2,4,1,1,752007,5,7,0,1,7,7,0,8,3,99,99,99,99,99,99,99,99,3,10,9,0,5,10,2,8,2,1,1,2,3,3,5,3,2,1
"0000002029","SWE_2022","Sweden",0.5283,74,0,6,1,1,7,1,4,2,1,752,0,1,3,2,7,0,0,2,1,5,4,5,5,4,5,10,2,2,2,2,2,2,4,2,3,2,1,752002,0,2,1,1,1,752001,4,9,9,7,7,7,6,7,7,8,8,8,8,8,8,8,8,2,9,8,0,5,8,0,5,99,1,1,3,2,3,2,3,3,1
"0000000920","SWE_2022","Sweden",1.1901,46,1,4,1,1,1,1,1,3,3,901,1,1,3,3,0,1,0,3,1,2,2,3,3,4,1,7,3,4,3,3,4,4,4,3,4,5,1,752002,0,9,4,1,1,752002,3,5,10,5,0,0,8,0,0,8,10,5,0,0,10,0,0,4,10,8,0,8,10,1,10,7,4,0,2,4,3,5,5,5,1
"0000000520","SWE_2022","Sweden",1.0986,39,1,9,1,1,1,1,2,5,1,752,0,1,3,4,3,5,5,2,1,3,2,3,3,4,4,8,2,2,2,2,2,2,3,3,2,5,1,999999,999999,9,4,2,1,999999,4,5,0,8,2,6,3,2,6,5,5,5,5,5,3,5,5,2,9,9,1,5,6,5,6,7,2,0,9,3,3,4,2,3,1
"0000000837","SWE_2022","Sweden",0.6234,65,0,7,1,0,7,1,2,2,3,752,1,13,2,3,3,1,0,2,1,1,2,3,5,3,2,8,2,2,2,2,2,3,3,3,2,5,1,752003,0,1,2,1,1,752003,5,6,5,10,0,6,5,1,6,8,7,10,5,5,6,0,4,2,9,8,0,5,8,0,5,8,1,0,3,2,2,2,3,3,0
"0000002090","SWE_2022","Sweden",0.5247,75,1,7,2,0,7,1,1,2,3,752,0,17,1,1,7,7,2,1,1,3,3,5,9,9,9,99,9,9,9,9,9,9,9,9,9,5,99,999999,999999,9,9,2,1,752001,5,9,0,7,6,9,6,7,7,10,4,8,8,9,7,7,7,3,10,8,0,4,8,2,6,5,2,1,2,3,2,2,2,3,0
"0000000981","SWE_2022","Sweden",0.821,65,0,6,1,1,1,1,2,5,2,752,0,1,3,2,0,3,2,1,1,2,5,4,5,3,2,9,1,2,2,2,3,2,4,1,1,5,1,752001,1,1,1,1,1,752001,5,10,2,5,9,7,5,7,5,10,3,1,9,9,0,8,0,2,10,9,0,3,10,4,7,2,2,1,1,3,9,4,2,2,1
"0000000282","SWE_2022","Sweden",1.073,31,1,7,4,1,6,2,1,4,1,752,0,24,2,3,0,3,7,3,2,3,2,3,5,5,5,5,2,2,3,2,4,3,3,3,3,3,1,999999,999999,9,2,3,1,999999,3,5,0,10,5,2,5,5,5,5,0,10,5,5,5,5,5,0,10,8,0,3,7,7,7,7,2,1,2,3,2,5,4,3,0
"0000001291","SWE_2022","Sweden",1.0931,62,1,3,3,1,7,2,1,2,1,752,0,14,1,4,0,0,0,9,1,3,3,2,5,5,5,7,2,2,3,2,3,3,3,2,1,3,1,999999,999999,9,4,1,1,999999,4,5,5,5,5,5,5,5,5,5,5,5,5,5,5,5,5,99,5,5,5,5,5,5,5,5,2,0,3,3,2,2,2,3,1
"0000000863","SWE_2022","Sweden",0.6234,67,0,4,1,0,7,1,2,2,1,752,0,22,2,2,5,99,99,1,1,2,4,3,5,4,2,4,3,3,3,2,3,2,9,3,2,4,1,752003,0,2,2,1,1,752001,4,7,5,9,2,7,2,6,5,7,7,7,2,7,2,5,6,6,10,8,2,5,10,3,5,6,2,0,2,2,2,4,3,2,0
"0000002477","SWE_2022","Sweden",0.7489,86,1,3,3,0,7,9,1,9,1,752,9,4,2,3,2,0,0,3,1,1,2,2,3,2,2,8,2,3,2,3,3,3,2,9,9,5,99,999999,999999,9,9,1,1,999999,3,99,99,99,99,99,99,99,99,9,1,1,6,6,5,8,5,2,9,9,7,99,9,2,9,2,2,0,9,3,3,3,3,3,0
"0000002813","SWE_2022","Sweden",0.7489,71,1,3,3,0,7,1,2,1,1,752,0,1,3,2,7,0,0,2,1,3,5,5,5,5,5,9,2,2,2,2,2,1,4,2,2,5,1,752001,1,1,1,2,1,752001,3,10,0,5,5,8,5,8,5,9,1,5,5,6,4,5,5,1,10,8,0,2,7,2,7,99,2,1,2,3,2,2,2,3,0
"0000000173","SWE_2022","Sweden",0.7712,47,0,8,1,1,1,1,2,5,3,752,0,5,1,2,7,7,0,2,1,1,2,4,2,2,3,9,2,2,2,2,3,2,3,2,1,4,1,752003,0,2,2,1,1,752003,4,6,1,10,2,7,7,6,7,9,1,8,5,6,2,6,7,5,7,9,1,6,8,2,6,8,1,0,9,2,2,2,2,3,0
"0000000730","SWE_2022","Sweden",1.1407,25,1,7,4,1,6,2,1,1,1,752,0,18,2,3,2,6,7,3,2,1,2,3,5,5,5,8,3,3,4,2,4,3,4,2,2,3,1,752001,1,2,4,2,1,752001,5,10,0,1,8,8,0,8,2,10,0,0,7,9,0,7,99,1,10,10,0,3,10,3,10,1,4,0,2,4,4,4,3,5,1
"0000001132","SWE_2022","Sweden",0.7658,43,1,8,1,1,3,9,1,2,1,752,1,18,1,2,7,7,2,2,1,3,5,5,5,5,3,7,2,4,2,1,3,1,4,3,2,4,1,752004,0,1,2,1,1,752004,4,6,0,0,10,2,0,7,0,5,0,99,99,5,0,6,0,6,10,10,3,8,10,5,10,0,4,1,2,4,4,3,3,3,1
"0000000610","SWE_2022","Sweden",0.7658,50,1,7,1,1,1,1,2,5,1,901,1,12,4,2,4,7,0,2,1,1,1,3,5,5,5,10,2,2,3,1,3,2,4,2,1,3,1,752005,0,2,1,1,1,752001,5,7,0,6,7,8,4,7,4,6,2,3,6,10,2,5,5,3,10,8,2,5,10,4,8,5,1,1,2,1,2,4,3,3,1
"0000001859","SWE_2022","Sweden",0.7489,71,1,3,1,0,7,2,2,1,1,752,9,22,1,2,7,99,99,1,1,2,1,2,9,9,9,8,2,2,2,1,2,2,3,2,2,3,1,752001,1,5,2,1,1,752001,5,99,0,99,0,8,2,7,6,10,0,0,8,9,2,8,6,5,0,10,0,6,1,6,10,5,2,1,1,2,1,2,1,3,0
"0000002162","SWE_2022","Sweden",1.1092,76,0,3,2,9,7,1,2,2,1,752,9,18,2,2,7,5,6,2,1,1,2,3,4,3,3,9,2,2,2,2,3,1,2,2,2,4,1,752001,1,2,4,1,1,752001,3,9,0,7,5,8,6,1,6,10,2,7,6,9,5,2,7,1,8,9,0,5,6,2,6,5,2,1,3,9,2,2,2,3,8
"0000002164","SWE_2022","Sweden",0.5247,76,1,6,1,1,7,1,1,2,4,752,0,20,1,2,7,7,0,1,1,5,5,3,5,5,5,9,1,1,1,1,1,1,4,2,2,4,1,752001,1,1,2,1,1,752001,5,10,5,4,8,9,8,8,6,10,2,6,5,9,2,5,4,0,5,10,0,2,6,2,6,1,1,1,1,2,4,2,2,3,0
"0000000115","SWE_2022","Sweden",0.7658,43,1,7,1,1,1,1,1,5,1,752,0,14,4,3,4,7,1,1,1,1,5,5,2,2,5,8,2,2,2,1,3,1,4,2,2,5,1,752005,0,2,1,1,1,752005,3,6,0,2,5,8,2,5,4,6,0,0,2,10,4,2,2,4,5,10,0,6,9,2,7,6,2,0,3,2,4,2,2,3,1
"0000002785","SWE_2022","Sweden",0.7489,81,1,2,2,0,7,9,9,9,9,752,0,20,2,9,4,0,5,4,3,3,3,3,9,9,1,5,3,3,3,3,3,9,3,3,2,4,0,999999,999999,9,9,1,0,999999,4,8,99,99,99,99,99,99,99,8,99,99,99,99,99,99,99,6,99,99,99,99,99,99,99,99,2,0,9,2,4,4,3,3,8
"0000002545","SWE_2022","Sweden",0.6234,84,0,5,1,1,7,1,2,1,1,900,9,12,1,2,7,99,99,1,1,1,1,5,5,5,5,10,1,2,2,3,1,1,2,1,1,3,1,752001,1,1,1,1,1,752001,5,10,0,5,5,5,5,5,5,10,5,5,5,10,5,5,5,5,9,10,0,8,9,6,8,5,1,1,2,2,1,3,3,4,0
"0000001753","SWE_2022","Sweden",1.7726,19,1,4,4,0,2,2,2,5,1,752,1,1,3,1,6,5,7,2,1,9,5,3,5,5,4,9,2,2,1,1,2,2,3,2,2,4,1,752001,1,2,2,1,99,999999,4,9,0,1,8,7,0,6,6,10,0,0,10,10,0,7,2,2,5,9,0,5,10,4,7,1,2,1,1,3,3,3,3,3,1
"0000001457","SWE_2022","Sweden",1.1008,53,0,3,1,0,99,3,9,2,2,752,0,5,1,2,5,0,0,2,1,2,2,3,4,5,3,9,1,1,2,2,2,2,3,3,2,3,1,752006,0,1,2,1,1,752006,4,2,9,9,0,1,9,0,1,3,8,6,8,0,99,0,7,5,8,8,1,5,9,5,5,8,2,1,2,2,1,3,2,3,0
"0000000391","SWE_2022","Sweden",1.073,29,1,99,4,9,99,9,9,9,9,752,1,1,9,2,2,3,3,2,1,1,4,4,5,2,2,7,3,2,3,2,3,2,4,2,2,9,99,999999,999999,9,9,9,99,999999,9,99,99,99,99,99,99,99,99,99,99,99,99,99,99,99,99,99,99,99,99,99,99,99,99,99,9,9,9,9,9,9,9,9,9
"0000001832","SWE_2022","Sweden",0.5247,77,1,7,3,1,7,1,1,1,1,752,0,13,2,1,7,99,99,2,1,9,5,3,5,5,5,9,1,1,1,1,2,2,4,2,1,4,1,752001,1,1,1,1,1,752001,5,10,0,0,5,5,0,5,5,10,0,0,5,5,0,5,5,2,10,10,0,7,10,4,7,0,2,1,1,3,2,3,3,3,1
"0000002015","SWE_2022","Sweden",0.5247,81,1,8,2,0,7,2,1,3,1,752,0,1,4,1,7,0,0,1,1,1,2,5,5,4,3,9,2,2,1,2,2,2,3,2,2,4,1,752001,1,9,2,2,99,752008,4,9,5,7,6,7,7,5,8,10,0,7,8,7,6,5,8,3,10,10,1,4,8,2,8,99,2,0,2,2,3,3,3,3,8
"0000001143","SWE_2022","Sweden",1.1984,48,0,4,1,1,5,2,2,3,2,752,0,14,4,2,6,7,7,2,1,2,5,3,5,4,3,8,2,2,2,3,3,2,3,2,2,5,1,752001,1,1,2,1,1,752001,4,10,0,0,8,3,0,3,3,10,0,0,8,3,0,3,5,4,8,9,0,6,9,3,7,3,2,1,2,3,2,3,2,3,1
"0000002389","SWE_2022","Sweden",1.1092,78,0,2,1,0,7,2,2,1,2,752,0,6,1,4,2,0,0,4,3,2,1,2,5,4,4,7,3,3,3,1,4,3,4,2,2,4,0,999999,999999,9,5,3,0,999999,3,8,6,6,6,6,6,4,6,8,6,6,6,6,6,4,6,99,99,99,99,99,99,99,99,99,2,0,3,2,2,2,2,2,1
"0000000240","SWE_2022","Sweden",0.7712,63,0,8,1,0,1,1,2,5,1,901,9,3,3,2,4,3,5,1,2,3,1,3,4,5,1,6,2,2,4,2,2,3,3,3,3,2,1,752003,0,4,4,2,1,752001,5,7,5,6,8,8,6,8,7,6,9,8,9,9,8,7,7,4,6,8,0,5,8,3,5,5,4,0,2,3,3,2,3,3,0
"0000002223","SWE_2022","Sweden",0.821,75,0,5,1,0,7,1,2,3,2,752,0,12,1,2,7,7,99,2,1,2,1,5,5,2,2,8,2,2,2,1,3,2,3,2,2,4,1,752001,1,2,2,2,1,752002,5,10,8,6,2,3,8,2,8,10,10,8,3,1,7,1,7,4,9,10,0,4,9,1,6,4,2,0,2,2,2,3,2,3,1
"0000000307","SWE_2022","Sweden",0.5247,66,1,7,1,0,2,9,9,2,3,752,0,14,1,2,2,1,0,2,1,5,5,5,5,5,5,10,2,1,2,2,2,2,3,1,2,4,1,752001,1,1,2,1,1,752001,5,99,99,99,99,99,99,99,99,10,0,1,8,8,1,6,2,2,10,9,1,5,9,3,6,2,1,1,1,3,1,3,3,3,0
"0000001059","SWE_2022","Sweden",1.7726,21,1,4,4,0,5,2,1,1,1,752,0,8,1,1,2,3,0,1,1,3,4,4,5,4,4,8,2,2,1,1,2,2,3,2,2,4,1,752004,0,1,1,1,99,999999,5,9,0,6,10,7,2,9,3,10,0,5,10,4,5,4,4,1,10,9,0,3,10,3,8,0,2,1,1,3,2,3,3,3,0
"0000000108","SWE_2022","Sweden",0.7658,60,1,8,3,1,1,1,2,3,9,752,0,1,1,1,7,7,7,2,2,1,5,4,5,5,5,6,3,2,2,2,3,3,3,3,3,5,1,752006,0,1,2,4,1,752008,4,7,8,8,99,99,9,6,9,4,7,10,10,4,10,3,8,6,5,9,0,4,9,4,7,5,4,0,2,3,3,3,4,2,8
"0000000052","SWE_2022","Sweden",0.91,54,0,6,1,1,1,1,2,5,1,752,1,19,2,2,3,7,7,2,1,9,9,9,5,5,5,9,2,2,2,1,3,2,4,2,2,4,1,999999,999999,9,1,1,1,999999,4,5,1,7,1,5,5,1,7,5,1,5,4,5,5,1,5,6,9,8,2,5,8,3,6,7,1,0,3,2,2,3,3,3,1
"0000001842","SWE_2022","Sweden",0.7541,73,0,4,1,0,7,1,1,1,1,752,0,12,2,2,6,7,0,2,1,3,3,3,5,5,3,10,1,1,1,1,1,1,3,2,2,3,1,752001,1,1,1,1,99,999999,9,99,99,99,99,99,99,99,99,99,99,99,99,99,99,99,99,2,10,8,0,5,5,2,5,3,1,0,2,2,2,3,3,3,0
"0000001383","SWE_2022","Sweden",1.7726,19,1,4,4,0,5,9,1,2,1,752,0,1,3,3,0,99,7,3,1,2,5,3,3,3,3,7,4,4,4,4,4,9,3,3,2,3,1,752006,0,2,2,3,99,999999,9,10,10,0,0,0,10,0,0,0,10,0,0,0,10,0,0,5,5,5,5,5,5,5,5,0,2,0,9,1,2,3,3,3,1
"0000000817","SWE_2022","Sweden",0.7712,50,0,8,4,0,1,1,2,5,1,901,1,1,4,2,7,7,4,1,1,1,5,5,5,5,4,9,2,1,2,2,2,2,3,3,3,5,1,999999,999999,9,2,1,1,999999,5,7,0,6,3,9,1,7,9,8,0,2,2,8,2,6,6,2,10,9,0,5,9,1,5,7,1,0,2,3,3,4,3,3,1
"0000002463","SWE_2022","Sweden",0.7541,78,0,2,1,0,7,2,2,1,2,752,0,24,1,2,5,5,0,1,1,2,2,2,2,2,4,8,2,2,3,2,3,2,4,1,1,2,1,752001,1,1,2,1,1,752001,5,10,8,2,7,8,1,1,2,10,7,2,7,8,1,1,7,1,10,10,1,3,6,3,6,1,1,1,3,2,1,2,1,3,0
"0000001347","SWE_2022","Sweden",0.6191,73,1,6,2,0,1,9,2,2,2,752,0,4,1,1,7,7,3,2,1,2,3,5,4,4,3,9,2,2,2,2,3,1,4,2,2,4,1,752007,0,1,1,1,1,752007,4,9,0,1,8,8,2,10,6,9,0,1,8,9,3,10,6,4,10,10,1,6,10,5,7,3,2,1,2,3,3,3,3,3,0
"0000000459","SWE_2022","Sweden",1.073,40,1,7,1,1,1,1,1,4,2,752,0,12,1,3,3,7,7,2,1,5,3,5,5,3,2,8,3,3,3,2,2,2,4,9,2,5,1,752003,0,2,2,2,1,752003,4,7,7,10,4,7,7,6,9,8,7,10,5,8,7,5,6,6,9,9,0,5,7,4,9,8,2,1,2,2,3,3,3,4,1
"0000002048","SWE_2022","Sweden",0.6234,87,0,4,2,1,7,1,1,1,2,752,0,17,1,2,2,0,0,4,3,2,3,3,4,4,2,6,2,2,3,4,9,2,4,2,1,4,1,752001,1,2,2,2,99,999999,9,99,99,99,99,99,99,99,99,99,99,99,99,99,99,99,99,0,2,10,2,2,9,1,9,99,2,0,2,2,1,1,2,2,1
"0000002402","SWE_2022","Sweden",1.1014,81,1,2,1,0,7,2,1,1,1,900,9,6,1,3,0,0,0,3,1,1,2,2,5,9,9,6,2,3,3,2,3,3,3,2,1,4,1,999999,999999,9,2,1,1,999999,4,7,9,6,6,8,6,7,5,10,8,6,6,9,5,7,6,5,4,4,3,3,3,3,1,4,2,0,9,2,1,2,2,2,0
"0000001173","SWE_2022","Sweden",0.91,47,0,5,1,0,1,4,1,5,2,752,0,8,1,1,1,7,1,1,1,1,2,1,5,5,3,7,1,3,2,3,3,3,3,4,2,3,1,752002,0,1,1,2,1,752002,5,2,7,8,0,1,7,0,3,8,6,10,8,0,10,0,8,2,5,6,0,2,7,0,2,10,2,0,2,4,1,3,3,2,1
"0000002617","SWE_2022","Sweden",0.5247,76,1,7,2,0,7,1,1,3,2,752,0,5,2,1,7,3,0,1,1,1,2,5,4,4,4,9,1,1,1,1,2,2,3,2,1,4,1,752007,0,2,2,1,1,752001,5,8,0,99,7,8,99,2,9,9,0,1,8,8,1,8,7,0,10,10,0,6,9,2,6,4,1,1,2,3,2,4,2,3,1
"0000000774","SWE_2022","Sweden",0.91,43,0,5,1,0,1,1,2,5,3,752,0,14,1,1,2,1,0,2,1,2,4,3,5,5,5,9,2,2,2,2,3,2,3,3,2,5,1,752003,0,2,2,1,1,752006,4,99,99,99,99,99,99,99,99,8,0,9,1,9,7,0,8,4,10,8,0,5,8,2,6,6,2,0,3,3,2,2,2,3,1
"0000001522","SWE_2022","Sweden",1.5423,39,0,4,1,0,1,2,2,4,1,752,0,12,1,3,0,4,7,2,1,2,3,3,4,2,3,8,2,2,1,1,3,2,4,2,2,4,1,999999,999999,9,2,1,1,999999,3,8,1,6,5,5,0,0,8,7,6,5,4,0,1,5,5,2,10,8,0,5,7,3,5,3,2,0,9,3,2,3,2,3,1
"0000001538","SWE_2022","Sweden",1.7851,24,0,99,4,0,5,2,1,3,9,752,0,12,2,2,5,6,7,2,1,2,9,4,4,4,2,9,2,3,2,2,2,2,2,4,9,3,1,752003,0,1,1,1,1,752003,5,4,9,10,1,1,10,1,1,2,10,9,3,1,10,1,6,3,8,8,0,4,9,3,6,7,2,1,9,2,2,3,2,3,1
"0000002251","SWE_2022","Sweden",0.7541,73,0,6,1,0,2,4,2,3,1,752,0,13,2,1,6,7,1,1,1,1,3,2,4,2,1,6,1,3,2,1,3,3,2,4,3,4,1,752002,0,1,2,1,1,752002,5,1,10,8,0,0,7,0,3,0,10,9,5,0,8,0,3,2,9,9,0,2,8,1,6,9,5,9,1,2,2,5,5,1,1
"0000001909","SWE_2022","Sweden",0.821,74,0,6,3,0,7,1,1,2,1,752,0,12,2,3,7,7,7,3,1,3,3,3,5,5,3,7,3,3,3,3,3,3,3,4,3,3,1,752002,0,1,1,1,1,752002,3,0,10,8,0,0,8,0,5,0,10,8,0,0,8,0,5,0,10,10,0,0,10,0,5,8,2,1,1,4,1,3,3,3,8
"0000002484","SWE_2022","Sweden",1.1901,52,1,6,3,1,9,2,1,2,1,752,0,8,1,3,0,1,7,4,3,9,9,9,4,9,9,4,3,3,2,2,3,2,3,3,3,5,1,752004,0,2,4,3,1,752004,4,9,0,0,7,4,1,4,2,5,0,5,8,6,5,5,5,2,7,9,0,6,9,9,5,0,4,1,2,3,4,1,4,4,1
"0000002067","SWE_2022","Sweden",1.1092,81,0,2,1,1,1,2,2,2,1,900,9,1,3,2,6,0,0,2,1,5,4,4,5,5,5,10,2,2,2,2,2,3,9,2,2,4,1,752001,1,2,2,1,1,752001,4,9,1,6,7,8,6,8,7,99,1,5,7,8,5,7,7,3,8,9,1,7,9,4,7,99,2,1,2,3,3,3,2,3,1
"0000001469","SWE_2022","Sweden",1.1008,62,0,3,1,0,1,4,2,1,2,752,0,3,1,2,1,1,3,1,1,1,3,4,5,3,4,6,2,2,1,1,3,3,3,4,3,4,1,752002,0,1,1,2,1,752002,5,0,10,8,0,2,9,0,5,2,9,9,2,0,9,0,6,2,10,10,0,2,10,0,5,9,4,0,1,3,2,2,3,3,1
"0000000983","SWE_2022","Sweden",0.7712,48,0,8,1,1,1,1,4,4,1,900,1,1,4,1,3,2,7,1,1,1,5,4,5,3,5,10,2,2,1,2,3,2,3,1,2,3,1,752007,0,1,1,1,1,752007,5,8,0,0,4,7,0,8,7,10,0,7,2,10,0,7,2,4,5,9,0,6,10,2,6,99,1,0,2,2,2,3,3,3,1
"0000000647","SWE_2022","Sweden",1.1008,49,0,4,4,1,5,2,2,3,1,752,0,10,1,2,3,99,7,3,2,2,1,4,5,5,4,7,2,2,2,1,3,4,4,4,2,5,1,999999,999999,9,2,2,1,999999,5,0,10,7,1,2,8,0,5,0,10,9,2,0,9,0,3,1,10,9,0,4,8,3,6,9,5,1,3,2,3,5,3,3,1
"0000000973","SWE_2022","Sweden",1.0469,69,0,6,1,1,7,9,2,4,1,752,0,1,3,9,2,99,99,2,1,1,4,5,5,5,5,9,2,2,2,2,3,2,4,2,3,5,1,752005,0,2,1,1,1,752001,5,10,0,1,3,8,1,7,3,10,0,1,1,8,1,2,2,3,10,10,0,5,10,6,8,99,1,1,2,3,3,3,3,4,0
"0000000257","SWE_2022","Sweden",1.073,29,1,8,4,1,1,1,1,3,2,752,0,12,2,2,1,2,7,2,1,1,4,2,5,2,2,8,2,2,2,1,2,2,3,2,2,4,1,752004,0,1,2,2,1,752004,3,8,0,1,10,6,0,9,2,9,0,1,10,8,0,8,3,4,10,8,1,6,10,3,7,2,2,1,2,3,2,3,4,1,1
"0000001640","SWE_2022","Sweden",1.0931,63,1,99,1,9,99,9,9,9,9,752,0,4,9,2,2,99,99,2,9,1,5,3,2,2,1,7,9,9,9,9,9,9,9,9,9,9,99,999999,999999,9,9,9,99,999999,9,99,99,99,99,99,99,99,99,99,99,99,99,99,99,99,99,99,99,99,99,99,99,99,99,99,9,9,9,9,9,9,9,9,9
"0000001901","SWE_2022","Sweden",1.0396,76,1,6,2,0,7,1,2,4,9,752,0,14,2,1,7,7,7,1,1,1,2,2,2,2,5,8,2,2,3,3,3,3,3,4,3,5,1,752002,0,1,2,1,1,752002,5,0,10,10,1,0,10,0,2,2,10,10,3,0,10,0,9,3,9,10,0,3,10,3,8,9,4,1,1,2,3,3,3,2,1
"0000000631","SWE_2022","Sweden",0.91,54,0,8,4,0,1,1,2,5,1,752,0,1,4,2,0,7,7,2,2,1,5,4,5,2,5,9,2,3,2,1,3,2,3,3,2,5,1,752005,0,4,5,1,1,752008,3,4,0,2,3,5,0,2,2,5,0,4,3,5,0,3,2,3,10,8,2,6,10,3,7,6,4,0,3,3,3,4,4,2,1
"0000000267","SWE_2022","Sweden",0.6191,65,1,7,1,0,2,1,1,4,1,752,0,5,2,2,7,7,7,1,1,1,4,2,5,3,1,9,2,3,2,1,3,3,4,2,1,3,1,752004,0,2,2,1,1,752001,5,9,7,2,10,6,0,9,0,9,7,0,8,7,0,8,1,3,6,10,0,7,10,2,10,2,2,1,2,3,2,3,3,3,1
"0000001313","SWE_2022","Sweden",1.7726,22,1,4,4,1,5,9,1,3,1,752,0,7,2,3,0,0,7,2,1,3,4,5,5,2,2,8,3,3,3,2,3,3,4,4,3,5,1,999999,999999,9,2,3,1,999999,4,0,8,8,5,5,7,0,5,5,8,8,5,5,8,5,5,1,10,9,0,2,8,0,99,99,4,0,9,3,2,3,3,2,1
"0000000966","SWE_2022","Sweden",1.5316,36,1,99,1,9,99,9,9,9,9,900,9,14,9,3,1,99,99,1,1,3,9,9,3,4,4,6,2,4,3,9,9,9,9,2,2,9,1,752004,0,9,9,9,99,999999,9,99,99,99,99,99,99,99,99,99,99,99,99,99,99,99,99,99,99,99,99,99,99,99,99,99,9,9,9,9,9,9,9,9,9
"0000001367","SWE_2022","Sweden",1.0805,29,0,99,4,9,99,9,9,9,9,752,0,12,9,2,99,99,99,9,9,9,9,9,9,9,9,99,9,9,9,9,9,9,9,9,9,9,99,999999,999999,9,9,9,99,999999,9,99,99,99,99,99,99,99,99,99,99,99,99,99,99,99,99,99,99,99,99,99,99,99,99,99,9,9,9,9,9,9,9,9,9
"0000002704","SWE_2022","Sweden",0.7489,79,1,3,2,0,7,1,2,2,1,752,0,14,2,2,7,6,2,2,1,1,2,2,4,4,1,8,2,2,3,2,2,1,2,1,2,2,1,752001,1,1,1,1,1,752001,5,10,0,2,5,7,2,5,5,10,1,4,5,7,2,5,5,0,10,10,0,7,10,5,7,1,2,1,1,2,1,2,2,1,0
"0000001921","SWE_2022","Sweden",1.0469,75,0,7,1,0,7,1,9,3,1,752,0,5,2,2,7,5,3,2,1,2,2,2,4,2,2,8,2,2,2,2,2,2,3,2,3,5,1,752002,0,2,4,2,1,752003,5,6,8,8,7,1,3,99,5,7,9,9,9,2,1,8,9,5,9,9,1,5,8,5,8,99,2,0,2,3,3,2,4,3,1
"0000000601","SWE_2022","Sweden",0.5247,70,1,7,4,0,7,4,2,1,1,900,9,7,1,2,4,99,99,3,1,1,5,3,5,5,3,9,2,2,2,2,2,3,4,3,3,2,1,999999,999999,9,1,1,1,999999,4,0,8,8,0,0,8,0,8,0,8,8,0,0,8,0,8,2,9,9,0,5,9,0,7,99,2,0,9,3,3,5,5,3,0
"0000001972","SWE_2022","Sweden",0.9037,60,1,8,3,0,1,1,2,5,1,752,0,3,1,1,7,7,7,1,1,2,2,2,4,5,5,7,1,1,3,3,2,3,3,3,3,5,1,752006,0,1,1,1,1,752008,5,0,7,10,1,0,10,0,6,1,8,8,1,0,10,0,9,3,8,9,0,4,9,0,6,8,2,1,2,2,3,2,3,3,1
"0000000262","SWE_2022","Sweden",1.073,33,1,7,1,1,6,2,1,4,1,900,9,14,1,3,1,0,7,2,1,1,2,4,2,2,3,7,3,3,3,2,3,3,3,4,4,5,1,752006,0,2,2,2,99,999999,4,2,9,8,0,2,9,0,3,8,6,8,3,4,10,0,1,1,10,8,0,2,8,0,6,99,2,0,3,3,3,4,4,4,1
"0000002630","SWE_2022","Sweden",1.0469,69,0,3,1,0,7,4,2,2,2,752,0,12,2,2,4,7,7,1,1,2,2,2,2,2,2,7,2,2,3,2,3,2,4,2,1,4,1,752002,0,2,2,1,1,752003,3,7,9,9,0,8,1,1,8,8,9,9,0,8,3,5,9,5,10,10,0,5,3,1,6,9,2,1,2,3,3,1,1,3,1
"0000000985","SWE_2022","Sweden",0.9037,64,1,6,1,1,1,1,1,5,1,752,1,17,2,2,7,6,0,1,1,2,5,3,5,5,5,9,2,2,2,2,3,2,4,2,1,5,1,752003,0,1,2,1,1,752003,4,8,2,9,4,4,9,4,5,99,99,99,99,99,99,99,99,8,5,10,0,4,10,2,8,7,2,0,3,2,3,3,3,3,0
"0000001707","SWE_2022","Sweden",1.6191,57,0,8,1,1,1,1,2,4,1,901,9,12,1,2,7,2,7,1,1,1,3,5,5,5,5,10,1,2,1,1,2,1,3,1,1,5,1,752001,1,1,2,1,1,752008,5,9,0,7,6,8,2,8,6,10,0,8,8,8,0,8,3,4,10,8,3,5,9,3,7,5,1,0,2,2,1,1,2,5,0
"0000001164","SWE_2022","Sweden",1.5423,40,0,4,4,0,5,2,1,1,1,752,0,14,4,3,0,0,0,2,1,1,2,1,4,4,1,10,2,4,4,4,3,3,4,4,4,3,1,752002,0,1,5,3,0,999999,3,99,10,99,99,99,99,99,99,99,10,99,99,99,99,99,99,99,0,99,99,99,99,99,99,99,1,0,9,4,4,3,3,4,0
"0000001509","SWE_2022","Sweden",1.1984,54,0,4,4,1,1,2,2,5,1,752,0,24,2,1,5,7,0,1,1,1,5,3,5,3,3,9,1,1,1,1,2,1,4,1,1,4,1,752007,0,1,1,1,1,752007,5,8,0,1,9,5,1,10,5,10,0,0,10,5,2,8,5,4,10,9,0,5,9,1,7,2,1,1,1,3,2,3,3,3,1
"0000002651","SWE_2022","Sweden",1.1901,45,1,4,4,0,1,9,9,1,2,752,0,12,1,3,3,0,2,3,2,2,2,2,3,1,1,6,3,3,4,2,3,2,3,2,2,4,1,752003,0,2,2,3,1,999999,4,7,8,9,5,5,8,6,6,7,8,9,2,6,9,0,7,0,6,10,3,2,8,0,6,6,2,0,9,3,2,4,4,4,1
"0000001293","SWE_2022","Sweden",1.5316,33,1,4,4,0,5,2,1,1,1,752,0,14,2,3,3,5,0,2,2,2,2,2,2,2,3,4,1,1,2,1,2,1,3,3,3,5,1,999999,999999,9,1,3,1,999999,5,1,10,9,4,2,7,7,7,1,10,10,3,4,7,3,8,3,10,8,2,2,10,4,7,8,2,0,9,4,4,4,4,4,0
"0000000578","SWE_2022","Sweden",0.91,53,0,5,1,0,1,1,1,5,1,752,0,12,4,2,7,2,6,1,1,1,4,4,4,4,5,9,1,1,1,1,2,2,3,2,2,5,1,752003,0,2,2,1,1,752003,4,8,0,9,6,7,4,4,8,9,7,9,5,7,6,5,8,4,9,7,1,2,8,2,6,6,2,1,2,3,1,4,3,3,1
"0000000235","SWE_2022","Sweden",1.1008,59,0,5,4,0,3,4,2,2,1,752,1,21,1,2,99,7,0,1,1,1,5,5,5,4,3,8,2,2,3,2,3,3,4,2,1,4,1,752001,1,2,4,1,1,752007,5,6,0,2,3,2,0,7,1,8,0,1,3,1,0,5,2,5,10,8,1,5,9,5,7,3,2,0,2,3,3,2,3,2,1
"0000001492","SWE_2022","Sweden",0.6191,65,1,6,4,0,7,2,1,1,3,752,0,22,2,2,7,1,0,2,1,2,3,4,5,4,4,8,2,2,2,2,3,2,4,9,3,4,1,752005,0,2,1,1,1,999999,3,8,0,2,2,9,3,0,3,8,1,0,0,10,1,0,3,3,10,8,1,4,9,1,6,4,2,1,2,3,4,2,9,3,1
"0000001679","SWE_2022","Sweden",1.7851,22,0,4,4,0,1,2,2,2,1,752,0,1,1,3,0,1,1,2,2,3,2,2,2,3,3,8,2,2,3,1,2,3,3,3,2,3,1,752003,0,1,1,2,1,999999,3,1,8,10,0,2,7,0,7,3,9,10,0,1,8,1,8,2,9,9,0,4,8,1,7,9,2,1,1,2,2,4,4,3,8
"0000002509","SWE_2022","Sweden",0.5283,75,0,7,1,0,7,1,1,2,6,752,0,5,1,1,0,7,1,2,1,1,5,5,5,4,5,8,1,2,1,2,2,2,3,2,2,2,1,752008,0,2,2,1,1,999999,4,7,1,7,8,7,8,6,8,8,7,8,6,8,3,5,8,4,8,8,2,4,7,2,6,3,1,0,2,3,2,2,2,3,0
"0000001858","SWE_2022","Sweden",0.7489,70,1,3,4,0,7,2,1,2,3,752,0,18,2,3,6,4,7,3,2,3,4,3,5,5,3,8,3,2,3,3,4,2,3,2,2,3,1,999999,999999,9,2,1,1,752001,2,9,0,3,5,5,5,9,5,10,5,5,5,5,5,5,5,1,8,9,2,5,8,3,8,6,2,0,9,3,2,2,3,3,1
"0000001897","SWE_2022","Sweden",0.7489,72,1,3,3,0,7,2,1,1,2,752,0,10,2,3,2,0,4,2,1,2,2,3,2,2,4,6,2,2,3,1,3,2,4,2,2,2,1,752001,1,2,2,2,1,752001,3,8,5,5,6,7,2,5,7,8,9,5,6,7,2,2,7,2,6,4,0,3,8,3,5,99,2,1,3,3,3,2,1,3,1
"0000002758","SWE_2022","Sweden",1.0469,69,0,3,1,1,7,2,1,1,1,752,0,1,2,1,2,99,99,1,1,5,5,5,5,5,5,10,2,2,2,1,2,2,4,2,2,4,1,752004,0,2,2,1,1,752001,4,8,0,0,8,2,0,7,0,8,0,0,8,2,0,6,0,2,10,10,0,7,10,5,9,1,1,0,9,2,3,4,3,3,8
"0000002053","SWE_2022","Sweden",0.5283,78,0,8,1,0,7,1,1,2,1,752,0,24,1,3,1,0,0,3,1,1,5,4,5,5,5,10,1,1,1,1,2,2,4,1,1,3,1,752001,1,1,1,1,1,752001,5,9,0,1,9,7,0,8,2,10,0,1,6,7,0,7,2,2,10,9,1,5,10,3,7,2,2,0,2,2,2,2,2,3,9
"0000000444","SWE_2022","Sweden",1.346,21,1,4,4,1,6,9,9,1,1,752,0,12,4,1,7,7,7,1,1,1,4,5,5,2,3,9,1,2,1,1,2,1,3,2,2,4,1,752008,0,1,1,1,99,999999,5,7,0,8,2,7,6,5,10,9,0,10,6,7,6,5,10,4,10,8,2,6,9,3,7,7,1,1,1,2,3,3,2,3,1
"0000000044","SWE_2022","Sweden",0.7658,46,1,8,4,1,1,1,2,5,2,752,0,1,3,2,0,7,7,2,1,1,5,4,5,5,2,9,3,3,2,2,3,2,4,3,2,4,1,999999,999999,9,4,1,1,999999,4,7,0,0,7,10,0,5,3,8,0,0,6,10,0,5,3,3,9,8,1,6,8,99,7,6,2,0,2,3,3,4,3,2,0
"0000002279","SWE_2022","Sweden",0.5247,82,1,6,1,0,7,1,1,1,4,752,0,12,9,3,1,0,0,1,1,2,1,4,5,4,1,8,1,2,2,1,2,2,3,2,2,4,1,752008,0,1,2,1,1,752003,3,7,0,9,0,8,8,6,10,7,0,7,0,6,6,5,7,5,0,10,0,5,7,6,7,7,2,1,2,3,2,2,2,3,0
"0000002050","SWE_2022","Sweden",0.7541,75,0,3,4,0,7,2,1,1,3,752,0,12,3,2,7,0,0,2,1,2,1,1,5,5,5,8,2,2,2,2,3,2,4,2,3,2,1,752002,0,4,2,2,1,752002,5,10,10,2,2,2,2,0,2,9,9,1,1,0,0,99,1,4,5,99,0,4,2,1,5,6,2,0,2,2,3,4,3,4,1
"0000001299","SWE_2022","Sweden",1.7726,24,1,3,4,1,5,2,1,3,1,901,9,12,2,2,5,5,3,1,1,2,3,3,5,3,1,8,2,2,3,1,1,2,2,2,1,5,1,752001,1,4,4,3,1,752001,4,8,0,5,5,6,0,5,7,8,0,5,5,5,5,5,5,5,5,5,5,5,5,5,5,5,5,0,9,2,2,3,3,3,1
"0000000808","SWE_2022","Sweden",0.7712,47,0,7,1,0,1,1,2,9,1,900,1,1,1,2,5,7,7,2,1,1,2,5,5,2,4,10,1,1,2,2,2,1,3,1,1,4,1,752001,1,1,1,1,1,999999,5,9,0,3,6,6,2,6,7,9,1,7,3,8,1,4,7,3,10,8,1,5,9,3,6,3,1,0,2,2,1,2,3,4,1
"0000000223","SWE_2022","Sweden",0.9037,41,1,6,1,1,2,1,2,5,1,752,0,1,3,3,6,0,7,3,1,1,4,5,4,4,5,8,2,2,2,1,3,1,4,2,2,4,1,752001,1,2,2,1,1,752007,4,9,0,3,5,8,0,9,4,10,0,6,7,10,0,8,5,2,10,9,0,5,10,1,8,2,2,0,2,2,3,3,2,3,1
"0000002607","SWE_2022","Sweden",0.7489,83,1,4,1,0,7,4,2,1,2,752,1,25,1,3,7,3,6,2,2,3,1,2,1,2,4,7,3,3,3,2,3,2,3,2,3,3,1,752003,0,2,2,3,1,752003,1,8,8,10,5,5,7,0,5,9,9,9,5,5,6,3,5,5,8,9,5,5,7,0,5,7,4,0,3,2,2,2,2,3,1
"0000001893","SWE_2022","Sweden",0.5283,65,0,7,3,0,7,1,2,3,1,752,0,1,3,2,1,1,1,2,1,1,1,3,5,5,5,9,1,1,1,1,1,2,3,3,2,5,1,752003,0,2,2,1,1,752003,5,7,7,9,0,5,6,0,6,6,9,7,6,7,7,0,6,5,6,7,0,6,8,2,5,8,2,1,1,2,2,3,3,4,0
"0000001840","SWE_2022","Sweden",2.2763,19,0,3,4,0,5,3,2,5,3,752,0,1,2,2,0,2,7,3,1,5,5,5,3,3,1,7,3,9,3,1,3,4,4,4,3,4,1,752001,1,2,2,9,0,999999,1,4,7,7,1,8,10,0,9,7,8,10,0,0,10,0,9,2,10,9,0,5,8,1,7,7,4,0,3,3,2,3,4,5,1
"0000002065","SWE_2022","Sweden",0.6191,72,1,4,2,0,7,1,1,2,1,752,0,17,2,2,7,3,0,2,2,1,2,5,5,5,5,8,2,2,2,3,2,2,3,3,2,4,1,752007,0,1,1,1,1,752001,4,6,0,1,7,4,0,9,0,9,5,99,9,99,0,9,6,5,10,10,1,7,10,3,7,99,2,0,9,3,2,3,2,3,0
"0000001895","SWE_2022","Sweden",0.7489,65,1,2,2,9,7,2,1,1,1,752,0,7,1,2,5,1,5,2,1,1,2,2,4,4,4,8,2,2,2,2,3,3,3,2,2,4,1,752004,0,1,2,1,1,752004,3,9,0,2,10,1,5,3,3,9,0,2,10,3,2,2,3,1,10,10,0,7,9,5,8,0,2,1,2,3,2,5,3,3,1
"0000002369","SWE_2022","Sweden",0.821,83,0,4,2,9,7,1,2,1,3,752,9,21,1,2,2,0,3,1,1,3,3,1,3,3,3,10,1,1,2,2,3,3,4,1,2,3,1,752001,1,1,2,5,1,752001,4,10,0,1,4,9,1,9,2,10,0,1,3,8,1,8,2,2,10,10,99,5,10,3,8,2,2,1,2,3,2,3,2,2,1
"0000000476","SWE_2022","Sweden",0.7658,47,1,8,1,1,5,1,1,3,1,752,0,17,1,4,1,1,1,3,1,2,1,3,3,3,3,10,2,2,2,3,3,2,3,3,2,4,1,752006,0,2,2,2,1,752006,3,99,99,99,99,99,99,99,99,99,99,99,99,99,99,99,99,99,99,99,99,99,99,99,99,99,2,0,9,2,3,2,1,2,1
"0000002787","SWE_2022","Sweden",0.5247,65,1,8,1,0,7,2,1,1,1,900,9,13,2,3,1,1,1,4,2,1,3,2,5,5,5,10,2,2,2,1,3,2,3,2,2,4,1,752001,1,4,2,1,1,752001,3,10,5,5,0,5,5,5,5,9,5,8,0,1,1,5,5,2,10,99,0,5,9,2,99,99,2,0,2,2,2,3,3,2,0
"0000002636","SWE_2022","Sweden",1.1014,81,1,3,1,1,7,2,1,1,9,900,9,14,2,2,7,99,99,2,3,5,1,2,9,9,1,9,2,2,2,1,9,2,4,2,2,3,1,752001,1,1,2,1,1,752001,5,99,99,99,10,99,99,99,99,10,99,99,10,9,99,99,99,10,0,2,8,7,2,8,3,7,2,1,3,2,2,2,2,2,0
"0000002138","SWE_2022","Sweden",1.1014,80,1,2,2,0,7,2,2,1,1,752,0,14,4,2,4,0,0,2,2,2,2,3,2,2,4,10,1,2,2,2,2,2,3,2,2,2,1,999999,999999,9,1,1,1,999999,5,9,7,5,7,5,6,5,5,10,8,6,8,6,7,5,6,5,9,10,0,5,8,5,9,3,2,1,2,2,2,2,2,3,0
"0000000831","SWE_2022","Sweden",0.7658,47,1,8,1,0,1,1,2,5,1,752,0,12,4,1,2,7,7,1,1,2,3,2,5,3,2,8,2,2,3,2,2,4,2,4,3,5,1,752002,0,1,2,2,1,752002,5,0,10,8,0,0,9,0,5,0,10,8,0,0,9,0,5,1,5,7,0,2,7,0,99,6,2,1,1,2,2,3,3,3,1
"0000000084","SWE_2022","Sweden",0.91,50,0,6,1,1,1,1,2,5,1,752,0,12,1,3,99,5,99,2,1,1,2,3,9,9,9,99,9,9,9,9,9,9,9,9,9,5,99,999999,999999,9,9,1,1,752003,5,5,9,10,0,8,6,0,8,8,8,8,0,8,3,0,6,2,9,10,0,4,9,1,6,7,2,0,1,2,3,4,4,3,1
"0000002148","SWE_2022","Sweden",0.7541,75,0,2,3,0,7,2,2,2,2,752,0,5,1,2,6,3,0,3,1,3,3,3,5,5,5,8,2,2,3,2,3,2,4,2,2,3,1,752001,1,2,2,2,1,752001,3,9,3,3,4,4,3,4,4,9,6,4,4,6,2,3,4,6,10,9,1,7,8,4,7,6,2,1,9,2,3,3,4,3,0
"0000001769","SWE_2022","Sweden",1.275,38,0,6,4,1,1,2,2,3,1,752,0,24,2,3,2,7,7,1,1,2,3,2,5,4,3,8,2,2,2,2,2,2,3,2,2,4,1,752001,1,1,2,2,1,752004,5,10,0,1,10,5,1,8,2,9,3,2,10,4,1,5,2,2,8,9,1,5,9,3,8,1,2,1,2,2,2,3,3,3,1
"0000000481","SWE_2022","Sweden",0.5247,69,1,8,3,1,7,1,1,2,1,752,0,17,2,3,0,0,0,2,1,9,9,9,5,5,5,8,2,2,2,2,3,3,3,2,2,3,1,752001,1,1,2,2,1,752001,5,10,0,0,3,0,0,2,3,9,0,0,0,0,0,0,0,2,10,10,99,7,7,7,7,2,2,0,2,3,2,4,2,3,0
"0000002276","SWE_2022","Sweden",1.1092,90,0,2,1,0,7,2,9,9,1,752,9,14,2,3,99,99,99,5,9,9,1,9,9,9,9,5,4,4,4,9,4,4,9,4,3,5,1,999999,999999,9,2,1,99,999999,9,99,99,99,99,99,99,99,99,99,99,99,99,99,99,99,99,99,99,99,99,99,99,99,99,99,2,0,9,3,3,9,9,9,1
"0000001853","SWE_2022","Sweden",0.6234,77,0,6,1,0,7,9,2,1,1,752,0,23,1,2,2,99,99,1,1,9,9,9,5,3,4,7,9,9,9,9,9,3,4,3,3,5,1,752003,0,2,2,1,1,752003,3,0,5,8,0,5,2,0,99,3,8,10,0,99,99,0,5,99,8,99,99,4,6,0,99,7,2,0,9,3,2,2,9,3,8
"0000000013","SWE_2022","Sweden",0.91,56,0,4,1,0,1,1,2,5,1,752,0,14,1,1,7,7,7,1,4,1,2,5,5,5,4,10,2,1,2,1,3,1,3,3,1,4,1,752003,0,1,1,1,1,752008,5,3,1,7,0,5,3,5,8,8,6,7,2,8,2,9,6,3,4,8,1,5,10,2,6,7,1,0,3,1,3,2,2,1,0
"0000002483","SWE_2022","Sweden",1.0396,80,1,2,2,9,7,1,2,1,3,752,0,8,1,2,2,0,0,2,1,1,2,2,2,4,1,10,1,2,3,3,3,2,9,2,2,4,1,752002,0,9,2,1,1,752002,4,9,9,7,1,3,7,0,3,10,10,2,5,2,99,2,99,2,10,9,0,7,7,0,8,99,2,9,2,2,1,9,9,9,9
"0000000674","SWE_2022","Sweden",0.5283,65,0,8,4,0,1,4,2,5,1,752,0,12,2,1,6,6,0,1,1,1,5,5,5,5,5,9,2,2,2,2,3,2,4,2,2,4,1,752003,0,2,2,1,1,752003,5,7,0,9,1,6,5,3,6,8,0,9,1,8,3,2,6,3,9,8,1,6,6,2,6,8,2,1,1,2,3,3,2,4,1
"0000001759","SWE_2022","Sweden",0.9037,46,1,7,1,0,5,2,2,5,3,901,9,1,2,2,2,2,2,4,5,3,4,3,3,3,3,4,2,3,2,2,3,3,3,2,3,4,0,999999,999999,9,2,4,0,999999,3,5,0,4,3,4,0,3,3,2,0,0,5,0,0,1,2,5,5,1,6,5,5,5,4,5,4,0,9,3,2,3,3,4,1
"0000002565","SWE_2022","Sweden",0.5247,71,1,8,1,0,7,1,1,2,1,752,0,1,2,2,6,0,0,2,1,3,5,5,5,5,5,7,2,2,2,1,3,2,4,1,2,4,1,752007,0,1,2,2,1,752007,5,7,0,2,6,3,5,9,3,10,4,5,5,5,4,9,5,3,10,9,1,8,9,3,7,3,2,0,2,3,2,3,3,3,1
"0000000815","SWE_2022","Sweden",0.7712,54,0,8,1,1,1,1,2,5,2,752,0,8,1,2,3,3,1,1,2,2,2,2,3,3,3,7,3,2,2,2,3,2,4,2,2,4,1,752001,1,2,2,2,1,752001,3,8,0,5,7,7,2,5,5,9,2,5,6,7,2,4,6,4,9,8,2,5,8,4,7,4,4,0,3,3,3,4,3,3,0
"0000000672","SWE_2022","Sweden",1.1901,52,1,4,4,1,1,1,1,4,2,752,0,21,2,3,6,5,0,2,1,2,5,5,5,5,5,10,2,2,2,2,2,2,3,2,2,4,1,752003,0,1,2,1,1,752007,5,9,0,10,6,9,6,9,1,9,5,9,7,9,5,8,4,3,10,10,0,6,8,4,8,6,2,0,9,3,3,2,1,2,0
"0000002774","SWE_2022","Sweden",0.6234,77,0,4,1,0,7,1,2,2,1,752,0,14,3,2,7,7,0,2,1,1,5,3,5,5,4,10,1,2,1,2,2,1,3,3,3,5,1,752003,0,1,2,1,1,752003,5,1,5,9,0,2,8,0,8,3,5,9,1,2,8,1,8,2,10,9,0,3,8,2,7,7,2,1,2,2,4,3,3,3,1
"0000002144","SWE_2022","Sweden",0.7541,66,0,3,1,1,7,1,2,2,1,752,0,12,1,2,5,0,2,2,3,2,3,2,5,5,3,6,3,3,3,2,3,3,3,3,3,4,1,752002,0,4,2,2,99,999999,4,8,8,9,5,6,7,3,5,8,8,8,5,5,7,4,6,0,10,10,0,3,10,0,6,5,4,0,9,2,3,3,3,3,8
"0000002401","SWE_2022","Sweden",1.0931,56,1,3,4,1,5,9,1,9,9,752,1,1,4,4,0,0,0,5,5,5,5,5,5,5,5,0,4,4,4,4,4,4,4,4,4,5,0,999999,999999,9,5,5,0,999999,1,0,0,0,0,0,0,0,0,0,0,0,0,0,0,0,0,99,99,99,99,99,99,99,99,99,5,9,9,4,4,5,5,5,0
"0000001642","SWE_2022","Sweden",1.1984,54,0,5,4,1,1,2,2,2,1,752,0,12,2,3,4,7,7,2,1,4,4,3,5,5,3,9,2,2,2,2,3,1,3,2,2,4,1,752001,1,2,4,1,1,752001,4,8,5,5,2,5,2,5,5,8,3,3,3,5,1,3,3,2,10,9,0,7,7,3,6,3,2,0,3,3,3,2,2,3,1
"0000001942","SWE_2022","Sweden",1.0469,76,0,3,4,1,7,1,2,2,1,752,0,14,3,2,7,7,7,1,1,2,4,3,5,3,4,9,1,1,1,1,3,1,3,2,2,4,1,752001,1,1,2,2,1,752001,5,9,0,2,7,5,0,5,5,9,0,3,5,6,0,5,5,2,10,9,0,5,9,2,6,1,2,1,2,3,2,3,2,3,8
"0000001855","SWE_2022","Sweden",0.7489,79,1,5,1,0,7,2,1,1,3,752,0,5,1,3,5,0,0,3,1,2,1,2,4,5,3,8,2,2,3,3,3,3,4,3,3,3,1,752003,0,2,2,2,1,752003,3,2,5,9,5,4,5,1,2,8,8,7,4,4,8,1,7,2,9,10,0,6,6,3,6,10,2,0,3,2,2,2,2,3,0
"0000001289","SWE_2022","Sweden",1.6791,40,0,5,1,0,1,2,1,2,1,752,0,20,2,2,4,6,0,2,1,2,4,3,5,5,2,8,1,1,1,2,2,2,4,1,1,4,1,752001,1,1,1,1,1,752001,5,10,0,0,7,8,0,5,2,10,0,0,2,9,0,5,2,2,10,9,0,6,9,2,8,2,1,1,1,3,2,4,3,4,1
"0000002189","SWE_2022","Sweden",0.7541,68,0,3,1,1,7,2,2,3,1,752,0,12,2,1,7,0,0,2,1,5,2,3,5,5,5,8,2,2,2,2,2,2,4,3,3,5,1,752002,0,1,2,2,1,752002,4,5,10,8,2,1,7,0,2,5,10,8,3,0,8,0,5,4,10,9,1,5,8,1,6,10,2,1,1,2,3,3,3,3,8
"0000001533","SWE_2022","Sweden",1.5423,30,0,3,1,1,1,2,2,3,2,752,0,14,1,2,0,0,3,2,9,2,1,3,5,5,3,4,3,3,2,9,2,4,4,4,4,5,1,752002,0,1,1,2,1,752002,5,1,10,9,0,0,8,0,4,0,10,8,0,0,7,0,7,2,10,9,0,1,9,1,5,10,4,1,2,2,3,2,3,5,1
"0000000163","SWE_2022","Sweden",0.5283,85,0,8,1,0,7,1,1,3,3,752,0,10,1,1,7,7,0,1,1,2,5,5,5,5,5,10,1,2,2,1,3,2,4,1,1,3,1,752007,0,1,1,1,1,752007,5,9,0,0,9,3,0,10,2,10,0,1,9,4,0,9,1,1,10,10,0,7,10,1,8,1,2,1,2,3,2,2,2,3,0
"0000001283","SWE_2022","Sweden",1.1008,60,0,3,1,1,1,1,1,4,1,752,0,20,1,2,1,1,3,2,2,3,3,3,5,5,5,8,2,2,3,3,2,3,3,3,3,4,1,752005,0,4,4,2,1,752005,3,8,2,5,3,10,3,5,4,9,7,5,3,6,5,2,3,3,10,10,0,5,99,99,7,5,2,1,2,3,2,5,2,3,1
"0000000953","SWE_2022","Sweden",0.9037,48,1,6,4,1,2,2,2,4,1,752,0,20,1,3,3,5,7,3,1,2,3,3,3,2,2,7,2,3,2,2,3,2,4,3,2,4,1,752003,0,2,4,1,1,752001,4,5,1,9,5,4,4,3,5,6,1,7,6,5,2,3,5,3,9,8,0,4,9,1,7,6,2,0,9,3,1,3,2,3,1
"0000002438","SWE_2022","Sweden",0.5247,84,1,7,4,0,7,4,2,1,1,752,0,21,1,1,5,5,0,2,1,3,5,3,5,4,5,8,2,2,2,2,2,3,4,2,2,4,1,752007,0,2,2,1,1,752004,4,8,0,1,99,6,1,9,6,8,0,1,10,7,1,9,8,4,10,10,1,6,10,4,6,3,2,0,2,2,2,4,3,3,1
"0000001790","SWE_2022","Sweden",0.6191,75,1,6,1,1,7,1,1,3,1,752,1,12,1,1,4,4,4,1,1,5,5,5,5,5,5,9,2,2,2,2,2,1,3,1,2,4,1,752001,1,1,1,1,1,752001,5,10,0,0,9,5,0,8,2,10,0,0,9,5,0,9,2,2,10,10,1,7,10,4,7,2,1,1,1,3,2,4,2,2,8
"0000001152","SWE_2022","Sweden",1.7726,19,1,4,4,1,2,2,2,1,2,752,1,7,1,2,0,2,7,1,1,1,5,2,5,4,5,7,2,2,3,1,3,1,3,2,2,5,1,752004,0,1,2,1,99,999999,3,8,0,2,10,6,0,8,2,10,0,5,10,10,2,5,2,2,10,10,0,5,10,3,9,1,2,1,2,4,2,3,3,3,1
"0000000144","SWE_2022","Sweden",0.7712,49,0,8,4,1,1,4,2,3,2,752,0,12,4,2,1,3,1,2,1,2,4,5,5,2,2,8,2,3,2,1,3,1,4,1,1,4,1,999999,999999,9,4,1,1,999999,5,8,0,2,2,7,2,5,3,8,0,1,3,8,2,5,5,3,8,9,1,5,8,4,7,5,2,0,9,2,3,4,4,3,1
"0000000331","SWE_2022","Sweden",0.7712,48,0,8,1,1,1,2,1,5,1,752,0,24,1,2,2,3,0,2,1,2,4,2,5,5,5,2,3,3,3,3,3,3,4,2,3,5,1,752002,0,2,2,2,1,752002,3,5,9,9,0,0,8,0,5,5,9,8,0,0,7,0,7,3,9,8,0,0,8,0,7,8,4,0,2,2,3,3,3,4,1
"0000002142","SWE_2022","Sweden",0.5247,71,1,8,2,0,7,1,1,1,1,752,1,24,2,9,2,0,7,2,1,1,5,5,5,5,3,8,2,2,2,2,3,2,3,2,3,4,1,752007,0,4,2,1,1,752001,4,8,0,7,6,8,1,8,5,10,0,6,7,9,1,9,5,5,10,9,3,6,9,6,8,99,2,0,3,3,2,2,3,3,0
"0000001817","SWE_2022","Sweden",1.1901,64,1,99,1,9,99,9,9,9,9,752,0,18,9,4,99,99,99,9,9,9,9,9,9,9,9,99,9,9,9,9,9,9,9,9,9,9,99,999999,999999,9,9,9,99,999999,9,99,99,99,99,99,99,99,99,99,99,99,99,99,99,99,99,99,99,99,99,99,99,99,99,99,9,9,9,9,9,9,9,9,9
"0000001706","SWE_2022","Sweden",1.1008,46,0,4,4,0,3,2,1,1,1,901,1,1,4,3,2,0,0,3,3,4,3,3,3,3,2,6,3,3,3,3,3,3,9,3,3,5,1,752001,1,2,4,1,1,752004,3,9,7,4,8,5,3,3,5,9,7,4,8,5,5,5,5,0,9,8,1,5,7,3,99,1,2,0,2,2,2,4,4,4,1
"0000002085","SWE_2022","Sweden",1.0931,56,1,3,1,1,9,2,1,3,1,752,0,8,1,2,7,0,7,3,3,3,3,3,3,3,3,3,2,2,1,1,3,2,3,3,3,4,1,752002,0,1,2,3,1,752002,3,3,10,8,2,2,5,0,2,5,10,8,1,0,7,0,1,5,8,8,0,4,7,0,7,8,5,0,1,2,2,3,3,3,8
"0000000446","SWE_2022","Sweden",0.7658,52,1,7,1,1,1,2,1,4,2,752,1,22,2,3,5,7,7,3,1,3,4,3,3,3,3,10,2,2,2,2,3,2,3,2,1,3,1,752001,1,2,2,1,1,752001,5,10,0,3,4,1,5,7,2,10,0,1,5,0,0,99,3,3,10,6,0,7,7,5,6,3,2,9,9,2,2,4,2,2,1
"0000001809","SWE_2022","Sweden",0.7489,83,1,5,1,0,7,2,1,1,3,752,0,19,2,2,7,2,7,3,1,2,2,4,9,9,1,7,2,2,3,2,3,2,3,3,3,4,1,999999,999999,9,2,1,1,999999,4,5,5,6,0,0,7,0,2,6,7,7,0,0,7,0,3,0,7,10,0,0,10,0,5,5,2,0,2,4,2,4,3,2,0
"0000001839","SWE_2022","Sweden",1.1014,70,1,5,1,0,7,1,1,3,2,752,0,25,1,3,2,0,0,2,2,2,2,2,3,3,3,7,3,3,3,2,3,2,3,2,2,3,1,752001,1,2,2,1,1,752001,3,7,1,1,1,1,1,1,1,2,2,2,2,2,2,2,2,3,5,10,0,5,5,5,8,5,2,0,9,2,3,2,2,3,0
"0000001765","SWE_2022","Sweden",1.0931,48,1,3,1,0,2,2,1,1,1,901,9,17,1,2,2,5,6,3,3,3,3,3,2,2,3,7,2,2,3,2,3,3,4,3,3,3,99,999999,999999,9,2,1,0,999999,3,9,0,6,7,5,2,5,99,8,0,6,6,5,2,4,4,0,10,99,5,5,7,7,7,3,4,0,9,2,2,4,3,3,0
"0000002007","SWE_2022","Sweden",0.8153,65,1,4,4,9,7,1,1,3,3,752,0,21,2,2,5,0,0,2,1,2,3,5,5,2,4,9,1,2,1,2,2,2,9,2,2,3,1,752001,1,2,2,2,1,752007,5,8,1,3,5,7,3,8,4,99,99,99,99,99,99,99,99,4,9,8,2,5,8,5,6,4,2,9,2,2,1,2,2,2,1
"0000002588","SWE_2022","Sweden",0.7489,71,1,3,1,0,7,4,2,3,1,752,0,18,2,1,7,0,0,2,1,1,2,9,5,5,5,9,2,3,3,2,2,2,4,3,2,5,1,752006,0,1,1,1,1,752006,5,5,5,10,5,6,10,5,7,8,8,9,6,8,10,6,8,4,5,10,0,5,10,3,8,9,1,0,3,2,3,4,2,2,1
"0000001395","SWE_2022","Sweden",1.0931,52,1,3,1,0,2,2,1,3,1,752,0,14,1,3,0,0,7,3,9,9,9,9,5,5,4,99,3,3,2,2,3,3,3,4,2,4,1,752002,0,1,1,2,1,752002,5,99,99,99,99,99,99,99,99,99,99,99,99,99,99,99,99,99,99,99,99,99,99,99,99,99,4,0,1,2,3,4,3,3,1
"0000000759","SWE_2022","Sweden",1.6791,35,0,4,1,0,1,2,2,4,3,752,0,10,1,3,0,2,7,2,1,2,1,2,5,2,2,6,3,3,2,2,3,3,3,3,2,4,1,752006,0,2,2,1,1,752002,3,7,8,7,1,2,8,1,5,3,9,7,1,0,8,0,6,3,8,8,0,6,8,1,6,7,4,0,9,2,3,4,2,3,1
"0000000212","SWE_2022","Sweden",1.073,37,1,8,4,1,1,1,2,1,1,752,0,1,3,2,2,99,7,2,1,2,5,9,5,2,5,10,1,1,2,1,2,2,3,2,1,4,1,752001,1,1,2,2,1,752001,5,10,0,1,9,8,0,10,1,10,0,1,10,10,0,10,1,1,10,10,0,3,10,1,10,1,2,1,2,3,3,2,3,3,0
"0000000798","SWE_2022","Sweden",0.91,50,0,8,1,0,1,1,2,5,2,752,0,12,4,2,5,7,0,2,1,2,3,3,5,5,5,9,2,2,2,2,2,2,3,2,2,4,1,999999,999999,9,1,1,1,999999,4,3,8,10,0,5,8,0,6,10,9,9,3,1,7,0,5,3,10,8,0,5,7,1,6,8,1,1,1,1,2,2,1,3,1
"0000002476","SWE_2022","Sweden",1.6791,38,0,4,4,0,1,9,2,2,9,752,0,22,1,2,0,1,1,3,4,1,1,3,2,3,2,6,3,3,4,2,2,4,3,4,4,4,1,999999,999999,9,4,2,1,999999,4,4,6,8,7,8,2,0,5,3,10,8,2,8,5,5,3,2,8,9,99,7,4,2,8,5,4,0,9,4,4,5,4,5,0
"0000002525","SWE_2022","Sweden",0.5283,85,0,9,3,1,7,1,1,3,9,900,1,17,9,1,6,5,5,2,1,1,3,5,5,5,4,9,2,2,2,1,2,2,3,2,2,3,1,752007,0,2,4,2,1,752007,5,9,0,4,7,9,5,10,7,10,0,5,7,9,5,10,7,3,9,8,2,4,10,2,4,3,2,0,2,9,3,2,3,3,0
"0000001163","SWE_2022","Sweden",0.7541,66,0,3,1,0,7,2,1,1,1,752,0,24,1,4,4,0,0,4,3,1,1,1,5,5,5,7,4,4,4,1,4,2,2,3,2,4,1,999999,999999,9,2,1,1,999999,3,4,4,4,4,4,0,0,4,3,4,4,4,4,4,0,4,5,10,10,0,5,8,5,5,5,2,0,9,4,2,3,3,3,1
"0000002647","SWE_2022","Sweden",1.0469,75,0,5,1,1,3,2,2,1,2,752,9,24,3,2,3,4,7,3,2,2,2,4,5,5,5,9,2,2,2,2,3,1,3,1,1,2,1,752001,1,1,1,1,99,999999,9,99,99,99,99,99,99,99,99,99,99,99,99,99,99,99,99,0,5,5,5,5,5,5,10,5,1,0,2,2,1,1,1,1,1
"0000002675","SWE_2022","Sweden",1.073,27,1,7,4,0,6,9,9,9,1,752,0,12,1,2,0,3,7,2,1,1,3,4,4,2,2,7,2,9,2,1,3,2,3,2,2,4,1,752001,1,1,4,2,1,752001,4,9,0,5,5,7,1,7,5,10,0,4,5,7,0,5,5,3,10,8,1,5,9,4,7,3,2,0,2,2,1,3,2,2,0
"0000001271","SWE_2022","Sweden",1.1407,25,1,7,4,0,5,2,2,4,1,752,0,5,1,3,2,0,7,3,1,2,4,3,5,5,3,10,2,2,2,2,3,4,4,2,2,4,1,752001,1,1,4,2,1,752003,4,9,2,7,5,5,5,5,5,8,5,7,5,5,5,5,5,0,10,10,0,0,9,0,8,0,2,0,9,2,2,3,3,3,1
"0000002587","SWE_2022","Sweden",0.7541,85,0,2,2,0,7,1,1,9,1,752,0,4,2,3,7,99,0,2,1,3,3,5,5,5,4,9,2,1,2,2,3,3,4,2,2,4,1,752001,1,1,1,9,1,752001,4,8,2,1,3,5,3,6,2,8,2,1,3,5,3,6,2,99,99,99,99,99,99,99,99,99,9,9,9,2,2,9,9,9,9
"0000002160","SWE_2022","Sweden",0.7489,75,1,6,1,0,7,2,1,3,1,752,0,24,4,2,7,5,3,2,2,2,2,1,5,3,2,7,3,3,3,9,3,3,3,2,2,4,1,752001,1,2,4,3,1,752001,3,8,5,6,5,6,6,6,5,8,6,6,5,6,6,7,6,1,10,10,3,2,10,3,10,2,2,1,1,3,3,2,2,3,1
"0000000785","SWE_2022","Sweden",1.1008,64,0,3,1,0,1,9,2,4,1,752,0,1,3,2,5,99,99,2,1,1,1,2,2,2,5,7,3,3,2,2,3,3,4,3,2,5,1,752002,0,1,1,1,1,752002,3,0,10,10,0,0,9,0,6,4,10,9,0,0,9,0,7,2,10,10,0,2,9,0,6,10,2,1,1,2,1,3,4,3,1
"0000000263","SWE_2022","Sweden",0.6191,68,1,6,1,1,7,1,1,3,1,752,0,14,1,9,7,7,2,3,1,3,4,3,5,5,5,10,1,2,1,2,2,2,3,2,9,4,1,752006,0,4,1,1,1,752003,3,7,7,8,1,5,8,1,5,8,8,8,5,5,9,0,7,6,9,10,0,3,9,0,6,7,2,0,3,2,2,3,3,3,0
"0000000083","SWE_2022","Sweden",1.1984,56,0,6,1,1,1,4,2,5,1,752,0,20,2,2,2,7,7,2,1,1,2,4,5,5,4,9,1,1,1,1,1,3,3,4,2,4,1,752003,0,1,2,1,1,752003,5,2,6,10,1,1,8,0,6,3,7,9,7,1,9,0,8,5,10,9,1,6,10,0,7,9,1,1,1,2,2,2,2,2,1
"0000001451","SWE_2022","Sweden",1.0931,59,1,5,1,1,2,2,2,2,2,752,0,14,1,3,3,2,7,2,1,9,9,9,2,9,1,5,3,3,3,3,3,3,3,3,2,4,1,752002,0,9,2,2,99,752004,4,7,10,7,7,5,6,5,7,7,10,7,7,5,6,5,7,3,9,6,3,2,6,1,4,6,2,9,2,3,3,3,3,3,1
"0000002203","SWE_2022","Sweden",0.6191,72,1,4,3,1,7,1,2,2,1,752,0,1,1,2,1,0,0,2,1,9,5,4,5,3,3,9,1,1,1,1,2,1,4,2,2,4,1,752001,1,2,2,1,1,999999,5,99,0,99,99,99,99,99,99,9,0,99,99,9,99,99,99,99,99,99,99,99,99,99,99,1,1,1,2,3,2,3,3,3,0
"0000001610","SWE_2022","Sweden",1.1984,44,0,4,1,1,1,2,2,4,1,752,0,14,1,9,4,99,99,2,1,2,4,3,4,2,4,8,2,3,3,1,3,2,4,2,2,5,1,752008,0,4,2,1,1,752001,4,9,1,8,3,7,2,8,9,8,1,8,5,8,1,5,7,3,9,7,0,5,8,2,6,6,2,0,3,2,3,3,3,3,1
"0000000997","SWE_2022","Sweden",0.7489,69,1,3,1,0,99,1,2,4,1,752,1,1,1,2,5,0,5,2,2,1,2,3,3,3,2,6,3,3,3,2,3,2,3,2,2,4,1,752008,0,4,2,1,1,752006,3,8,6,7,0,7,8,1,9,10,9,9,5,9,10,5,8,4,9,8,0,8,8,1,8,8,4,0,3,3,3,2,3,3,0
"0000001744","SWE_2022","Sweden",1.1008,63,0,3,3,0,1,2,2,4,1,752,0,13,2,3,7,99,99,2,2,2,1,1,3,3,3,10,3,3,4,2,2,3,3,4,2,2,1,752002,0,2,2,2,1,752002,5,0,10,8,5,0,6,0,5,0,10,8,5,0,10,0,5,1,10,10,99,1,10,1,5,10,2,1,2,2,3,3,3,3,0
"0000002382","SWE_2022","Sweden",0.7489,73,1,3,1,0,7,2,1,2,1,752,9,12,2,2,7,0,7,2,1,1,4,4,9,9,5,9,2,2,2,2,2,2,3,1,2,4,1,752001,1,1,1,1,1,752001,5,10,0,2,7,7,0,8,5,10,0,2,7,8,0,8,1,5,10,10,1,6,9,3,7,5,2,1,1,2,2,3,2,4,0
"0000000370","SWE_2022","Sweden",0.7658,48,1,8,1,1,1,1,1,5,3,752,0,17,2,3,1,6,7,2,1,1,4,3,2,2,4,9,2,2,2,1,2,1,3,2,2,5,1,752007,0,1,1,1,1,752007,5,8,0,5,5,8,2,9,5,10,0,3,8,8,1,7,8,3,10,8,1,6,9,3,6,4,2,1,3,2,2,4,3,3,1
"0000001653","SWE_2022","Sweden",1.7726,22,1,4,4,1,99,2,2,3,1,752,0,25,1,3,0,0,1,3,2,3,3,3,5,5,5,7,2,2,2,2,2,3,3,2,3,9,1,752006,0,2,2,2,1,752005,4,7,3,7,7,8,8,5,5,8,3,8,8,8,8,5,5,99,99,99,99,99,99,99,99,5,2,0,9,3,3,4,3,5,1
"0000001033","SWE_2022","Sweden",1.2661,35,1,5,3,1,1,1,2,4,1,752,0,14,2,3,0,7,7,2,1,3,3,5,5,5,5,8,2,2,4,1,3,3,4,2,1,5,1,752001,1,1,1,1,1,752001,5,9,0,5,8,8,3,9,5,10,0,5,5,8,2,5,5,99,10,9,1,5,7,4,5,4,1,1,2,4,3,3,3,3,1
"0000002035","SWE_2022","Sweden",0.821,77,0,5,1,0,7,1,1,4,2,752,0,13,2,2,7,7,7,2,1,1,3,2,4,4,5,8,1,2,2,2,2,1,3,2,2,5,1,999999,999999,9,1,1,1,999999,4,7,0,6,0,8,2,3,6,9,1,7,1,9,3,3,6,1,9,10,0,4,9,2,5,5,2,0,9,2,1,4,3,4,1
"0000002621","SWE_2022","Sweden",0.7489,84,1,2,2,1,7,1,1,1,1,752,0,17,2,2,5,0,7,3,1,1,3,2,5,5,3,10,2,2,2,2,3,2,3,2,2,3,1,752001,1,2,2,1,1,752001,5,10,5,4,2,6,5,8,4,10,5,5,7,2,5,6,5,0,10,10,0,5,10,3,7,0,2,1,2,3,1,2,1,3,1
"0000001365","SWE_2022","Sweden",1.2661,31,1,6,4,0,1,2,1,2,3,752,0,12,2,2,5,6,2,2,1,3,3,1,3,2,2,6,3,3,2,3,3,3,4,4,2,4,1,752002,0,1,4,5,1,752002,3,2,10,8,0,0,10,0,0,1,10,6,0,0,10,0,0,1,9,9,0,4,9,1,5,9,4,1,2,2,3,3,3,3,8
"0000001013","SWE_2022","Sweden",1.5316,38,1,4,4,1,5,2,1,5,1,752,0,24,2,2,3,2,7,3,1,3,1,5,3,3,2,7,3,3,9,2,4,2,3,3,9,4,1,752001,1,4,5,1,99,999999,9,99,99,99,99,99,99,99,99,99,99,99,99,99,99,99,99,3,10,10,0,6,10,5,6,2,4,0,3,2,3,4,3,3,1
"0000001315","SWE_2022","Sweden",1.0931,61,1,99,1,9,99,9,9,9,9,752,1,14,9,9,99,99,99,9,9,9,9,9,9,9,9,99,9,9,9,9,9,9,9,9,9,9,99,999999,999999,9,9,9,99,999999,9,99,99,99,99,99,99,99,99,99,99,99,99,99,99,99,99,99,99,99,99,99,99,99,99,99,9,9,9,9,9,9,9,9,9
"0000001186","SWE_2022","Sweden",1.6791,32,0,4,4,1,2,2,9,1,1,752,1,23,2,3,0,7,0,3,3,3,4,3,5,5,3,3,3,3,2,2,4,3,3,2,3,4,1,999999,999999,9,2,1,99,999999,2,7,0,6,5,5,2,1,5,6,0,3,1,1,1,2,2,5,5,5,5,5,5,5,5,99,4,0,9,4,1,3,3,4,1
"0000001399","SWE_2022","Sweden",1.1901,58,1,3,4,1,5,2,2,4,1,752,0,1,3,2,1,99,99,3,3,2,2,2,5,5,9,2,3,3,3,2,2,3,4,2,2,5,1,752001,1,1,5,5,1,752001,4,10,0,0,5,0,0,7,0,10,0,0,0,5,3,0,0,0,8,10,2,8,5,2,5,0,2,0,9,3,3,2,3,3,1
"0000001603","SWE_2022","Sweden",0.8153,70,1,5,1,0,7,4,2,1,1,752,0,20,1,2,4,4,0,2,1,2,4,3,2,2,3,5,3,3,4,2,3,3,4,3,3,5,1,752002,0,1,1,2,1,752002,5,1,9,9,0,1,9,0,3,1,10,7,0,0,9,0,7,1,9,10,0,1,9,0,5,10,2,1,2,2,2,3,3,3,0
"0000000192","SWE_2022","Sweden",0.7712,42,0,8,1,9,99,9,9,9,9,752,0,19,9,2,0,7,0,2,1,2,2,5,4,3,3,7,2,2,1,1,3,3,4,2,2,9,1,999999,999999,9,2,1,1,999999,5,9,0,8,5,7,7,5,8,9,2,7,5,7,4,5,7,99,8,8,1,5,8,5,7,6,2,0,9,9,9,3,2,2,1
"0000000773","SWE_2022","Sweden",1.1984,54,0,6,1,0,1,1,2,4,3,752,0,20,1,2,1,3,2,2,1,2,3,4,5,4,4,9,1,2,1,1,3,2,3,2,2,1,1,752007,0,2,1,1,1,752003,2,7,1,8,1,9,2,8,5,9,9,1,3,9,1,4,5,4,8,9,1,7,8,4,8,6,2,0,9,2,1,4,3,1,0
"0000001692","SWE_2022","Sweden",0.91,53,0,4,1,1,5,1,1,3,1,900,9,18,2,3,4,4,3,2,2,2,3,2,2,2,2,7,3,3,2,2,3,2,3,3,3,4,1,752002,0,2,4,3,1,752001,3,6,9,6,3,99,6,1,4,8,7,99,3,99,6,1,6,4,8,6,3,2,7,99,3,4,2,0,2,3,3,4,2,3,1
"0000002211","SWE_2022","Sweden",0.6234,73,0,6,1,0,7,1,1,1,2,752,0,20,1,1,7,6,6,1,1,2,4,5,5,5,5,10,1,1,1,1,2,1,3,1,1,4,1,752007,0,1,1,1,1,752001,5,8,0,3,8,7,2,10,3,8,0,3,8,8,1,9,3,3,10,10,0,5,10,2,7,2,1,1,1,2,1,2,1,3,1
"0000002717","SWE_2022","Sweden",0.5283,72,0,7,3,0,7,4,2,2,1,752,0,1,2,1,5,7,0,1,1,1,5,3,2,2,5,9,2,2,2,2,2,3,4,3,3,5,1,752003,0,9,1,1,1,752003,4,1,7,10,0,0,10,0,8,0,7,10,0,0,10,0,10,3,10,9,0,3,9,1,8,9,2,1,1,2,4,2,2,4,8
"0000002151","SWE_2022","Sweden",1.7851,25,0,4,4,0,5,9,9,2,1,752,0,5,2,2,2,2,0,3,2,1,3,3,5,3,3,8,2,2,3,2,3,3,4,3,3,5,1,999992,0,2,1,2,0,999999,5,5,2,2,5,3,2,3,2,5,3,3,5,5,3,2,4,3,5,8,0,5,7,3,6,2,2,0,2,9,3,4,3,3,1
"0000002167","SWE_2022","Sweden",1.1984,57,0,6,4,0,2,4,2,1,1,752,0,1,4,1,0,7,4,1,1,1,5,1,5,5,1,7,2,2,2,2,2,3,3,4,2,5,1,752003,0,2,2,2,1,999992,3,1,5,7,0,1,5,0,4,6,10,5,6,0,6,0,4,2,5,8,0,1,7,0,4,9,2,0,2,1,2,3,3,4,9
"0000001478","SWE_2022","Sweden",0.6234,72,0,4,3,0,7,4,2,2,1,752,0,18,1,2,6,0,0,1,1,5,1,5,5,5,4,10,1,2,1,2,3,2,3,1,2,3,1,752008,0,1,1,1,1,752006,5,7,7,9,7,7,7,5,10,7,8,8,10,6,8,6,10,5,9,9,4,6,8,4,8,6,1,1,2,2,2,2,2,3,1
"0000000622","SWE_2022","Sweden",0.7712,42,0,8,4,1,2,1,2,5,2,752,0,1,3,3,7,0,0,2,1,2,5,5,4,2,3,9,2,2,2,1,2,1,4,2,2,2,1,752001,1,2,2,1,1,752005,5,8,0,1,3,6,1,6,2,9,0,1,6,6,1,5,4,3,7,9,0,7,9,2,9,3,2,0,3,3,2,4,3,3,1
"0000000501","SWE_2022","Sweden",1.0805,32,0,7,4,1,99,1,2,5,1,752,0,1,4,2,1,7,5,2,1,2,3,3,2,2,4,8,2,2,2,2,3,2,3,3,2,4,1,752003,0,2,2,2,1,752003,3,6,5,8,2,6,7,3,8,7,5,6,5,7,7,2,5,99,8,8,0,5,8,1,7,7,2,0,2,2,2,4,2,3,1
"0000000124","SWE_2022","Sweden",0.7658,47,1,8,1,0,1,1,1,3,1,752,0,6,1,3,5,6,6,2,1,5,5,5,5,5,5,8,3,3,2,1,3,2,3,2,2,5,1,752001,1,2,2,1,1,752001,4,9,5,5,5,5,5,5,5,9,5,2,5,7,2,7,2,2,9,10,0,4,10,1,8,2,1,0,2,2,2,9,3,4,1
"0000001896","SWE_2022","Sweden",0.5247,88,1,6,2,9,7,1,1,1,3,752,0,8,2,2,7,6,7,2,1,3,4,5,5,5,3,8,2,2,1,2,2,2,3,2,2,3,1,752005,0,1,2,1,1,752005,4,6,99,8,6,8,8,5,7,9,5,8,7,99,9,6,7,5,3,8,0,7,6,1,6,7,2,1,2,2,1,1,2,3,0
"0000000958","SWE_2022","Sweden",0.91,64,0,6,1,1,2,1,2,1,6,752,0,6,2,2,1,2,7,2,1,1,5,5,5,5,5,9,1,1,1,1,9,4,4,2,1,4,1,752005,0,1,2,1,1,752006,4,5,0,8,3,9,6,0,2,6,1,9,3,10,5,0,3,5,9,7,1,6,8,3,4,5,2,0,9,3,2,2,2,4,1
"0000001068","SWE_2022","Sweden",0.7489,66,1,5,1,1,7,1,2,5,1,752,0,1,4,2,4,7,7,2,1,1,2,4,2,2,2,9,1,1,1,1,2,2,2,3,2,4,1,752003,0,2,1,1,1,752003,4,5,0,10,3,7,7,2,10,9,8,10,6,7,8,2,9,8,10,8,1,6,8,5,8,8,2,1,2,2,1,2,2,3,1
"0000000839","SWE_2022","Sweden",1.2661,37,1,5,1,0,1,4,2,5,2,752,0,14,3,3,0,2,1,2,1,3,4,3,5,5,2,10,1,1,1,2,2,2,3,3,3,5,1,752005,0,2,2,3,1,752008,4,6,0,8,2,10,2,2,8,6,0,9,0,10,3,0,5,1,10,9,0,5,9,2,7,6,4,0,3,3,3,3,3,3,1
"0000000699","SWE_2022","Sweden",0.821,73,0,4,1,0,2,4,2,5,1,752,0,1,3,2,5,5,6,1,1,3,5,4,5,5,5,9,1,2,1,2,2,2,3,2,2,3,1,752004,0,1,2,1,1,752004,4,7,0,2,9,5,1,8,3,9,0,2,9,6,0,7,2,5,10,8,2,6,10,4,7,2,2,1,2,3,3,2,2,3,1
"0000001116","SWE_2022","Sweden",1.1984,49,0,4,1,1,1,2,2,4,2,752,0,24,2,2,0,7,7,1,1,1,5,4,5,5,4,8,1,1,1,1,2,2,3,2,2,4,1,752001,1,1,1,1,1,752001,5,9,0,1,3,1,1,4,2,8,1,0,0,2,1,0,0,3,6,8,0,99,99,5,6,3,2,1,1,2,3,3,3,3,1
"0000000505","SWE_2022","Sweden",0.7658,47,1,8,1,1,1,1,1,5,1,752,1,4,2,1,5,7,3,1,1,1,4,3,5,4,5,8,1,1,2,1,2,3,4,4,2,5,1,752006,0,1,2,1,1,752003,3,4,5,10,4,6,10,0,5,6,5,10,8,4,10,0,5,4,4,7,2,5,7,5,5,8,1,1,2,2,3,3,3,4,1
"0000000141","SWE_2022","Sweden",1.1008,57,0,4,1,1,1,1,2,5,2,752,0,1,4,2,2,0,6,2,1,2,2,2,1,2,4,6,2,2,2,1,3,3,3,3,2,4,1,999999,999999,9,1,2,1,752003,4,4,9,9,1,2,6,6,5,7,9,9,3,2,7,6,5,0,10,10,0,0,9,5,7,10,4,1,2,4,2,4,4,3,1
"0000002071","SWE_2022","Sweden",0.6191,72,1,5,2,0,7,1,1,2,3,752,0,14,2,2,4,7,3,2,1,1,4,3,5,4,4,8,2,2,2,2,2,2,3,1,1,4,1,752001,1,1,2,1,1,752001,4,10,0,6,9,8,4,10,6,10,6,5,7,8,2,10,5,3,9,9,0,3,9,2,6,2,2,1,2,3,2,3,2,3,0
"0000002182","SWE_2022","Sweden",1.0396,67,1,4,1,0,7,2,2,4,2,901,9,12,1,3,1,0,0,3,1,1,5,5,1,1,4,10,2,3,3,2,3,2,2,3,2,4,1,752006,0,9,2,1,1,999999,2,5,7,7,0,1,9,0,7,6,8,8,1,0,10,0,8,6,6,8,0,3,8,0,7,7,4,1,2,4,1,4,2,3,1
"0000000909","SWE_2022","Sweden",0.7658,64,1,8,4,1,2,1,1,1,1,752,0,1,4,1,7,2,7,1,1,1,5,4,4,2,4,8,1,1,1,1,2,1,3,2,2,4,1,752001,1,1,1,1,1,752001,5,9,0,1,8,3,0,8,3,10,0,1,8,9,0,8,4,5,5,10,2,8,10,4,7,4,2,0,2,2,3,4,3,4,1
"0000001560","SWE_2022","Sweden",1.7851,24,0,4,4,0,5,9,9,1,2,752,0,22,2,2,1,2,6,2,4,4,1,2,2,2,3,7,3,2,4,4,2,2,1,1,1,1,0,999999,999999,9,1,2,99,999999,1,0,10,9,0,0,0,0,8,0,10,9,0,0,8,0,0,5,7,5,5,7,8,2,4,9,2,0,9,1,1,3,3,9,8
"0000001559","SWE_2022","Sweden",1.1008,48,0,3,4,0,99,2,2,5,1,752,0,14,1,2,4,7,0,1,3,1,2,3,3,3,3,5,2,2,4,1,2,3,4,3,2,4,1,752002,0,1,1,1,1,752002,5,0,10,6,3,5,6,0,1,3,10,5,0,0,0,5,5,0,10,10,0,0,10,0,7,10,2,1,1,2,2,2,3,3,1
"0000002608","SWE_2022","Sweden",1.1092,82,0,2,1,1,7,9,2,1,9,752,9,14,2,3,99,6,4,2,1,1,4,3,3,3,2,6,2,2,3,2,3,2,3,3,3,4,1,752002,0,2,2,2,1,752002,3,0,7,7,0,4,5,0,4,5,6,6,1,2,5,1,5,2,8,7,2,5,5,2,5,5,2,0,3,3,3,3,2,3,0
"0000001396","SWE_2022","Sweden",0.91,43,0,5,4,0,1,2,1,3,1,752,0,1,2,3,2,0,4,3,2,2,2,2,5,5,1,8,2,2,2,2,2,2,2,2,3,4,1,752005,0,2,2,3,1,999999,4,5,1,5,5,8,5,5,5,8,2,8,8,8,2,8,8,4,10,8,0,4,8,1,7,3,2,0,3,3,3,4,3,3,0
"0000000693","SWE_2022","Sweden",0.9037,48,1,6,1,1,1,4,2,5,1,901,1,1,3,2,0,7,0,2,1,3,4,5,2,1,4,9,2,2,2,1,3,2,3,4,2,4,1,752008,0,1,1,1,1,752008,4,0,0,8,0,7,0,0,10,5,0,8,0,8,0,0,10,6,9,8,0,5,9,0,7,7,1,1,1,2,2,2,3,3,8
"0000001554","SWE_2022","Sweden",2.2684,38,0,3,4,1,5,2,2,2,1,901,9,23,3,4,0,4,1,5,5,4,3,5,4,3,2,1,3,3,4,1,3,4,4,2,2,5,1,752001,1,4,4,4,0,999999,1,10,0,4,8,5,7,6,7,4,99,6,0,6,8,99,5,10,0,3,7,2,2,1,1,6,4,1,2,4,3,3,4,5,1
"0000001561","SWE_2022","Sweden",1.5282,62,0,3,1,0,1,2,2,2,1,752,0,12,2,3,5,99,99,1,9,9,1,9,3,3,3,10,2,2,2,1,2,2,3,3,2,4,1,752002,0,1,1,1,1,752002,4,99,10,99,0,0,99,0,99,99,10,99,0,0,8,99,99,0,10,9,0,0,6,0,6,10,2,1,1,1,3,5,3,2,0
"0000000152","SWE_2022","Sweden",1.0805,26,0,8,4,1,1,2,1,5,1,752,0,3,2,1,7,7,7,1,1,1,5,2,4,4,5,8,1,1,1,2,2,2,3,4,2,5,1,752003,0,2,1,1,1,752003,4,2,8,9,0,0,9,0,4,5,9,8,7,1,10,0,8,3,10,8,0,2,9,0,6,8,1,1,2,1,1,4,3,4,1
"0000002185","SWE_2022","Sweden",1.0396,78,1,3,1,0,7,2,1,2,2,752,0,5,2,2,4,4,0,2,2,1,1,1,5,2,4,5,1,2,3,2,2,1,4,1,1,4,1,752001,1,2,2,1,1,752001,3,6,0,0,1,4,0,4,99,10,0,0,9,7,0,6,1,10,10,0,5,5,2,5,2,5,2,1,2,3,3,2,2,1,0
"0000002606","SWE_2022","Sweden",1.1014,85,1,2,2,0,7,2,2,1,1,752,0,14,1,3,3,0,3,2,2,2,2,2,2,2,3,6,3,3,3,2,9,2,3,3,2,4,1,752006,0,4,4,3,1,752006,3,5,5,9,5,5,8,5,8,5,8,9,5,5,9,5,9,5,7,8,2,5,8,5,7,6,2,0,9,2,2,4,3,4,1
"0000001169","SWE_2022","Sweden",1.1984,43,0,4,4,0,2,2,1,1,6,752,1,14,2,1,99,4,7,2,1,2,2,5,5,4,1,7,2,2,1,1,2,3,3,2,2,2,1,752007,0,2,1,1,1,752007,4,2,2,2,7,2,6,7,2,2,6,2,7,2,5,6,4,3,5,7,2,5,7,5,99,4,2,0,9,2,1,4,2,3,1
"0000002610","SWE_2022","Sweden",1.7726,19,1,4,4,0,6,9,2,4,2,752,0,17,1,2,4,3,7,1,1,9,9,9,9,9,1,4,3,3,4,2,3,3,3,4,3,5,1,752006,0,2,2,3,99,999999,4,4,0,8,8,0,10,0,5,3,0,7,10,0,10,0,6,7,10,10,0,5,10,5,5,8,4,0,9,4,4,3,3,9,0
"0000001927","SWE_2022","Sweden",1.346,24,1,7,4,1,5,2,2,9,1,901,1,12,2,3,4,4,7,2,3,3,3,9,3,3,3,8,9,9,9,9,9,9,9,9,2,3,99,999999,999999,9,9,3,99,999999,3,5,5,5,5,5,5,5,5,5,5,5,5,5,5,5,5,99,99,99,99,99,99,99,99,99,9,0,9,3,2,3,9,3,0
"0000000300","SWE_2022","Sweden",0.7658,44,1,99,4,9,99,9,9,9,9,752,0,7,9,2,3,3,1,2,9,9,9,9,9,9,9,99,9,9,9,9,9,9,9,9,9,9,99,999999,999999,9,9,9,99,999999,9,99,99,99,99,99,99,99,99,99,99,99,99,99,99,99,99,99,99,99,99,99,99,99,99,99,9,9,9,9,9,9,9,9,9
"0000001754","SWE_2022","Sweden",1.7851,21,0,4,4,0,2,2,2,2,3,901,9,21,4,4,1,1,1,2,1,1,1,2,1,1,1,10,2,2,1,1,2,2,2,2,2,3,0,999999,999999,9,2,1,0,999999,5,5,5,5,5,5,5,5,5,5,5,5,5,5,5,5,5,2,10,8,0,5,8,1,7,3,1,0,9,2,1,2,1,2,1
"0000000980","SWE_2022","Sweden",0.7541,72,0,3,3,0,7,1,9,2,2,752,0,6,1,2,7,4,4,2,1,2,2,3,4,3,2,8,2,2,2,2,2,2,2,9,2,4,99,999999,999999,9,2,1,1,999999,4,8,8,8,8,8,5,8,5,8,8,8,8,8,5,8,5,0,9,10,0,2,10,1,5,3,2,0,9,2,2,4,2,3,1
"0000000110","SWE_2022","Sweden",0.7658,52,1,8,3,1,1,1,2,2,1,900,9,1,3,2,7,4,2,1,1,1,1,3,5,4,1,7,2,3,9,2,3,3,3,3,4,4,1,999999,999999,9,2,2,1,999999,3,8,8,8,8,99,99,99,99,1,10,8,9,0,8,5,5,5,2,5,1,5,5,5,7,1,2,0,2,2,1,3,2,3,0
"0000002193","SWE_2022","Sweden",0.5247,76,1,8,3,0,7,1,1,4,1,752,0,5,2,1,7,7,7,1,1,5,5,5,5,5,5,7,2,2,2,2,3,2,3,3,2,4,1,752004,0,1,1,1,1,752004,5,8,0,1,10,3,1,8,2,8,0,0,99,3,0,99,1,5,10,10,0,7,10,3,8,0,4,1,1,4,3,3,2,3,1
"0000000657","SWE_2022","Sweden",0.7712,50,0,8,4,1,1,4,2,4,1,752,0,12,2,2,0,7,7,1,1,1,5,4,4,4,3,9,2,2,2,2,3,3,3,3,4,5,1,752002,0,4,4,2,1,752002,4,0,5,5,1,0,4,0,5,4,4,5,7,0,5,0,7,3,5,8,0,4,9,1,7,3,2,0,3,2,2,4,3,3,0
"0000000662","SWE_2022","Sweden",0.7712,42,0,8,1,0,1,1,1,5,3,752,0,21,2,2,6,3,4,1,1,2,5,5,4,2,4,9,1,2,2,2,2,1,3,2,2,4,1,752005,0,2,1,1,1,999999,4,10,0,7,3,10,1,10,5,9,0,2,5,9,1,3,5,3,8,9,0,5,9,3,6,5,1,0,3,2,2,3,3,3,1
"0000001688","SWE_2022","Sweden",1.0931,58,1,5,4,0,1,9,9,4,1,752,0,7,2,4,99,99,99,1,1,9,9,9,9,1,9,0,1,1,1,1,1,1,1,3,3,5,1,752002,0,1,1,1,1,752006,4,5,10,7,5,7,9,7,5,5,10,9,5,99,10,5,5,99,99,99,99,99,99,99,99,8,2,1,2,3,4,1,4,4,1
"0000000339","SWE_2022","Sweden",0.9037,62,1,7,1,1,2,2,1,3,2,752,0,14,1,2,6,99,2,2,1,1,5,3,5,5,4,9,2,2,2,2,2,2,3,2,2,4,1,752001,1,2,1,2,1,752001,4,8,2,4,7,5,3,4,4,8,1,6,6,6,2,3,3,3,8,10,1,5,10,5,6,3,2,0,2,2,3,3,3,3,1
"0000002055","SWE_2022","Sweden",1.0931,63,1,3,4,0,7,2,2,1,1,752,0,1,4,2,6,1,7,1,1,1,5,5,5,2,5,9,1,1,1,2,2,2,4,2,2,4,1,752001,1,1,1,1,1,752001,5,9,0,3,8,5,1,8,5,9,0,4,8,5,0,8,5,2,10,7,0,5,9,1,5,2,2,0,2,2,2,3,3,4,0
"0000000273","SWE_2022","Sweden",1.073,35,1,7,1,0,1,2,1,5,1,752,0,14,3,2,1,1,6,2,1,3,5,4,3,2,4,8,2,2,1,1,2,2,2,3,3,4,1,752003,0,2,2,2,1,752008,5,6,5,99,0,1,7,0,7,6,99,7,0,1,7,0,6,6,10,8,0,2,8,0,7,8,4,1,2,2,2,3,3,2,1
"0000002825","SWE_2022","Sweden",0.6191,72,1,5,1,0,9,9,9,1,1,752,0,17,1,1,7,5,0,1,1,1,5,5,5,2,2,7,2,2,3,3,2,2,4,3,2,5,1,752003,0,1,1,3,1,752003,5,3,9,10,2,9,9,6,1,0,9,10,7,5,10,1,5,0,8,10,0,10,9,4,8,9,2,1,1,3,1,2,2,1,0
"0000001746","SWE_2022","Sweden",1.7726,19,1,99,4,9,99,9,9,9,9,752,0,13,9,2,99,99,99,9,9,9,9,9,9,9,9,99,9,9,9,9,9,9,9,9,9,9,99,999999,999999,9,9,9,99,999999,9,99,99,99,99,99,99,99,99,99,99,99,99,99,99,99,99,99,99,99,99,99,99,99,99,99,9,9,9,9,9,9,9,9,9
"0000000725","SWE_2022","Sweden",1.073,38,1,8,1,1,1,1,1,5,1,752,0,19,1,2,0,7,7,2,1,1,4,5,5,1,2,6,2,2,3,3,3,3,3,2,2,5,1,752001,1,1,4,2,1,752005,4,6,0,5,5,5,5,5,5,8,0,5,5,8,1,5,5,2,10,8,1,2,8,3,7,5,2,1,2,4,3,2,2,5,1
"0000000219","SWE_2022","Sweden",0.7712,49,0,7,1,1,1,1,1,5,1,752,0,25,2,2,5,7,0,2,1,1,5,5,5,5,5,9,2,2,2,3,3,1,4,2,3,4,1,752001,1,9,2,1,1,752003,4,8,0,1,1,8,1,2,2,10,0,1,2,10,0,0,3,4,10,9,0,5,10,3,7,5,2,0,3,3,2,3,1,1,1
"0000001705","SWE_2022","Sweden",1.6791,28,0,3,4,0,1,2,2,3,2,752,1,12,1,3,0,1,7,2,1,1,3,3,1,2,2,8,2,2,2,1,2,1,3,4,3,5,1,999999,999999,9,1,1,1,752002,3,2,10,10,9,5,3,0,7,1,10,10,0,5,6,3,6,2,10,10,0,5,4,0,8,7,2,1,2,1,1,3,2,2,1
"0000000694","SWE_2022","Sweden",1.2661,39,1,6,1,1,1,2,2,4,2,752,0,12,1,3,1,7,7,3,1,3,2,5,5,5,4,8,2,2,2,2,3,2,4,2,3,5,1,752006,0,5,2,1,1,752007,5,5,4,4,1,4,9,6,5,8,3,3,5,7,8,8,6,3,10,8,1,3,8,3,4,7,2,0,9,3,3,2,3,3,1
"0000002462","SWE_2022","Sweden",0.821,74,0,4,4,0,7,2,2,1,1,752,0,14,3,3,6,0,0,2,1,2,5,4,5,3,2,7,2,2,1,2,3,2,3,3,2,4,1,999999,999999,9,2,3,1,999999,3,7,5,3,6,3,5,5,4,9,7,5,6,3,5,4,5,3,5,9,0,7,8,2,7,3,2,0,2,2,2,3,2,3,0
"0000002351","SWE_2022","Sweden",0.5247,78,1,7,3,1,7,1,1,1,3,752,0,17,2,2,7,0,0,2,1,2,4,5,5,5,3,8,2,2,2,9,3,2,4,2,2,2,1,752003,0,2,2,1,1,752004,4,6,1,8,8,2,5,2,6,8,7,9,7,1,5,2,6,3,8,10,1,4,7,6,6,4,2,0,2,3,3,4,3,3,0
"0000002196","SWE_2022","Sweden",1.1984,59,0,7,1,0,1,4,2,4,2,752,0,1,3,1,0,5,5,1,1,9,9,9,5,4,3,8,1,2,2,2,3,2,3,2,2,5,1,999999,999999,9,2,2,1,999999,4,6,0,1,7,5,1,7,3,8,0,1,6,6,0,7,4,5,10,8,2,8,9,4,6,99,4,0,2,3,3,3,3,3,1
"0000001461","SWE_2022","Sweden",1.6791,38,0,5,1,1,1,9,2,3,2,752,0,14,1,2,5,0,5,3,1,2,5,3,4,4,2,7,2,2,2,2,3,2,4,2,2,4,1,752005,0,2,4,1,1,752005,3,7,1,6,0,9,4,7,5,8,2,2,0,8,2,2,2,5,5,8,1,7,7,5,7,5,4,1,2,2,2,2,2,2,1
"0000002553","SWE_2022","Sweden",0.5247,91,1,5,3,0,7,2,1,1,1,752,9,20,1,4,3,0,0,3,2,1,4,3,3,2,3,6,2,2,1,2,3,2,3,3,2,9,1,999992,0,2,2,2,99,752004,4,4,4,4,6,5,4,5,5,5,5,5,6,5,3,4,5,2,9,8,1,6,5,5,5,5,2,0,3,3,2,4,5,3,0
"0000000276","SWE_2022","Sweden",1.073,28,1,7,4,1,1,2,1,4,2,752,0,23,1,2,0,7,7,2,1,4,5,5,5,5,5,9,2,2,3,2,2,2,3,2,2,4,1,752005,0,1,1,1,1,752005,4,8,0,4,3,9,1,4,4,7,0,4,5,9,1,5,5,4,10,8,1,5,9,3,7,5,1,0,9,3,2,3,3,3,8
"0000002505","SWE_2022","Sweden",0.7489,88,1,3,2,0,7,1,4,1,1,752,0,17,1,1,7,0,0,2,1,5,2,3,5,5,2,9,1,2,2,2,3,2,9,3,2,5,1,752001,1,1,2,2,1,752001,5,8,0,2,3,6,0,5,3,9,0,2,6,7,0,1,3,2,10,10,1,6,9,5,6,99,2,9,9,3,2,1,2,3,1
"0000001470","SWE_2022","Sweden",1.0396,77,1,3,1,0,7,3,2,1,3,752,0,17,1,2,7,7,7,3,5,5,4,3,2,3,3,5,3,3,3,2,3,3,2,4,3,4,1,999999,999999,9,2,1,99,999999,3,0,10,8,0,99,99,99,1,0,9,8,0,0,0,0,6,0,10,10,0,5,5,0,99,10,4,1,1,2,2,3,3,4,8
"0000002202","SWE_2022","Sweden",0.5409,80,0,9,1,0,7,1,1,4,1,752,0,1,3,1,7,7,0,1,1,1,5,5,5,5,5,8,1,2,2,2,3,1,4,4,3,3,1,752003,0,2,2,1,1,752003,5,1,6,8,0,4,8,0,5,4,7,8,1,2,8,0,7,2,9,9,0,4,9,1,6,8,1,0,2,2,3,3,3,3,1
"0000001728","SWE_2022","Sweden",1.1008,64,0,5,1,0,1,9,9,1,1,901,9,1,3,3,1,0,0,2,1,1,4,1,3,1,5,8,2,2,2,2,3,3,4,3,2,3,1,999999,999999,9,2,1,0,999999,5,1,0,9,1,8,7,7,8,1,1,9,1,8,6,7,8,1,10,9,1,4,7,7,9,7,2,0,9,2,2,2,2,3,8
"0000002143","SWE_2022","Sweden",1.1092,82,0,2,1,0,7,1,2,2,1,752,0,21,2,2,7,0,0,2,1,5,5,3,2,5,5,8,1,2,2,2,3,3,4,2,2,3,99,752001,1,2,2,1,1,752001,4,8,0,2,2,2,2,2,2,10,0,2,2,2,0,2,2,3,10,10,0,7,9,0,7,5,2,0,2,3,2,4,3,3,1
"0000002571","SWE_2022","Sweden",1.1014,94,1,2,3,0,99,9,9,9,2,752,9,8,2,9,99,99,99,9,1,9,2,3,9,9,9,99,1,1,2,2,2,9,9,9,2,9,99,752006,0,2,9,1,1,752006,5,99,99,99,99,99,99,99,99,99,99,99,99,99,99,99,99,99,99,99,99,99,99,99,99,99,2,1,2,2,9,1,9,9,1
"0000002575","SWE_2022","Sweden",1.0469,80,0,99,1,0,7,1,2,2,9,752,1,1,4,2,7,0,0,2,1,9,2,5,3,5,1,10,2,2,2,2,1,1,4,2,3,4,1,752003,0,2,2,1,99,752003,5,8,9,10,0,99,8,0,99,9,9,10,0,99,7,0,7,4,10,10,0,5,5,0,99,10,1,0,2,2,1,1,9,3,0
"0000002471","SWE_2022","Sweden",0.7489,77,1,3,1,0,7,1,1,2,1,752,0,1,2,2,7,99,99,2,1,1,4,3,5,5,5,10,1,1,1,1,2,2,3,2,2,3,1,752003,0,1,2,1,0,999999,5,10,99,10,99,99,99,99,99,10,8,10,9,8,8,8,8,5,7,7,5,6,7,6,7,7,1,0,2,2,2,1,2,2,0
"0000002763","SWE_2022","Sweden",0.6191,76,1,3,1,1,7,2,1,2,1,752,0,22,1,2,7,7,7,1,1,1,5,5,5,5,5,10,1,1,1,1,3,1,4,1,1,3,1,752001,1,1,1,1,1,752001,5,10,0,0,5,5,0,3,0,10,0,0,8,3,0,0,0,5,10,10,0,5,10,0,8,5,1,1,1,2,1,1,1,3,0
"0000000046","SWE_2022","Sweden",1.1984,43,0,4,4,0,1,1,2,5,2,752,1,14,2,2,99,3,7,1,2,2,2,2,3,2,3,10,2,2,3,1,3,3,4,4,3,5,1,752003,0,1,1,1,1,752003,5,1,9,10,0,0,9,0,5,1,10,10,0,0,9,0,7,2,10,9,0,1,9,0,7,9,2,1,1,2,2,5,3,2,1
"0000002523","SWE_2022","Sweden",0.5283,85,0,8,4,0,7,1,1,9,2,752,9,3,2,9,7,0,0,2,1,1,5,5,5,4,5,99,1,2,2,2,3,3,9,2,2,2,99,752005,0,2,2,1,99,752005,5,8,0,6,5,9,4,8,5,4,0,6,99,9,2,4,99,2,10,7,1,4,7,4,99,5,2,1,2,2,2,9,2,2,0
"0000001537","SWE_2022","Sweden",1.1008,57,0,3,4,0,1,2,2,2,1,752,0,21,1,2,5,7,0,1,1,1,1,3,5,5,5,7,3,3,3,1,4,2,4,3,2,4,1,752002,0,2,4,1,1,752002,4,8,8,5,3,1,4,0,3,9,9,4,5,0,5,0,2,4,6,10,2,99,99,99,99,5,2,1,2,3,2,3,2,3,1
"0000001168","SWE_2022","Sweden",1.0931,61,1,3,1,1,1,1,4,2,1,752,0,5,2,2,5,0,0,3,1,1,5,3,5,5,5,10,2,2,2,2,3,2,3,2,2,4,1,752006,0,2,1,1,1,752003,2,7,8,8,4,6,8,5,6,8,8,8,3,6,7,5,6,2,10,9,0,4,8,2,8,8,1,1,2,2,2,2,1,3,1
"0000002816","SWE_2022","Sweden",0.5247,81,1,6,2,0,7,9,9,1,2,752,0,20,2,3,7,0,1,3,1,1,4,4,5,5,5,8,3,3,3,2,3,2,4,2,2,3,1,999999,999999,9,2,1,1,999999,5,5,4,6,0,4,6,3,6,6,6,5,2,3,6,3,5,4,6,7,1,3,5,2,3,5,2,1,2,2,3,2,3,2,0
"0000000088","SWE_2022","Sweden",0.7658,52,1,8,1,1,2,1,2,5,1,752,0,12,3,3,7,2,5,2,1,1,4,3,5,5,4,8,2,2,2,1,3,1,4,2,1,4,1,752005,0,2,4,1,1,752008,4,5,0,3,1,9,1,5,9,8,5,3,3,8,2,5,9,4,10,8,2,6,9,4,6,6,2,0,3,3,3,2,3,3,1
"0000002018","SWE_2022","Sweden",2.2604,18,1,3,4,0,6,9,9,4,1,752,0,19,1,3,1,0,4,2,1,1,2,3,5,2,3,9,2,2,1,1,3,1,2,2,2,4,1,752004,0,1,1,1,99,999999,5,7,0,0,8,7,0,5,5,6,0,2,7,7,2,5,4,4,8,9,1,6,8,3,7,3,1,0,2,3,2,4,3,3,0
"0000001956","SWE_2022","Sweden",0.6234,78,0,7,1,1,7,2,2,2,1,752,0,5,2,2,2,3,7,2,1,3,4,3,5,5,3,9,1,2,1,2,2,2,3,2,2,5,1,752005,0,2,1,1,1,752001,4,9,0,4,8,10,3,4,8,9,0,7,9,10,4,4,8,1,10,9,0,4,9,3,8,2,1,0,2,2,2,2,2,3,1
"0000001943","SWE_2022","Sweden",0.5283,68,0,7,3,0,2,4,2,9,1,752,0,1,3,1,7,7,0,2,1,1,5,5,5,5,5,10,1,3,2,2,2,2,4,3,3,5,1,752006,0,2,1,1,1,752008,4,1,2,9,0,3,9,0,5,1,1,6,0,0,10,0,7,3,10,9,0,3,9,1,8,8,1,0,2,2,3,2,2,3,8
"0000001400","SWE_2022","Sweden",1.2661,28,1,9,4,0,6,2,2,1,4,752,0,4,4,3,5,0,7,3,1,2,2,3,2,3,3,8,3,3,3,2,3,3,3,2,2,2,1,752001,1,1,1,3,1,752001,3,10,0,5,9,9,0,99,6,10,0,8,10,10,0,8,7,7,6,6,5,7,7,6,7,6,2,0,3,3,2,4,2,2,8
"0000002425","SWE_2022","Sweden",0.7541,74,0,2,2,0,7,1,2,1,1,752,0,12,1,3,5,2,0,2,1,1,3,3,5,5,5,6,2,3,3,2,4,3,4,2,3,4,1,752001,1,2,4,3,0,999999,3,4,1,1,0,4,4,4,4,8,5,0,1,5,0,5,5,2,9,10,0,5,10,2,5,5,4,0,9,3,3,4,3,2,8
"0000000965","SWE_2022","Sweden",0.9037,58,1,6,1,1,1,1,1,3,6,752,0,25,2,2,5,5,3,2,9,2,2,3,5,5,5,8,2,2,2,2,2,2,2,2,9,5,1,752001,1,1,2,1,1,752001,5,10,0,2,5,7,0,7,2,10,0,1,2,7,0,7,1,5,10,10,1,5,10,3,8,3,2,1,2,2,2,4,3,3,1
"0000000120","SWE_2022","Sweden",1.6674,36,1,4,4,0,1,1,2,4,1,752,0,1,3,3,1,2,5,3,2,3,4,2,5,3,5,8,2,2,2,1,3,2,4,2,2,4,1,752005,0,1,2,2,1,752005,3,5,0,6,5,10,0,0,9,8,0,4,9,7,2,6,4,3,10,8,0,6,10,3,6,5,2,0,2,4,2,4,3,3,1
"0000001177","SWE_2022","Sweden",1.6674,36,1,4,1,1,5,2,2,4,2,752,0,12,1,2,7,7,7,2,1,2,3,3,5,5,2,7,2,2,3,2,4,2,3,3,2,3,1,752002,0,2,2,1,1,752002,2,7,9,7,0,3,3,0,5,7,8,3,0,2,7,0,2,2,10,10,0,5,5,0,4,99,2,1,3,2,3,3,4,4,1
"0000002212","SWE_2022","Sweden",0.7658,45,1,8,1,1,5,9,1,5,1,752,0,3,3,3,1,5,0,2,2,2,4,3,5,5,5,7,2,3,2,2,3,2,3,2,3,3,1,752006,0,2,2,3,1,752006,3,6,8,8,0,0,8,5,0,5,8,8,0,0,8,0,5,5,8,7,0,2,8,2,8,8,2,0,9,3,2,3,3,3,1
"0000002304","SWE_2022","Sweden",0.7489,68,1,4,1,0,7,2,1,3,3,752,0,12,2,3,0,0,4,3,1,2,1,2,5,5,3,8,2,3,2,2,3,2,3,3,3,5,1,999999,999999,9,2,2,1,999999,3,7,7,7,0,3,5,0,8,7,7,8,0,3,6,0,8,3,7,9,0,3,8,0,6,99,2,0,9,2,4,4,3,4,1
"0000002779","SWE_2022","Sweden",0.821,80,0,4,1,0,7,1,2,2,1,752,0,19,2,2,5,5,1,2,1,1,5,4,5,5,5,9,1,2,2,2,3,2,3,2,2,4,1,752008,0,4,2,1,1,752006,5,4,3,7,2,4,7,1,8,7,7,8,5,6,6,1,6,2,7,8,1,4,9,2,6,6,2,0,3,2,2,2,3,3,1
"0000002084","SWE_2022","Sweden",2.2763,19,0,4,4,0,6,2,2,1,3,752,0,14,2,3,0,0,1,2,1,1,4,1,5,5,5,8,2,2,2,1,3,2,2,2,2,3,1,752007,0,2,2,1,0,999999,4,10,0,1,8,6,1,9,2,7,0,1,10,9,1,5,5,1,10,8,0,4,9,2,7,99,2,0,2,2,2,5,3,3,1
"0000000340","SWE_2022","Sweden",0.5247,70,1,7,1,0,1,1,1,9,3,752,1,12,2,2,4,0,0,2,1,1,3,3,9,9,1,9,2,3,3,2,3,2,4,3,3,4,1,752003,0,2,1,1,1,752003,3,1,7,8,1,6,8,1,3,2,7,8,2,1,7,1,4,2,10,8,0,7,8,1,5,8,2,1,3,3,1,2,3,3,1
"0000000302","SWE_2022","Sweden",1.073,35,1,8,1,1,1,2,1,4,2,752,0,21,2,2,0,1,3,1,1,2,5,5,5,2,3,7,2,3,3,1,2,3,3,2,2,2,1,752001,1,2,4,1,1,752001,5,10,0,8,9,9,0,10,8,10,0,2,5,10,0,5,5,5,10,10,0,5,10,3,7,5,2,1,2,4,3,2,4,5,1
"0000002218","SWE_2022","Sweden",0.7712,41,0,7,1,0,1,4,2,3,6,752,0,18,1,3,5,2,0,2,2,2,4,3,5,4,4,9,2,2,2,2,2,2,3,2,2,3,1,752005,0,2,2,1,1,752005,4,5,1,1,2,10,3,7,4,5,5,5,5,5,5,5,5,4,8,10,0,5,9,1,6,5,1,1,3,2,2,4,3,4,1
"0000000887","SWE_2022","Sweden",1.1984,47,0,4,1,0,1,1,2,3,1,752,0,14,2,2,1,6,3,2,2,2,4,5,5,3,5,9,1,2,1,1,3,2,4,2,2,4,1,752008,0,2,2,1,1,752008,4,8,0,5,3,7,6,3,8,9,0,6,5,7,8,3,7,3,5,10,0,5,5,4,7,5,2,0,3,2,2,3,2,3,1
"0000002221","SWE_2022","Sweden",0.821,82,0,6,3,0,7,4,2,2,1,752,9,1,3,2,7,4,0,2,1,4,1,3,4,2,3,8,2,2,2,2,3,2,3,3,2,4,1,752003,0,2,2,1,1,752003,3,1,5,9,1,5,8,1,4,2,7,8,2,5,7,1,5,99,10,10,0,5,8,4,7,8,2,1,9,2,3,2,3,2,0
"0000001370","SWE_2022","Sweden",1.073,32,1,6,4,0,1,1,1,2,2,752,0,12,2,4,0,3,4,3,1,2,5,5,5,5,1,8,3,3,3,2,3,3,3,2,1,5,99,999999,999999,9,4,3,1,752004,3,9,0,1,10,5,1,5,5,7,0,5,8,5,1,5,5,3,10,10,0,8,10,8,10,0,4,0,1,4,4,3,3,3,1
"0000002500","SWE_2022","Sweden",0.7489,77,1,2,1,0,7,4,2,1,3,752,0,14,2,3,5,99,99,2,1,9,9,9,3,9,9,6,2,9,9,9,9,9,9,2,2,4,99,999999,999999,9,1,2,1,999999,3,9,5,6,5,6,7,10,6,9,5,5,6,8,7,6,8,99,99,99,99,99,99,99,99,99,2,1,2,2,3,2,9,9,1
"0000000148","SWE_2022","Sweden",1.1901,62,1,4,4,1,1,4,2,2,3,752,0,13,2,2,5,1,7,2,2,4,1,3,2,2,3,6,3,2,2,9,3,3,3,3,2,5,1,752003,0,2,2,1,99,752003,4,5,5,5,5,5,5,5,5,7,5,5,5,5,5,5,7,3,10,8,0,5,6,5,6,7,4,1,2,4,1,4,3,3,1
"0000001320","SWE_2022","Sweden",1.0931,64,1,6,4,1,2,2,2,1,3,752,0,6,2,2,4,3,5,2,1,2,4,4,4,3,4,8,2,2,1,2,3,2,3,2,2,2,1,752004,0,1,1,2,1,752004,4,99,99,99,99,99,99,99,99,9,0,4,9,7,0,7,4,2,10,10,0,3,10,3,7,1,2,1,2,2,2,2,2,2,1
"0000001955","SWE_2022","Sweden",0.7489,81,1,2,2,0,7,9,2,1,2,752,0,1,1,2,4,99,99,3,1,1,2,9,2,9,9,7,2,9,9,9,9,9,9,2,2,3,1,752003,0,1,2,2,1,752006,5,7,0,9,2,2,6,0,6,9,0,8,0,6,8,4,6,4,1,8,3,6,6,1,7,7,2,1,2,3,2,2,9,9,1
"0000000311","SWE_2022","Sweden",0.9037,64,1,7,1,0,1,1,1,5,1,752,0,14,3,2,7,7,7,3,1,1,2,3,5,3,5,10,2,2,2,2,2,2,3,2,2,4,1,752001,1,1,1,1,1,752001,4,10,0,1,8,6,1,9,4,99,99,99,99,99,99,99,99,1,10,9,0,6,9,4,8,1,1,1,2,3,2,4,3,4,0
"0000000587","SWE_2022","Sweden",0.7712,59,0,7,1,1,1,1,2,5,1,752,0,1,3,1,7,2,0,1,1,2,5,4,5,5,2,9,2,2,2,1,3,3,3,2,2,4,1,752005,0,1,2,2,1,752008,4,8,0,4,4,9,4,4,5,8,1,5,5,9,4,5,6,3,10,8,2,4,9,2,6,4,2,0,3,2,1,4,3,4,1
"0000002517","SWE_2022","Sweden",1.7726,19,1,4,4,0,1,2,1,5,2,752,0,21,1,3,4,0,7,2,1,2,3,3,5,5,3,8,3,3,2,2,3,2,3,3,2,4,1,752002,0,2,2,2,0,999999,4,7,9,9,5,5,9,0,6,7,9,9,1,3,10,0,5,0,10,10,0,0,10,0,5,10,2,0,2,3,2,4,3,4,1
"0000000172","SWE_2022","Sweden",0.7658,47,1,8,4,1,2,1,2,3,1,752,0,18,1,2,1,7,7,9,1,3,5,5,5,3,3,8,1,1,1,1,2,1,3,1,1,5,1,752001,1,2,2,1,1,752001,4,9,0,2,7,4,2,5,3,9,0,99,6,5,2,5,5,2,10,99,1,99,99,4,7,2,2,1,2,2,2,3,3,3,1
"0000001182","SWE_2022","Sweden",0.5247,66,1,6,2,1,1,1,2,3,1,752,0,5,1,1,1,0,0,1,1,1,5,5,5,5,5,10,1,2,9,2,1,9,9,2,2,5,1,752001,1,1,4,1,1,752001,5,9,0,0,6,5,0,7,5,8,0,0,3,99,0,6,3,4,10,10,2,8,10,5,8,99,1,9,2,3,3,9,9,2,0
"0000002568","SWE_2022","Sweden",0.6191,79,1,8,2,0,7,1,1,2,4,752,0,1,2,2,7,7,7,1,1,1,5,5,5,2,2,8,2,3,2,1,9,2,3,3,2,5,1,752001,1,1,4,3,1,752001,4,7,2,2,3,99,99,7,5,10,0,5,6,7,2,5,5,3,10,10,0,8,10,6,99,99,2,1,9,3,3,5,3,3,0
"0000000712","SWE_2022","Sweden",0.5283,67,0,8,4,0,2,1,1,1,4,752,0,23,2,2,0,0,0,3,1,1,1,3,5,4,1,8,1,2,2,2,1,1,4,2,2,4,1,752004,0,4,1,1,1,752001,4,7,0,1,9,9,1,7,8,5,8,7,9,9,5,7,5,4,10,8,3,5,7,4,5,4,2,1,2,2,2,3,3,3,0
"0000001597","SWE_2022","Sweden",1.6791,33,0,3,4,1,5,9,9,1,1,752,0,19,1,2,7,99,99,3,3,3,3,2,2,9,9,0,4,4,4,9,9,9,9,4,4,5,1,752002,0,2,2,3,1,752002,5,0,10,10,0,0,10,0,5,5,10,8,0,0,7,0,6,0,4,9,0,0,6,0,5,99,5,0,2,4,4,5,5,9,1
"0000000238","SWE_2022","Sweden",0.7841,53,1,9,1,1,1,1,1,5,3,900,9,14,4,3,1,7,1,1,3,4,3,1,2,4,4,6,3,3,3,3,3,3,4,4,3,4,1,752006,0,4,5,3,1,752006,4,0,7,8,0,0,8,0,0,0,6,5,1,0,6,0,2,2,3,5,0,4,5,1,3,10,5,0,3,4,3,4,5,3,1
"0000002235","SWE_2022","Sweden",0.8153,77,1,4,1,0,7,2,1,1,2,752,0,20,2,2,3,0,0,3,1,3,3,5,5,5,5,8,2,2,2,2,2,2,3,2,2,3,1,752003,0,1,1,1,1,752005,4,4,0,10,0,6,7,0,7,4,0,10,0,6,7,0,7,1,10,8,0,5,8,1,6,6,2,1,2,3,2,1,1,2,0
"0000001218","SWE_2022","Sweden",1.073,38,1,7,1,0,2,2,2,4,1,752,0,13,2,2,0,7,7,1,1,1,3,1,4,2,2,8,2,2,3,2,3,3,3,3,3,4,1,752003,0,1,2,2,1,752003,4,6,0,9,5,5,6,6,8,7,0,9,5,5,6,5,8,4,10,9,0,5,7,3,99,7,2,1,2,2,2,4,3,3,1
"0000002238","SWE_2022","Sweden",0.7712,64,0,7,1,1,1,9,1,3,2,752,0,1,3,3,0,7,7,2,1,2,4,4,3,3,3,8,3,3,3,2,3,2,3,3,2,5,1,752001,1,2,2,1,1,999999,4,5,0,6,2,3,1,2,2,6,0,2,3,6,1,3,2,5,0,5,3,4,4,4,6,6,2,0,9,3,3,2,1,3,0
"0000002350","SWE_2022","Sweden",1.1014,87,1,2,2,0,7,2,1,1,1,752,0,14,1,3,5,99,0,2,1,4,5,5,5,5,2,8,2,3,3,4,9,2,4,2,2,4,0,999999,999999,9,2,1,1,752001,5,9,5,5,6,6,3,6,4,10,4,3,3,3,0,6,4,2,6,5,2,4,8,5,8,2,2,1,2,3,3,3,3,3,1
"0000001061","SWE_2022","Sweden",1.073,37,1,7,1,1,2,1,1,2,1,752,0,12,1,2,0,2,6,2,2,2,4,5,4,2,2,8,2,2,2,1,3,2,4,1,1,4,1,752004,0,1,2,2,1,752004,5,9,0,1,10,7,0,9,2,10,0,0,10,9,0,5,5,3,8,10,0,5,9,4,7,0,2,1,2,4,2,4,3,3,1
"0000000211","SWE_2022","Sweden",0.5283,68,0,8,4,0,99,4,2,9,4,752,9,14,2,2,1,0,0,1,4,2,4,3,5,2,2,6,3,3,2,2,3,3,9,3,2,4,1,752007,0,2,9,1,1,752006,3,99,0,99,99,99,99,99,99,99,0,2,99,99,99,99,99,99,10,99,99,99,99,99,99,3,2,0,3,3,4,9,3,3,1
"0000000563","SWE_2022","Sweden",1.0931,48,1,5,1,1,1,1,1,5,2,752,0,14,2,3,4,4,0,2,1,1,5,2,5,2,5,9,2,2,2,1,2,1,3,2,1,3,1,752003,0,1,1,1,1,752003,4,8,0,9,3,4,0,3,0,9,6,9,5,5,3,5,5,4,9,7,2,6,8,4,8,5,2,0,2,2,2,4,3,3,1
"0000000439","SWE_2022","Sweden",1.0805,39,0,7,1,1,1,2,1,3,1,752,0,14,2,2,5,3,0,3,1,2,2,3,4,2,1,7,2,2,3,2,3,2,4,2,2,4,1,752003,0,4,4,1,1,752001,4,8,5,9,4,2,5,3,7,9,6,9,2,2,5,3,8,4,10,8,1,2,9,1,6,7,2,0,2,3,3,4,3,4,1
"0000002769","SWE_2022","Sweden",1.0931,61,1,3,1,1,9,2,2,2,2,752,1,13,1,2,2,7,0,2,1,1,2,2,3,3,3,9,3,3,3,2,3,3,3,2,2,3,1,752003,0,2,1,2,1,752003,3,5,7,9,5,8,5,0,5,5,7,9,5,8,7,0,5,0,10,10,0,5,10,0,5,7,2,0,9,3,3,3,3,2,0
"0000001295","SWE_2022","Sweden",0.9037,58,1,6,3,1,5,2,1,2,1,901,9,1,3,1,3,4,4,1,1,3,3,2,5,5,3,10,1,2,1,1,1,2,2,1,9,3,1,752001,1,1,9,2,1,752001,5,10,0,6,9,9,0,9,4,10,0,6,8,9,0,9,6,0,10,10,0,5,10,1,10,0,1,1,1,2,9,2,1,1,0
"0000002756","SWE_2022","Sweden",1.1092,76,0,2,4,0,7,2,1,1,1,752,0,12,1,3,0,0,0,3,9,9,1,9,9,2,9,10,1,3,2,1,3,3,4,1,1,3,1,752001,1,2,2,1,1,752001,4,10,0,0,9,7,0,7,0,10,0,0,9,8,0,7,1,0,10,10,0,0,10,0,10,99,2,1,2,2,2,2,2,3,1
"0000000003","SWE_2022","Sweden",0.7658,54,1,8,1,0,1,1,2,5,3,900,9,1,3,2,3,7,5,1,1,1,2,3,5,4,5,8,2,3,2,2,3,2,3,3,3,2,1,752005,0,2,2,9,1,999999,2,6,0,7,4,8,2,5,5,5,0,6,7,9,1,5,5,3,7,99,99,4,5,4,4,4,4,0,3,3,2,3,3,3,1
"0000000534","SWE_2022","Sweden",0.9037,44,1,7,4,1,5,1,4,4,4,752,0,17,2,3,4,5,0,2,1,2,3,3,3,3,3,6,2,2,2,2,2,2,3,3,2,4,1,999999,999999,9,2,2,1,999999,4,5,5,5,5,5,5,5,5,5,5,5,5,5,5,5,5,4,5,7,4,5,7,4,7,7,2,0,9,3,3,2,3,4,1
"0000000848","SWE_2022","Sweden",1.1008,56,0,6,1,1,1,1,2,5,1,752,0,13,1,2,6,7,7,1,1,1,4,5,5,5,5,8,2,2,2,1,3,2,4,2,4,5,1,752003,0,1,5,1,1,752003,5,9,9,10,99,5,0,9,99,10,8,8,0,5,0,0,8,4,10,10,0,6,10,99,10,8,2,1,2,4,4,2,4,4,1
"0000000359","SWE_2022","Sweden",0.7841,51,1,9,4,1,1,2,1,4,1,752,0,21,2,2,7,4,7,2,1,1,5,4,5,5,5,7,2,2,2,2,3,2,4,2,3,5,1,999992,0,2,2,1,1,752006,4,8,2,7,6,7,5,6,8,8,5,6,8,8,3,6,8,6,7,9,2,6,9,3,6,6,2,0,2,2,2,3,3,3,1
"0000002559","SWE_2022","Sweden",1.1092,78,0,3,1,0,7,1,2,4,1,752,0,22,2,2,7,2,0,1,1,2,2,3,2,2,3,8,1,1,2,2,3,3,4,3,3,3,1,752003,0,1,2,2,1,752003,5,99,99,99,99,99,99,99,99,1,8,10,2,3,9,0,6,4,8,10,0,3,9,1,7,10,2,1,1,2,2,3,2,3,1
"0000001796","SWE_2022","Sweden",1.0469,68,0,3,1,0,7,1,2,3,1,752,0,14,3,2,7,7,4,1,1,2,2,3,5,4,3,7,2,2,2,2,3,2,3,2,2,1,1,752002,0,1,1,1,1,752003,4,7,8,7,0,5,5,0,5,8,9,7,7,5,8,0,5,5,10,10,0,5,7,1,6,7,2,0,3,2,3,3,3,3,0
"0000000489","SWE_2022","Sweden",0.7712,58,0,7,1,0,1,1,2,5,6,752,0,14,3,2,2,3,5,1,1,3,5,1,5,5,2,7,3,3,3,2,3,2,4,4,2,4,1,752008,0,5,4,1,1,752006,2,2,8,7,0,0,7,0,5,5,7,10,7,0,2,0,9,4,10,8,0,5,9,1,5,10,1,0,3,1,4,3,3,3,1
"0000001138","SWE_2022","Sweden",0.6234,70,0,4,1,0,7,1,2,4,1,752,0,14,2,2,6,6,7,2,1,2,3,5,5,5,5,9,1,1,1,2,2,2,3,2,3,4,1,752001,1,2,1,1,1,752003,4,7,2,6,3,5,5,5,5,7,2,6,3,5,5,5,5,3,9,8,1,5,7,5,5,99,1,0,3,2,2,2,3,3,1
"0000002161","SWE_2022","Sweden",0.7489,77,1,3,1,1,1,1,1,1,1,900,9,1,1,2,6,3,0,4,1,2,2,2,5,4,4,8,2,1,3,2,2,2,4,1,1,1,1,752001,1,1,4,2,1,752001,5,10,1,6,7,8,3,9,6,10,2,6,6,9,99,8,6,10,8,10,99,7,7,8,7,10,2,1,9,3,2,4,2,3,1
"0000001562","SWE_2022","Sweden",1.1008,60,0,5,1,1,1,9,2,2,1,752,0,17,1,1,7,7,7,1,1,2,5,1,5,5,4,8,2,2,2,2,3,2,3,2,3,3,1,752005,0,4,4,1,1,752005,4,6,0,7,2,9,2,6,2,9,1,3,5,10,3,9,5,2,7,10,0,5,10,5,8,5,2,1,2,3,2,4,3,3,1
"0000001989","SWE_2022","Sweden",0.6234,90,0,6,1,0,7,1,2,3,1,752,9,1,3,2,7,7,0,2,1,1,2,5,5,5,5,8,3,4,1,2,3,2,9,3,3,4,1,752003,0,2,2,2,1,999999,3,4,0,9,0,0,8,1,7,6,1,8,0,0,6,4,7,3,7,10,1,2,8,1,6,10,2,1,1,2,3,4,2,2,0
"0000000696","SWE_2022","Sweden",0.6191,66,1,6,1,0,7,9,2,4,1,752,9,12,2,1,7,7,7,1,1,3,5,5,5,5,5,10,2,2,2,2,2,1,3,2,2,4,1,752003,0,2,2,1,1,752003,5,8,1,8,1,5,1,1,5,8,1,8,1,4,1,1,6,6,10,8,0,5,9,2,7,6,1,0,9,2,3,2,2,3,1
"0000002614","SWE_2022","Sweden",0.9037,53,1,99,4,9,99,9,9,9,9,752,1,19,9,3,2,0,7,3,9,9,9,9,9,9,9,5,3,3,3,9,4,2,2,9,2,9,99,999999,999999,9,4,9,99,999999,9,99,99,99,99,99,99,99,99,99,99,99,99,99,99,99,99,99,99,99,99,99,99,99,99,99,9,9,9,9,9,9,9,9,9
"0000001872","SWE_2022","Sweden",0.5283,83,0,8,1,0,7,1,2,4,1,752,9,12,2,2,6,7,7,2,2,3,2,3,3,3,4,6,2,2,3,2,3,3,3,3,2,4,1,752008,0,9,2,1,1,752003,4,3,3,3,3,3,3,0,3,6,5,6,1,2,5,0,4,4,7,7,1,4,8,1,5,7,2,0,9,2,3,3,3,3,0
"0000002302","SWE_2022","Sweden",0.6191,77,1,7,3,9,7,9,1,9,1,752,0,14,4,3,7,99,7,2,3,4,1,2,5,5,5,8,9,9,9,9,9,9,9,3,2,4,1,752002,0,2,2,1,1,752003,3,99,10,10,99,99,99,99,99,99,10,10,99,99,99,99,99,99,99,99,99,99,99,99,99,8,2,0,2,2,2,2,3,3,0
"0000002589","SWE_2022","Sweden",1.0931,56,1,5,4,0,9,2,1,1,1,752,0,22,1,3,7,7,7,3,1,2,3,2,5,5,5,10,4,4,3,3,3,2,3,4,4,5,1,752001,1,1,5,3,1,752001,5,10,0,0,6,6,0,6,0,10,0,0,5,5,0,5,0,0,10,10,0,0,10,0,10,0,4,1,9,4,4,4,4,4,0
"0000002245","SWE_2022","Sweden",1.1014,79,1,3,4,0,7,1,2,3,2,752,0,19,3,2,6,4,1,2,1,2,2,3,4,4,4,7,2,2,3,3,3,3,4,3,3,5,1,752006,0,9,2,1,1,752006,3,5,8,9,0,2,9,0,7,7,8,8,0,2,9,0,5,3,9,9,0,5,9,0,6,8,2,0,2,2,2,2,2,2,0
"0000001030","SWE_2022","Sweden",1.6674,29,1,4,4,1,1,1,2,2,2,752,0,1,4,3,0,4,7,2,2,3,2,2,4,4,2,6,2,2,3,1,2,2,3,3,4,4,1,752002,0,2,4,2,1,752003,3,3,8,8,0,4,6,0,6,3,7,9,99,3,8,99,99,0,10,10,0,1,9,1,10,8,4,1,3,3,2,5,5,4,1
"0000001526","SWE_2022","Sweden",1.1984,48,0,4,3,1,1,2,2,3,3,752,0,14,1,2,0,0,3,2,2,2,3,3,5,3,1,2,4,4,3,3,3,4,3,4,3,5,1,752002,0,1,2,4,1,752002,2,0,10,5,0,0,5,0,0,0,10,8,0,0,9,0,5,0,7,9,0,0,8,0,5,7,4,0,1,3,4,3,4,4,1
"0000002240","SWE_2022","Sweden",0.7489,78,1,3,1,0,7,1,2,4,2,752,0,1,3,1,7,3,4,2,1,1,3,5,2,2,4,7,2,3,2,2,3,3,4,3,2,4,1,752003,0,2,2,2,1,752003,4,1,0,8,0,5,8,0,8,2,0,9,0,3,8,0,7,2,9,10,0,4,8,2,7,8,5,0,2,3,3,4,3,5,0
"0000000600","SWE_2022","Sweden",0.7658,45,1,8,1,0,9,1,2,4,1,752,0,1,2,2,3,7,5,1,1,5,5,5,5,5,5,8,3,3,3,2,3,2,4,2,2,5,1,752001,1,2,2,2,1,752004,3,9,0,0,8,5,0,8,5,7,0,0,5,5,0,5,5,1,10,9,0,5,9,4,7,1,2,1,9,3,2,4,3,3,1
"0000002320","SWE_2022","Sweden",0.821,81,0,7,1,1,7,1,2,2,2,900,9,8,2,9,99,99,99,9,9,9,9,9,5,5,5,9,1,2,3,2,3,2,3,2,2,2,1,752003,0,4,1,1,1,752003,4,8,1,9,1,5,8,5,5,8,5,7,1,7,5,1,6,2,10,8,1,8,8,5,5,99,2,1,2,2,2,2,1,4,0
"0000001473","SWE_2022","Sweden",0.7541,77,0,2,3,0,7,4,9,1,3,752,0,22,1,3,6,0,0,3,1,2,3,2,4,3,2,6,3,3,3,2,9,3,4,2,2,3,1,752001,1,2,2,1,1,999999,9,8,1,5,5,7,6,9,3,8,0,4,99,5,0,5,4,8,1,5,3,7,1,99,4,5,2,0,3,3,2,1,2,2,1
"0000001292","SWE_2022","Sweden",1.7726,23,1,4,4,0,5,2,1,1,1,752,0,18,2,4,1,99,99,3,2,4,3,3,4,3,3,6,2,9,9,9,9,9,9,2,2,3,1,752003,0,9,2,2,1,999999,3,1,6,10,7,2,2,1,2,5,5,3,4,2,5,2,6,4,5,4,6,4,3,3,5,4,2,0,9,3,2,3,3,3,8
"0000000620","SWE_2022","Sweden",1.275,33,0,99,4,0,5,9,9,5,9,752,0,1,4,1,4,7,7,1,1,2,2,1,4,4,2,10,2,3,2,2,3,2,3,3,2,4,1,752003,0,2,1,2,1,752003,5,99,99,99,99,99,99,99,99,6,7,6,1,3,0,6,6,5,9,9,0,3,9,1,8,7,2,1,2,9,4,3,3,2,1
"0000000341","SWE_2022","Sweden",1.0805,33,0,8,1,0,5,1,2,4,3,900,1,5,2,2,3,7,7,1,1,1,2,3,3,1,5,8,9,3,2,2,4,2,9,4,2,5,1,752003,0,2,2,3,1,752003,5,0,6,9,0,6,9,0,6,7,8,9,0,4,8,0,2,2,9,7,0,4,7,0,6,99,4,0,2,3,2,3,3,3,1
"0000000627","SWE_2022","Sweden",0.7712,46,0,8,1,1,1,1,2,5,1,752,0,1,3,2,3,7,1,2,1,5,9,5,5,5,4,9,2,2,2,1,2,2,3,3,3,4,1,752001,1,2,5,1,1,752007,4,6,0,3,6,4,0,8,4,9,0,4,5,2,0,5,5,4,10,8,0,7,10,3,7,3,2,0,3,1,2,2,3,1,1
"0000002243","SWE_2022","Sweden",2.2526,34,1,5,3,0,5,9,9,1,1,901,9,1,3,2,2,0,7,3,3,1,2,3,3,3,1,5,2,2,3,2,3,4,2,2,2,5,1,752001,1,1,2,1,0,999999,4,9,0,0,5,5,5,5,5,10,0,0,5,5,5,5,5,0,10,10,0,5,6,4,8,4,1,1,2,3,1,5,2,4,1
"0000001255","SWE_2022","Sweden",1.0931,47,1,99,1,9,99,9,9,9,9,900,1,1,9,2,2,0,99,2,9,9,9,9,9,9,9,99,9,9,9,9,9,9,9,9,9,9,99,999999,999999,9,9,9,99,999999,9,99,99,99,99,99,99,99,99,99,99,99,99,99,99,99,99,99,99,99,99,99,99,99,99,99,9,9,9,9,9,9,9,9,9
"0000000838","SWE_2022","Sweden",0.91,60,0,7,1,1,1,4,2,5,6,752,0,14,2,2,7,5,0,1,1,1,5,3,5,5,4,9,1,2,2,2,2,2,3,3,2,5,1,752002,0,2,1,1,1,752006,4,2,8,8,2,2,8,1,7,6,10,10,8,2,6,2,8,4,5,7,2,5,6,2,6,5,2,0,9,2,2,4,3,3,1
"0000000005","SWE_2022","Sweden",0.7712,49,0,8,1,1,1,1,2,5,4,752,1,1,3,2,3,3,0,1,1,2,4,3,3,3,3,8,2,2,2,2,2,2,4,3,2,4,1,752006,0,2,1,2,1,752006,4,99,6,9,2,5,9,2,8,8,8,9,1,4,9,99,8,4,8,7,1,5,7,2,6,99,2,0,3,1,2,4,3,3,1
"0000000234","SWE_2022","Sweden",1.073,33,1,7,4,1,1,1,2,1,2,752,0,1,3,2,2,0,7,2,2,1,5,5,5,3,3,7,3,3,2,1,3,2,4,2,2,5,1,752001,1,2,4,2,1,752001,5,9,0,1,9,6,1,8,2,9,0,1,10,8,1,7,1,3,6,10,0,6,10,1,9,2,2,0,3,3,3,2,3,3,1
"0000000957","SWE_2022","Sweden",1.073,29,1,7,4,0,5,2,1,1,3,752,0,5,2,2,5,7,7,2,1,2,4,5,5,5,5,8,2,3,2,1,3,2,3,2,1,3,1,752004,0,1,1,1,1,752004,5,8,0,1,10,6,0,9,3,10,0,0,10,8,0,10,3,5,10,10,0,6,10,3,8,0,1,1,2,3,3,3,3,3,1
"0000000603","SWE_2022","Sweden",0.5283,67,0,7,1,0,1,1,2,4,1,752,0,14,4,2,7,99,99,1,1,5,5,5,5,5,5,8,2,2,2,2,3,2,3,2,2,4,1,752001,1,1,1,1,1,752008,4,9,0,5,1,7,1,1,8,9,2,2,1,3,1,2,5,6,10,9,0,5,9,3,7,7,2,0,2,2,3,3,3,3,0
"0000000371","SWE_2022","Sweden",1.0805,31,0,7,4,1,3,1,1,1,3,752,0,14,2,2,0,7,7,1,1,1,5,5,5,5,5,9,2,2,2,1,2,2,3,2,3,5,1,752007,0,2,1,1,1,752004,5,5,0,1,10,4,1,9,2,7,0,1,10,6,0,7,1,5,10,9,2,6,9,4,8,2,1,1,2,4,2,4,4,3,0
"0000002102","SWE_2022","Sweden",0.7489,88,1,6,2,0,7,2,1,1,1,752,0,12,4,2,3,0,0,3,2,2,2,2,2,2,2,5,3,3,3,2,3,3,9,4,4,3,0,999999,999999,9,1,9,0,999999,5,5,10,8,5,5,9,5,8,5,10,10,5,5,10,5,9,5,5,5,5,5,5,5,5,10,2,0,9,3,3,3,3,3,1
"0000002435","SWE_2022","Sweden",0.821,84,0,3,2,9,99,9,9,9,2,752,9,5,9,2,99,99,99,2,1,1,3,3,3,2,1,9,1,2,3,9,2,2,3,3,2,9,1,752003,0,1,2,1,99,999999,9,99,99,99,99,99,99,99,99,99,99,99,99,99,99,99,99,1,8,8,0,3,8,2,6,8,2,1,2,2,9,2,2,2,1
"0000000873","SWE_2022","Sweden",0.6191,65,1,8,1,1,1,1,2,4,1,752,0,12,1,2,6,7,7,1,1,1,5,5,5,5,3,7,3,3,3,1,3,2,4,2,1,5,1,752007,0,1,2,1,1,752004,5,7,0,0,10,3,0,10,0,10,0,0,5,1,0,4,1,4,10,10,0,7,10,1,8,1,2,1,1,3,3,3,3,3,1
"0000000905","SWE_2022","Sweden",1.1984,64,0,4,3,1,1,1,2,2,1,752,1,20,2,3,3,3,7,2,1,2,3,3,2,3,2,8,2,2,1,2,2,2,3,2,2,4,1,999992,0,2,2,1,1,999999,4,8,8,7,6,6,6,5,5,8,9,7,7,8,10,5,7,5,8,8,4,5,6,3,6,6,2,0,9,3,3,3,3,3,1
"0000001773","SWE_2022","Sweden",1.1008,63,0,4,4,0,2,2,1,1,1,900,9,1,3,2,99,0,0,2,2,9,1,5,9,9,1,3,2,2,4,3,2,4,4,3,3,3,99,999992,0,4,5,9,99,999992,3,99,10,10,99,99,99,0,99,9,10,10,99,99,99,99,99,99,9,99,99,99,99,99,99,9,9,1,9,4,4,5,4,4,7
"0000002131","SWE_2022","Sweden",0.7489,73,1,3,2,0,7,2,1,1,1,752,0,20,1,2,4,0,0,3,3,3,3,3,3,3,3,5,3,3,3,3,3,3,3,2,2,3,1,752002,0,2,2,1,0,999999,3,5,5,5,0,0,2,0,2,5,6,6,2,0,2,0,2,0,10,9,0,2,6,0,5,5,4,0,3,3,3,3,2,3,8
"0000002440","SWE_2022","Sweden",1.0931,51,1,3,4,0,10,2,1,3,3,752,0,18,2,9,0,0,0,4,1,1,1,1,5,5,1,6,3,3,3,3,3,3,3,4,3,4,1,752002,0,2,2,2,99,752002,3,6,10,6,6,6,6,6,6,6,10,6,6,6,6,6,6,7,5,3,1,2,2,2,1,5,4,0,9,3,4,5,3,4,0
"0000000415","SWE_2022","Sweden",0.5247,67,1,7,3,0,2,1,1,1,1,752,0,21,1,2,7,3,4,3,1,9,5,2,4,4,4,9,1,1,1,1,2,2,3,1,2,4,1,752001,1,1,9,5,1,752001,4,9,0,8,10,8,0,8,8,10,0,8,10,8,0,10,9,3,9,4,0,4,6,3,4,2,2,1,1,3,2,2,1,3,1
"0000001810","SWE_2022","Sweden",0.7712,47,0,8,4,0,9,2,1,4,4,752,1,12,1,2,1,0,0,2,1,2,2,2,2,2,2,7,2,2,2,2,2,2,4,2,2,2,1,752001,1,2,2,2,1,752001,4,9,1,8,9,9,8,9,9,9,1,9,9,9,9,9,9,4,9,6,0,6,6,4,5,3,2,1,2,2,2,3,3,3,7
"0000000933","SWE_2022","Sweden",0.7489,68,1,3,4,1,7,1,1,1,2,752,0,17,2,2,6,0,0,3,1,5,5,3,5,5,5,7,2,2,2,1,2,1,3,2,2,5,1,752001,1,1,1,1,1,752001,4,9,0,2,8,5,2,8,6,9,0,4,6,7,1,5,5,2,10,9,0,5,9,3,5,3,1,0,9,3,3,2,2,3,0
"0000000711","SWE_2022","Sweden",0.7658,58,1,7,3,1,1,1,1,2,2,752,0,1,3,1,2,0,0,1,1,1,5,5,5,5,5,10,1,2,2,2,2,1,3,2,3,5,1,752007,0,4,2,1,1,752001,5,10,1,1,10,5,2,9,5,10,3,3,10,8,1,9,3,2,10,10,0,5,10,3,8,2,1,1,1,3,3,5,4,3,1
"0000002296","SWE_2022","Sweden",0.7489,72,1,5,1,0,7,1,1,2,4,752,1,3,1,3,7,0,0,3,1,1,5,3,3,3,3,10,1,1,1,1,1,2,4,1,1,3,1,752001,1,1,1,1,1,752001,4,10,0,0,9,8,0,9,5,10,0,2,8,9,0,9,5,2,10,10,0,5,9,2,5,3,2,1,1,2,1,3,3,3,0
"0000000301","SWE_2022","Sweden",0.5247,66,1,8,3,1,7,1,1,9,1,752,0,22,2,1,7,0,7,1,1,1,5,5,5,5,5,10,1,1,1,1,2,1,3,1,1,5,1,752001,1,1,1,1,1,752001,5,10,0,4,9,7,1,10,3,10,0,2,9,9,0,9,2,1,10,10,0,5,10,3,9,1,1,1,2,2,2,9,9,3,0
"0000000209","SWE_2022","Sweden",0.91,64,0,4,3,1,1,1,1,5,2,752,0,12,4,3,7,1,0,2,1,1,3,5,4,4,4,10,1,2,2,1,2,2,4,3,3,4,1,752003,0,2,2,1,1,752003,4,2,0,7,1,5,5,0,7,4,0,7,2,6,4,2,6,2,5,6,1,5,6,3,6,5,2,1,2,3,2,3,3,4,1
"0000001224","SWE_2022","Sweden",1.6674,31,1,4,4,0,1,2,2,3,1,752,1,1,3,3,0,1,7,3,1,1,3,2,5,3,3,6,4,3,3,2,4,3,3,2,2,4,1,752005,0,2,4,4,1,752001,4,7,0,4,5,8,0,7,3,6,0,5,8,9,2,5,4,2,10,8,0,5,9,4,6,4,4,0,3,3,3,4,4,4,1
"0000000530","SWE_2022","Sweden",0.91,51,0,8,3,0,1,1,2,5,1,752,0,1,3,2,7,7,7,2,1,2,4,5,4,3,5,8,3,3,2,3,3,3,3,3,3,4,1,752001,1,2,2,1,1,752007,2,7,0,7,1,5,0,6,5,8,7,4,6,4,4,6,5,3,10,9,0,6,6,5,6,8,1,0,3,3,3,2,2,2,1
"0000001352","SWE_2022","Sweden",1.6674,34,1,4,4,1,5,2,2,2,1,900,9,1,2,3,1,5,7,3,3,3,2,3,4,4,2,4,2,2,2,2,2,2,2,3,3,4,0,999999,999999,9,2,2,99,999999,1,0,9,9,0,0,9,0,5,0,9,9,0,0,9,0,5,0,10,10,0,1,10,1,2,10,4,1,2,2,3,4,3,4,1
"0000000802","SWE_2022","Sweden",0.7712,45,0,8,1,1,1,1,2,5,1,752,0,14,3,1,6,7,5,1,1,1,5,9,5,5,5,8,2,2,1,1,3,2,3,3,2,5,1,752008,0,2,4,2,1,752008,4,6,2,7,5,3,3,3,8,8,6,7,8,2,3,3,7,5,6,8,1,7,10,3,6,7,2,0,3,2,3,3,3,3,0
"0000001756","SWE_2022","Sweden",1.6674,37,1,4,4,1,1,2,1,3,2,752,0,13,2,3,0,7,7,3,1,1,4,2,5,5,5,8,2,2,3,2,2,2,3,2,3,5,1,752008,0,4,1,2,1,752007,5,9,0,5,8,6,8,6,10,7,0,5,5,7,5,5,5,0,9,10,0,7,6,6,7,5,4,0,9,1,3,4,4,4,1
"0000002358","SWE_2022","Sweden",1.0396,72,1,3,1,1,7,2,2,2,1,752,0,12,1,2,99,99,99,1,1,9,9,9,3,9,9,10,2,2,2,2,9,2,3,2,2,5,1,752001,1,2,2,1,1,752001,4,8,1,1,2,3,1,1,3,9,1,0,5,3,0,1,5,5,9,9,1,6,8,3,5,6,2,0,9,2,3,2,2,2,8
"0000002316","SWE_2022","Sweden",0.6191,77,1,8,3,0,7,1,1,1,6,752,0,12,4,1,7,0,0,1,1,3,5,3,5,5,3,10,1,2,2,2,2,2,4,1,1,3,1,752007,0,1,1,1,1,752001,5,10,3,3,7,10,3,10,3,10,2,2,6,10,0,10,2,1,9,9,0,4,10,1,8,1,1,1,2,2,2,2,1,3,0
"0000000436","SWE_2022","Sweden",0.6234,65,0,8,4,0,1,1,1,4,1,752,0,1,3,3,7,7,4,1,1,2,3,4,4,4,5,8,2,2,2,1,3,2,4,2,2,3,1,999999,999999,9,2,1,1,999999,4,6,0,3,4,6,2,5,5,6,0,0,4,8,0,5,5,5,8,9,3,6,10,4,6,5,2,0,9,3,3,3,3,3,1
"0000000118","SWE_2022","Sweden",0.7658,45,1,7,1,1,1,2,1,4,2,752,0,12,1,3,2,6,6,2,1,5,2,5,4,2,4,9,2,2,2,1,3,1,3,2,3,5,1,752001,1,1,1,2,1,752005,5,9,0,6,3,8,3,3,5,10,0,3,3,9,3,6,2,5,10,9,1,5,10,2,9,4,1,0,2,3,4,4,3,3,0
"0000002656","SWE_2022","Sweden",1.1008,55,0,4,3,0,1,2,1,3,1,752,0,14,1,1,0,7,7,1,1,5,9,3,5,5,3,6,9,9,4,9,9,4,9,4,3,5,1,752002,0,1,1,2,1,752002,5,1,10,6,3,0,7,0,5,3,10,5,5,0,7,0,5,2,6,8,0,2,99,0,4,99,2,1,1,3,4,9,9,9,1
"0000002250","SWE_2022","Sweden",0.6234,78,0,6,3,9,7,1,2,1,3,752,9,1,4,1,7,7,7,2,1,2,4,5,3,3,3,8,2,3,2,1,3,2,3,3,9,5,1,752003,0,2,2,1,1,752003,5,4,2,9,1,5,7,5,8,5,2,9,1,5,8,3,9,4,10,8,0,5,8,3,7,8,2,1,2,2,2,3,3,4,0
"0000002807","SWE_2022","Sweden",0.6191,77,1,6,4,0,7,1,2,1,1,752,0,4,1,2,99,6,6,1,1,2,1,2,5,5,1,10,1,1,2,1,2,1,3,2,2,3,1,752003,0,9,1,1,1,752003,5,5,8,10,2,5,8,2,6,5,9,10,4,5,99,2,6,4,9,9,0,4,8,3,5,7,2,0,3,2,2,3,2,3,0
"0000000244","SWE_2022","Sweden",0.7712,46,0,8,1,1,1,2,1,5,2,752,0,3,4,2,1,6,0,2,1,1,5,5,5,4,3,8,2,2,1,2,3,2,4,2,2,4,1,752001,1,2,2,2,1,999999,5,7,0,2,9,6,1,8,3,8,0,1,7,8,0,5,5,4,10,7,1,5,10,5,6,2,2,1,2,9,1,3,2,3,1
"0000001411","SWE_2022","Sweden",1.1014,66,1,6,1,1,1,1,2,4,1,901,1,14,1,3,5,5,0,2,1,2,3,4,4,2,9,8,2,3,1,1,3,2,4,2,2,4,1,752001,1,1,4,1,1,752001,4,9,1,2,8,7,1,5,1,9,1,1,8,7,0,2,3,2,10,10,1,4,9,3,9,2,2,1,2,3,2,2,2,2,0
"0000002753","SWE_2022","Sweden",0.5409,77,0,9,1,0,7,1,1,1,1,752,0,4,2,3,7,1,0,1,1,1,5,5,5,2,5,10,1,2,1,9,2,1,3,9,2,4,1,752003,0,1,2,1,1,752003,4,4,2,9,0,5,8,0,9,7,3,8,1,5,9,1,8,3,5,10,0,5,9,1,8,8,2,1,2,2,2,3,3,3,1
"0000000412","SWE_2022","Sweden",0.7658,41,1,8,1,1,1,2,2,5,1,752,1,3,4,2,0,7,2,1,1,2,2,4,5,5,4,9,2,2,2,2,2,1,3,2,2,4,1,752007,0,1,1,1,1,752007,5,8,0,5,5,6,3,9,99,10,0,5,5,6,3,8,5,2,10,9,1,3,9,3,8,3,2,0,1,2,1,2,3,3,0
"0000000522","SWE_2022","Sweden",0.7658,51,1,8,1,1,1,1,1,5,6,752,0,12,2,2,2,0,0,1,1,2,5,5,5,4,5,8,2,2,1,1,3,2,3,1,1,2,1,752001,1,2,4,1,1,752007,5,99,99,99,99,99,99,99,99,10,0,1,9,9,0,9,2,3,10,9,0,6,10,1,8,1,4,1,2,3,3,4,3,3,1
"0000000996","SWE_2022","Sweden",1.1901,57,1,5,4,1,1,1,2,5,2,752,0,12,1,2,7,6,7,2,1,1,5,3,5,5,5,9,2,2,3,2,2,2,3,2,2,5,1,752001,1,1,1,1,1,752001,5,10,0,7,8,8,6,9,7,10,5,8,8,9,6,8,9,3,10,8,2,5,8,4,6,3,2,1,2,3,9,1,2,3,1
"0000001719","SWE_2022","Sweden",0.7658,41,1,8,1,0,2,2,2,3,2,901,9,7,2,2,2,99,99,3,1,1,9,9,5,5,4,10,2,3,3,2,2,2,3,3,2,4,1,752001,1,4,2,2,99,999999,5,8,0,7,5,5,6,6,5,8,0,6,5,5,6,5,5,3,9,7,0,5,7,4,7,4,4,0,9,2,3,4,3,4,8
"0000000394","SWE_2022","Sweden",0.7658,43,1,8,1,1,2,1,1,5,3,752,0,5,1,2,2,2,7,2,1,1,5,5,5,5,4,9,1,1,1,1,3,1,4,1,1,5,1,752001,1,1,2,1,1,752007,5,8,0,0,6,3,0,10,2,10,0,0,2,10,0,8,2,3,10,9,0,5,9,2,7,2,1,1,2,3,3,3,4,5,1
"0000000867","SWE_2022","Sweden",1.5282,61,0,6,3,1,1,2,2,5,1,752,0,13,2,2,6,4,7,2,1,1,4,5,5,5,4,8,2,2,1,2,9,2,3,2,2,4,1,752001,1,1,2,1,1,752001,4,10,0,8,3,9,3,5,5,10,0,8,6,10,1,2,7,4,10,99,99,5,10,1,7,4,2,1,2,2,3,4,2,3,0
"0000000869","SWE_2022","Sweden",0.7712,43,0,7,4,0,1,1,2,5,1,752,0,1,3,2,0,7,7,2,4,4,2,3,2,2,3,6,2,2,3,2,3,3,3,4,2,5,1,999999,999999,9,2,3,1,999999,2,5,8,8,8,0,7,3,3,5,10,7,7,0,99,0,5,6,10,8,0,3,9,2,7,8,4,0,9,1,3,4,4,2,1
"0000002379","SWE_2022","Sweden",0.821,85,0,3,1,0,7,1,2,2,3,752,9,17,2,2,0,5,4,2,1,3,2,3,5,4,3,8,1,2,2,2,3,2,3,2,2,1,1,752001,1,2,2,1,99,999999,9,99,99,99,99,99,99,99,99,99,99,99,99,99,99,99,99,7,1,99,2,3,3,2,3,4,2,0,3,3,2,4,1,2,1
"0000002397","SWE_2022","Sweden",0.7489,67,1,3,3,0,7,1,2,2,1,752,0,14,1,2,2,5,0,3,1,2,2,3,4,4,5,8,2,2,2,2,2,2,4,2,2,4,1,752003,0,1,1,1,1,752003,9,8,10,10,6,5,8,0,6,9,10,9,6,5,9,0,5,3,10,9,0,2,9,1,2,10,2,1,1,2,2,2,1,1,0
"0000001850","SWE_2022","Sweden",0.5247,72,1,8,1,0,7,1,9,2,3,752,0,12,1,2,5,0,3,1,1,2,4,3,5,2,5,10,1,1,2,1,3,2,2,2,1,5,1,752006,0,2,1,1,1,752006,4,6,3,8,3,1,9,0,9,10,4,8,4,0,9,1,7,5,9,10,1,3,8,1,6,6,9,1,3,2,1,3,2,3,0
"0000000826","SWE_2022","Sweden",0.7712,44,0,8,4,0,1,4,2,5,2,752,0,1,3,2,4,7,7,2,2,1,5,3,5,1,5,8,3,3,2,2,3,2,4,2,2,2,1,752008,0,2,2,3,1,752005,3,3,0,6,3,7,3,3,8,2,0,5,9,9,0,2,9,2,10,8,0,5,9,1,6,99,4,0,9,3,3,2,3,3,1
"0000002092","SWE_2022","Sweden",0.5283,71,0,6,3,0,7,9,1,2,1,752,0,5,1,1,7,0,0,1,1,1,5,3,5,2,4,7,2,3,3,2,4,2,4,3,2,4,1,752006,0,2,2,1,1,752006,3,5,6,7,4,2,8,0,4,3,6,8,6,0,7,0,6,3,8,7,2,99,7,2,5,6,4,0,9,3,4,3,3,3,1
"0000002134","SWE_2022","Sweden",0.7489,80,1,3,3,0,7,2,1,1,2,752,9,9,2,2,7,0,0,1,1,2,2,2,9,9,1,6,3,3,3,3,3,3,4,2,2,4,1,752001,1,4,2,4,1,752001,5,10,0,0,9,1,1,9,0,10,99,0,99,1,99,99,99,99,10,99,1,10,9,1,10,0,2,9,2,9,3,9,9,9,9
"0000002396","SWE_2022","Sweden",0.7489,66,1,4,1,0,7,1,1,3,2,752,0,6,1,2,7,7,0,2,1,4,4,3,5,5,5,9,2,1,1,2,3,3,3,1,1,2,1,752001,1,1,1,1,1,752001,5,10,3,5,6,8,1,1,7,10,7,5,6,9,1,2,5,3,10,9,0,4,9,4,6,4,2,0,2,2,2,2,2,3,0
"0000000283","SWE_2022","Sweden",0.7658,52,1,8,3,1,1,2,1,5,1,752,0,19,2,2,2,7,7,2,1,2,2,3,4,2,2,9,2,2,2,1,2,2,3,2,2,4,1,752001,1,4,2,1,1,752001,3,10,0,2,5,6,0,5,2,10,0,5,6,7,0,3,3,2,10,10,0,5,10,0,6,1,2,0,9,3,3,4,3,4,0
"0000002694","SWE_2022","Sweden",0.7541,69,0,3,4,1,7,2,1,1,3,752,0,12,2,2,5,4,0,1,1,2,2,5,1,1,5,8,2,2,2,2,3,2,4,2,1,4,1,752002,0,1,1,1,1,752002,5,3,10,10,0,0,1,1,0,3,10,10,0,0,1,0,0,2,10,10,0,2,2,1,5,10,2,1,2,2,2,1,1,2,1
"0000001833","SWE_2022","Sweden",0.821,75,0,3,1,0,7,4,2,1,1,752,0,5,1,2,0,0,0,3,3,1,5,2,9,1,9,0,2,4,4,1,4,2,4,3,3,5,1,752002,0,2,1,5,1,752002,3,3,10,9,5,0,6,0,2,8,10,8,9,0,7,0,6,5,9,9,0,5,9,0,5,8,2,0,2,3,2,3,4,2,0
"0000000102","SWE_2022","Sweden",0.91,58,0,4,1,0,1,4,2,5,2,752,0,22,2,2,5,99,7,2,1,3,3,5,2,2,2,8,2,2,2,1,3,2,3,2,2,5,1,752005,0,2,2,1,1,752005,4,99,99,99,99,99,99,99,99,8,8,9,99,8,7,4,4,4,8,8,2,6,6,5,6,7,2,0,9,3,3,2,2,3,0
"0000001626","SWE_2022","Sweden",1.0931,55,1,3,1,0,1,4,2,3,2,752,0,7,1,3,2,2,7,2,1,3,3,5,2,2,2,5,3,3,3,2,3,3,3,2,2,4,1,752001,1,1,2,2,1,752001,4,10,0,2,5,5,0,5,2,10,0,1,5,8,0,6,3,1,10,10,0,3,10,5,5,99,2,0,2,3,2,4,3,3,1
"0000002205","SWE_2022","Sweden",0.6191,82,1,6,2,0,7,1,9,1,1,752,0,20,2,3,7,0,0,2,1,3,4,3,5,5,1,10,2,2,2,2,2,2,4,2,2,4,1,752005,0,1,2,1,1,752003,5,5,0,7,2,10,3,3,5,7,0,7,3,10,3,3,5,99,10,7,0,5,7,3,6,5,1,0,9,2,1,2,1,2,0
"0000001518","SWE_2022","Sweden",1.6791,33,0,4,1,0,1,2,2,4,1,752,0,14,1,3,0,0,1,3,3,1,2,3,5,5,9,7,2,9,2,1,3,2,3,4,2,4,0,999999,999999,9,5,3,1,752003,4,0,6,9,4,4,4,0,4,2,7,8,4,4,4,4,4,5,5,5,5,5,5,5,5,5,2,0,3,3,2,4,3,3,1
"0000000917","SWE_2022","Sweden",1.0931,58,1,4,3,1,1,1,2,2,1,752,0,1,3,2,0,7,7,3,1,1,5,5,1,1,1,0,4,4,4,4,4,2,3,4,2,5,1,999999,999999,9,2,3,1,999999,1,5,5,5,5,5,5,5,5,5,5,5,5,5,5,5,5,99,99,99,99,99,99,99,99,99,5,0,9,3,4,3,5,5,1
"0000001070","SWE_2022","Sweden",1.1901,58,1,4,1,1,1,1,1,4,1,752,0,20,2,3,7,5,5,3,1,3,3,3,5,3,3,8,2,2,2,2,3,1,3,2,2,4,1,752001,1,2,1,2,1,752004,3,9,2,5,8,8,6,6,6,9,4,6,6,8,6,6,6,3,10,8,1,5,8,4,7,4,2,1,2,2,2,2,3,3,1
"0000001232","SWE_2022","Sweden",1.5282,57,0,3,1,1,1,2,2,4,1,752,0,12,2,2,7,2,7,2,1,1,5,5,3,2,3,8,2,2,2,2,3,1,3,1,1,5,1,752005,0,2,2,2,1,752001,4,9,1,3,1,8,2,7,4,10,1,1,3,10,2,10,2,3,10,9,0,5,9,3,7,6,2,0,2,2,3,2,1,2,1
"0000000221","SWE_2022","Sweden",1.275,35,0,6,1,1,5,1,2,5,1,752,0,6,3,2,7,1,0,2,2,2,2,3,3,2,2,10,2,3,3,2,2,2,4,4,2,5,1,752006,0,1,2,1,1,752006,5,4,5,9,3,5,10,0,9,0,8,9,6,9,10,0,9,6,10,8,1,5,8,2,7,7,2,1,2,2,2,3,2,3,1
"0000001325","SWE_2022","Sweden",0.7489,66,1,3,4,1,7,2,1,1,3,752,0,18,1,3,1,0,0,2,2,2,1,3,1,3,3,7,2,2,2,2,3,2,4,2,2,3,1,752002,0,2,2,3,1,752003,4,2,9,10,0,2,2,0,2,10,1,9,2,0,2,0,10,2,8,10,0,2,10,0,6,10,2,1,2,2,2,2,3,3,0
"0000002573","SWE_2022","Sweden",0.9037,64,1,6,3,0,9,1,1,1,1,900,9,24,4,2,2,7,1,2,1,1,2,3,5,2,4,6,3,2,3,2,3,2,3,2,2,5,1,752001,1,4,5,3,1,999999,4,5,0,2,7,6,0,5,3,9,0,2,7,8,0,7,2,3,10,10,1,5,10,2,8,1,2,0,3,3,4,4,4,3,0
"0000001867","SWE_2022","Sweden",1.5282,60,0,2,1,0,9,2,2,2,3,752,0,6,1,3,3,7,7,2,1,3,2,4,2,2,5,8,3,3,3,2,3,2,3,2,3,4,1,752003,0,2,2,1,1,999999,4,8,7,8,1,2,5,4,5,8,8,8,2,2,3,1,5,4,9,8,0,3,5,3,5,7,2,1,9,3,3,4,3,3,0
"0000001673","SWE_2022","Sweden",1.2661,33,1,4,4,1,6,2,2,1,2,752,0,14,1,1,3,3,7,2,1,2,4,5,5,5,5,9,1,2,1,1,3,3,3,1,2,4,1,752004,0,1,1,2,1,752004,5,7,0,2,9,6,0,7,4,6,0,4,7,9,3,7,5,4,10,8,0,7,9,3,8,0,2,1,2,4,3,5,4,4,1
"0000002444","SWE_2022","Sweden",0.7541,73,0,3,4,1,7,2,2,1,1,752,0,12,4,2,5,0,0,2,1,2,3,4,4,2,3,7,3,2,3,3,3,3,4,2,2,4,1,752001,1,2,2,2,1,752001,4,9,3,5,6,7,5,8,5,9,3,5,7,7,5,6,5,2,7,8,1,5,8,3,6,3,2,0,2,2,3,4,3,3,0
"0000001991","SWE_2022","Sweden",0.9037,49,1,6,1,0,10,4,2,5,2,752,0,14,4,3,4,1,0,3,1,2,4,3,4,2,4,8,2,2,2,2,3,3,4,3,3,4,1,752003,0,2,4,1,1,752003,5,0,0,9,0,0,8,0,7,0,0,8,1,0,10,0,5,4,7,10,0,5,9,2,8,8,2,1,2,2,3,3,4,3,1
"0000001379","SWE_2022","Sweden",1.6674,27,1,4,1,1,1,9,1,2,2,752,0,14,1,2,99,5,7,1,1,2,5,2,5,5,2,9,2,2,1,1,2,2,9,1,1,4,1,752001,1,2,1,3,1,752004,4,10,2,1,9,99,3,6,3,10,1,1,10,10,2,5,1,3,10,10,0,4,10,3,8,2,2,1,1,3,2,3,2,3,1
"0000002502","SWE_2022","Sweden",0.5283,78,0,4,2,0,7,1,1,1,1,752,0,23,2,2,5,0,0,2,1,2,2,4,3,2,1,10,2,3,3,2,2,2,3,3,2,4,1,752002,0,1,1,2,1,752003,4,1,9,8,0,0,7,0,3,2,10,9,0,0,7,0,5,1,9,9,0,2,8,0,6,8,1,1,2,2,2,2,2,3,1
"0000001304","SWE_2022","Sweden",1.0931,61,1,4,1,1,1,2,1,3,2,752,0,14,1,3,0,0,0,3,2,2,2,1,5,5,4,5,2,2,3,2,3,3,3,2,2,4,1,752001,1,1,2,2,1,752001,4,10,0,5,5,5,3,9,3,10,0,5,5,5,5,5,5,99,99,99,99,99,99,99,99,99,2,1,2,3,2,2,3,3,1
"0000001620","SWE_2022","Sweden",0.91,51,0,5,1,0,1,9,2,5,1,752,0,1,3,2,5,1,0,2,1,1,4,3,4,2,3,9,3,3,3,2,3,2,3,3,3,4,1,752003,0,2,2,1,1,752006,5,6,8,9,0,1,8,0,7,8,7,7,1,0,7,0,8,4,5,9,0,1,9,0,6,99,2,0,2,2,3,5,4,3,1
"0000001743","SWE_2022","Sweden",1.6078,49,1,3,1,1,1,2,2,2,1,901,9,12,1,3,0,0,0,3,9,9,1,9,1,9,9,10,3,3,2,3,9,3,9,4,3,5,1,999999,999999,9,2,1,1,999999,9,0,8,10,0,0,9,0,5,0,8,10,0,0,9,0,6,0,10,10,0,0,8,0,6,99,4,9,2,2,1,3,4,3,1
"0000002272","SWE_2022","Sweden",0.5247,82,1,6,1,0,7,1,1,2,9,752,9,14,2,2,7,0,0,3,2,2,2,2,3,3,2,5,3,3,2,2,3,3,3,3,2,4,1,999999,999999,9,2,2,1,999999,4,8,8,8,6,6,8,6,5,8,9,8,8,6,9,5,8,99,9,10,1,5,7,3,5,6,4,9,2,2,2,3,2,3,1
"0000002583","SWE_2022","Sweden",0.5247,68,1,7,3,0,7,1,1,2,1,752,0,1,2,1,7,7,7,1,1,1,5,5,5,5,2,7,1,2,2,1,3,2,3,1,1,1,1,752001,1,9,1,2,1,752001,5,10,0,0,7,8,0,7,0,10,0,0,6,9,0,2,0,1,10,10,0,5,10,5,5,99,4,1,1,4,4,5,5,3,0
"0000002273","SWE_2022","Sweden",0.7489,87,1,2,2,0,7,9,1,1,4,752,0,17,1,3,4,0,0,3,2,5,2,2,5,5,5,5,2,2,2,1,2,2,3,2,2,3,1,752003,0,2,2,1,1,752003,4,5,0,8,0,7,8,0,7,5,2,8,99,7,8,5,7,4,6,10,0,5,9,4,7,8,2,0,2,2,2,3,3,3,0
"0000000216","SWE_2022","Sweden",1.073,40,1,8,1,1,1,4,2,5,1,901,9,1,4,2,4,7,7,1,1,3,4,2,5,5,3,9,1,1,1,1,1,1,3,3,2,4,1,752002,0,1,1,1,1,752003,5,2,9,8,0,2,6,0,5,6,9,8,6,0,7,0,6,4,9,7,1,4,7,0,5,9,1,1,2,1,1,2,1,2,1
"0000001602","SWE_2022","Sweden",1.1008,50,0,3,1,1,1,2,2,4,1,752,0,25,1,2,3,3,3,1,1,1,5,2,4,4,2,10,1,2,3,4,2,3,3,3,1,4,1,752006,0,1,1,1,1,752006,5,7,6,8,0,2,9,1,4,7,7,7,1,4,9,0,3,5,8,9,0,3,9,1,6,99,1,0,9,2,1,3,3,3,1
"0000002532","SWE_2022","Sweden",0.6234,69,0,6,4,0,7,9,2,1,1,900,1,17,1,1,7,3,0,1,1,1,5,3,5,2,4,8,2,3,1,2,3,2,4,2,2,4,1,752004,0,2,2,1,1,752004,3,1,0,1,6,1,0,5,1,3,0,0,5,0,1,5,0,7,8,10,2,7,10,5,8,99,4,0,9,3,3,4,3,3,0
"0000001361","SWE_2022","Sweden",1.6674,27,1,99,4,9,99,9,9,9,9,901,9,14,9,3,1,0,1,3,2,9,3,3,4,3,3,8,2,4,4,1,3,2,2,3,2,9,99,999999,999999,9,9,9,99,999999,9,99,99,99,99,99,99,99,99,99,99,99,99,99,99,99,99,99,99,99,99,99,99,99,99,99,9,9,9,9,9,9,9,9,9
"0000001423","SWE_2022","Sweden",0.7489,75,1,99,4,0,7,2,1,1,9,900,9,1,2,3,2,0,0,2,2,1,2,1,9,9,3,6,3,2,3,2,3,3,3,2,2,3,1,999999,999999,9,4,3,1,999999,4,8,0,2,4,6,4,7,6,8,0,2,3,6,2,1,3,5,10,10,0,4,8,5,7,4,2,1,3,3,3,4,2,3,0
"0000000111","SWE_2022","Sweden",0.5247,67,1,7,3,0,1,1,1,4,1,752,0,7,2,2,5,7,7,2,1,1,5,3,5,4,4,9,1,2,1,2,2,2,3,2,1,5,1,752008,0,4,2,1,1,752006,5,9,0,6,4,8,6,2,10,9,0,5,4,10,4,2,7,8,0,5,3,8,5,3,9,99,1,0,2,2,1,4,3,9,1
"0000000082","SWE_2022","Sweden",0.7712,41,0,8,1,0,1,2,2,3,1,752,0,7,2,2,1,7,7,2,1,1,3,4,5,2,3,5,3,3,3,2,3,3,3,4,3,5,1,752002,0,2,4,2,1,752004,3,7,8,5,7,2,3,0,3,3,7,1,7,1,6,0,7,7,2,10,4,8,8,5,7,2,4,0,2,4,3,5,4,3,0
"0000002659","SWE_2022","Sweden",1.0469,67,0,9,1,1,6,9,1,4,6,752,0,5,1,3,0,0,0,5,5,5,5,5,5,5,1,0,4,4,4,4,4,4,4,4,4,1,1,999999,999999,9,5,5,1,999999,1,0,0,0,0,0,0,0,0,0,0,0,0,0,0,0,0,10,0,6,10,10,0,0,0,10,5,0,9,1,4,5,5,5,1
"0000002265","SWE_2022","Sweden",1.346,22,1,8,4,0,6,9,9,1,1,752,0,14,4,2,3,2,7,2,1,4,4,4,5,5,4,8,2,2,2,2,2,2,3,2,2,5,1,752005,0,2,2,1,1,752005,5,99,99,99,99,99,99,99,99,8,5,9,1,9,6,2,7,4,9,8,1,5,8,3,6,6,1,0,9,3,2,3,3,3,1
"0000002292","SWE_2022","Sweden",0.8153,82,1,2,3,0,7,1,1,1,2,752,9,1,3,3,3,0,0,4,3,1,2,3,4,4,2,4,2,2,2,2,3,3,4,3,3,3,1,752003,0,1,1,2,1,752003,3,3,3,9,0,7,4,3,4,3,5,10,3,3,4,3,3,2,2,8,2,4,2,2,2,8,4,1,2,2,1,3,2,2,0
"0000002274","SWE_2022","Sweden",0.5283,76,0,7,1,0,7,1,2,5,1,752,1,1,3,2,7,4,0,1,1,1,5,3,5,5,5,9,1,2,1,2,2,2,3,2,2,4,1,752008,0,1,1,1,1,752008,5,6,4,8,3,7,7,5,9,8,4,9,3,8,99,6,8,3,10,8,0,5,9,2,7,7,2,0,9,2,2,3,3,3,0
"0000000087","SWE_2022","Sweden",0.9037,54,1,6,4,1,1,1,2,5,1,752,0,1,3,2,7,5,7,2,1,2,4,4,5,2,4,9,2,2,2,2,3,2,3,2,2,3,1,752001,1,1,2,1,1,752001,5,10,0,1,6,8,1,7,6,10,0,0,8,9,0,8,6,4,10,10,1,6,10,2,8,5,2,0,2,2,2,4,3,3,1
"0000000960","SWE_2022","Sweden",0.91,58,0,6,1,0,1,1,2,5,1,752,0,13,2,1,7,7,7,1,1,1,5,3,5,5,5,10,1,1,1,2,2,2,3,3,2,5,1,752003,0,2,1,1,1,752003,4,5,1,9,0,7,6,2,8,6,4,8,1,2,7,1,7,5,5,8,1,7,8,4,7,8,2,0,3,2,3,4,3,2,0
"0000002530","SWE_2022","Sweden",1.2661,34,1,6,4,0,5,1,2,2,2,752,0,5,1,3,2,1,7,5,2,5,5,2,5,5,5,9,3,3,3,3,3,2,2,2,2,4,1,752002,0,2,1,1,1,752006,2,3,10,5,2,5,10,7,3,10,9,5,5,5,8,5,5,9,9,9,0,4,9,2,4,9,1,1,2,3,3,4,2,2,1
"0000001397","SWE_2022","Sweden",1.0931,63,1,3,1,1,2,2,1,3,4,752,0,25,2,2,7,0,1,1,1,2,2,3,5,5,1,7,2,2,2,2,3,3,3,3,2,5,1,752006,0,2,1,1,1,752006,3,5,5,8,3,5,9,0,2,8,8,8,2,2,8,0,8,4,10,9,0,4,9,1,4,5,2,1,1,2,4,2,3,3,1
"0000002693","SWE_2022","Sweden",1.5176,44,1,5,1,0,5,2,1,1,1,752,0,12,2,2,4,7,7,2,1,3,3,4,2,4,3,7,3,4,4,2,3,4,3,4,2,4,99,999999,999999,9,5,3,1,999992,3,2,4,3,0,1,0,1,3,5,5,3,1,0,1,5,2,5,5,5,5,5,5,5,5,5,4,0,9,3,2,4,4,3,0
"0000001800","SWE_2022","Sweden",0.6191,66,1,6,1,1,7,2,2,1,1,900,9,14,9,2,7,6,2,2,1,1,4,5,9,9,9,99,9,9,9,9,9,9,9,9,9,4,99,999999,999999,9,9,2,1,752001,4,10,0,8,8,7,3,5,8,10,0,5,3,5,2,3,6,6,10,9,0,5,7,3,7,3,2,1,2,2,3,2,3,3,0
"0000000664","SWE_2022","Sweden",1.1901,57,1,4,1,1,1,1,2,5,1,752,1,1,3,2,7,6,7,2,1,2,5,4,5,5,5,9,2,2,1,1,3,2,3,2,2,4,1,752005,0,2,2,1,1,752008,4,6,0,7,1,9,5,5,9,8,0,6,2,9,5,2,7,4,10,9,0,7,9,3,7,7,2,0,2,3,2,2,2,3,1
"0000000167","SWE_2022","Sweden",1.0805,32,0,8,4,1,1,1,2,4,1,752,1,1,4,2,0,7,7,2,2,3,4,3,5,2,5,9,1,1,1,1,2,2,3,2,2,4,1,752003,0,2,1,1,1,752008,3,7,5,8,2,5,7,2,8,8,7,7,2,6,6,0,8,6,5,8,3,6,8,2,8,8,1,0,2,1,2,2,3,3,1
"0000002228","SWE_2022","Sweden",0.6234,77,0,4,1,0,7,1,2,9,1,752,0,18,1,9,4,0,0,2,1,3,5,3,5,5,5,10,1,1,1,1,2,2,4,2,2,3,1,752008,0,2,2,1,1,752005,5,5,1,7,5,7,3,8,9,7,5,5,7,5,5,7,9,3,10,10,0,5,8,3,8,7,1,0,2,2,3,3,1,3,1
"0000000458","SWE_2022","Sweden",0.9037,59,1,6,1,1,2,2,1,4,1,752,0,22,2,2,6,2,7,2,1,4,4,5,5,5,5,10,1,1,3,2,2,2,3,1,1,4,1,752001,1,1,2,1,1,752001,5,10,0,0,3,3,0,1,1,10,0,0,2,8,0,1,1,99,10,99,0,5,10,6,9,1,2,1,1,2,2,4,2,3,1
"0000002712","SWE_2022","Sweden",0.7541,78,0,2,1,0,7,1,2,2,1,752,0,17,2,2,7,4,0,2,1,2,2,3,4,5,5,10,2,2,3,2,3,2,4,4,2,2,1,752006,0,1,1,1,1,752006,2,3,7,8,3,1,9,0,5,2,9,9,6,0,10,0,6,0,9,10,0,2,8,0,4,8,2,1,2,2,2,3,3,3,0
"0000002480","SWE_2022","Sweden",1.1014,87,1,2,3,1,7,1,1,2,1,752,9,25,2,1,7,7,0,1,1,2,1,5,5,5,5,10,1,1,1,1,2,2,3,1,1,4,1,752001,1,1,1,1,1,752001,5,10,0,0,8,0,0,7,0,10,0,0,8,9,0,8,0,0,10,10,0,0,10,0,99,0,1,1,9,2,2,3,2,2,0
"0000000602","SWE_2022","Sweden",0.9037,56,1,6,2,1,1,1,2,3,2,752,0,7,2,3,1,2,2,2,1,2,2,5,2,2,5,7,3,4,3,2,4,4,4,3,3,5,1,999999,999999,9,5,2,1,999999,3,5,0,7,0,6,0,0,8,7,0,5,5,3,0,0,7,3,10,9,0,4,9,1,7,6,2,0,2,3,3,4,3,4,1
"0000001233","SWE_2022","Sweden",1.1407,25,1,8,4,1,5,1,2,2,1,752,0,1,4,3,1,4,6,1,1,1,4,3,4,2,4,7,2,2,2,1,2,2,3,3,2,5,1,752003,0,1,2,1,1,752003,4,6,2,8,1,2,4,0,4,5,5,5,5,5,4,2,5,4,9,7,1,4,8,3,6,6,2,0,2,2,2,3,3,4,1
"0000001605","SWE_2022","Sweden",1.275,32,0,5,4,1,1,2,2,2,1,752,1,5,2,4,0,0,0,5,1,1,3,3,3,3,2,7,3,3,2,1,4,2,3,2,2,4,0,999999,999999,9,1,2,1,752005,4,7,3,5,5,6,5,5,6,7,3,3,5,6,4,5,5,2,10,6,1,5,8,3,4,4,2,0,9,3,2,3,3,4,1
"0000002562","SWE_2022","Sweden",0.7489,80,1,3,1,0,7,4,2,2,3,752,0,24,2,3,7,2,0,3,1,1,2,4,3,9,9,8,2,3,2,2,2,2,3,2,2,3,1,752003,0,2,2,1,1,752003,4,2,3,9,2,6,5,3,4,8,6,8,5,8,6,6,5,5,1,9,1,1,1,1,6,5,2,0,2,3,3,3,2,1,0
"0000002513","SWE_2022","Sweden",1.1014,83,1,5,1,9,99,9,9,9,3,752,0,8,9,1,7,0,0,3,1,3,3,1,5,5,5,8,2,2,2,2,3,3,4,2,2,9,1,752001,1,2,2,1,1,752005,5,10,0,2,2,9,6,6,7,10,0,2,2,10,3,0,6,99,99,99,99,99,99,99,99,99,2,1,2,3,9,2,9,2,0
"0000001344","SWE_2022","Sweden",1.2661,38,1,7,1,0,5,2,1,1,4,901,9,18,3,2,4,2,2,3,3,3,3,3,2,3,2,9,3,3,3,3,4,4,3,3,2,4,1,999999,999999,9,2,1,1,752001,5,6,8,8,3,4,8,5,6,6,8,7,6,4,6,99,99,0,8,5,0,0,6,0,99,7,2,0,9,3,2,4,4,5,1
"0000001792","SWE_2022","Sweden",0.5247,73,1,8,1,0,7,1,1,3,1,752,0,3,4,3,3,7,7,2,1,2,2,3,5,2,3,7,2,2,2,2,2,2,2,2,1,4,1,999999,999999,9,1,3,1,999999,4,8,0,8,0,8,5,0,8,8,0,8,0,8,5,0,8,5,10,6,0,5,2,2,5,6,2,0,9,2,3,3,3,3,1
"0000001394","SWE_2022","Sweden",1.0931,61,1,5,3,0,2,2,1,1,1,752,0,3,2,3,1,0,0,3,1,1,1,3,3,3,2,6,3,3,3,3,3,3,4,4,4,5,1,999999,999999,9,1,1,1,999999,1,0,10,10,0,0,10,0,0,0,10,10,0,0,10,0,0,0,10,10,0,0,10,0,5,10,2,0,9,3,3,4,3,3,1
"0000000320","SWE_2022","Sweden",1.073,34,1,8,1,1,2,1,1,9,1,752,0,14,4,2,0,7,7,2,1,1,5,4,5,3,2,7,2,3,2,2,3,2,3,3,3,4,1,752007,0,2,2,2,1,752004,4,4,0,0,8,6,0,8,2,7,0,0,6,7,0,7,5,4,9,8,1,8,8,4,7,2,2,0,2,3,3,3,3,3,1
"0000002282","SWE_2022","Sweden",0.7541,73,0,3,4,1,7,1,2,3,1,752,0,22,2,3,7,2,7,1,1,1,2,3,2,2,3,8,2,2,2,2,3,3,3,2,2,4,1,999999,999999,9,2,1,1,999999,4,3,3,7,2,5,5,1,5,3,3,5,3,3,5,1,5,5,6,7,1,5,6,5,7,7,2,0,3,2,3,2,3,3,0
"0000002749","SWE_2022","Sweden",0.7658,49,1,8,1,0,6,1,2,5,2,752,0,12,3,2,5,0,7,1,1,1,5,5,5,5,5,9,2,2,2,2,2,1,3,2,1,5,1,752008,0,1,2,1,1,999999,5,6,3,9,3,9,7,7,10,9,8,8,8,8,7,8,8,4,4,10,0,6,10,5,8,8,1,1,3,2,2,3,3,3,1
"0000001335","SWE_2022","Sweden",0.7489,67,1,3,1,1,7,2,1,3,3,752,0,13,1,1,7,7,7,2,2,1,2,4,4,2,2,99,2,2,1,1,2,3,3,2,2,4,1,752001,1,1,1,1,1,752001,3,9,4,6,5,6,6,7,6,10,4,7,7,6,2,7,7,3,8,8,1,5,8,4,7,4,2,1,2,2,2,2,3,3,1
"0000002683","SWE_2022","Sweden",0.9037,59,1,6,1,0,10,1,1,3,9,752,0,1,3,2,7,6,2,1,1,2,5,3,5,2,2,10,1,1,1,1,1,2,3,2,2,4,1,752002,0,2,2,1,1,752003,5,4,10,9,0,6,7,1,7,8,10,9,0,5,9,0,7,3,10,10,0,5,8,1,8,10,2,1,2,2,2,2,2,3,1
"0000000976","SWE_2022","Sweden",0.91,60,0,3,1,0,2,4,2,3,1,752,0,9,2,1,3,1,7,2,2,2,5,4,5,2,4,8,2,2,2,1,3,2,4,2,2,3,1,752007,0,1,1,2,1,752001,4,8,0,1,9,6,0,10,4,9,0,1,9,7,0,9,3,5,10,9,1,6,10,3,7,2,4,1,3,3,2,3,3,4,1
"0000000332","SWE_2022","Sweden",1.1984,48,0,8,1,9,1,4,2,4,1,752,0,12,1,2,1,6,7,1,2,3,2,1,2,2,2,2,3,3,3,3,3,3,3,3,2,4,1,752003,0,1,2,3,1,752003,3,5,2,9,1,5,7,0,7,6,6,8,6,2,7,1,7,3,5,8,1,5,9,2,7,8,4,1,2,2,2,4,4,3,1
"0000001968","SWE_2022","Sweden",1.0396,87,1,3,2,0,7,1,2,1,3,752,9,12,1,2,7,0,0,2,1,2,3,3,5,5,3,10,2,2,2,1,3,2,9,2,2,2,1,752001,1,1,2,1,1,752001,4,10,99,4,3,5,99,4,5,10,0,5,3,99,0,5,5,99,1,99,10,5,10,3,99,99,2,0,2,2,2,2,2,2,0
"0000001581","SWE_2022","Sweden",0.7541,70,0,4,1,0,7,1,1,1,1,752,0,17,2,2,4,99,99,1,1,9,9,9,9,1,9,6,3,3,3,2,2,3,3,4,4,4,1,752002,0,1,1,1,1,752002,5,4,10,4,2,0,3,0,99,0,99,5,2,0,2,0,0,0,10,7,0,0,3,0,5,10,4,1,1,2,3,3,3,2,1
"0000000189","SWE_2022","Sweden",0.7712,51,0,7,1,1,1,1,2,5,1,752,0,14,1,4,1,1,5,2,1,2,4,5,5,3,2,9,2,1,1,1,3,4,4,1,2,5,1,752001,1,1,4,1,1,752001,4,9,0,7,3,7,5,2,5,99,99,99,99,99,99,99,99,4,9,8,8,4,6,5,99,5,2,0,9,3,4,5,4,3,1
"0000002145","SWE_2022","Sweden",1.1901,58,1,5,1,0,1,4,2,3,3,752,0,5,2,3,2,0,7,2,2,1,1,4,5,5,4,9,1,2,3,2,3,1,3,2,2,4,1,752003,0,1,1,1,1,999999,4,6,9,10,5,5,8,5,8,99,9,10,99,99,99,99,99,1,8,10,0,9,9,1,9,10,2,0,2,2,1,2,3,5,1
"0000001424","SWE_2022","Sweden",1.0805,27,0,4,4,0,6,2,1,2,3,752,1,1,3,3,2,7,7,2,2,3,2,1,3,2,5,5,2,2,4,1,4,3,3,4,3,3,1,752002,0,1,2,3,1,752002,4,0,10,10,0,0,10,0,5,0,10,10,0,0,10,0,5,3,10,10,0,1,10,0,5,10,4,0,3,3,4,4,3,3,0
"0000002249","SWE_2022","Sweden",0.7489,90,1,2,2,1,7,2,1,1,1,752,9,19,2,2,7,0,0,2,1,1,2,3,3,3,4,5,3,3,4,2,3,3,4,2,2,3,1,999999,999999,9,2,3,1,999999,3,7,0,7,7,7,0,7,7,8,0,8,8,8,0,8,8,5,10,10,5,5,10,5,5,5,2,0,9,3,4,3,3,3,8
"0000001214","SWE_2022","Sweden",1.0469,67,0,3,1,0,7,2,2,2,1,752,0,4,1,2,7,0,0,2,1,1,2,2,5,5,5,7,2,3,3,2,3,2,4,2,2,4,1,752001,1,2,2,2,1,752001,4,8,0,3,0,5,3,5,3,9,0,1,0,7,3,5,7,3,10,7,0,4,6,2,5,4,2,0,9,3,1,4,3,3,1
"0000002287","SWE_2022","Sweden",1.1092,71,0,2,1,1,7,2,2,2,2,752,0,13,1,3,2,0,0,2,1,2,2,2,3,3,3,5,3,3,4,3,3,3,4,3,3,5,1,752001,1,2,2,3,1,752001,4,8,5,5,5,5,5,5,5,10,5,6,5,5,5,5,5,0,5,10,0,6,9,6,0,4,2,1,2,2,2,2,3,4,1
"0000000676","SWE_2022","Sweden",1.0805,35,0,8,1,0,1,1,2,5,2,752,0,1,3,3,5,7,7,1,1,1,5,5,5,3,5,10,2,2,1,1,3,3,4,3,2,5,1,752008,0,2,2,1,1,752005,5,7,0,7,0,6,7,2,8,8,3,7,0,5,6,0,5,3,10,9,0,5,8,1,6,6,1,0,3,4,2,4,1,3,1
"0000002835","SWE_2022","Sweden",0.821,81,0,6,2,0,7,2,2,1,6,900,9,1,3,1,7,0,0,2,1,1,1,5,5,3,3,10,2,2,3,2,3,4,3,2,2,2,0,999999,999999,9,9,1,0,999999,3,7,7,7,5,5,5,0,5,6,6,6,2,1,5,0,5,5,6,6,2,2,5,0,4,6,2,0,2,2,3,2,1,2,8
"0000000030","SWE_2022","Sweden",0.7712,43,0,8,1,0,1,1,2,5,1,752,0,1,4,2,1,7,7,1,1,1,2,5,3,2,1,9,2,2,2,1,3,1,3,2,1,3,1,752001,1,1,1,1,1,752003,5,10,0,6,5,9,0,8,7,10,0,4,8,10,0,8,7,3,10,9,0,4,10,3,7,4,1,0,2,2,2,2,2,2,0
"0000002232","SWE_2022","Sweden",0.7541,77,0,2,1,1,7,1,2,3,2,752,0,19,2,1,7,7,7,1,1,5,5,1,5,5,5,10,2,1,2,1,2,2,4,2,1,3,1,752001,1,1,1,1,1,752001,5,10,0,0,7,7,0,7,0,10,0,0,7,7,0,5,0,0,10,10,0,6,10,4,10,0,1,1,1,3,1,2,2,3,0
"0000001848","SWE_2022","Sweden",1.0469,72,0,2,1,0,7,4,2,1,2,752,0,8,1,3,7,0,1,2,1,5,5,5,5,5,2,5,2,2,2,2,2,2,3,2,2,3,1,752001,1,2,2,2,1,752001,4,8,4,2,3,4,3,5,2,9,6,1,4,4,2,3,3,2,9,9,2,3,10,1,10,7,2,0,9,2,2,2,2,3,1
"0000002658","SWE_2022","Sweden",1.1014,84,1,2,4,0,7,2,1,1,1,752,0,5,1,3,1,0,0,4,4,4,2,3,3,3,3,3,3,9,9,9,9,9,9,2,2,2,1,752005,0,4,4,3,1,752005,2,99,99,99,99,10,99,99,99,6,99,99,99,99,99,99,99,99,99,99,99,6,99,99,99,99,4,0,2,2,1,2,3,3,0
"0000002661","SWE_2022","Sweden",0.821,81,0,5,1,0,7,1,2,4,1,752,0,21,2,1,0,7,99,1,1,1,4,2,9,9,1,5,3,3,3,3,3,4,3,4,4,5,1,752002,0,1,1,2,1,752003,3,0,8,8,0,0,8,0,3,0,7,7,6,0,6,0,6,1,5,7,1,1,7,1,5,7,4,1,3,2,2,5,5,3,1
"0000000989","SWE_2022","Sweden",0.91,62,0,6,1,1,1,1,2,5,2,752,0,1,3,2,0,99,0,1,1,2,5,5,5,2,2,9,2,2,2,2,2,2,4,2,2,4,1,752001,1,2,2,2,1,752005,5,6,0,5,4,6,3,6,5,7,2,2,2,4,4,6,5,4,9,8,2,7,8,2,6,6,2,0,9,3,2,3,3,3,1
"0000001197","SWE_2022","Sweden",1.1901,45,1,8,1,0,1,1,2,5,1,752,0,25,2,1,7,3,0,4,1,1,5,4,2,2,2,10,3,3,2,1,3,2,3,4,4,5,1,752002,0,1,1,1,1,752003,1,0,10,10,0,0,0,0,0,0,10,10,0,0,0,0,0,0,10,10,0,0,10,0,10,10,1,1,1,1,4,5,2,2,1
"0000001582","SWE_2022","Sweden",1.1008,52,0,3,1,0,1,2,2,5,1,752,0,14,3,2,1,3,7,3,2,2,2,2,5,5,5,7,2,2,3,2,3,3,3,3,2,4,1,752002,0,2,2,2,1,752002,4,5,9,9,2,2,8,1,2,7,9,9,2,2,8,1,2,3,9,9,0,5,8,1,7,8,2,0,9,3,2,2,2,4,1
"0000000151","SWE_2022","Sweden",1.073,38,1,9,1,1,1,1,1,5,1,752,0,1,4,1,7,7,7,1,1,1,3,3,5,5,2,9,1,1,1,2,2,3,4,4,4,4,1,752003,0,1,1,2,1,752003,5,99,99,99,99,99,99,99,99,0,10,10,0,10,10,0,10,3,5,8,0,6,10,0,7,8,2,1,1,2,2,4,3,3,1
"0000002290","SWE_2022","Sweden",0.6191,76,1,7,1,0,7,2,1,3,1,752,0,14,1,1,7,7,0,2,1,9,5,5,5,5,5,7,1,1,1,2,2,2,4,2,2,1,1,752001,1,1,2,1,1,752001,5,10,0,6,8,6,1,8,5,10,1,3,4,4,1,9,3,0,10,10,0,6,10,2,8,0,2,1,1,3,4,2,2,3,1
"0000002291","SWE_2022","Sweden",0.821,84,0,5,1,9,99,9,9,9,9,752,9,14,9,2,6,0,0,1,1,2,5,3,9,9,9,99,9,9,9,9,9,9,9,9,9,9,99,999999,999999,9,9,1,1,752006,2,1,7,9,0,2,10,0,5,1,6,9,0,2,10,0,7,99,5,99,0,2,10,99,7,8,2,0,2,1,9,3,9,2,0
"0000000689","SWE_2022","Sweden",0.7658,48,1,7,4,1,1,1,1,5,1,752,0,5,2,3,2,6,6,2,1,1,5,4,5,4,4,8,2,2,2,2,2,2,2,2,2,2,1,752001,1,1,1,1,1,999999,5,9,0,7,7,8,7,8,7,9,0,4,5,8,5,5,5,3,10,7,0,5,8,2,10,4,2,0,2,2,2,5,3,3,0
"0000000213","SWE_2022","Sweden",0.7658,44,1,8,3,1,1,1,2,2,2,752,0,14,4,2,5,1,7,3,1,1,5,5,5,4,4,7,2,2,2,1,3,1,4,2,2,4,1,752004,0,2,2,1,1,752004,4,8,0,99,99,6,0,8,1,9,0,99,99,9,0,8,0,4,8,8,2,5,9,3,7,2,2,1,2,3,3,3,3,3,1
"0000000367","SWE_2022","Sweden",0.91,56,0,7,1,1,1,9,2,5,1,752,9,1,3,2,5,5,7,1,1,4,5,3,5,5,3,8,2,2,3,2,3,4,4,4,4,5,1,752003,0,1,1,3,1,752003,4,6,9,9,0,0,7,0,7,9,10,9,99,7,0,9,6,5,10,9,0,2,8,2,5,7,2,0,2,2,3,3,4,4,1
"0000001066","SWE_2022","Sweden",1.0931,55,1,4,4,1,1,9,1,1,1,752,0,1,3,2,7,7,7,2,1,3,3,2,5,5,5,8,3,9,2,2,2,3,2,4,3,3,1,752003,0,2,2,1,1,752002,4,1,10,9,0,0,9,0,8,5,10,9,0,0,9,0,0,0,10,10,0,4,10,0,10,6,2,0,9,2,2,2,2,1,1
"0000000490","SWE_2022","Sweden",0.7712,49,0,8,1,1,1,1,1,4,1,752,0,12,2,1,3,7,4,1,1,1,5,3,4,4,5,8,2,2,3,2,3,3,3,3,2,4,1,752003,0,9,1,2,1,752001,5,6,5,7,0,3,5,0,6,6,5,7,2,4,4,1,7,6,6,9,0,4,8,1,7,7,2,1,2,2,2,3,3,3,1
"0000002293","SWE_2022","Sweden",0.7489,76,1,4,1,0,7,1,1,1,2,752,0,8,2,2,6,4,2,2,1,1,2,3,2,2,1,9,2,2,2,2,2,2,3,2,2,3,1,752008,0,2,2,1,1,752001,4,9,5,7,5,5,7,6,9,10,5,6,6,6,7,6,8,5,8,8,1,6,7,4,6,6,1,1,2,2,1,2,2,3,8
"0000000761","SWE_2022","Sweden",1.1984,52,0,3,1,0,1,4,2,5,2,752,0,12,1,2,3,6,1,1,1,1,5,3,5,5,3,10,2,2,2,2,2,2,4,2,1,5,1,752008,0,1,1,1,1,752003,5,3,2,6,0,2,7,0,7,7,7,6,6,5,7,3,6,0,0,10,0,10,10,0,10,10,1,0,2,1,3,3,3,2,0
"0000002294","SWE_2022","Sweden",0.5283,74,0,8,1,1,7,1,1,4,2,752,0,21,1,2,7,1,0,2,1,1,4,3,5,4,4,10,2,2,1,2,2,2,4,2,2,3,1,752005,0,1,1,1,1,752008,4,5,0,8,1,9,5,6,9,8,1,7,3,10,2,5,6,5,10,9,0,9,10,5,8,6,1,0,3,2,2,3,3,3,0
"0000000724","SWE_2022","Sweden",0.7658,62,1,8,3,9,1,9,9,9,9,752,0,1,9,3,4,0,1,2,9,9,9,9,9,9,9,99,9,9,9,9,9,9,9,9,9,9,1,999999,999999,9,9,9,99,999999,9,99,99,99,99,99,99,99,99,99,99,99,99,99,99,99,99,99,99,99,99,99,99,99,99,99,9,9,9,9,9,9,9,9,9
"0000000285","SWE_2022","Sweden",0.5247,67,1,8,2,9,7,1,1,1,1,752,0,18,1,1,7,4,7,2,1,5,5,5,5,5,1,10,1,1,2,1,2,2,3,2,1,4,1,752001,1,1,2,1,1,752001,5,10,0,1,8,5,1,6,3,10,0,0,5,6,0,4,3,2,10,10,0,5,10,4,7,1,2,1,1,3,2,4,2,3,1
"0000002798","SWE_2022","Sweden",0.5247,84,1,8,1,1,7,1,1,3,1,752,9,14,1,2,7,3,7,1,1,1,2,2,4,2,2,8,2,2,2,2,3,2,3,3,2,4,1,752008,0,4,4,1,1,752008,3,7,4,7,1,6,7,6,8,10,7,5,2,6,7,3,7,2,9,8,0,7,8,1,7,7,2,1,2,1,1,3,2,3,0
"0000000091","SWE_2022","Sweden",0.7658,51,1,8,1,1,1,4,2,5,2,752,0,14,1,2,0,0,7,1,1,1,4,5,5,5,4,8,1,1,1,1,2,1,3,2,1,3,1,752007,0,1,4,1,1,752005,5,8,0,5,2,10,2,8,2,10,0,2,2,10,2,8,2,4,5,8,0,7,8,2,6,5,2,1,2,3,3,2,3,3,1
"0000001456","SWE_2022","Sweden",0.821,69,0,5,1,1,2,4,2,3,3,752,0,14,1,2,0,3,5,1,1,1,5,5,5,5,5,9,1,1,1,3,2,2,2,3,3,4,1,752003,0,1,1,1,1,752002,4,2,7,7,0,3,6,0,0,6,8,7,0,0,7,0,6,4,9,8,0,4,8,0,6,8,1,1,2,2,2,3,3,3,1
"0000000353","SWE_2022","Sweden",0.5409,73,0,9,2,0,2,1,1,3,2,752,0,1,4,1,0,7,1,1,1,1,5,3,5,5,4,9,1,2,1,2,3,2,3,3,3,4,1,752003,0,1,1,1,1,752006,5,1,4,10,0,3,9,0,7,4,5,9,0,2,8,0,8,2,8,9,0,5,9,1,7,8,2,1,2,2,2,2,4,3,0
"0000001136","SWE_2022","Sweden",1.275,36,0,5,4,1,1,1,2,2,1,752,0,12,2,1,5,4,5,2,1,4,3,1,5,3,4,8,3,1,2,1,3,1,4,2,2,4,1,752007,0,2,4,2,1,752004,4,9,0,0,10,4,0,10,0,9,0,0,9,5,0,10,1,5,10,10,1,6,10,3,8,2,2,0,1,3,2,3,3,3,1
"0000001648","SWE_2022","Sweden",1.1008,59,0,3,1,1,1,2,2,5,1,752,0,6,2,2,6,0,0,2,1,1,3,3,5,5,5,9,2,2,2,2,2,3,3,3,2,3,1,752002,0,2,2,1,1,752002,3,8,8,8,8,2,7,0,2,6,8,8,8,0,5,0,5,6,99,8,2,6,8,4,6,6,2,0,9,4,4,3,3,3,1
"0000000309","SWE_2022","Sweden",1.073,29,1,7,4,1,1,2,1,3,1,752,0,17,2,4,1,6,7,3,1,2,5,5,3,3,3,6,2,3,2,1,3,2,4,2,3,5,1,999999,999999,9,2,1,1,752001,4,10,0,0,9,8,0,8,0,8,9,0,7,10,0,6,0,2,10,10,0,3,10,2,7,2,2,0,3,3,3,3,4,2,1
"0000001139","SWE_2022","Sweden",1.1901,47,1,4,4,1,1,1,1,2,1,752,0,18,1,4,2,99,99,3,1,1,2,3,5,2,2,8,3,2,1,1,3,3,4,3,3,5,1,752002,0,1,2,2,1,752001,4,7,9,7,5,5,3,0,5,6,10,2,8,2,0,5,9,2,8,9,5,5,9,9,5,6,2,1,2,3,3,3,3,2,1
"0000000466","SWE_2022","Sweden",1.073,29,1,7,3,1,1,2,1,2,1,752,0,24,1,3,0,0,0,4,1,2,3,3,5,3,3,7,3,3,3,2,3,2,3,2,2,3,99,999999,999999,9,4,3,1,752004,3,5,5,5,5,5,5,5,5,5,5,5,5,5,5,5,5,99,99,99,99,99,99,99,99,99,2,0,9,3,3,4,3,2,1
"0000001060","SWE_2022","Sweden",1.1901,57,1,5,4,0,1,1,2,5,2,752,0,8,1,3,3,7,7,3,1,1,4,5,3,2,3,8,2,2,2,2,2,1,3,2,2,5,99,999999,999999,9,1,5,1,999999,4,5,5,5,5,5,5,5,99,5,5,5,5,5,5,5,5,4,10,9,0,5,8,5,6,5,2,0,3,2,2,3,3,3,1
"0000000670","SWE_2022","Sweden",1.1984,46,0,6,4,1,1,1,1,4,1,752,0,22,4,1,0,7,3,1,1,1,3,1,2,4,3,1,2,3,2,2,4,4,3,4,4,4,99,999999,999999,9,4,4,1,999999,5,2,5,7,0,0,6,0,5,2,7,7,0,0,7,0,5,2,3,8,0,6,8,0,8,7,4,0,3,2,4,3,3,2,1
"0000000684","SWE_2022","Sweden",0.7712,47,0,8,4,1,1,1,4,3,4,752,0,4,2,1,1,7,7,1,1,1,5,5,5,5,4,10,1,4,1,1,3,1,3,9,2,4,1,752007,0,1,5,1,1,752007,5,7,0,1,6,8,0,10,1,9,0,1,4,9,0,10,0,2,99,99,1,9,99,5,99,7,1,1,2,3,1,4,3,3,1
"0000000154","SWE_2022","Sweden",0.7712,47,0,8,1,1,1,1,2,5,1,752,0,14,3,1,1,1,2,2,1,1,4,4,5,4,5,9,1,2,1,1,2,1,3,2,2,5,1,752007,0,1,1,1,1,752005,5,9,0,6,3,8,2,8,6,10,0,6,4,8,1,7,5,4,8,9,1,7,9,3,6,99,1,1,2,2,3,4,3,2,1
"0000002406","SWE_2022","Sweden",0.6191,68,1,6,4,0,7,2,2,1,1,752,9,12,1,2,7,7,7,2,1,2,2,4,3,3,3,8,2,2,2,1,3,2,3,2,2,4,1,752003,0,2,2,3,1,752004,5,3,5,9,10,2,8,0,2,9,8,9,10,2,9,1,3,2,10,9,1,5,8,5,8,7,2,0,9,3,3,2,2,4,1
"0000001612","SWE_2022","Sweden",0.91,58,0,5,4,1,1,2,2,2,2,752,0,12,1,2,7,7,7,2,1,1,4,3,3,2,3,8,2,2,3,2,3,2,3,4,2,5,1,752002,0,2,2,1,1,752002,5,3,10,8,0,0,7,0,5,5,10,7,5,1,9,0,5,5,7,10,0,0,9,0,6,7,2,1,2,2,3,3,3,3,1
"0000001103","SWE_2022","Sweden",1.1984,49,0,4,4,1,1,1,2,3,1,752,0,3,1,3,7,7,0,2,1,2,3,3,4,2,4,7,2,2,2,2,3,3,4,2,2,3,1,752001,1,2,2,2,1,752001,3,7,5,3,6,5,2,6,6,8,2,0,2,6,0,5,1,4,9,8,2,5,8,3,5,4,4,0,9,2,2,4,3,3,1
"0000002280","SWE_2022","Sweden",1.0469,74,0,2,4,0,7,2,2,2,1,752,0,4,2,3,7,7,0,2,1,1,4,5,5,5,5,9,2,2,3,1,3,2,4,3,2,5,1,999999,999999,9,1,1,1,999999,5,5,5,5,5,5,5,5,5,5,5,5,5,5,5,5,5,1,10,10,0,4,10,3,9,6,2,0,3,4,3,3,3,3,0
"0000002175","SWE_2022","Sweden",1.2661,35,1,5,1,0,6,4,2,3,1,752,0,12,1,2,1,3,4,2,1,2,3,5,5,3,3,7,2,3,2,1,3,2,3,2,2,3,1,752001,1,2,2,1,1,752005,3,9,0,0,9,8,0,6,0,8,0,0,10,10,0,10,2,3,10,10,1,6,10,1,8,2,4,0,2,4,4,3,3,4,1
"0000001008","SWE_2022","Sweden",1.1984,56,0,4,1,1,1,1,2,4,1,752,0,14,4,3,3,5,0,3,1,2,2,3,3,5,3,9,2,2,2,1,3,2,4,2,2,2,1,752005,0,2,1,2,1,752001,4,9,0,0,1,9,0,0,0,9,0,0,0,8,0,0,0,1,10,10,0,4,10,4,10,3,2,0,2,3,2,4,2,2,1
"0000001493","SWE_2022","Sweden",0.9037,60,1,7,1,0,10,1,4,5,2,752,0,1,1,1,99,7,7,2,1,1,4,5,5,5,4,10,1,1,1,2,2,2,4,2,2,3,1,752005,0,2,1,1,1,752005,5,7,0,4,2,8,0,7,9,8,0,5,5,8,0,5,5,2,9,8,1,7,9,4,7,5,1,1,2,2,2,4,3,3,1
"0000002054","SWE_2022","Sweden",0.7541,75,0,5,1,1,7,1,2,2,2,752,0,19,2,2,4,0,0,1,1,2,5,1,9,9,2,8,1,2,1,3,3,2,3,2,2,4,1,752001,1,2,2,1,1,752001,4,99,0,3,99,3,0,99,7,10,0,2,0,5,0,3,2,1,10,9,0,5,10,1,9,2,1,1,2,2,1,2,1,3,0
"0000002597","SWE_2022","Sweden",1.1092,84,0,2,1,1,7,2,2,1,1,752,0,12,2,3,7,0,0,9,1,2,1,1,9,3,2,10,2,1,2,1,2,1,2,1,1,4,1,752001,1,1,4,1,1,752001,5,0,99,1,9,1,99,99,99,10,99,9,1,9,99,99,99,1,10,10,0,5,9,2,5,2,2,1,2,2,2,2,9,3,0
"0000001708","SWE_2022","Sweden",1.275,28,0,6,4,1,1,2,1,2,2,752,1,1,3,3,4,0,0,2,1,3,2,2,5,5,5,9,3,3,3,2,3,3,2,2,2,2,1,999999,999999,9,2,2,1,999999,4,9,1,3,8,7,5,7,7,9,1,3,8,7,5,7,5,1,10,10,0,7,7,2,7,1,2,0,9,4,2,2,2,3,1
"0000001619","SWE_2022","Sweden",1.1984,56,0,3,3,1,1,9,2,4,1,752,0,4,4,2,5,7,5,2,2,4,4,2,4,2,2,8,2,3,3,2,3,3,4,3,4,5,1,752002,0,2,2,2,1,752002,4,8,9,6,1,2,8,0,7,8,9,6,5,0,8,0,5,6,6,9,1,5,8,1,6,6,2,0,3,1,3,2,3,2,1
"0000001998","SWE_2022","Sweden",0.6191,80,1,7,1,0,7,1,1,3,2,752,9,14,1,2,7,0,0,1,1,2,4,5,5,5,3,10,1,2,2,1,3,2,4,3,2,5,1,999999,999999,9,5,1,1,752006,4,5,5,5,5,5,5,5,5,5,5,5,5,5,5,5,5,3,10,9,1,3,8,4,6,5,1,0,9,4,1,3,1,2,0
"0000001449","SWE_2022","Sweden",1.0931,49,1,3,1,1,1,2,2,5,1,752,0,12,3,3,6,6,6,3,1,1,1,1,4,4,4,7,3,3,3,3,3,3,3,3,2,3,1,752003,0,1,2,9,1,752003,5,0,10,10,0,0,8,0,0,0,10,10,0,0,7,0,0,99,99,99,99,99,99,99,99,99,9,9,9,2,2,9,9,9,9
"0000000697","SWE_2022","Sweden",0.5247,68,1,8,1,1,2,4,4,2,1,752,0,1,3,1,3,7,7,2,1,1,5,5,5,5,3,10,1,1,1,1,2,1,2,2,1,4,1,752004,0,1,2,1,1,752004,5,9,0,1,10,6,1,9,99,9,0,1,9,7,1,8,1,3,9,10,0,7,10,2,7,0,1,1,2,3,3,3,3,3,0
"0000000567","SWE_2022","Sweden",0.7658,48,1,7,1,1,1,1,1,5,1,752,0,22,1,2,3,1,5,2,1,2,4,5,4,4,2,99,2,2,2,1,2,2,3,2,2,3,1,752001,1,1,4,2,1,752001,5,10,0,1,10,8,1,9,7,10,0,1,9,9,2,9,7,0,10,10,0,3,8,5,6,0,2,1,2,4,3,2,2,3,1
"0000002082","SWE_2022","Sweden",0.7489,73,1,3,1,0,7,1,9,1,1,752,0,12,1,3,7,7,0,2,1,5,3,5,5,5,5,10,1,1,2,9,2,2,4,2,2,3,1,999999,999999,9,2,1,1,999999,5,9,0,0,5,6,0,8,7,10,0,2,5,7,0,7,6,2,10,10,0,8,10,6,8,5,2,9,2,2,3,3,3,3,1
"0000002652","SWE_2022","Sweden",2.2763,18,0,4,4,0,6,9,2,1,1,752,1,12,4,2,5,5,7,1,1,1,4,2,5,5,5,8,2,2,2,1,2,3,3,3,2,5,1,752003,0,1,1,2,99,999999,5,5,8,10,0,0,8,0,5,4,10,10,0,0,10,0,5,3,8,10,0,5,8,2,6,8,2,0,1,2,3,3,3,4,1
"0000001502","SWE_2022","Sweden",1.1008,51,0,3,1,1,5,2,2,4,2,752,0,12,2,2,7,7,7,1,2,5,2,2,2,5,5,1,4,4,4,4,9,4,2,4,3,5,1,752002,0,2,2,3,1,752005,5,0,9,9,2,0,8,0,7,0,10,10,2,0,9,0,8,0,10,10,0,0,10,0,8,10,4,0,2,2,3,4,4,2,0
"0000002522","SWE_2022","Sweden",1.1014,85,1,2,4,0,7,2,1,1,1,752,9,8,1,1,5,0,0,2,1,1,3,1,9,9,5,10,1,9,9,9,9,9,9,1,2,3,1,752001,1,1,2,1,1,752001,5,10,0,0,3,2,0,8,3,10,0,0,3,6,0,8,5,0,10,10,2,7,10,2,6,0,1,1,1,2,3,2,1,2,0
"0000002411","SWE_2022","Sweden",1.1014,82,1,2,3,0,7,1,9,9,1,752,0,22,2,2,7,7,5,2,1,3,2,3,3,3,3,9,2,2,3,2,2,2,3,2,2,3,1,752001,1,4,2,3,1,752001,3,9,0,3,3,5,3,5,5,9,0,3,3,5,3,5,5,3,6,9,1,5,8,5,8,99,2,1,2,2,2,2,2,2,1
"0000001052","SWE_2022","Sweden",1.1901,43,1,5,1,0,1,9,2,5,1,752,0,1,3,2,0,7,7,1,1,2,5,3,4,3,2,8,2,2,2,1,3,3,4,2,2,5,1,752003,0,1,2,1,1,752003,5,6,6,10,0,5,9,0,9,8,1,9,5,1,8,1,5,2,8,10,0,5,8,1,8,8,2,1,2,3,2,4,3,4,1
"0000002244","SWE_2022","Sweden",1.1014,84,1,3,1,0,7,9,2,2,1,752,0,8,2,2,2,99,99,2,1,2,2,3,9,9,9,5,2,2,9,9,3,9,9,2,2,5,1,752001,1,4,9,1,1,752001,5,99,99,99,99,99,99,99,99,10,0,0,10,10,0,10,0,0,99,99,0,0,99,0,99,0,2,1,9,3,2,2,2,3,8
"0000000368","SWE_2022","Sweden",0.7658,57,1,8,1,0,1,1,1,2,3,752,0,14,1,2,1,2,99,1,1,3,3,5,5,5,3,8,1,1,1,1,2,1,3,2,2,4,1,999999,999999,9,2,1,1,752001,4,9,0,5,5,7,5,7,6,9,1,6,6,9,5,6,7,2,10,8,1,4,9,3,6,3,1,1,2,2,2,4,2,3,0
"0000001269","SWE_2022","Sweden",1.0931,61,1,4,4,9,1,2,1,2,2,752,0,22,1,2,4,4,0,2,1,5,5,5,3,3,2,5,2,2,2,2,3,9,9,2,2,4,1,752001,1,2,2,2,1,752001,4,9,3,4,6,7,6,7,6,9,6,3,1,8,99,7,2,0,10,9,1,3,6,2,6,0,2,1,2,3,2,2,2,2,1
"0000001887","SWE_2022","Sweden",0.5283,84,0,8,1,1,7,1,1,4,1,752,0,8,2,1,7,7,0,1,1,1,2,2,3,3,2,9,2,2,1,2,3,2,4,3,4,4,1,752003,0,1,1,1,1,752003,4,4,0,10,0,2,8,0,7,2,4,8,1,1,8,0,8,0,4,10,0,2,9,0,6,9,2,1,1,2,2,4,3,3,0
"0000000749","SWE_2022","Sweden",1.3555,24,0,6,4,0,5,2,1,2,2,752,0,14,2,3,2,2,7,2,2,2,1,3,4,2,3,9,1,1,2,1,2,2,3,9,2,4,1,752003,0,1,1,1,1,752003,5,7,7,9,1,6,7,1,8,7,8,9,1,8,8,1,9,3,9,8,2,5,8,3,7,8,1,1,2,2,2,3,3,2,1
"0000001851","SWE_2022","Sweden",0.7489,91,1,99,1,1,7,2,1,1,9,752,9,5,2,2,5,99,0,3,1,3,1,2,3,3,2,8,2,2,1,2,2,2,1,2,2,2,1,999999,999999,9,9,2,1,999999,3,7,4,4,6,7,4,7,5,9,5,5,6,7,5,7,5,99,5,7,3,6,7,4,6,5,2,0,2,9,2,2,2,2,0
"0000000784","SWE_2022","Sweden",1.1008,50,0,4,1,1,1,1,2,4,2,752,0,3,1,2,5,6,1,2,2,2,1,2,1,1,2,8,3,4,2,2,2,4,9,4,3,5,1,752006,0,1,1,2,1,752005,5,3,8,9,0,0,9,0,3,5,9,8,2,0,10,0,2,3,10,8,0,0,10,0,3,8,4,1,2,3,3,3,2,4,1
"0000001179","SWE_2022","Sweden",0.7712,60,0,8,4,1,5,1,2,4,1,752,0,1,4,3,1,1,1,2,1,2,5,3,3,2,4,10,1,2,1,1,3,2,3,2,2,4,1,752005,0,2,2,1,1,752005,5,7,0,5,5,8,3,6,7,10,3,2,7,8,0,5,5,3,10,6,0,5,7,2,5,5,1,0,3,2,1,3,1,3,1
"0000002156","SWE_2022","Sweden",1.0469,70,0,6,1,0,7,2,2,3,1,752,0,1,3,2,7,0,4,2,1,1,5,4,5,1,1,6,1,1,3,1,3,3,3,2,2,4,1,752001,1,1,2,1,1,752005,4,99,99,99,99,99,99,99,99,10,0,10,2,10,4,3,7,4,10,8,2,6,6,5,5,4,2,1,2,3,2,1,1,2,1
"0000001105","SWE_2022","Sweden",1.1008,64,0,3,3,0,7,2,2,2,1,752,0,23,2,3,4,7,0,2,1,2,2,3,2,2,2,8,3,2,3,1,3,9,9,2,2,3,1,752003,0,2,1,2,1,752003,3,8,9,9,7,5,7,0,6,8,9,9,7,5,7,0,6,0,10,10,0,5,8,5,10,8,2,0,9,2,2,3,3,3,1
"0000000125","SWE_2022","Sweden",0.91,43,0,6,1,1,1,1,1,5,1,752,0,12,3,2,0,7,7,2,1,9,5,4,5,2,5,8,2,2,2,2,2,2,3,2,2,5,1,752001,1,2,2,2,1,752003,4,9,5,8,0,4,6,3,6,9,6,7,6,7,7,6,7,4,6,7,1,6,8,4,6,99,2,0,3,2,2,3,2,2,1
"0000001928","SWE_2022","Sweden",1.1014,90,1,2,2,0,7,2,1,1,2,900,9,19,2,2,6,99,99,2,1,9,9,9,9,9,5,8,2,2,2,1,2,2,9,2,2,4,1,752001,1,1,2,1,1,752001,5,10,99,99,99,99,99,99,99,10,99,99,99,99,99,99,99,5,99,99,99,99,99,99,99,5,2,1,9,3,2,2,2,2,0
"0000001095","SWE_2022","Sweden",1.1901,56,1,4,1,1,1,1,2,4,1,752,0,21,1,2,1,0,1,3,1,1,5,3,5,5,1,7,2,3,4,4,4,3,4,4,1,5,1,752008,0,1,2,1,1,752005,5,5,1,4,0,1,0,0,8,9,0,0,0,0,0,0,10,6,10,10,0,6,10,3,7,7,2,0,2,3,3,3,3,4,0
"0000001281","SWE_2022","Sweden",1.7726,25,1,4,4,1,1,2,1,1,1,752,0,12,2,3,0,0,4,3,2,3,3,3,4,4,1,1,4,4,4,3,4,3,4,4,3,5,1,999999,999999,9,5,4,1,752002,1,2,5,2,0,0,1,0,0,1,2,1,0,0,1,0,0,0,6,8,0,5,8,5,10,5,5,0,9,3,3,3,4,4,1
"0000001302","SWE_2022","Sweden",1.0931,51,1,99,1,9,99,9,9,9,9,752,0,10,9,3,1,7,7,3,9,9,9,9,9,9,9,99,9,9,9,9,9,9,9,9,9,9,99,999999,999999,9,9,9,99,999999,9,99,99,99,99,99,99,99,99,99,99,99,99,99,99,99,99,99,99,99,99,99,99,99,99,99,9,9,9,9,9,9,9,9,9
"0000001183","SWE_2022","Sweden",0.7712,58,0,8,1,1,1,4,2,2,6,901,9,20,2,2,3,99,99,4,2,3,2,4,2,4,2,6,2,2,9,9,9,9,9,2,2,3,1,752005,0,2,2,3,1,752005,5,10,0,4,7,9,5,8,99,10,99,99,7,99,99,8,99,1,10,8,2,2,5,4,5,0,2,0,9,2,3,3,3,3,1
"0000002692","SWE_2022","Sweden",0.7489,76,1,3,2,0,7,1,1,1,1,752,0,14,1,1,7,7,0,2,1,3,2,4,5,5,5,10,2,2,2,3,3,3,4,3,3,2,1,752003,0,2,4,1,1,752001,4,9,5,6,2,0,2,0,0,7,3,5,2,0,5,0,2,2,8,9,0,7,7,5,8,3,1,0,3,4,4,5,3,3,1
"0000002298","SWE_2022","Sweden",1.1014,80,1,2,3,0,7,2,9,1,1,752,0,4,2,2,7,0,0,2,1,9,9,9,5,5,5,9,1,1,1,2,3,1,3,3,2,4,1,752002,0,1,1,1,1,752002,2,5,8,7,5,5,5,5,5,5,9,7,5,5,6,1,4,3,9,8,0,5,5,0,5,7,2,0,3,3,3,3,3,3,1
"0000002393","SWE_2022","Sweden",0.5409,65,0,9,4,0,7,1,2,1,2,752,0,3,4,1,0,6,1,1,1,4,5,5,5,5,4,7,2,3,1,1,3,2,3,2,2,4,1,752007,0,5,5,1,1,752004,4,2,0,0,2,0,0,3,0,1,0,0,1,0,0,1,0,8,10,10,7,10,10,7,9,0,4,0,3,4,2,3,3,3,8
"0000000190","SWE_2022","Sweden",0.91,61,0,4,3,1,1,1,2,3,1,752,0,5,2,2,6,7,3,2,1,1,5,4,5,4,4,8,2,2,1,1,2,2,3,2,2,4,1,752002,0,2,4,1,1,752002,4,5,8,8,1,6,4,0,8,7,5,8,1,4,4,0,7,7,8,8,2,4,8,0,6,8,2,0,2,2,2,3,3,3,0
"0000001960","SWE_2022","Sweden",0.8153,87,1,6,2,0,7,1,1,1,2,900,9,12,3,3,7,0,0,2,1,3,2,3,5,5,5,9,2,2,3,2,2,2,4,2,3,4,1,752003,0,2,2,2,1,752003,3,8,5,8,5,99,7,7,8,10,5,8,99,7,8,4,7,4,10,10,0,5,8,5,5,8,2,0,2,3,1,2,2,3,1
"0000002720","SWE_2022","Sweden",0.7658,64,1,8,1,0,3,4,2,1,1,900,9,1,3,1,6,2,2,2,1,1,4,2,5,4,2,10,1,1,1,2,2,2,3,2,2,4,1,752005,0,1,1,1,1,752007,4,8,0,5,5,9,1,8,5,9,0,5,6,9,1,7,5,4,10,8,1,5,9,5,6,4,2,1,2,2,2,2,2,3,0
"0000000236","SWE_2022","Sweden",0.91,55,0,5,1,1,5,2,2,2,3,901,9,4,2,1,3,7,0,4,2,1,1,4,2,1,5,7,3,3,3,1,4,3,4,2,3,3,1,752004,0,4,4,1,1,752004,1,7,8,7,9,2,0,8,0,4,7,4,8,1,0,5,0,6,7,7,2,6,9,3,8,4,2,0,9,3,1,4,3,3,1
"0000001806","SWE_2022","Sweden",1.346,22,1,4,4,0,6,9,9,1,1,752,1,14,4,3,99,99,7,2,2,1,2,3,5,3,4,9,2,2,2,2,3,2,3,2,3,5,1,752003,0,2,2,1,99,999999,3,8,1,9,5,6,3,0,5,9,0,10,8,5,4,1,2,4,9,8,2,4,7,0,6,6,2,0,2,2,3,4,4,5,1
"0000001845","SWE_2022","Sweden",0.7489,83,1,99,3,9,99,9,9,9,9,752,0,14,9,3,99,99,99,9,9,9,9,9,9,9,9,99,9,9,9,9,9,9,9,9,9,9,99,999999,999999,9,9,9,99,999999,9,99,99,99,99,99,99,99,99,99,99,99,99,99,99,99,99,99,99,99,99,99,99,99,99,99,9,9,9,9,9,9,9,9,9
"0000001647","SWE_2022","Sweden",1.1008,56,0,4,1,1,1,2,2,4,2,900,9,12,4,2,6,7,0,1,1,1,2,2,5,4,2,8,2,2,2,3,3,3,3,2,1,3,1,752001,1,1,2,2,1,752001,4,10,5,8,9,9,6,8,7,10,5,8,8,9,8,10,8,2,10,8,0,5,9,1,6,3,2,1,2,2,2,3,3,3,1
"0000001958","SWE_2022","Sweden",1.0396,80,1,3,2,0,7,9,2,1,1,752,0,14,3,2,99,99,0,2,4,4,4,4,5,5,5,99,3,3,2,1,3,3,3,1,1,2,1,752001,1,1,1,1,1,752001,5,10,10,5,5,0,7,1,1,10,10,5,6,0,7,1,1,99,99,99,99,99,99,99,99,99,1,0,2,2,1,2,2,3,0
"0000000514","SWE_2022","Sweden",0.91,50,0,99,4,9,99,1,9,9,9,752,1,1,3,2,99,99,99,9,9,3,9,3,9,9,9,99,9,9,9,9,9,9,9,9,9,9,99,999999,999999,9,9,9,99,999999,9,99,99,99,99,99,99,99,99,99,99,99,99,99,99,99,99,99,99,99,99,99,99,99,99,99,9,9,9,9,9,9,9,9,9
"0000000853","SWE_2022","Sweden",0.5283,66,0,8,1,1,7,1,2,4,3,752,0,17,2,1,3,7,0,1,1,1,5,5,5,3,2,10,1,2,3,1,3,2,4,3,3,4,1,752006,0,1,2,1,1,752006,5,1,5,8,0,2,10,0,8,3,5,8,0,1,10,0,8,2,5,8,0,3,8,0,6,8,2,1,2,2,2,2,3,3,0
"0000002616","SWE_2022","Sweden",0.7541,76,0,3,1,9,7,2,9,1,1,752,9,1,1,3,0,0,0,3,3,1,3,4,2,3,3,10,2,3,2,2,4,2,4,3,2,5,1,752001,1,2,2,1,1,752001,3,9,8,8,7,7,5,5,6,8,8,8,6,8,6,5,6,4,10,9,1,5,5,4,6,6,2,0,9,2,2,4,4,4,1
"0000002495","SWE_2022","Sweden",0.5283,65,0,8,1,0,7,1,1,2,2,752,0,18,2,2,7,7,0,1,1,1,5,5,5,3,4,10,1,1,1,1,2,2,3,2,2,5,1,752004,0,1,2,1,1,752004,5,7,0,2,8,3,1,6,2,7,1,2,8,2,1,7,2,3,10,9,0,6,9,4,6,2,1,1,2,2,3,3,3,3,1
"0000001388","SWE_2022","Sweden",1.0931,60,1,3,3,0,1,2,1,2,2,752,0,12,2,3,2,0,0,2,1,2,1,3,5,4,3,10,3,3,3,2,3,3,3,4,4,3,1,752002,0,1,2,1,1,752002,3,0,10,7,2,0,0,0,0,0,10,2,0,0,5,0,0,0,10,10,0,10,10,5,10,10,2,0,9,3,1,3,3,3,1
"0000002627","SWE_2022","Sweden",0.7489,69,1,4,1,9,7,2,1,1,1,900,9,14,3,2,5,7,7,3,1,3,2,2,5,3,1,9,2,2,2,2,3,2,3,2,2,4,1,752001,1,4,4,2,1,752001,4,9,0,5,0,10,5,9,5,10,0,5,1,10,5,9,4,4,10,7,0,6,6,5,5,5,2,1,2,3,2,3,2,3,0
"0000000705","SWE_2022","Sweden",0.7712,56,0,8,1,1,1,4,2,2,4,752,0,1,3,1,7,0,0,1,1,1,5,3,5,2,4,99,1,1,1,2,2,2,3,3,2,2,1,752006,0,1,1,1,1,752006,5,3,0,8,0,8,10,1,7,8,1,8,1,8,10,3,8,2,10,9,99,7,7,1,6,8,1,1,1,1,1,2,3,3,1
"0000001600","SWE_2022","Sweden",1.1984,47,0,4,3,1,5,2,2,3,3,901,9,14,2,3,7,5,0,2,1,1,3,4,5,3,1,8,2,2,3,1,3,2,3,3,3,1,1,752001,1,1,2,1,1,752001,4,10,0,2,7,7,6,3,6,9,1,2,5,8,7,4,5,3,10,8,2,5,8,2,6,3,1,1,1,2,1,3,2,4,1
"0000000880","SWE_2022","Sweden",1.1008,48,0,6,3,1,1,1,2,4,1,752,0,25,2,2,7,7,7,2,1,1,2,3,3,3,3,8,2,2,2,2,3,2,3,3,2,4,1,752001,1,2,2,2,1,752001,5,7,3,5,5,5,4,3,5,8,3,5,3,6,5,3,6,1,8,7,0,3,8,1,2,3,2,0,2,2,2,4,3,4,1
"0000001165","SWE_2022","Sweden",1.275,36,0,5,4,1,1,2,2,4,1,752,0,13,1,2,2,4,0,3,1,1,3,2,5,1,5,6,2,2,2,1,3,1,4,3,2,4,1,752002,0,1,1,2,1,752001,2,8,9,3,3,5,5,9,3,7,8,5,5,7,5,5,5,3,7,7,1,5,6,5,5,6,2,0,2,3,2,4,4,3,1
"0000002039","SWE_2022","Sweden",0.7541,70,0,4,1,1,7,2,1,2,1,900,9,14,1,3,6,3,6,9,3,3,4,2,4,5,1,5,3,2,3,2,3,3,3,2,2,3,1,752001,1,2,2,2,1,752001,5,10,0,6,8,8,3,9,6,10,0,6,8,8,2,9,7,0,10,8,1,3,9,2,5,0,2,1,2,2,2,3,2,3,0
"0000000322","SWE_2022","Sweden",1.073,40,1,8,1,1,2,2,2,4,2,752,0,7,1,2,3,0,7,1,1,1,5,5,5,3,3,7,2,2,3,1,2,2,3,1,1,4,1,752001,1,1,1,3,1,752001,5,9,0,0,6,9,0,6,0,10,0,3,3,10,4,4,99,3,10,10,1,7,9,4,9,4,2,1,2,3,3,4,3,2,1
"0000002310","SWE_2022","Sweden",1.0396,85,1,4,1,0,7,1,1,2,2,752,9,10,2,2,7,0,0,3,1,5,1,3,9,9,1,10,2,2,2,2,2,2,2,2,2,4,1,752003,0,1,1,1,1,752006,5,8,10,10,0,0,9,0,8,10,10,10,2,0,10,0,10,1,10,10,0,2,8,0,7,10,1,1,2,1,1,3,3,3,0
"0000000279","SWE_2022","Sweden",1.1407,22,1,99,4,9,99,9,9,9,9,752,1,12,9,4,2,99,99,3,3,9,9,9,4,3,4,8,3,2,9,9,9,9,9,3,3,9,1,752003,0,2,2,9,99,999999,9,99,99,99,99,99,99,99,99,99,99,99,99,99,99,99,99,99,99,99,99,99,99,99,99,99,9,9,9,9,9,9,9,9,9
"0000001883","SWE_2022","Sweden",0.7489,75,1,5,2,0,7,1,1,1,1,752,9,19,1,2,3,4,5,2,1,3,1,1,2,2,2,6,2,2,3,1,2,2,3,2,2,5,1,752001,1,2,2,4,1,752001,3,10,5,9,7,9,5,9,9,9,7,9,6,10,5,6,9,5,4,10,0,4,4,6,5,3,2,0,2,3,2,2,3,4,1
"0000002051","SWE_2022","Sweden",1.1092,83,0,2,1,1,7,2,2,2,3,752,0,21,2,2,7,2,0,2,2,1,2,3,5,5,1,8,2,2,3,9,3,2,4,3,2,4,1,752001,1,2,2,1,1,752001,5,10,8,2,7,2,5,5,5,10,9,2,7,2,5,5,5,5,9,10,3,5,7,0,8,4,2,1,2,2,2,4,3,2,0
"0000001508","SWE_2022","Sweden",1.1008,64,0,4,1,0,7,4,9,3,1,752,0,14,1,3,7,0,0,2,1,1,4,5,5,5,4,9,2,2,1,2,2,2,3,2,2,2,1,752008,0,2,2,2,1,752008,5,3,0,9,1,5,7,1,9,8,0,9,1,5,7,0,8,3,10,9,1,4,9,1,8,7,2,0,2,2,2,3,3,3,1
"0000002686","SWE_2022","Sweden",0.5409,70,0,9,4,0,7,1,2,1,3,752,0,14,3,3,0,7,0,5,2,3,4,3,5,5,2,4,2,3,2,3,3,3,4,2,3,5,0,999999,999999,9,2,2,0,999999,4,4,0,0,0,5,3,3,2,5,5,5,5,5,5,5,5,2,9,9,1,5,8,2,7,5,5,0,2,3,3,3,3,3,8
"0000000757","SWE_2022","Sweden",1.0469,65,0,3,1,1,7,2,2,2,1,752,0,4,1,1,7,0,0,1,1,1,5,5,5,5,5,8,1,1,3,2,3,2,4,2,1,4,1,752001,1,1,1,2,1,752001,5,10,0,0,10,7,0,10,4,10,0,0,5,7,0,10,4,0,10,10,0,3,10,1,8,0,9,1,1,3,3,3,3,3,0
"0000000426","SWE_2022","Sweden",1.073,32,1,8,4,1,1,1,1,4,2,752,0,12,2,3,2,3,7,4,3,2,4,1,3,3,3,5,2,3,3,2,3,2,3,3,2,5,1,752008,0,2,1,2,1,752008,4,5,8,6,1,6,5,1,10,8,9,6,1,6,8,1,10,0,10,10,0,0,10,0,10,8,2,0,3,3,2,4,3,5,1
"0000001126","SWE_2022","Sweden",2.1412,37,0,2,4,0,5,2,2,3,1,752,0,12,2,3,0,7,7,3,2,2,2,3,4,1,1,3,3,3,4,2,3,4,3,4,3,5,0,999999,999999,9,2,3,99,999999,1,0,9,8,0,0,9,0,5,0,9,8,5,0,10,0,0,0,10,7,0,0,8,0,3,8,4,0,9,2,4,3,3,1,1
"0000001486","SWE_2022","Sweden",0.821,75,0,6,3,1,7,1,2,2,1,752,0,1,3,3,99,99,99,2,1,2,4,3,4,2,3,8,3,3,2,2,3,2,3,2,2,3,1,752008,0,4,2,1,1,752003,3,2,7,7,1,2,3,0,4,4,9,8,0,1,0,1,6,3,8,9,0,4,7,1,7,7,2,0,9,2,1,3,2,3,0
"0000000487","SWE_2022","Sweden",1.2661,30,1,8,1,1,1,9,1,2,3,752,0,14,2,2,6,3,7,1,1,5,4,3,4,2,2,8,2,2,2,2,2,2,3,2,2,4,1,752001,1,1,1,1,1,752001,5,9,1,7,7,3,7,7,6,9,6,4,7,3,6,8,7,2,10,6,0,5,8,1,6,2,1,0,2,3,3,2,2,3,1
"0000002584","SWE_2022","Sweden",1.0469,65,0,3,3,0,7,4,2,2,1,752,0,14,1,3,5,1,0,2,1,1,2,1,1,1,1,7,3,3,3,2,3,2,3,4,2,4,1,752002,0,2,1,1,1,752002,3,1,10,9,0,0,9,0,2,1,10,9,2,0,9,0,3,1,9,10,0,2,10,0,6,9,2,1,2,2,2,2,2,3,8
"0000001330","SWE_2022","Sweden",0.5247,66,1,6,1,0,1,2,1,5,1,752,0,14,2,2,99,99,99,2,2,9,9,9,9,9,1,10,3,3,4,2,3,3,3,4,4,4,1,752002,0,2,2,2,1,752003,2,5,10,8,7,0,7,0,0,6,9,9,3,0,8,0,1,5,8,10,0,0,8,0,5,99,2,0,3,2,1,4,3,4,0
"0000002216","SWE_2022","Sweden",0.5283,77,0,8,1,0,7,1,2,5,1,752,0,19,2,2,3,3,0,2,1,1,2,3,2,2,5,8,3,2,1,1,2,2,9,3,3,4,1,999999,999999,9,2,1,99,999999,9,99,99,99,99,99,99,99,99,99,99,99,99,99,99,99,99,3,9,8,0,4,4,1,5,6,2,0,2,3,3,3,3,3,1
"0000001184","SWE_2022","Sweden",1.1901,63,1,6,1,1,7,2,2,4,3,752,0,14,1,2,7,0,3,2,1,1,1,3,4,4,4,10,2,2,2,1,2,2,2,2,2,4,1,752006,0,1,1,9,1,752001,3,6,7,4,3,5,8,2,4,6,8,3,2,7,8,2,4,99,99,99,99,99,99,99,99,99,9,9,9,3,4,9,9,9,9
"0000002014","SWE_2022","Sweden",1.0396,89,1,3,1,0,7,1,2,3,1,752,9,19,2,9,7,5,7,3,1,1,1,9,9,9,9,9,9,2,2,2,3,3,3,2,2,4,1,752003,0,2,2,1,99,752003,5,9,5,10,2,8,8,6,7,9,6,10,3,7,8,5,7,9,99,10,0,7,8,3,8,10,2,0,1,2,3,2,3,3,0
"0000001763","SWE_2022","Sweden",1.3555,21,0,4,4,0,6,2,2,1,2,901,1,14,2,2,1,2,6,2,4,2,4,3,5,2,2,8,2,3,3,2,3,3,3,3,2,5,1,752004,0,4,4,2,99,999999,4,8,1,7,8,8,2,5,5,7,6,8,9,9,4,5,8,4,10,7,2,5,8,3,6,7,2,0,9,3,2,4,3,4,0
"0000001190","SWE_2022","Sweden",1.6791,33,0,4,4,9,10,2,1,3,1,752,0,25,2,3,0,4,7,3,1,1,5,5,4,3,5,9,2,2,2,1,3,1,3,2,2,4,1,752001,1,2,1,1,1,999999,3,9,0,7,5,5,2,6,5,9,0,5,8,7,6,5,5,1,9,9,0,5,8,2,8,2,2,0,9,2,2,3,3,2,1
"0000000683","SWE_2022","Sweden",1.073,27,1,8,4,0,1,1,2,5,1,752,0,1,4,3,0,0,7,2,1,3,5,3,5,5,5,9,1,1,1,1,1,1,1,3,2,4,1,752003,0,1,1,2,1,752003,3,4,7,10,2,5,7,1,7,10,7,10,5,5,7,5,5,3,10,8,0,4,7,0,7,7,1,1,2,2,2,3,3,3,1
"0000002540","SWE_2022","Sweden",0.5247,83,1,6,1,0,7,9,1,2,3,752,0,24,1,2,7,0,7,2,1,1,3,3,5,5,5,8,2,3,2,2,3,2,3,3,3,4,1,752003,0,1,1,1,1,752003,4,1,5,10,1,3,8,0,6,2,6,9,3,3,8,0,7,1,10,9,0,4,8,0,6,99,2,1,2,2,4,2,3,3,0
"0000000434","SWE_2022","Sweden",1.275,31,0,7,4,0,5,1,1,5,3,752,1,1,2,2,0,3,3,1,1,3,4,3,2,2,1,10,1,3,1,2,3,2,3,3,2,3,1,752005,0,2,2,2,0,999999,3,4,8,8,8,8,6,0,4,5,8,0,5,0,6,0,5,6,9,8,2,2,8,2,8,5,2,0,1,4,2,4,2,1,1
"0000000200","SWE_2022","Sweden",1.1901,61,1,6,3,1,1,1,2,4,1,752,0,1,3,3,5,0,0,9,1,1,5,5,5,3,2,8,2,2,1,2,3,2,4,2,2,5,1,752002,0,1,1,1,1,752002,2,1,10,9,0,5,4,1,4,1,10,8,0,5,7,0,3,4,10,10,0,4,6,0,6,10,2,1,1,3,4,3,3,3,1
"0000002544","SWE_2022","Sweden",0.7658,63,1,8,4,0,7,1,1,9,4,752,0,5,2,3,4,0,7,3,1,3,5,5,5,4,4,8,2,2,2,2,3,3,4,2,2,3,1,999999,999999,9,2,1,1,999999,3,5,0,5,5,5,1,5,5,8,0,1,8,8,0,7,2,2,10,9,1,4,9,2,99,99,2,0,9,2,2,3,3,3,8
"0000000098","SWE_2022","Sweden",0.91,44,0,6,1,0,1,1,2,5,1,752,0,14,2,2,5,99,99,2,2,2,1,3,2,2,3,9,1,2,1,1,2,1,3,3,2,2,1,752003,0,1,1,1,1,752003,5,3,6,10,0,3,8,2,6,4,8,9,1,3,6,3,6,3,6,8,1,3,6,2,6,8,1,0,2,2,3,4,3,3,1
"0000002269","SWE_2022","Sweden",0.7541,74,0,5,1,0,7,9,1,1,3,752,0,8,1,3,99,99,99,3,2,4,1,3,4,2,3,5,2,3,3,2,4,3,3,2,3,4,1,752001,1,2,2,1,1,752001,3,99,99,99,99,99,99,99,99,99,99,99,99,99,99,99,99,99,99,99,99,99,99,99,99,99,2,0,3,2,1,2,9,3,0
"0000001681","SWE_2022","Sweden",1.275,28,0,5,4,1,1,2,2,2,2,752,1,14,2,2,1,6,6,2,1,1,3,3,3,3,3,8,3,3,3,3,3,3,2,3,2,4,1,999999,999999,9,4,2,1,999999,5,5,7,7,2,2,7,0,3,7,7,5,3,0,7,0,7,3,6,9,0,3,9,0,6,7,2,0,9,2,3,4,4,4,1
"0000002019","SWE_2022","Sweden",0.7489,68,1,3,3,0,7,2,1,2,3,752,0,24,1,2,7,7,7,2,1,1,2,2,9,9,2,7,2,3,2,2,3,3,3,3,2,3,1,752001,1,2,2,2,1,752001,4,10,0,2,2,2,6,9,2,10,1,9,3,0,3,0,3,2,10,6,5,1,7,2,6,3,2,1,1,3,3,2,3,3,1
"0000001254","SWE_2022","Sweden",1.073,39,1,7,1,0,2,2,2,4,2,752,0,25,2,3,5,1,5,1,1,2,4,3,5,5,5,9,2,2,3,2,2,2,3,2,3,4,1,752001,1,1,1,1,1,752001,5,10,0,9,5,9,6,6,6,10,0,9,5,10,8,5,5,5,10,8,0,3,8,2,7,5,1,1,1,3,1,5,3,3,1
"0000001544","SWE_2022","Sweden",1.1984,44,0,8,1,0,1,1,1,5,1,752,0,5,4,3,5,4,5,1,1,3,5,5,5,5,5,7,2,2,2,3,2,2,4,2,2,5,1,752002,0,1,1,1,1,752002,5,6,10,10,0,0,10,0,0,10,10,10,2,0,7,5,3,3,10,8,0,3,10,0,4,10,2,1,2,3,2,3,3,3,1
"0000000029","SWE_2022","Sweden",1.5316,40,1,6,1,1,1,9,2,4,1,752,0,10,1,1,2,3,5,1,1,2,4,1,2,2,4,7,2,3,3,2,3,2,4,3,1,5,1,752008,0,4,5,2,1,752003,3,7,2,5,7,3,2,0,5,8,5,5,8,4,6,1,5,5,8,7,2,3,8,2,7,5,4,0,2,3,4,2,3,9,1
"0000000464","SWE_2022","Sweden",0.7658,53,1,7,4,1,2,2,1,5,1,752,0,12,3,2,0,7,0,2,1,3,3,1,5,5,2,8,2,3,3,2,3,3,4,3,3,5,1,999999,999999,9,2,1,1,999999,4,8,9,8,2,3,7,2,2,7,10,9,7,0,8,0,5,3,8,10,2,5,8,2,7,8,2,1,2,2,3,2,3,3,1
"0000002012","SWE_2022","Sweden",0.5283,73,0,6,1,0,7,1,1,2,2,752,1,14,3,2,7,7,0,1,1,3,4,3,5,5,3,9,1,1,1,2,3,2,4,2,1,4,1,752004,0,2,2,1,1,752004,4,8,0,1,9,2,1,6,3,9,0,0,10,2,1,6,4,2,10,10,0,5,10,3,4,1,1,0,2,3,3,2,2,2,0
"0000001018","SWE_2022","Sweden",1.073,39,1,8,1,1,1,1,2,9,1,900,9,19,1,3,0,7,7,2,1,3,3,2,5,5,2,9,2,2,2,2,3,2,3,2,1,4,1,752002,0,2,2,1,1,752002,4,6,9,6,5,5,6,6,5,6,8,6,5,5,7,5,4,3,9,5,0,5,6,5,4,9,1,0,3,2,2,4,1,3,1
"0000001267","SWE_2022","Sweden",1.1901,42,1,4,3,1,5,2,1,1,3,901,1,1,2,4,0,1,7,4,4,4,4,4,4,4,4,5,1,1,1,1,1,1,1,2,2,2,1,752006,0,1,1,1,1,752001,5,8,0,6,7,6,10,6,7,8,0,6,7,6,10,7,7,5,5,5,5,5,5,5,5,5,2,0,9,2,1,2,2,2,1
"0000002682","SWE_2022","Sweden",1.1092,83,0,2,1,9,7,2,1,1,9,752,0,14,1,2,7,7,7,2,1,9,1,3,5,5,4,8,2,2,3,3,3,3,3,2,2,4,1,752001,1,1,2,1,99,752001,5,10,0,0,10,0,0,2,0,10,0,0,10,0,0,2,0,0,10,10,0,10,10,2,10,0,2,1,1,2,2,3,2,3,0
"0000002315","SWE_2022","Sweden",1.3555,21,0,6,4,0,6,9,9,1,1,752,0,3,4,4,2,5,5,3,2,3,5,5,5,2,2,8,3,4,3,1,4,2,4,3,1,3,1,752004,0,2,4,1,0,999999,3,3,0,0,5,2,0,2,2,6,0,0,7,0,0,2,5,4,7,6,2,5,7,4,5,2,4,0,3,3,2,4,3,3,1
"0000002252","SWE_2022","Sweden",0.5247,81,1,99,1,9,7,9,1,5,9,900,9,1,3,1,7,0,0,1,1,1,4,2,5,2,5,9,1,3,1,2,3,2,4,3,2,4,1,999999,999999,9,1,2,1,752003,5,2,3,10,0,3,10,0,5,4,5,9,0,0,10,0,5,1,5,10,0,3,10,0,5,8,2,1,2,2,3,2,2,3,1
"0000002317","SWE_2022","Sweden",0.7489,87,1,2,2,0,7,1,2,1,4,752,0,14,1,3,7,4,7,3,1,1,1,1,9,9,3,7,1,1,1,2,2,2,3,2,2,3,1,752003,0,1,2,1,1,752003,5,7,9,10,4,7,7,5,7,8,8,9,2,7,6,0,6,2,9,10,0,4,6,0,5,9,2,0,3,2,2,3,3,3,0
"0000001583","SWE_2022","Sweden",1.275,32,0,5,1,1,1,2,2,2,2,752,0,1,3,2,3,0,6,2,1,2,2,3,5,4,2,7,2,2,2,1,2,1,3,9,2,5,1,752008,0,2,2,2,1,752006,4,6,6,7,5,4,8,3,8,2,8,9,8,3,8,1,8,7,5,7,3,8,7,4,7,6,2,0,9,3,3,2,3,3,1
"0000002570","SWE_2022","Sweden",0.5247,85,1,8,4,0,7,9,1,1,4,752,0,1,3,2,7,0,0,3,3,3,4,5,3,3,3,7,2,2,2,2,3,3,3,2,3,2,0,999999,999999,9,9,3,0,999999,3,8,5,3,6,7,6,6,6,9,5,5,6,8,5,10,6,99,99,99,99,99,99,99,99,5,2,0,2,2,2,2,3,3,0
"0000000058","SWE_2022","Sweden",1.073,33,1,8,1,1,1,1,2,5,1,752,0,14,1,2,1,0,7,2,2,1,5,5,5,2,2,8,2,2,1,1,3,2,3,2,1,4,1,752001,1,1,2,2,1,752007,5,10,0,4,2,7,3,8,1,10,0,1,99,10,1,3,1,3,7,8,0,5,9,2,10,5,2,1,3,3,3,2,3,3,1
"0000000666","SWE_2022","Sweden",0.6234,66,0,4,1,1,1,1,2,4,1,752,0,1,3,1,7,5,3,1,1,1,5,5,5,4,5,9,2,2,2,1,2,1,3,2,1,2,1,752006,0,4,2,1,1,752006,4,9,2,8,1,8,8,7,5,10,8,7,2,9,9,7,7,99,8,9,1,7,7,2,7,99,2,0,9,2,1,3,3,3,1
"0000000123","SWE_2022","Sweden",0.7658,46,1,8,1,1,1,1,1,5,2,752,0,1,3,1,7,7,7,1,1,1,4,5,5,5,5,7,2,2,2,2,2,2,3,2,2,3,1,752005,0,2,1,1,1,752005,5,7,0,5,0,8,1,5,8,10,0,1,2,10,2,7,5,3,10,9,0,5,10,3,5,5,2,1,2,3,2,2,3,2,1
"0000000352","SWE_2022","Sweden",0.7841,61,1,9,3,1,1,1,1,9,9,752,0,1,4,1,7,7,7,2,1,1,5,5,5,5,5,10,1,3,1,1,3,1,3,2,1,4,1,999999,999999,9,1,1,1,999999,5,5,5,5,5,5,5,5,5,5,5,5,5,5,5,5,5,5,10,7,1,6,8,1,7,6,1,0,9,3,2,3,3,3,7
"0000000045","SWE_2022","Sweden",0.91,56,0,7,1,1,1,1,2,5,1,901,1,1,3,2,6,5,7,1,2,1,1,1,4,2,2,8,2,2,3,1,2,3,3,4,4,4,1,752004,0,2,4,4,1,752004,3,6,9,4,8,1,7,2,5,6,9,5,9,4,9,5,6,5,10,8,4,6,9,3,5,8,4,1,1,3,3,3,5,2,8
"0000002338","SWE_2022","Sweden",1.0396,68,1,3,1,1,7,2,1,3,1,752,0,20,2,3,0,0,0,2,2,2,3,3,5,5,5,5,2,2,3,3,2,4,4,3,3,4,99,999999,999999,9,2,3,1,999999,3,6,6,5,2,4,6,0,4,8,6,8,0,5,4,0,0,2,10,10,0,5,9,1,5,99,2,0,3,2,3,3,3,3,1
"0000001034","SWE_2022","Sweden",0.9037,63,1,8,3,1,2,1,2,1,1,752,0,14,3,2,5,7,5,2,1,9,5,5,5,5,5,8,1,1,1,1,2,1,3,2,2,5,1,752004,0,1,9,2,1,752004,5,10,0,1,10,2,0,8,1,10,0,1,10,3,0,9,0,2,10,10,0,8,10,4,8,2,2,1,2,4,4,2,3,3,1
"0000000081","SWE_2022","Sweden",0.7712,64,0,7,1,0,1,1,2,4,3,752,0,1,3,2,5,4,0,1,1,2,2,2,5,4,4,9,2,2,2,2,3,2,4,3,2,2,1,752008,0,2,4,1,1,752005,5,6,0,8,5,9,8,5,9,8,0,7,7,8,7,4,8,5,10,8,3,7,8,3,7,7,2,0,3,2,2,2,2,4,1
"0000000821","SWE_2022","Sweden",1.1901,56,1,4,1,9,2,1,2,5,3,752,0,12,1,3,5,3,7,2,1,3,4,3,4,4,5,6,2,2,2,1,3,3,4,2,2,3,1,752003,0,1,1,1,1,752003,4,7,5,9,0,0,5,0,5,7,7,9,1,0,5,0,5,5,8,9,0,3,7,2,7,8,2,0,2,2,2,4,2,3,0
"0000001862","SWE_2022","Sweden",1.1092,71,0,99,3,0,99,9,9,9,9,901,9,19,9,2,1,1,0,1,1,9,9,9,1,9,9,1,2,9,9,9,9,9,9,9,9,9,1,999992,0,2,2,3,0,999999,2,99,99,99,0,99,99,99,99,99,99,99,99,99,99,99,99,99,99,99,0,99,99,99,99,99,2,9,2,2,2,2,9,9,0
"0000001036","SWE_2022","Sweden",1.1901,57,1,5,3,1,1,1,2,2,2,752,0,12,2,3,0,4,0,2,1,2,4,3,5,2,2,2,2,3,3,2,3,4,4,3,3,5,1,752002,0,1,2,1,1,999999,3,4,8,7,5,5,5,4,10,5,9,5,5,5,5,5,5,99,99,99,99,99,99,99,99,99,4,1,1,3,4,4,3,3,1
"0000001167","SWE_2022","Sweden",1.6791,34,0,5,4,0,5,2,2,4,1,752,0,19,4,2,0,5,2,2,1,1,3,3,3,3,3,9,2,4,2,2,2,3,4,4,3,5,1,752003,0,1,1,2,1,752003,4,5,5,9,4,1,99,0,99,1,5,8,6,0,9,0,7,1,6,9,1,1,9,3,5,8,4,0,3,2,2,4,3,4,1
"0000000779","SWE_2022","Sweden",1.1008,63,0,6,1,1,1,1,2,4,1,752,0,20,2,1,7,0,0,1,1,5,1,3,5,5,3,8,2,2,2,1,2,2,4,2,2,3,1,752002,0,1,1,1,1,752002,4,8,10,9,4,4,9,0,5,9,9,8,2,2,9,0,5,6,9,9,2,5,9,4,7,8,2,1,1,3,2,3,3,3,1
"0000002080","SWE_2022","Sweden",0.7489,73,1,3,2,0,7,2,2,2,1,752,0,17,2,2,99,99,7,2,1,2,2,3,2,2,2,7,2,2,3,1,3,2,2,2,1,3,1,752001,1,1,2,2,1,752001,5,10,0,0,0,7,0,9,5,10,0,0,0,9,0,8,0,3,10,10,4,4,10,4,9,3,2,0,2,3,3,1,1,3,1
"0000002325","SWE_2022","Sweden",0.6234,79,0,6,1,1,7,1,1,3,2,752,0,23,2,2,7,0,0,2,1,2,3,5,5,4,2,8,2,2,2,2,2,2,2,2,2,4,1,752001,1,1,1,1,1,752001,5,9,3,8,8,7,5,8,7,10,7,8,8,8,6,7,6,2,10,8,1,5,8,3,5,2,2,1,2,2,1,2,2,3,1
"0000000175","SWE_2022","Sweden",1.073,33,1,8,4,1,1,1,2,5,1,752,0,5,1,3,1,0,7,2,2,2,4,3,4,2,4,9,2,2,2,2,2,2,3,2,2,2,1,752008,0,2,2,2,1,752001,3,7,0,8,1,4,5,1,8,6,2,7,3,5,6,5,5,3,9,8,0,4,7,4,6,5,2,0,9,2,2,2,3,3,1
"0000002459","SWE_2022","Sweden",0.5283,75,0,8,1,1,7,1,2,5,1,752,0,1,3,2,7,7,0,9,1,3,5,5,5,5,5,9,1,2,1,2,2,1,3,2,1,4,1,752008,0,2,2,1,1,752008,5,10,0,5,3,10,1,4,6,10,0,4,2,10,0,5,7,5,8,9,0,6,10,3,7,7,1,0,2,3,2,3,3,3,1
"0000001504","SWE_2022","Sweden",0.7541,75,0,3,1,0,7,4,2,9,1,752,9,12,1,2,1,1,0,3,1,1,2,1,9,9,1,10,2,2,2,2,2,2,3,2,2,3,1,752001,1,2,2,1,1,752001,2,10,99,99,99,99,99,99,99,10,99,99,99,99,99,99,99,5,99,99,99,99,99,99,99,99,2,0,2,2,2,3,2,3,0
"0000002062","SWE_2022","Sweden",1.0469,76,0,3,3,0,7,1,2,4,3,752,0,14,2,2,5,0,2,3,1,2,2,2,3,4,2,7,2,2,2,2,3,2,3,2,2,4,1,752001,1,2,2,1,1,752001,4,9,8,8,9,8,7,7,6,9,8,7,9,8,7,7,6,1,7,9,1,6,8,3,5,2,2,1,3,2,2,3,2,2,0
"0000002241","SWE_2022","Sweden",0.7541,71,0,2,1,9,7,2,1,9,1,752,0,10,2,2,2,0,0,2,5,1,5,5,5,5,1,5,2,2,2,2,4,2,4,2,3,5,1,752001,1,5,5,3,1,752001,1,8,99,99,99,99,99,99,99,10,99,99,99,99,99,99,99,99,99,99,99,99,99,99,99,99,2,1,1,3,3,3,3,2,1
"0000001398","SWE_2022","Sweden",1.0469,91,0,3,1,1,7,1,2,1,6,752,9,8,2,2,5,0,0,2,1,4,5,4,5,5,4,10,1,2,2,3,2,3,4,1,1,4,1,752001,1,1,2,1,1,752001,4,10,0,1,8,8,2,6,1,10,1,1,7,9,1,7,1,3,10,10,0,5,10,6,8,3,1,1,1,2,2,3,2,3,1
"0000001316","SWE_2022","Sweden",1.6674,32,1,5,4,1,1,9,1,9,1,752,0,4,2,1,3,99,99,2,1,9,9,9,1,3,9,7,2,2,2,1,2,3,3,4,3,5,1,752002,0,1,1,1,1,752002,5,0,10,9,0,3,8,0,7,3,10,8,0,8,9,4,3,4,10,10,0,3,10,2,7,6,2,1,2,3,2,4,3,5,1
"0000001443","SWE_2022","Sweden",0.6191,74,1,5,1,0,7,1,1,2,1,752,0,14,1,2,7,4,0,1,1,1,1,3,5,1,2,8,3,3,3,2,3,2,4,3,2,5,1,999999,999999,9,4,1,1,999999,3,3,5,5,0,5,5,0,5,7,5,5,2,2,7,0,5,3,7,8,0,3,7,0,5,5,2,0,3,2,3,3,9,3,0
"0000001616","SWE_2022","Sweden",1.1984,48,0,99,1,0,1,1,1,4,9,752,0,6,1,3,7,7,3,2,1,2,2,3,2,4,4,8,1,1,2,2,2,2,2,2,2,4,1,752005,0,2,2,1,1,752001,4,9,1,6,3,9,3,5,3,9,2,4,2,9,3,6,3,1,9,10,0,4,8,5,7,3,2,0,3,2,1,2,2,3,1
"0000001062","SWE_2022","Sweden",1.6791,33,0,4,1,0,1,1,2,5,1,752,0,1,4,2,3,7,7,1,1,3,1,3,5,5,3,9,2,2,2,2,2,3,4,2,1,3,1,752007,0,1,2,2,1,752007,4,8,0,2,5,5,1,9,5,10,1,0,6,5,1,7,3,4,8,9,0,6,10,5,7,5,2,0,2,2,2,4,3,2,1
"0000001323","SWE_2022","Sweden",0.7489,67,1,3,3,0,7,2,1,3,1,752,0,25,2,2,4,99,3,3,1,1,2,3,3,4,5,6,2,2,3,2,3,3,3,3,2,4,1,752002,0,2,2,2,1,752001,3,2,9,8,2,1,7,2,4,2,9,8,2,2,7,1,5,0,10,8,0,1,10,1,9,99,2,0,9,2,3,2,2,2,0
"0000002703","SWE_2022","Sweden",0.5283,82,0,7,1,9,7,1,1,2,1,752,0,1,3,2,7,0,0,1,1,1,5,4,5,5,5,9,2,2,1,2,3,2,4,2,2,3,1,752001,1,1,1,1,1,752001,4,99,0,2,4,7,2,9,6,10,0,0,3,99,2,10,6,1,10,9,0,4,9,2,4,3,2,1,2,2,3,4,3,3,0
"0000001436","SWE_2022","Sweden",0.91,41,0,5,4,1,5,2,2,2,1,752,0,24,2,3,3,1,7,4,1,2,4,1,5,5,4,9,2,2,1,3,3,3,3,2,2,3,1,999999,999999,9,2,1,1,999999,4,5,5,5,5,5,5,1,5,5,5,5,1,5,5,1,2,3,9,8,0,5,4,3,4,99,2,0,3,2,1,3,2,3,1
"0000000119","SWE_2022","Sweden",0.7658,55,1,8,1,1,1,1,2,5,1,900,1,3,2,2,7,7,99,1,1,2,5,3,5,5,5,10,2,1,1,1,2,3,4,1,1,4,1,752001,1,1,1,1,1,752005,4,8,0,0,1,10,0,5,0,10,0,0,2,10,0,4,2,6,10,10,1,6,10,6,9,7,2,0,3,3,2,3,3,2,1
"0000002479","SWE_2022","Sweden",0.8153,83,1,4,1,0,7,4,2,2,1,752,0,19,9,1,5,0,0,2,1,1,3,9,5,5,1,10,2,2,2,1,2,3,4,4,3,1,1,752003,0,1,1,2,1,752003,5,5,6,10,0,0,9,0,7,7,8,10,0,0,10,0,9,2,7,10,0,4,10,0,7,8,2,1,2,2,3,2,2,3,0
"0000001092","SWE_2022","Sweden",0.91,58,0,99,1,9,99,9,9,9,9,901,9,1,9,4,99,99,99,9,9,9,9,9,9,9,9,99,9,9,9,9,9,9,9,9,9,9,99,999999,999999,9,9,9,99,999999,9,99,99,99,99,99,99,99,99,99,99,99,99,99,99,99,99,99,99,99,99,99,99,99,99,99,9,9,9,9,9,9,9,9,9
"0000000763","SWE_2022","Sweden",1.1008,58,0,5,1,1,1,2,1,4,2,752,0,12,2,2,5,5,0,1,1,2,3,2,2,1,3,3,3,3,3,2,3,4,4,3,2,4,1,999999,999999,9,4,2,1,752003,3,5,9,9,1,0,5,0,5,5,10,8,2,0,8,0,99,4,8,8,2,1,7,0,6,8,4,1,2,3,3,3,2,3,1
"0000001296","SWE_2022","Sweden",0.9037,55,1,6,4,0,2,2,2,2,1,752,0,3,2,2,7,7,7,1,1,3,5,5,5,3,2,10,2,2,3,2,2,2,3,2,2,4,1,752004,0,2,2,1,1,752001,3,10,5,2,10,2,1,1,4,10,5,2,10,5,2,2,5,3,6,9,0,5,9,3,8,2,2,1,2,3,2,2,3,3,8
"0000001768","SWE_2022","Sweden",0.9037,55,1,4,1,1,10,2,2,1,3,752,0,9,2,2,0,99,99,2,1,2,5,5,5,5,3,5,2,3,3,1,3,1,3,2,4,4,1,752004,0,2,2,2,99,999999,5,7,0,0,9,4,0,99,3,8,0,1,7,7,0,6,1,99,10,9,0,99,10,2,8,1,4,1,2,3,3,4,4,5,1
"0000001920","SWE_2022","Sweden",0.7489,71,1,3,2,0,7,1,1,1,1,752,0,20,2,2,3,4,3,3,1,5,2,4,5,5,4,9,2,1,2,2,2,2,3,1,1,4,1,752001,1,9,2,1,1,752001,5,10,0,1,8,8,0,8,1,10,0,1,8,8,0,8,1,0,10,10,0,2,10,2,9,1,1,1,2,3,2,2,1,3,1
"0000001691","SWE_2022","Sweden",1.1008,64,0,3,1,1,5,2,1,1,1,901,9,1,2,4,1,0,0,3,5,5,5,5,5,5,5,6,2,2,2,2,2,2,2,2,2,4,1,999999,999999,9,4,3,1,999999,3,9,0,7,6,6,1,8,6,8,0,5,6,3,0,1,5,9,0,0,99,3,0,5,99,2,2,0,3,3,1,4,2,2,1
"0000001821","SWE_2022","Sweden",0.6191,71,1,6,1,0,7,1,1,3,1,752,1,14,1,2,6,7,2,1,1,1,5,3,9,9,3,7,2,2,2,2,3,2,4,2,1,5,1,752004,0,2,1,2,1,752001,5,9,0,2,8,5,0,7,2,10,0,1,8,6,0,7,3,1,10,9,0,5,10,3,5,1,2,1,2,3,3,3,2,3,1
"0000001854","SWE_2022","Sweden",0.6191,72,1,5,3,0,7,1,9,4,3,752,0,22,2,3,5,1,6,3,1,1,2,3,2,3,4,8,2,3,9,3,3,3,3,2,2,5,1,752005,0,4,1,1,1,752005,5,7,3,6,5,9,5,7,7,9,3,5,5,9,5,9,7,99,99,99,99,99,99,99,99,99,2,9,9,3,2,5,9,3,0
"0000001027","SWE_2022","Sweden",1.6674,34,1,5,4,0,1,1,2,5,1,752,1,14,2,3,4,2,1,1,1,2,3,3,4,3,2,8,3,3,2,2,2,2,4,2,2,4,1,752005,0,2,4,1,1,752001,4,7,0,7,6,8,0,7,6,7,0,0,7,9,0,6,6,4,10,7,0,6,8,2,7,6,2,0,2,3,3,3,4,3,0
"0000000660","SWE_2022","Sweden",0.7541,67,0,3,1,1,1,1,1,5,1,752,0,1,3,1,3,99,99,2,1,1,9,9,5,2,2,8,2,2,2,1,3,1,3,2,2,5,1,752004,0,1,2,2,1,752007,5,9,0,2,9,6,1,10,5,8,0,1,8,6,1,6,2,3,10,9,1,5,10,5,6,2,2,0,3,3,2,2,3,3,1
"0000002778","SWE_2022","Sweden",1.0396,72,1,3,3,0,7,2,2,9,1,752,0,1,1,2,7,2,6,2,1,1,2,3,5,2,3,9,2,2,3,2,2,3,4,3,2,4,1,752002,0,1,2,1,1,752002,5,8,10,8,1,0,10,0,1,10,9,8,9,0,10,0,5,6,9,9,0,3,9,0,7,9,2,1,2,3,4,2,2,2,0
"0000002790","SWE_2022","Sweden",1.0931,59,1,3,1,0,9,2,2,1,6,752,1,19,1,3,0,1,1,3,2,1,2,3,9,9,9,99,9,9,9,9,9,9,9,9,9,5,99,999999,999999,9,9,2,1,752002,3,2,9,8,1,5,8,0,5,3,9,8,5,2,8,5,5,2,8,10,0,3,8,0,2,7,4,1,2,2,2,3,3,3,1
"0000002464","SWE_2022","Sweden",0.7489,81,1,2,1,9,7,9,1,9,3,752,0,13,1,2,7,3,0,2,2,2,1,2,1,1,1,7,2,2,2,2,3,9,4,2,2,4,1,752003,0,4,2,1,99,752005,2,99,99,99,99,8,99,99,99,99,1,1,99,2,1,99,1,99,99,5,99,7,99,5,5,99,2,9,2,2,2,3,2,3,0
"0000002334","SWE_2022","Sweden",0.7489,71,1,3,3,0,7,4,2,3,1,752,1,20,1,2,7,99,5,3,1,1,2,3,2,2,3,6,3,3,2,2,3,3,4,2,2,4,1,999999,999999,9,2,3,0,999999,2,5,5,5,5,5,5,5,5,5,5,5,5,5,5,5,5,1,5,10,1,5,10,5,10,5,2,0,9,3,4,3,3,3,0
"0000001121","SWE_2022","Sweden",0.91,45,0,7,1,0,1,2,2,4,3,752,0,18,1,2,1,2,0,2,4,3,3,3,2,2,5,5,3,4,3,3,4,4,3,3,2,4,99,999992,0,1,2,3,1,999992,2,0,7,2,2,0,4,0,0,0,7,0,3,0,4,0,0,2,4,3,0,1,3,0,1,8,4,1,1,2,3,4,3,2,1
"0000001710","SWE_2022","Sweden",1.1008,57,0,4,3,0,10,4,2,2,1,752,1,17,2,4,2,2,1,2,3,3,1,3,1,3,3,6,3,3,2,2,3,3,3,2,2,4,1,752003,0,2,2,2,1,752003,3,0,10,10,1,1,0,0,1,0,10,10,0,0,0,0,0,0,10,10,0,0,10,0,6,10,4,0,3,2,2,2,2,3,8
"0000002819","SWE_2022","Sweden",0.821,69,0,3,1,0,7,2,2,3,3,752,0,7,2,2,7,7,0,2,1,5,5,5,5,5,5,10,1,2,1,2,2,2,3,2,1,3,1,752001,1,1,1,1,1,752001,5,10,4,8,9,8,5,8,8,10,2,7,7,9,4,5,7,3,9,8,1,4,8,4,5,4,1,0,2,2,1,3,3,3,1
"0000002475","SWE_2022","Sweden",0.821,77,0,3,1,1,7,2,9,2,1,900,9,14,3,4,7,3,0,3,3,3,3,5,5,5,5,8,2,2,2,2,2,2,4,2,2,3,1,752001,1,2,2,1,0,999999,3,1,5,4,3,3,4,4,3,0,3,3,4,3,5,2,3,5,1,2,1,3,1,3,3,4,2,1,2,3,3,2,2,2,1
"0000001505","SWE_2022","Sweden",1.1008,49,0,7,1,1,1,1,1,5,1,752,0,8,1,2,6,0,7,2,1,2,5,5,5,2,3,9,2,3,2,1,3,2,3,2,1,4,1,752007,0,2,1,1,1,752004,4,8,0,1,10,6,0,10,7,10,0,0,10,10,0,9,0,2,8,10,0,6,10,3,6,0,1,1,1,3,2,4,2,3,0
"0000000454","SWE_2022","Sweden",0.7658,63,1,7,4,1,2,2,1,2,3,752,0,12,2,2,7,7,7,1,1,1,2,2,5,5,2,8,2,2,2,2,2,2,2,2,3,5,1,752001,1,2,2,1,1,752001,5,10,8,6,8,10,6,8,6,10,9,8,8,10,6,8,7,99,99,99,99,99,99,99,99,99,2,9,1,2,2,9,9,9,9
"0000002767","SWE_2022","Sweden",0.6191,69,1,5,2,9,7,1,1,1,2,752,0,12,4,2,7,7,0,2,1,3,5,4,5,5,5,8,2,2,2,9,2,2,3,2,3,3,1,999999,999999,9,2,1,1,999999,4,8,0,4,7,8,1,8,7,9,0,6,8,9,0,7,7,2,10,9,1,5,10,4,6,5,2,0,9,3,3,4,2,3,0
"0000000553","SWE_2022","Sweden",0.7658,52,1,8,4,1,1,1,1,3,1,752,0,6,2,2,7,0,0,2,2,1,4,5,5,2,5,8,3,3,2,2,3,1,4,2,2,4,1,752003,0,2,1,1,1,752008,4,4,2,7,1,4,4,2,6,6,2,6,1,4,2,2,6,4,99,8,0,99,9,1,8,7,2,0,3,2,2,3,3,3,0
"0000002364","SWE_2022","Sweden",1.1407,23,1,8,4,0,6,9,9,4,1,752,0,1,4,1,0,7,7,2,1,3,5,5,5,4,4,9,1,2,2,1,3,1,3,1,2,4,1,752001,1,1,2,1,1,752001,4,10,0,1,7,7,0,8,2,10,0,99,5,10,0,9,2,3,9,10,0,6,10,4,6,99,1,1,2,3,2,3,3,3,1
"0000002668","SWE_2022","Sweden",0.7489,86,1,3,3,0,7,1,1,1,3,752,0,22,2,2,7,0,0,2,2,2,3,3,9,3,9,6,3,3,1,1,3,3,3,2,2,3,1,752001,1,9,2,2,1,752001,3,8,2,4,5,4,2,6,5,9,3,99,6,6,3,5,4,4,10,8,2,6,8,4,5,5,2,1,2,3,3,2,2,3,0
"0000002146","SWE_2022","Sweden",0.6191,69,1,5,1,1,7,1,2,4,1,752,0,4,1,2,7,0,7,2,1,2,2,5,5,4,4,8,2,2,2,2,2,3,3,2,3,5,1,752005,0,2,1,2,1,752005,5,9,0,6,6,10,6,8,6,9,2,6,6,10,4,8,6,6,10,9,2,6,8,5,7,6,2,1,2,2,2,3,2,3,0
"0000000574","SWE_2022","Sweden",0.7712,60,0,7,1,1,1,1,1,4,1,752,0,1,3,2,7,7,2,1,1,1,5,2,4,4,3,10,1,1,1,2,2,1,3,1,1,4,1,752001,1,1,1,1,1,752001,5,99,99,99,99,99,99,99,99,10,0,2,9,9,2,9,3,2,10,10,0,4,7,3,8,1,1,1,9,2,1,4,1,3,0
"0000000995","SWE_2022","Sweden",0.91,46,0,99,3,9,99,9,9,9,9,752,0,1,9,2,99,99,99,9,9,9,9,9,9,9,9,99,9,9,9,9,9,9,9,9,9,9,99,999999,999999,9,9,9,99,999999,9,99,99,99,99,99,99,99,99,99,99,99,99,99,99,99,99,99,99,99,99,99,99,99,99,99,9,9,9,9,9,9,9,9,9
"0000002023","SWE_2022","Sweden",0.821,78,0,2,1,0,7,4,2,1,1,752,1,20,1,2,7,0,0,2,1,3,3,5,5,5,5,8,2,2,2,2,3,2,3,1,2,3,1,752001,1,1,2,1,1,752001,5,10,0,8,9,8,4,5,8,10,0,6,8,8,6,7,7,2,8,10,0,8,10,4,8,6,2,1,2,3,3,2,2,2,1
"0000001035","SWE_2022","Sweden",1.6674,32,1,4,4,1,1,1,2,5,2,752,0,25,2,2,1,2,7,2,1,3,3,3,2,2,3,5,2,2,2,2,3,9,3,3,3,5,1,752003,0,2,1,3,1,752003,4,6,3,9,3,5,9,2,6,7,7,7,5,5,9,3,6,4,10,7,1,7,8,0,7,7,2,1,2,2,2,3,2,4,1
"0000000473","SWE_2022","Sweden",0.9037,60,1,6,1,1,1,2,1,5,2,752,0,5,2,2,6,6,4,3,1,1,5,5,5,4,4,9,2,2,2,2,3,2,4,2,2,4,1,752004,0,2,2,1,1,752004,4,8,0,1,10,5,0,8,3,9,0,0,8,8,0,5,1,5,10,10,0,5,10,4,8,2,2,1,2,4,3,3,2,3,1
"0000001747","SWE_2022","Sweden",1.7726,19,1,4,4,0,6,2,2,9,1,752,0,1,3,3,3,3,2,3,1,2,5,5,5,5,4,9,1,1,1,1,2,2,2,2,2,3,1,752005,0,2,2,1,99,999999,4,10,0,5,7,10,0,3,5,10,0,5,8,10,0,2,4,0,10,8,0,3,10,1,5,3,1,0,2,3,3,4,3,3,1
"0000000233","SWE_2022","Sweden",1.073,29,1,8,4,0,1,1,1,2,1,752,0,1,3,2,1,7,4,2,1,1,5,2,2,2,4,7,3,2,3,2,3,3,4,2,2,4,1,752006,0,2,4,2,1,752006,4,4,4,6,3,6,7,6,5,5,6,6,7,6,8,3,5,3,8,7,1,5,7,2,6,6,2,0,2,2,3,2,2,3,0
"0000001009","SWE_2022","Sweden",1.5176,50,1,3,4,1,2,2,2,3,1,752,0,18,1,3,0,4,7,1,1,2,3,1,2,2,3,2,3,3,3,3,3,3,3,4,4,5,1,752002,0,1,1,2,1,752002,4,1,10,8,0,99,5,0,5,0,10,7,99,0,6,0,5,0,10,10,0,0,7,0,7,8,4,1,1,4,4,4,4,3,0
"0000001794","SWE_2022","Sweden",0.821,79,0,3,4,9,7,4,9,9,2,752,0,25,1,2,5,0,0,2,1,1,2,3,3,2,2,99,3,3,4,2,3,3,1,3,2,2,1,999999,999999,9,4,1,1,999999,3,99,99,99,99,99,99,99,99,8,8,99,5,0,7,4,6,99,99,99,99,99,99,99,99,99,2,1,2,2,2,4,3,2,0
"0000001650","SWE_2022","Sweden",1.6078,44,1,6,1,0,9,2,1,3,6,901,9,19,3,3,1,4,3,4,4,2,4,2,3,3,2,9,2,2,2,1,2,2,2,2,2,2,1,999999,999999,9,4,2,1,999999,4,5,5,5,5,5,10,5,5,5,5,5,5,5,5,5,5,1,7,2,2,7,8,8,2,7,1,0,2,3,1,4,3,4,1
"0000000585","SWE_2022","Sweden",1.073,38,1,8,1,0,1,1,2,4,1,752,1,1,4,2,0,0,7,1,1,1,5,5,5,5,5,7,2,2,2,2,4,4,4,2,2,4,1,752007,0,1,1,1,1,752007,5,8,0,2,8,6,0,10,2,9,0,99,99,10,0,10,5,3,99,9,1,5,10,3,8,3,2,0,3,3,2,2,3,5,1
"0000000074","SWE_2022","Sweden",0.9037,58,1,7,1,1,1,4,2,5,1,752,0,18,2,1,7,7,4,2,1,1,5,5,5,5,5,10,3,2,2,1,3,2,3,2,1,4,1,752001,1,1,1,1,1,752001,5,10,0,0,0,9,0,3,3,10,0,0,0,10,0,2,0,6,10,10,0,7,9,6,7,6,1,1,2,3,3,2,2,3,0
"0000000228","SWE_2022","Sweden",0.7712,41,0,8,1,1,2,4,2,3,1,752,0,14,4,1,2,0,7,1,1,1,5,3,5,2,4,10,2,2,2,1,2,1,3,2,1,5,1,752007,0,2,2,1,1,752004,5,5,0,0,10,3,0,10,0,8,0,0,10,3,0,7,0,5,10,10,0,7,10,2,8,0,1,0,2,3,2,2,2,3,1
"0000002741","SWE_2022","Sweden",1.2661,27,1,6,1,1,1,1,1,4,1,752,0,3,1,3,3,7,7,1,1,1,4,4,5,1,4,9,9,2,2,2,3,2,3,2,2,3,1,752003,0,2,9,1,1,752008,2,7,0,9,4,4,7,4,6,7,3,6,5,5,4,5,5,4,10,6,0,5,7,2,6,5,1,0,3,1,1,4,3,3,1
"0000001244","SWE_2022","Sweden",1.1901,54,1,4,3,1,5,4,2,2,1,901,9,14,2,2,3,0,0,2,1,2,5,3,5,5,2,7,2,3,3,3,3,3,4,2,2,4,1,752003,0,2,4,1,1,752004,4,8,5,8,7,7,5,7,5,9,7,9,9,9,8,5,7,6,8,6,3,5,6,5,7,5,1,0,3,2,3,1,1,3,1
"0000000793","SWE_2022","Sweden",1.1984,55,0,4,1,1,5,1,2,5,2,752,1,6,2,2,7,7,7,1,1,1,5,3,2,3,2,9,2,2,2,2,2,1,2,4,3,4,1,752003,0,1,1,1,1,752003,5,1,8,9,3,0,8,0,7,0,9,10,5,0,9,0,8,1,9,10,0,1,8,0,7,8,2,1,2,2,2,3,3,3,1
"0000001567","SWE_2022","Sweden",1.6791,33,0,4,4,1,10,2,2,1,1,752,0,14,1,2,3,7,7,1,1,2,1,3,4,2,2,10,2,2,2,1,2,3,2,3,2,5,1,752002,0,1,1,2,1,752003,5,99,10,10,0,0,5,99,3,0,10,10,0,0,6,0,5,1,10,10,0,0,8,0,99,10,1,1,1,2,1,3,3,3,1
"0000000109","SWE_2022","Sweden",0.9037,55,1,6,1,1,1,1,1,5,1,752,0,14,2,2,99,99,99,1,1,9,4,9,9,9,2,8,3,3,2,1,3,2,3,3,3,5,1,752002,0,2,4,1,1,752003,5,3,8,9,4,2,6,3,4,7,9,9,5,3,8,5,5,3,9,8,1,2,99,99,5,8,2,1,1,2,3,3,4,3,1
"0000000399","SWE_2022","Sweden",0.91,61,0,8,3,1,1,1,1,5,2,752,0,24,2,3,3,1,6,2,1,1,4,5,5,5,5,10,1,1,1,1,1,2,3,1,1,2,1,752001,1,1,1,1,1,752001,5,10,0,6,6,9,6,7,6,10,2,6,6,9,6,6,6,4,7,6,0,5,5,5,5,4,1,1,2,2,2,9,2,3,1
"0000000253","SWE_2022","Sweden",1.073,32,1,8,4,0,5,2,1,2,1,752,1,12,4,3,1,3,4,3,1,3,4,3,9,3,2,7,2,2,3,2,3,3,3,2,2,4,1,752006,0,2,2,3,1,752006,3,8,2,8,2,7,9,2,5,6,2,8,5,8,8,5,5,3,7,8,0,5,7,3,5,6,2,0,2,3,4,4,3,4,1
"0000000328","SWE_2022","Sweden",1.0805,38,0,8,1,1,1,2,2,5,2,752,0,7,1,3,3,7,7,3,1,1,5,3,2,2,4,7,2,2,2,2,3,2,3,3,2,5,1,752003,0,1,1,2,1,752003,3,3,5,9,0,5,8,4,7,4,8,8,1,6,9,0,8,3,10,9,0,3,7,2,7,8,2,0,3,2,3,3,2,2,1
"0000002342","SWE_2022","Sweden",0.821,73,0,4,1,0,7,1,2,3,2,752,0,7,2,2,7,7,0,1,1,2,4,3,5,5,5,10,1,1,1,2,3,2,4,3,3,4,1,999999,999999,9,1,1,1,999999,3,5,9,9,1,0,9,0,9,8,10,9,5,0,9,0,9,5,7,9,1,2,10,1,8,8,1,1,2,1,2,3,3,3,0
"0000002752","SWE_2022","Sweden",1.1008,62,0,3,1,0,9,2,2,2,1,752,0,8,2,3,1,6,5,3,2,2,2,2,4,2,1,5,3,3,3,3,3,3,3,3,3,4,1,752002,0,9,4,2,1,752002,3,0,10,7,1,0,8,0,6,0,10,8,0,0,8,0,6,0,8,8,1,0,6,0,3,8,4,0,2,3,3,2,2,2,1
"0000002217","SWE_2022","Sweden",0.7489,67,1,4,1,9,7,2,1,2,1,752,0,19,2,2,3,1,1,3,3,3,4,3,3,3,3,8,2,2,2,2,3,3,3,2,2,3,99,999999,999999,9,2,3,1,999999,3,6,1,7,5,4,4,6,4,6,1,7,5,4,4,6,5,6,1,7,2,6,7,7,4,5,2,0,9,3,3,2,3,3,1
"0000002760","SWE_2022","Sweden",0.7489,69,1,5,3,0,7,9,9,1,3,752,0,22,2,2,99,7,7,1,1,5,5,5,5,5,1,10,1,1,1,1,2,2,2,2,2,3,1,999999,999999,9,1,1,1,999999,5,5,0,2,5,5,0,5,2,8,0,2,5,5,0,2,2,99,99,99,99,99,99,99,99,99,2,0,9,3,2,4,3,3,1
"0000002538","SWE_2022","Sweden",0.7541,79,0,2,4,0,7,1,2,3,3,752,0,8,1,2,4,1,0,3,3,2,1,3,3,3,3,7,3,3,3,3,3,3,3,2,2,3,1,752001,1,1,2,3,1,752001,4,9,5,8,8,8,8,8,8,10,4,6,5,8,4,5,5,1,9,10,0,8,7,7,8,3,2,1,2,2,1,2,2,3,1
"0000000948","SWE_2022","Sweden",0.9037,44,1,5,4,0,6,2,1,2,1,752,0,17,1,3,1,99,99,2,4,1,5,1,5,5,5,7,2,2,2,1,3,3,3,2,2,4,1,752007,0,9,4,2,1,752007,4,7,0,0,6,2,0,7,3,9,0,0,5,2,0,5,5,4,10,9,1,8,10,3,7,3,2,0,3,3,3,2,3,3,8
"0000000452","SWE_2022","Sweden",0.6191,65,1,6,1,1,7,1,1,2,3,752,0,13,2,3,7,2,5,2,1,2,4,5,4,2,2,9,2,3,2,2,3,2,3,2,2,4,1,752007,0,1,2,2,1,752007,4,8,0,4,7,6,1,9,3,9,0,4,6,7,1,9,4,99,10,99,2,5,9,5,8,4,2,1,2,3,2,3,3,3,1
"0000002714","SWE_2022","Sweden",0.7541,68,0,4,4,1,7,9,2,1,2,752,0,8,1,2,2,0,0,2,1,1,2,2,5,5,5,9,2,2,2,2,2,3,3,2,2,5,1,752004,0,2,4,3,1,752005,4,6,8,6,9,7,5,4,7,8,9,4,8,3,4,3,7,4,9,9,3,5,7,4,5,4,2,0,3,3,2,2,2,4,1
"0000002726","SWE_2022","Sweden",0.7489,75,1,2,3,9,7,2,1,1,1,752,9,14,1,1,7,99,99,1,1,9,9,9,9,9,9,99,9,9,9,9,9,9,9,9,9,5,99,752001,1,9,2,1,1,752002,4,0,10,7,0,0,5,0,5,0,10,8,1,0,9,0,1,2,10,9,0,2,7,2,4,10,2,9,9,3,2,2,3,9,0
"0000000690","SWE_2022","Sweden",1.1063,39,0,9,1,1,2,4,2,4,1,752,1,12,2,1,4,5,5,2,1,1,4,5,5,5,5,9,2,2,2,2,3,2,3,2,2,5,1,752007,0,2,4,1,1,999992,4,6,1,2,3,3,2,7,5,7,6,6,6,6,6,6,6,4,9,9,2,6,9,3,6,4,2,1,1,3,3,4,4,3,1
"0000001730","SWE_2022","Sweden",0.7712,50,0,8,4,1,1,2,2,1,2,752,0,12,2,1,7,7,7,1,2,1,2,3,3,2,1,6,3,3,3,3,3,3,2,3,3,4,1,999992,0,1,2,3,1,999992,4,1,6,3,4,2,5,0,4,1,6,3,4,2,5,0,4,5,6,7,3,4,8,3,6,99,4,1,1,3,3,3,4,4,1
"0000002038","SWE_2022","Sweden",0.5283,74,0,7,1,0,7,1,2,3,1,752,0,1,3,2,7,7,3,2,1,1,5,5,5,5,5,8,1,1,1,2,2,2,3,2,2,4,1,752001,1,1,2,1,1,752001,5,10,0,2,9,6,1,9,1,10,0,1,9,8,0,8,0,3,10,10,1,6,10,4,10,1,1,1,2,3,2,4,2,3,0
"0000001503","SWE_2022","Sweden",1.5423,33,0,2,4,1,1,1,1,1,1,901,9,14,4,1,1,1,0,1,1,9,9,9,2,9,3,6,1,9,9,9,9,9,9,4,4,3,0,999999,999999,9,2,2,1,999999,9,99,99,99,99,99,99,99,99,9,3,5,99,5,6,99,5,7,6,7,6,8,8,6,8,7,1,1,1,1,1,5,2,4,1
"0000002154","SWE_2022","Sweden",0.6234,68,0,8,2,0,7,9,9,1,2,900,0,12,4,2,7,7,0,3,2,1,1,1,2,1,3,7,3,3,3,3,3,3,4,3,3,4,1,999999,999999,9,4,3,1,999999,3,6,0,3,7,6,4,7,6,6,0,3,7,6,3,6,6,5,10,7,3,5,7,5,6,4,2,0,9,3,2,3,3,4,8
"0000000687","SWE_2022","Sweden",0.7658,56,1,8,1,1,1,1,2,5,2,752,0,13,3,1,6,7,0,1,1,1,5,4,3,3,2,9,2,2,2,2,3,2,4,3,3,5,1,752003,0,2,2,1,1,752008,4,1,2,8,0,5,5,0,7,6,7,7,5,7,6,0,5,4,4,7,0,4,6,0,6,99,2,0,9,2,2,3,3,3,1
"0000001301","SWE_2022","Sweden",2.1262,40,1,3,3,0,5,2,2,1,1,901,9,1,3,3,2,0,3,3,3,5,3,2,5,5,2,7,3,3,3,3,3,3,3,3,2,4,1,752003,0,2,2,3,1,752003,3,1,8,9,1,1,1,1,1,1,7,8,1,1,1,1,1,99,8,99,0,0,7,0,7,7,4,0,2,3,3,9,3,4,1
"0000002431","SWE_2022","Sweden",1.0931,44,1,6,4,0,10,9,9,1,3,752,0,3,9,1,7,7,99,1,1,1,1,1,3,2,1,3,3,3,3,2,2,2,4,4,4,5,1,752006,0,1,1,5,1,752005,1,0,7,8,0,8,10,0,0,0,8,10,0,10,10,0,0,2,10,9,0,2,10,0,6,10,5,0,1,4,4,5,5,5,0
"0000000149","SWE_2022","Sweden",1.1008,62,0,3,1,0,1,1,2,4,2,752,1,14,1,2,5,7,7,2,1,4,2,4,3,2,4,5,2,2,2,2,3,2,3,2,2,4,1,752003,0,1,1,1,1,752003,3,4,6,10,0,0,8,0,6,8,8,9,0,0,9,0,7,2,10,9,0,5,8,3,6,7,2,1,2,2,2,4,3,3,0
"0000000786","SWE_2022","Sweden",1.5282,58,0,4,1,1,1,1,2,4,1,752,9,25,2,2,0,7,0,2,1,2,5,5,2,2,5,9,2,2,3,2,3,2,4,2,2,1,1,752001,1,1,1,1,1,752001,5,10,0,7,7,5,2,2,7,10,0,5,5,5,4,7,5,0,10,10,0,4,1,2,3,2,2,1,1,3,3,3,2,1,1
"0000002467","SWE_2022","Sweden",0.7489,69,1,3,4,1,7,2,1,2,2,752,9,8,2,3,4,0,0,2,1,5,5,3,5,5,4,8,2,2,3,2,3,2,2,2,2,4,99,999999,999999,9,2,2,1,999999,3,7,7,7,7,7,7,7,7,6,6,6,6,6,6,6,6,4,9,10,0,6,9,4,8,5,2,0,9,2,3,3,3,3,1
"0000001412","SWE_2022","Sweden",1.6791,31,0,4,3,1,5,9,2,1,1,752,1,12,4,3,6,1,0,3,1,5,2,3,3,3,1,9,2,1,1,2,2,2,3,1,2,2,1,752001,1,1,1,1,1,752001,3,10,4,5,5,5,5,10,5,7,4,5,5,5,5,5,5,2,10,6,0,4,7,3,5,5,1,0,3,2,2,3,3,3,8
"0000002441","SWE_2022","Sweden",0.7489,66,1,5,1,1,7,9,9,1,2,752,0,14,1,3,5,0,7,3,1,1,2,2,5,5,5,10,3,3,3,3,3,3,3,2,2,4,1,752001,1,1,2,1,1,752001,3,10,0,0,8,0,0,0,1,10,0,99,3,2,5,1,99,0,10,10,0,10,10,3,10,0,2,0,3,3,2,1,1,3,1
"0000000344","SWE_2022","Sweden",1.073,38,1,8,1,0,5,2,1,3,1,901,1,8,2,2,1,2,7,3,1,1,4,3,5,2,2,7,2,2,3,2,3,3,3,2,2,5,1,752001,1,1,2,3,1,752003,2,10,0,6,6,10,2,4,6,8,0,4,5,9,1,5,5,0,10,6,1,4,9,4,4,3,4,1,3,4,3,4,3,4,1
"0000001585","SWE_2022","Sweden",1.1008,53,0,3,4,1,1,2,2,2,3,752,0,23,2,2,4,1,3,2,1,1,1,2,4,3,2,7,2,2,2,3,2,2,3,1,1,3,1,752001,1,2,1,1,1,752001,5,10,0,3,3,5,2,2,4,9,0,3,1,5,2,4,6,0,10,8,2,2,3,3,2,2,2,1,1,2,2,2,2,3,1
"0000000237","SWE_2022","Sweden",0.5247,65,1,8,1,1,1,9,1,5,1,752,0,1,3,2,6,0,0,2,1,2,5,3,5,3,3,9,1,1,2,2,3,1,3,1,1,3,1,752008,0,4,4,1,1,752008,5,9,0,5,3,5,2,3,6,9,0,5,2,5,0,2,4,3,8,8,1,5,10,1,5,5,1,1,2,2,1,1,1,3,1
"0000000968","SWE_2022","Sweden",1.0931,63,1,3,4,1,1,2,2,4,1,752,0,1,1,2,7,0,5,2,1,1,1,1,3,3,3,9,2,2,3,2,3,3,3,1,1,3,1,752001,1,1,2,2,1,752004,5,10,0,2,9,7,0,9,2,99,99,99,99,99,99,99,99,2,10,9,0,4,10,3,8,2,2,1,2,3,2,2,2,3,1
"0000000911","SWE_2022","Sweden",1.073,36,1,7,1,1,5,1,1,3,1,900,1,4,4,2,2,3,0,3,1,1,4,3,5,5,1,9,2,2,4,1,3,3,3,1,2,2,1,752001,1,1,1,2,1,752001,5,10,0,0,8,5,0,8,0,10,0,0,7,7,0,7,0,0,10,99,99,5,10,2,10,0,2,1,1,3,2,1,1,1,1
"0000001334","SWE_2022","Sweden",1.0931,64,1,3,4,1,1,2,1,9,1,752,0,14,2,2,7,7,6,2,1,3,3,3,5,5,4,8,3,3,2,2,3,2,3,2,2,5,1,752001,1,2,2,1,1,752001,3,9,0,0,1,5,0,6,2,99,0,0,0,4,0,99,3,3,10,10,0,7,10,3,9,3,2,1,2,2,2,3,9,3,1
"0000000437","SWE_2022","Sweden",0.7658,63,1,99,4,1,1,1,1,5,9,752,0,1,4,2,5,0,7,2,1,3,4,5,9,9,9,99,9,9,9,9,9,9,9,9,9,5,99,999999,999999,9,9,1,1,752004,5,10,0,2,10,5,0,10,5,10,0,3,8,5,0,5,5,2,10,9,0,5,8,2,7,2,2,1,2,9,2,3,3,4,1
"0000001401","SWE_2022","Sweden",1.1901,61,1,6,4,0,1,2,2,2,3,752,0,12,1,1,7,99,99,1,1,1,9,9,3,3,9,9,1,1,3,1,2,3,3,4,3,4,1,752003,0,9,1,1,1,752006,5,0,9,10,0,5,9,0,8,8,10,10,0,8,9,0,9,4,10,10,0,3,9,0,8,9,2,1,1,1,2,2,1,2,0
"0000002347","SWE_2022","Sweden",0.9037,58,1,99,1,9,99,9,9,9,9,752,0,1,9,2,0,7,0,2,2,2,5,5,5,4,4,8,2,2,2,2,3,1,3,2,2,9,1,752005,0,2,5,1,1,999999,5,4,0,6,5,7,1,6,1,6,0,3,6,7,2,6,4,4,8,8,1,6,8,5,7,6,2,0,9,9,9,3,3,3,1
"0000000356","SWE_2022","Sweden",0.7841,43,1,9,1,1,1,1,1,5,1,752,1,3,2,3,0,3,4,3,1,1,4,3,5,5,2,8,2,2,1,1,2,2,3,1,1,4,1,752001,1,2,2,2,1,752001,4,10,0,7,5,6,2,8,4,10,1,6,5,7,3,5,5,2,10,10,0,6,10,1,7,2,1,0,3,3,2,3,3,3,1
"0000002021","SWE_2022","Sweden",0.821,83,0,5,2,0,7,9,2,2,1,752,0,12,3,2,7,7,0,2,1,1,1,2,2,3,4,10,2,2,2,2,3,2,4,3,3,2,1,752003,0,2,2,1,1,752003,5,0,7,10,0,0,7,0,5,1,8,9,0,0,8,0,9,0,8,10,0,0,8,0,5,10,2,1,2,1,1,3,3,3,0
"0000000913","SWE_2022","Sweden",0.7712,56,0,99,1,0,1,2,2,4,9,752,0,6,2,2,6,1,0,1,1,3,4,5,5,4,5,10,2,2,2,2,2,2,3,2,2,1,1,752001,1,1,2,1,1,752001,5,9,0,4,6,6,2,7,4,10,2,6,7,8,3,8,5,4,8,9,1,5,9,3,6,3,2,1,2,3,2,9,9,9,9
"0000001372","SWE_2022","Sweden",1.5423,40,0,5,3,0,5,2,1,2,3,901,9,14,2,3,99,99,99,5,4,9,3,4,9,2,9,1,3,3,2,9,9,9,9,3,1,3,99,752001,1,4,9,9,1,752001,9,10,0,0,10,10,10,10,10,10,0,0,10,10,0,10,0,99,99,99,99,99,99,99,99,99,4,9,1,1,1,1,2,9,7
"0000001940","SWE_2022","Sweden",0.7541,71,0,2,3,0,7,9,9,1,1,900,9,14,2,9,2,0,0,5,4,4,4,4,2,2,2,7,3,3,3,3,3,3,3,3,2,4,99,999999,999999,9,4,2,1,999999,5,99,6,99,99,99,99,99,99,99,5,99,99,99,99,99,99,99,5,99,99,99,99,99,99,5,2,0,9,2,1,3,3,3,7
"0000001324","SWE_2022","Sweden",1.0931,52,1,3,4,9,1,2,1,5,2,752,0,4,1,9,5,7,6,2,3,2,3,3,4,4,3,7,3,3,9,2,3,3,3,2,2,4,1,999999,999999,9,2,2,1,999999,4,99,99,99,99,99,99,99,99,99,99,99,99,99,99,99,99,3,10,8,0,5,99,4,99,4,2,9,9,3,1,4,3,3,1
"0000000345","SWE_2022","Sweden",1.073,33,1,99,4,9,99,9,9,9,9,752,0,12,9,1,4,6,0,1,2,9,9,9,4,3,3,6,9,9,9,9,9,9,9,9,9,9,99,999999,999999,9,9,9,99,999999,9,99,99,99,99,99,99,99,99,99,99,99,99,99,99,99,99,99,99,99,99,99,99,99,99,99,9,9,9,9,9,9,9,9,9
"0000000347","SWE_2022","Sweden",0.7658,43,1,8,1,1,2,1,1,5,1,752,0,20,2,2,7,7,0,2,1,9,4,3,5,2,2,9,2,2,2,9,2,9,4,3,2,4,1,752001,1,1,2,1,1,752001,4,99,99,99,99,99,99,99,99,9,0,2,2,9,1,99,99,2,10,8,0,5,8,4,7,2,2,0,2,2,2,3,4,3,1
"0000001252","SWE_2022","Sweden",0.9037,64,1,4,3,1,2,2,1,1,2,752,0,3,2,3,7,99,99,1,1,1,5,5,5,5,5,9,1,1,1,2,2,2,4,2,3,3,1,752001,1,1,1,1,99,999999,9,99,99,99,99,99,99,99,99,99,99,99,99,99,99,99,99,2,10,7,0,5,6,5,6,4,2,1,3,3,3,4,3,4,0
"0000002672","SWE_2022","Sweden",0.7541,78,0,2,1,0,7,2,2,2,4,752,0,6,2,3,5,0,0,3,2,4,3,5,5,5,5,8,2,2,3,2,2,2,3,2,1,3,1,752001,1,2,2,2,99,752001,3,10,7,6,8,7,6,6,6,9,9,8,7,8,6,5,6,1,9,9,1,2,9,4,7,2,2,1,2,2,1,2,2,3,1
"0000002624","SWE_2022","Sweden",0.7541,91,0,99,2,9,7,2,9,9,9,752,9,3,2,2,7,99,99,2,9,9,9,1,9,9,1,8,9,9,9,9,9,9,9,1,2,4,1,752001,1,9,2,1,1,752001,5,99,99,99,99,99,99,99,99,10,99,99,99,99,99,99,99,0,99,99,99,99,99,99,99,0,2,1,3,9,2,9,3,9,0
"0000001623","SWE_2022","Sweden",1.6791,32,0,4,4,1,5,2,2,2,1,752,0,8,1,3,2,0,0,3,3,1,2,3,5,5,1,5,3,3,2,3,3,3,2,3,2,4,1,752002,0,1,2,3,99,999999,3,4,9,1,2,3,6,0,2,4,10,1,2,1,7,0,3,4,8,6,2,2,7,3,3,8,4,1,2,3,3,3,3,3,0
"0000002662","SWE_2022","Sweden",1.1092,79,0,2,1,0,7,2,2,2,2,752,0,1,3,3,7,0,7,3,1,1,3,5,5,3,3,8,2,2,2,2,3,3,3,2,2,4,1,752001,1,2,2,1,1,752002,5,8,5,5,5,0,1,5,2,9,5,0,5,0,0,0,4,4,10,10,0,4,10,4,8,5,2,0,9,3,3,5,9,3,1
"0000001212","SWE_2022","Sweden",1.7726,23,1,4,4,0,2,2,2,3,1,752,0,22,2,2,0,6,7,1,1,2,5,5,5,5,5,7,2,2,4,2,2,3,4,2,1,9,1,752005,0,1,2,3,1,752004,5,10,0,1,10,10,0,3,0,10,0,0,10,10,0,6,0,0,10,10,0,0,10,0,10,0,2,1,1,4,9,3,3,1,1
"0000002165","SWE_2022","Sweden",0.7541,74,0,4,1,0,7,1,2,1,4,752,1,14,1,1,7,7,7,2,1,2,5,2,5,5,5,10,2,2,2,2,2,3,3,2,3,4,1,752005,0,2,2,1,1,752005,4,6,0,9,5,10,8,4,6,8,1,9,6,10,5,5,6,0,10,10,0,4,6,2,5,6,2,1,1,3,3,4,3,4,0
"0000001781","SWE_2022","Sweden",0.8153,71,1,3,2,0,7,2,1,1,1,752,0,14,1,4,0,0,0,5,5,5,5,5,5,5,5,10,4,4,4,4,4,4,4,3,3,3,1,752001,1,2,4,3,0,999999,2,7,0,0,0,0,0,0,0,7,0,0,0,0,0,0,0,2,0,0,0,0,0,0,0,2,4,0,3,4,3,3,3,3,0
"0000001048","SWE_2022","Sweden",0.9037,63,1,6,1,1,2,1,1,3,3,752,0,21,1,1,7,7,0,1,1,1,5,5,5,5,3,8,1,1,1,1,1,1,4,1,1,4,1,752007,0,1,1,1,1,752007,5,99,99,99,99,99,99,99,99,10,0,1,8,10,0,9,4,2,9,10,0,5,10,2,6,2,1,1,1,2,1,2,3,3,0
"0000000971","SWE_2022","Sweden",0.91,59,0,6,3,1,5,1,1,2,1,901,9,14,2,2,1,1,99,2,2,2,9,9,5,5,9,8,3,2,2,2,2,2,2,3,1,4,1,752001,1,4,2,2,1,752001,4,10,5,8,9,6,7,7,7,9,5,7,8,8,7,6,7,8,0,5,7,3,4,4,4,7,2,0,2,2,1,2,2,1,1
"0000002335","SWE_2022","Sweden",0.7541,67,0,6,1,0,7,1,2,4,3,752,0,14,3,1,7,7,7,1,1,5,5,5,5,5,5,10,1,2,2,2,3,2,3,3,2,1,1,752008,0,2,1,1,1,752006,5,3,3,9,0,2,9,0,9,5,8,9,1,0,8,0,10,2,10,10,0,2,10,0,8,8,1,1,1,2,3,2,2,3,1
"0000001664","SWE_2022","Sweden",1.275,26,0,4,4,1,6,1,2,3,1,752,0,1,4,2,3,3,7,2,1,1,3,5,5,1,5,10,3,3,2,1,4,3,3,4,1,4,1,752002,0,2,2,1,1,752003,5,4,8,7,0,3,7,1,5,4,10,8,0,0,7,2,8,3,9,8,0,5,7,1,6,10,2,0,9,2,3,3,3,3,1
"0000002363","SWE_2022","Sweden",1.1092,80,0,2,1,0,7,2,2,1,2,752,0,12,1,2,1,0,0,2,1,2,2,3,3,2,1,8,2,2,2,3,3,2,3,2,2,3,1,752001,1,1,2,2,1,752001,4,10,0,2,6,7,0,6,5,10,0,0,3,7,0,5,5,5,10,10,1,5,10,4,5,5,2,1,2,2,2,2,2,3,1
"0000000525","SWE_2022","Sweden",0.7712,57,0,8,1,1,1,1,2,5,2,752,0,3,1,3,7,7,0,2,2,1,3,4,4,2,5,8,2,2,2,1,2,2,4,2,2,4,1,752006,0,1,1,1,99,752006,4,3,5,8,0,5,9,1,7,5,5,7,1,7,8,3,5,4,10,10,0,5,8,2,7,8,2,0,2,2,3,3,3,3,1
"0000001690","SWE_2022","Sweden",0.91,58,0,6,1,1,1,2,2,4,1,901,9,14,3,1,2,7,7,2,2,3,2,3,5,3,1,4,2,2,2,1,3,3,3,2,1,2,1,752004,0,1,1,2,1,752001,1,9,0,5,10,9,0,6,1,10,0,5,10,9,0,1,0,0,10,5,0,1,10,1,10,0,1,0,9,3,1,4,3,2,1
"0000001474","SWE_2022","Sweden",1.1984,53,0,4,1,0,1,4,2,3,1,752,0,14,1,3,0,7,4,2,1,3,1,3,5,5,5,9,2,2,3,1,3,2,3,4,3,4,1,752002,0,1,1,1,1,752002,5,0,10,9,0,0,9,0,0,5,10,10,0,0,8,0,8,3,10,10,0,0,8,0,5,10,1,1,1,2,2,3,3,4,1
"0000001571","SWE_2022","Sweden",1.275,35,0,7,3,1,1,9,1,2,1,901,1,12,4,1,7,7,7,1,1,1,1,5,5,5,1,10,1,1,1,1,1,3,3,2,4,4,1,999999,999999,9,1,1,1,999999,5,9,3,7,10,8,5,4,6,9,3,7,10,8,5,4,6,5,10,10,0,5,10,5,5,5,1,0,9,2,2,5,5,5,1
"0000002135","SWE_2022","Sweden",0.7658,52,1,8,1,0,1,1,1,3,1,752,0,1,3,1,1,0,7,1,1,3,5,5,5,5,3,10,2,1,2,1,2,1,3,2,1,4,1,752007,0,1,1,1,1,752004,5,9,0,0,10,4,0,9,5,10,0,1,9,5,0,10,6,5,10,10,0,8,10,3,9,0,1,1,2,3,2,4,3,3,1
"0000002367","SWE_2022","Sweden",0.8153,68,1,4,3,0,7,2,1,1,1,752,0,14,3,1,7,4,0,2,1,2,4,5,5,5,1,9,2,2,2,2,3,2,4,2,2,3,1,752001,1,1,1,2,1,752001,5,9,0,5,9,7,1,8,5,10,0,0,9,5,1,8,5,2,9,10,0,4,8,3,5,1,2,1,2,3,2,5,2,3,1
"0000000633","SWE_2022","Sweden",1.7851,24,0,4,4,1,5,2,2,2,1,752,0,23,2,2,0,2,0,3,1,3,2,2,4,3,3,8,3,3,3,2,3,3,3,3,3,4,1,752004,0,2,2,2,99,999999,3,3,4,5,7,4,2,4,4,5,2,5,7,4,2,5,5,7,6,5,1,4,8,4,3,1,2,1,2,3,2,3,3,3,1
"0000000254","SWE_2022","Sweden",1.073,32,1,8,1,1,1,9,1,5,1,752,0,20,1,3,7,7,7,2,2,1,5,5,5,5,5,9,1,1,1,1,2,1,3,2,2,5,1,752007,0,1,4,2,1,752007,5,8,0,5,4,7,3,8,5,10,0,5,3,10,5,5,5,5,10,7,3,7,7,4,7,6,2,0,2,2,1,3,3,3,1
"0000000959","SWE_2022","Sweden",0.7712,45,0,9,4,0,1,2,2,5,1,752,0,1,3,1,0,7,0,1,3,1,5,3,5,1,5,1,4,4,1,1,4,4,4,4,4,5,1,752003,0,1,5,2,1,752003,5,1,1,2,1,1,1,1,1,0,0,0,0,0,0,0,0,4,4,4,4,4,4,4,4,10,4,0,3,4,4,4,4,3,0
"0000002214","SWE_2022","Sweden",0.821,75,0,4,3,0,7,1,2,1,1,752,0,12,2,2,2,2,0,1,1,5,5,5,5,5,5,10,1,1,1,1,1,2,4,3,2,3,1,752003,0,2,2,1,1,752008,5,3,7,10,0,6,10,0,8,3,5,10,0,2,9,0,8,2,7,10,0,2,10,0,7,8,1,1,2,2,2,2,2,2,0
"0000001981","SWE_2022","Sweden",0.91,64,0,6,1,1,1,4,1,1,4,901,9,1,3,2,3,7,0,3,2,2,1,2,4,3,1,5,2,2,3,2,3,2,3,2,2,5,1,999999,999999,9,5,1,1,999999,3,10,2,4,10,7,5,5,3,10,2,3,10,9,0,2,3,7,10,10,1,3,7,3,9,5,2,0,2,2,3,3,2,5,1
"0000002838","SWE_2022","Sweden",0.6191,66,1,6,1,1,7,1,2,1,1,752,0,14,2,2,7,7,4,3,9,1,4,5,5,2,5,7,2,4,2,9,4,3,4,1,1,5,1,752001,1,9,2,1,1,752003,1,10,0,0,1,3,1,0,1,10,1,0,6,0,0,0,5,99,99,99,99,99,99,99,99,99,2,1,2,3,1,9,9,4,0
"0000000941","SWE_2022","Sweden",1.6674,31,1,99,4,9,99,9,9,9,9,752,0,1,9,3,99,99,99,9,9,9,9,9,9,9,9,99,9,9,9,9,9,9,9,9,9,9,99,999999,999999,9,9,9,99,999999,9,99,99,99,99,99,99,99,99,99,99,99,99,99,99,99,99,99,99,99,99,99,99,99,99,99,9,9,9,9,9,9,9,9,9
"0000000398","SWE_2022","Sweden",1.073,37,1,8,1,1,1,9,9,3,1,752,0,20,2,2,1,4,7,1,1,2,4,5,5,5,5,8,2,2,2,2,3,2,3,2,2,3,1,752007,0,2,2,1,1,752004,5,9,0,1,10,5,0,10,5,10,0,0,9,8,0,5,5,3,10,10,0,4,9,0,5,2,2,1,2,3,2,4,4,3,1
"0000001239","SWE_2022","Sweden",1.073,37,1,8,4,0,1,2,2,4,2,752,0,13,1,3,4,7,4,2,1,1,5,3,3,2,4,7,2,2,2,2,2,2,3,2,2,5,1,752001,1,1,4,2,1,752001,5,9,0,5,5,8,3,5,3,9,0,3,4,8,2,5,5,2,7,7,0,4,9,4,7,3,2,0,3,3,3,3,4,3,1
"0000000902","SWE_2022","Sweden",0.6234,65,0,4,1,1,1,1,2,3,2,752,0,18,1,1,0,7,0,2,1,1,4,2,4,5,2,7,2,3,3,2,2,4,4,4,3,4,1,999999,999999,9,2,2,1,999999,4,0,8,99,8,2,8,0,1,0,8,4,8,0,8,0,2,2,6,6,3,2,9,0,2,8,4,0,9,2,4,5,5,3,1
"0000000355","SWE_2022","Sweden",0.7896,55,0,9,1,1,1,1,1,3,6,752,0,22,2,2,4,5,5,1,1,1,5,3,3,3,2,7,1,2,1,2,3,3,3,4,2,5,1,752006,0,1,2,1,1,752006,4,4,8,7,2,2,9,1,5,3,10,8,3,1,10,0,4,4,5,7,2,1,5,1,6,5,2,1,3,2,4,4,3,3,1
"0000002111","SWE_2022","Sweden",0.5247,88,1,6,1,1,7,1,9,3,2,752,0,18,2,2,7,0,0,2,1,1,5,5,5,5,5,10,1,1,2,1,2,2,3,2,2,3,1,752001,1,1,1,1,1,752001,5,10,0,6,6,8,3,9,6,10,0,6,6,9,2,8,6,1,8,9,0,6,8,4,6,99,1,1,1,2,2,4,3,3,1
"0000002044","SWE_2022","Sweden",0.7489,81,1,2,1,9,7,2,1,2,2,752,0,24,2,2,5,99,99,2,1,1,1,2,9,9,1,9,9,2,9,9,9,9,9,2,1,2,1,752001,1,1,1,2,1,752001,5,10,0,1,7,7,0,7,6,10,2,1,7,8,0,8,4,4,10,9,5,3,10,2,99,4,2,1,2,3,1,3,2,3,8
"0000001847","SWE_2022","Sweden",0.5247,66,1,8,1,1,7,1,2,5,1,752,0,14,3,1,7,7,0,3,1,1,5,4,5,5,5,8,2,3,1,2,4,2,4,4,3,3,1,752006,0,1,2,1,1,752006,3,3,3,3,3,3,3,3,3,3,3,3,3,3,3,3,3,99,99,99,99,99,99,99,99,99,2,0,9,2,1,2,3,3,0
"0000002177","SWE_2022","Sweden",0.5247,75,1,7,3,1,7,9,1,2,1,752,0,18,4,3,6,0,0,2,1,1,2,2,9,9,2,8,2,2,2,1,3,2,4,2,1,5,1,752001,1,1,1,1,1,752001,4,9,0,2,8,6,6,9,5,9,0,6,8,8,7,6,6,2,10,9,1,7,7,1,7,2,2,1,2,3,3,2,2,3,0
"0000002629","SWE_2022","Sweden",1.0469,73,0,2,1,0,7,1,2,1,1,752,0,4,2,2,99,1,1,1,1,1,5,2,9,9,9,99,9,9,9,9,9,9,9,9,9,4,99,999999,999999,9,9,1,1,752002,5,2,9,6,3,4,5,0,3,3,10,5,2,1,5,0,3,4,10,10,99,0,6,0,5,10,2,1,1,2,2,3,2,2,1
"0000001837","SWE_2022","Sweden",0.821,90,0,99,2,0,7,1,2,1,9,752,9,24,2,9,99,0,0,2,1,1,1,5,5,5,5,8,2,2,3,1,2,1,4,2,2,1,1,752001,1,1,2,1,1,752001,5,10,5,5,7,5,5,10,5,10,8,99,5,8,5,99,5,4,5,10,0,5,10,0,10,99,2,1,1,9,4,1,1,3,0
"0000001368","SWE_2022","Sweden",1.1984,56,0,5,4,1,1,2,1,2,1,752,0,12,2,2,7,7,0,1,1,1,5,1,5,5,2,8,2,2,2,2,3,2,4,2,2,4,1,752007,0,1,2,1,1,752007,5,6,0,1,9,6,1,10,2,5,0,0,8,7,0,9,1,5,10,10,0,6,9,2,8,1,2,1,1,3,2,4,2,5,1
"0000002371","SWE_2022","Sweden",0.7489,69,1,4,1,0,7,1,2,9,2,752,1,14,1,3,3,6,0,3,1,2,3,4,4,9,9,8,1,1,3,2,2,2,3,9,9,9,1,999999,999999,9,2,1,1,999999,3,99,99,99,99,99,99,99,99,99,99,99,99,99,99,99,99,99,99,99,99,99,99,99,99,7,2,0,9,9,9,9,9,9,0
"0000001700","SWE_2022","Sweden",1.1984,42,0,4,4,1,1,2,2,2,1,752,0,14,3,3,0,7,7,1,1,5,4,5,5,5,1,0,3,3,3,1,3,2,3,2,2,5,1,999992,0,2,2,1,1,752001,4,8,5,0,0,0,0,0,0,7,7,0,0,5,0,0,0,4,10,10,0,6,10,3,7,5,2,0,9,2,2,3,3,3,1
"0000001282","SWE_2022","Sweden",1.7726,20,1,4,4,0,5,4,2,5,1,752,0,4,2,2,4,7,5,2,1,2,5,5,5,2,3,9,2,2,2,1,2,2,2,2,2,4,1,752001,1,1,4,2,99,999999,5,10,0,6,2,9,1,6,7,10,0,7,7,10,0,5,6,6,5,9,0,7,10,3,7,6,1,0,2,2,2,4,4,3,1
"0000001496","SWE_2022","Sweden",0.5283,81,0,8,1,1,7,1,1,2,3,752,0,19,2,2,6,1,0,2,1,1,5,5,5,4,3,10,1,3,1,1,2,2,3,3,3,3,1,752005,0,1,1,1,1,752005,4,5,2,8,3,10,6,3,6,9,5,6,3,10,6,3,8,3,9,8,0,5,7,2,5,5,1,1,2,2,1,4,4,3,0
"0000001389","SWE_2022","Sweden",1.1901,44,1,5,4,0,1,2,1,2,2,752,0,14,1,4,0,7,7,5,1,3,3,5,4,2,1,8,3,3,4,2,4,3,3,3,2,5,1,752001,1,4,4,1,99,999999,9,99,99,99,99,99,99,99,99,99,99,99,99,99,99,99,99,99,99,99,99,99,99,99,99,99,5,0,3,4,2,2,3,5,1
"0000001548","SWE_2022","Sweden",1.1984,45,0,4,1,0,1,1,2,2,1,752,1,12,1,2,2,7,7,2,1,2,1,1,2,9,1,6,3,3,3,2,2,4,4,4,2,4,1,752003,0,1,1,1,1,752003,5,0,0,10,4,6,6,4,6,6,0,10,0,0,3,5,0,3,6,10,2,1,3,1,4,8,2,1,2,3,3,2,2,2,0
"0000000921","SWE_2022","Sweden",1.0931,60,1,3,1,1,9,1,1,2,1,752,0,3,1,2,3,3,3,3,1,3,2,3,3,3,3,5,2,2,3,2,2,2,3,2,2,3,1,752001,1,2,2,3,1,752001,3,9,1,7,5,7,5,5,5,8,1,7,5,7,5,5,5,3,7,7,3,99,7,3,3,3,2,1,2,2,2,3,3,3,1
"0000002814","SWE_2022","Sweden",1.1092,76,0,2,4,0,7,2,2,1,9,752,0,18,2,1,7,99,99,2,1,1,5,5,5,5,1,8,2,2,2,3,3,3,3,4,3,4,1,752002,0,1,2,1,1,752002,5,4,10,5,0,2,10,0,2,5,10,9,2,2,9,0,8,5,9,9,0,2,9,0,5,7,5,0,2,2,2,3,3,2,0
"0000002631","SWE_2022","Sweden",0.7489,79,1,4,1,0,7,1,1,2,1,752,0,12,2,3,7,4,0,2,1,3,2,3,4,4,4,10,3,3,3,2,3,3,4,3,3,4,1,752003,0,1,2,1,1,752003,3,7,8,10,99,99,7,5,7,8,9,10,6,7,8,5,7,3,10,10,0,5,10,3,8,8,4,0,2,3,3,3,3,3,0
"0000000879","SWE_2022","Sweden",0.6234,66,0,7,1,0,7,4,2,2,1,752,0,14,1,2,7,7,7,2,1,1,5,4,5,5,1,9,2,2,2,2,2,2,3,3,2,4,1,752003,0,2,2,1,1,752003,4,4,4,10,3,8,7,2,8,7,5,9,5,8,8,2,7,4,9,8,1,7,7,2,6,8,1,1,2,2,3,3,3,3,1
"0000001675","SWE_2022","Sweden",1.7726,23,1,99,4,1,1,1,2,3,9,752,0,14,3,2,4,3,7,2,2,2,5,4,5,3,2,7,2,2,3,1,2,2,4,3,3,5,1,752003,0,1,1,1,1,752004,4,3,8,10,3,5,4,3,10,4,6,10,5,8,2,3,8,2,10,8,0,3,9,0,7,7,2,1,1,2,3,3,3,4,1
"0000000704","SWE_2022","Sweden",0.5247,75,1,8,1,1,1,2,9,1,1,752,9,1,1,1,6,7,7,1,1,5,5,5,5,5,1,8,2,4,1,2,2,3,4,3,2,5,1,999999,999999,9,2,1,1,999999,5,5,0,3,9,5,1,7,3,1,0,3,8,10,0,0,5,6,8,10,3,5,5,3,7,5,1,0,3,3,4,3,3,3,0
"0000002259","SWE_2022","Sweden",0.7489,80,1,3,1,0,7,2,1,3,2,752,0,17,2,3,4,0,2,3,1,2,1,2,9,9,2,8,2,2,2,2,3,3,3,1,2,3,1,752001,1,1,2,1,1,752001,4,8,0,6,4,2,5,6,6,10,3,7,6,6,4,8,5,99,99,99,99,99,99,99,99,99,2,0,3,3,3,4,2,3,0
"0000002170","SWE_2022","Sweden",0.821,90,0,4,1,0,7,4,9,1,3,752,0,1,4,9,7,0,0,1,2,2,2,5,2,2,2,5,3,3,3,3,3,2,4,2,1,2,99,752001,1,1,2,1,1,752001,1,10,99,99,99,99,99,99,99,10,99,99,99,99,99,99,99,0,99,99,99,99,99,99,99,99,2,0,2,2,2,1,1,1,0
"0000002278","SWE_2022","Sweden",2.2604,18,1,4,4,0,6,9,9,1,1,752,1,1,9,3,1,1,7,3,3,3,3,3,5,5,4,4,3,3,3,9,3,2,2,3,3,4,1,752001,1,2,2,3,0,999999,3,9,0,4,9,9,0,9,3,8,0,4,8,8,0,8,8,7,0,3,8,8,0,9,3,10,4,0,9,3,3,3,3,3,1
"0000000951","SWE_2022","Sweden",1.1901,56,1,6,3,1,1,2,2,2,1,752,0,5,1,3,4,0,0,3,3,3,3,3,4,4,4,7,2,2,2,2,2,3,3,2,2,4,1,752001,1,1,1,2,1,752001,4,9,5,5,5,8,5,8,5,10,6,3,7,8,5,8,6,8,2,2,2,8,2,8,2,7,2,0,3,2,1,4,3,3,0
"0000002839","SWE_2022","Sweden",1.6791,34,0,4,4,0,9,9,9,2,2,752,0,21,1,1,5,5,7,1,2,2,4,5,2,3,5,8,2,2,3,1,2,2,3,4,3,5,1,752003,0,1,2,2,1,752008,5,5,1,10,1,7,6,0,10,5,5,8,1,4,7,0,9,4,6,9,0,5,8,0,8,9,1,1,1,2,3,4,3,2,1
"0000000554","SWE_2022","Sweden",0.8153,66,1,6,3,1,1,1,9,2,1,752,0,6,2,2,7,7,7,1,1,2,2,3,5,5,4,8,3,3,2,3,3,3,4,2,2,4,99,999999,999999,9,1,3,99,999999,5,6,0,0,9,4,0,7,2,6,0,0,9,6,0,8,0,5,10,10,2,6,10,4,9,99,2,9,2,4,3,4,3,3,1
"0000002261","SWE_2022","Sweden",1.1092,82,0,2,3,0,7,2,2,1,1,752,0,18,2,2,7,5,0,2,1,1,5,5,5,5,4,9,1,1,1,2,2,2,3,2,2,4,1,752001,1,1,2,1,1,752001,4,8,2,2,4,5,2,5,3,8,1,2,4,5,2,5,3,2,8,10,0,5,99,99,5,2,1,1,2,2,2,3,2,3,0
"0000002730","SWE_2022","Sweden",1.7851,19,0,4,4,0,5,2,2,2,2,752,0,23,1,3,0,0,7,3,1,2,3,2,5,2,2,6,2,2,2,2,3,3,3,3,2,3,99,999999,999999,9,2,3,99,999999,4,3,8,9,3,3,9,0,6,2,8,10,3,2,10,0,5,1,9,9,1,1,9,0,7,8,4,0,9,3,2,4,3,3,1
"0000001305","SWE_2022","Sweden",1.1901,56,1,3,4,0,1,2,1,1,1,752,0,25,1,4,0,0,3,3,1,1,2,3,5,1,1,6,3,3,3,3,4,3,4,3,4,5,1,999999,999999,9,2,3,1,999999,2,1,6,6,5,5,6,0,5,5,5,5,5,5,5,5,5,5,5,5,5,5,5,5,5,5,4,0,9,3,3,3,3,3,1
"0000000132","SWE_2022","Sweden",0.7658,41,1,6,1,0,1,1,1,4,1,752,0,24,2,2,1,99,99,1,1,2,4,5,5,1,2,9,3,3,2,1,2,2,4,1,1,4,1,752001,1,1,1,2,1,752001,3,10,0,0,7,10,0,8,2,99,99,99,99,99,99,99,99,3,10,10,0,4,10,3,8,1,2,0,2,4,1,1,1,3,1
"0000001611","SWE_2022","Sweden",1.6791,39,0,4,4,1,1,2,2,4,1,752,0,13,2,2,7,7,0,2,1,1,5,5,4,1,2,9,3,4,2,2,3,2,4,2,2,4,1,752001,1,4,5,1,1,999999,2,0,0,0,0,0,0,0,0,5,0,0,5,8,0,5,5,4,10,8,0,6,9,1,6,3,2,0,3,3,2,4,3,3,0
"0000001080","SWE_2022","Sweden",1.1901,45,1,5,4,1,2,1,2,5,1,752,0,3,1,2,6,7,7,4,2,5,5,1,5,5,5,6,2,2,3,2,3,4,4,3,2,4,1,752002,0,1,2,1,1,752003,2,6,9,8,0,1,5,0,5,7,10,8,0,0,5,0,0,5,7,8,1,5,6,1,6,7,4,1,2,3,2,2,2,3,1
"0000001415","SWE_2022","Sweden",1.1984,49,0,4,1,1,1,9,1,4,1,752,9,18,2,2,2,5,2,3,1,2,3,5,5,2,9,10,2,2,3,2,3,2,3,2,2,4,1,752001,1,2,2,2,1,752001,5,8,0,1,6,6,0,5,1,9,0,1,5,8,1,5,5,1,10,10,0,5,9,5,7,2,2,1,2,3,2,3,3,4,1
"0000000462","SWE_2022","Sweden",1.073,32,1,7,4,1,2,2,1,4,1,752,0,8,1,2,6,3,5,1,1,5,2,3,5,2,2,3,2,2,3,1,3,3,3,2,3,5,1,752002,0,4,5,4,1,752008,4,6,7,8,2,6,8,1,6,10,6,6,1,4,8,6,2,3,10,9,1,2,7,1,9,7,2,0,3,3,4,5,4,5,1
"0000001778","SWE_2022","Sweden",0.5283,71,0,7,1,0,7,1,2,5,1,752,0,4,1,2,2,5,1,2,1,3,2,3,2,2,4,9,1,2,3,3,2,2,4,3,3,3,1,752006,0,2,2,1,1,752003,4,5,3,9,5,5,10,0,9,8,7,7,7,7,10,0,8,3,5,9,1,4,8,0,6,8,2,1,2,2,2,4,2,3,8
"0000002150","SWE_2022","Sweden",1.0396,68,1,3,2,0,7,9,9,1,2,901,9,1,2,4,1,1,1,4,4,4,4,4,2,2,2,2,3,3,3,3,3,3,3,4,4,4,99,999999,999999,9,4,4,1,999999,1,3,3,3,3,3,3,3,3,3,3,3,3,3,3,3,3,2,2,2,2,2,2,2,2,2,4,0,9,3,3,4,4,4,1
"0000000788","SWE_2022","Sweden",0.91,46,0,6,4,1,1,1,2,3,1,752,0,14,2,3,1,3,1,1,1,1,2,2,4,4,4,9,2,3,2,1,4,2,3,4,3,4,1,752003,0,1,4,1,1,752003,5,6,8,10,0,0,8,0,5,9,10,10,0,0,9,0,9,5,6,10,0,2,9,0,7,8,1,1,1,2,4,4,3,4,1
"0000000727","SWE_2022","Sweden",0.7712,51,0,7,4,1,1,1,1,2,3,752,1,1,3,2,7,7,1,1,1,2,2,2,4,2,2,7,2,2,3,2,2,3,3,2,2,4,1,752002,0,1,1,2,1,752002,3,8,9,7,1,1,1,0,2,9,8,5,4,1,2,0,2,7,6,10,1,4,8,1,5,6,2,1,2,2,3,3,2,3,1
"0000000405","SWE_2022","Sweden",0.91,62,0,8,3,0,1,1,1,3,1,752,0,8,1,1,7,7,5,1,1,1,1,5,3,2,3,8,1,2,1,1,2,1,3,3,3,3,1,752006,0,2,1,1,1,752003,5,5,8,8,8,5,8,5,5,6,8,7,8,5,9,6,7,3,8,8,2,2,6,1,8,6,1,1,2,2,1,5,2,2,1
"0000002246","SWE_2022","Sweden",2.1412,36,0,3,4,0,9,9,9,1,1,752,0,19,2,4,0,7,0,1,5,1,3,3,4,2,3,7,3,3,3,2,4,3,4,3,1,4,0,999999,999999,9,4,3,0,999999,2,5,5,5,0,0,0,0,5,5,5,5,0,0,0,0,5,4,5,6,1,4,6,0,5,5,4,0,9,2,2,2,2,3,1
"0000002671","SWE_2022","Sweden",0.6234,71,0,4,4,1,7,3,2,1,2,752,0,8,1,2,7,99,99,2,2,1,4,5,2,2,2,8,3,4,3,2,3,2,4,3,2,5,1,999999,999999,9,1,2,1,999999,4,1,8,8,0,4,5,0,4,2,10,8,2,5,9,0,2,2,10,10,0,4,2,2,2,8,2,0,3,2,2,3,3,3,1
"0000001906","SWE_2022","Sweden",1.1014,81,1,2,1,1,7,2,2,2,2,752,9,8,2,2,5,0,0,2,3,3,3,3,9,9,1,7,9,2,9,9,9,9,9,2,2,4,1,752001,1,2,2,2,1,752001,5,9,8,5,7,7,7,7,7,10,8,5,99,7,5,6,7,5,5,9,3,99,7,3,99,5,2,0,2,2,2,3,9,3,1
"0000001521","SWE_2022","Sweden",1.6191,52,0,4,3,0,5,2,2,1,3,900,9,12,2,4,0,0,0,4,9,9,9,9,2,9,9,6,9,9,9,9,9,9,9,9,9,4,0,999999,999999,9,2,2,99,999999,9,10,0,6,10,10,0,10,0,10,0,99,10,10,1,99,99,99,99,99,99,99,99,99,99,99,2,0,1,3,2,5,5,5,1
"0000001069","SWE_2022","Sweden",0.9037,51,1,8,1,0,2,4,2,5,1,752,0,14,4,1,2,7,7,1,1,1,5,4,5,5,3,8,2,2,2,2,2,3,3,4,3,4,1,752002,0,2,1,2,1,752003,5,1,9,9,0,2,9,1,7,2,9,9,3,0,9,0,8,2,7,8,0,4,7,2,6,9,2,1,2,1,2,3,3,3,1
"0000001657","SWE_2022","Sweden",1.1984,51,0,4,3,0,1,4,2,2,1,752,0,12,1,3,2,4,7,3,1,1,3,3,2,5,3,1,4,4,4,2,3,4,3,4,4,5,1,752002,0,2,2,4,1,752002,3,3,8,6,3,3,5,0,5,3,10,6,0,0,4,5,5,0,9,9,0,2,7,0,7,8,5,1,2,3,4,4,5,4,0
"0000002782","SWE_2022","Sweden",2.2763,18,0,3,4,0,6,2,2,1,1,752,0,24,9,4,0,0,0,1,1,1,1,5,3,3,3,10,1,1,2,2,1,4,4,4,4,3,1,752002,0,1,4,1,99,999999,5,0,10,10,0,0,10,0,0,0,10,10,0,5,10,0,0,4,10,9,0,5,8,0,4,10,2,0,1,1,1,3,3,3,1
"0000000380","SWE_2022","Sweden",0.9037,55,1,6,1,1,1,2,1,2,1,752,0,14,1,3,1,0,0,2,1,3,2,3,3,3,1,9,3,3,2,3,3,2,3,2,2,4,1,752001,1,2,2,1,1,752003,3,9,6,8,6,6,6,6,6,8,5,7,5,3,4,5,5,5,9,7,3,5,5,2,5,5,2,0,2,2,1,2,1,3,1
"0000000342","SWE_2022","Sweden",0.7658,55,1,7,1,1,1,1,1,3,1,752,0,24,2,1,3,3,7,1,1,1,3,5,5,3,3,8,2,2,1,1,3,1,4,2,1,4,1,752004,0,1,1,2,1,752004,5,8,0,2,10,2,0,8,5,10,0,2,10,0,0,5,5,3,10,10,0,8,10,1,8,0,2,1,1,4,3,3,3,3,1
"0000002392","SWE_2022","Sweden",0.821,81,0,3,1,0,7,9,2,1,1,752,9,10,2,2,3,4,0,1,1,3,3,3,5,5,5,9,1,1,3,1,1,3,4,3,4,3,1,999999,999999,9,2,2,1,999999,4,5,5,5,5,5,5,5,5,5,5,5,5,5,5,5,5,5,5,5,5,5,5,5,5,5,4,0,9,2,2,3,4,4,1
"0000001684","SWE_2022","Sweden",0.91,58,0,6,3,0,1,2,9,2,1,901,9,20,1,3,1,1,1,2,1,1,4,3,5,5,1,9,2,3,1,1,3,3,4,3,2,3,0,999999,999999,9,1,1,1,752001,3,5,7,5,5,5,5,5,5,5,9,5,5,5,5,5,5,99,7,99,0,5,7,6,7,4,1,0,9,3,2,3,4,4,1
"0000001360","SWE_2022","Sweden",1.346,20,1,6,4,0,6,2,1,9,1,752,0,18,3,3,5,5,7,2,1,3,3,5,5,4,4,8,2,2,3,2,3,2,3,3,2,2,1,999999,999999,9,2,2,99,999999,4,9,0,9,3,5,1,5,5,9,0,8,5,5,0,5,5,3,10,7,0,3,10,2,6,5,2,0,2,3,2,4,3,4,1
"0000000006","SWE_2022","Sweden",0.7712,43,0,8,4,1,1,1,2,3,2,752,0,22,2,3,4,7,7,2,2,2,3,4,2,3,4,8,2,2,2,1,2,2,3,2,3,4,1,752005,0,2,2,1,1,752005,4,6,0,8,3,9,6,4,6,6,1,8,1,9,4,2,5,5,8,7,1,6,8,1,6,6,2,0,3,2,2,4,3,3,1
"0000000702","SWE_2022","Sweden",1.1984,45,0,5,4,0,1,4,2,2,1,752,1,12,4,3,1,1,7,4,1,1,5,5,5,2,3,9,3,3,2,1,3,2,4,2,2,4,1,752007,0,4,2,1,1,752007,4,8,0,0,6,2,0,8,2,9,0,2,5,2,2,5,5,2,10,9,1,7,8,3,7,3,2,0,3,3,2,4,4,5,1
"0000001738","SWE_2022","Sweden",1.1008,51,0,5,4,1,1,2,2,1,6,752,0,1,2,3,3,7,0,1,1,1,5,3,5,5,1,7,2,4,4,2,3,3,3,4,3,5,1,752002,0,1,4,1,1,752006,3,3,10,7,5,0,9,0,7,0,10,7,5,0,6,0,5,0,7,5,3,0,9,0,7,5,4,0,2,4,3,4,5,3,1
"0000002380","SWE_2022","Sweden",0.7541,73,0,3,1,0,7,2,2,2,1,752,0,20,1,3,5,7,99,3,1,9,9,9,4,9,9,8,3,9,9,9,9,3,9,3,2,3,0,999999,999999,9,4,2,1,999999,3,0,0,2,0,2,0,0,1,6,0,0,0,0,0,0,1,5,9,10,0,4,8,4,7,5,2,0,2,2,2,3,9,9,1
"0000002222","SWE_2022","Sweden",0.91,64,0,6,1,0,7,1,2,2,1,900,1,3,4,1,5,3,0,1,1,5,5,4,5,5,4,7,1,1,2,2,2,3,3,3,3,5,1,752002,0,2,1,3,1,752003,4,3,9,9,0,2,7,0,3,7,9,7,0,1,8,0,5,3,7,8,0,4,8,1,4,7,2,1,2,2,2,4,3,4,1
"0000002520","SWE_2022","Sweden",1.1014,74,1,2,1,0,7,2,2,2,1,752,0,12,1,2,4,99,99,1,9,9,1,9,9,9,1,7,2,3,4,1,3,3,3,3,2,5,1,752002,0,1,2,1,1,752002,2,7,10,9,3,2,8,3,6,7,10,9,3,2,8,3,6,8,10,7,4,1,6,1,5,7,1,1,3,2,1,1,2,1,1
"0000000241","SWE_2022","Sweden",0.7896,42,0,9,4,1,1,1,1,5,3,752,0,24,2,4,0,1,3,5,4,2,3,3,5,2,5,8,2,2,2,2,3,2,3,2,2,4,1,752004,0,2,2,1,1,999999,4,5,0,0,8,2,0,7,2,5,5,5,5,5,5,5,5,5,6,8,2,7,8,2,7,3,2,0,9,2,3,3,3,3,0
"0000002381","SWE_2022","Sweden",0.7541,70,0,2,3,0,7,2,2,1,1,752,0,6,1,3,7,99,99,3,1,1,4,5,5,3,1,8,2,3,2,2,3,3,4,2,2,5,1,752001,1,2,2,1,1,752001,3,10,0,1,6,3,0,0,2,10,0,1,6,3,0,0,3,0,10,10,3,9,10,2,10,1,2,1,1,3,3,4,2,3,0
"0000000137","SWE_2022","Sweden",1.073,31,1,8,4,1,1,1,2,5,1,752,0,14,4,2,2,1,1,1,1,1,5,5,3,3,2,6,2,3,3,2,2,2,3,2,9,4,1,752001,1,2,2,3,1,752005,4,8,1,5,6,8,2,8,6,10,3,5,7,10,3,6,5,3,5,8,0,5,9,1,6,5,2,0,9,2,1,4,3,3,1
"0000001598","SWE_2022","Sweden",1.5282,59,0,3,1,1,1,2,2,3,3,752,0,13,2,3,6,7,0,3,1,1,5,5,4,4,5,9,1,2,2,2,3,2,4,2,2,4,1,752003,0,2,2,1,1,752003,5,5,4,9,3,4,6,2,7,99,99,99,99,99,99,99,99,0,8,10,0,3,9,1,7,7,1,0,3,2,1,3,1,3,1
"0000002691","SWE_2022","Sweden",0.5409,80,0,9,1,1,1,4,2,4,1,752,9,3,2,1,7,7,0,1,1,1,5,2,5,5,2,7,1,3,1,2,3,2,4,3,4,5,1,752003,0,4,2,1,1,752003,5,3,5,7,3,3,5,0,5,4,5,7,3,3,5,0,5,3,10,7,0,3,5,0,5,6,5,0,3,4,4,4,5,3,1
"0000001041","SWE_2022","Sweden",1.1008,57,0,99,4,9,99,9,9,9,9,752,0,4,9,3,7,99,99,3,9,9,9,9,9,9,9,99,9,9,9,9,9,9,9,9,9,9,99,999999,999999,9,9,9,99,999999,9,99,99,99,99,99,99,99,99,99,99,99,99,99,99,99,99,99,99,99,99,99,99,99,99,99,9,9,9,9,9,9,9,9,9
"0000000059","SWE_2022","Sweden",1.1984,54,0,6,3,1,1,1,2,5,2,752,0,12,3,2,7,7,7,1,1,1,2,3,5,2,3,7,2,2,2,3,3,3,3,3,2,4,1,752006,0,2,1,1,1,752006,5,5,8,8,2,5,8,0,6,4,8,5,6,2,8,0,6,4,8,9,2,5,9,1,8,9,1,0,2,2,2,2,3,2,1
"0000001711","SWE_2022","Sweden",1.1984,44,0,4,4,0,1,4,2,3,1,752,0,20,1,2,5,0,7,1,1,1,2,3,3,3,3,8,2,2,2,9,2,3,3,3,3,4,1,752006,0,1,1,1,1,752003,5,3,7,9,0,3,9,0,99,5,9,9,0,0,10,0,5,3,9,8,0,4,8,2,5,8,2,1,2,2,3,3,3,4,1
"0000000449","SWE_2022","Sweden",0.9037,63,1,6,1,1,1,1,1,4,2,752,0,17,2,2,5,7,7,2,1,2,4,5,5,5,4,6,2,2,2,2,2,2,3,1,1,3,1,752001,1,2,2,1,1,752001,4,10,0,99,99,8,0,9,1,10,0,0,9,9,0,9,2,2,8,10,0,4,10,3,8,2,2,1,1,3,2,2,2,3,0
"0000000536","SWE_2022","Sweden",1.0805,35,0,8,1,1,1,1,1,5,3,752,0,14,3,3,0,99,99,1,1,1,5,5,5,3,5,9,1,1,1,1,1,1,2,1,1,4,1,752005,0,1,1,1,1,752005,5,8,0,2,4,9,2,6,5,9,0,4,6,10,1,5,5,4,10,7,1,5,6,3,6,5,1,0,2,3,2,4,3,3,1
"0000001275","SWE_2022","Sweden",1.1008,58,0,4,1,9,5,1,1,1,1,901,9,14,1,2,5,7,7,4,1,1,1,2,4,1,1,7,2,3,3,2,3,3,3,3,2,4,1,752001,1,4,4,1,99,999999,1,9,3,6,8,7,3,8,6,8,2,6,6,7,6,99,5,1,10,5,1,7,9,2,1,99,2,1,2,3,2,2,1,4,1
"0000001807","SWE_2022","Sweden",0.7489,79,1,5,1,0,7,1,2,3,2,752,0,12,2,3,5,4,7,1,1,1,1,2,2,2,5,9,3,3,3,2,3,2,3,3,2,3,1,752002,0,1,9,1,1,752003,5,1,10,10,0,0,8,0,2,6,10,9,0,0,9,0,0,1,9,10,0,2,9,0,5,10,1,1,3,2,3,3,3,3,1
"0000000139","SWE_2022","Sweden",1.073,34,1,7,4,0,1,1,2,5,1,752,1,1,3,4,0,1,7,4,1,3,2,3,2,4,4,9,2,2,2,1,3,2,3,2,1,4,1,752003,0,2,2,1,99,999999,9,99,99,99,99,99,99,99,99,99,99,99,99,99,99,99,99,2,10,8,0,5,7,4,7,8,2,0,3,2,1,4,3,2,1
"0000002311","SWE_2022","Sweden",0.6234,69,0,8,4,0,7,1,1,1,2,752,0,19,1,1,7,7,7,1,1,1,2,1,4,4,2,4,3,3,3,2,3,3,3,3,4,5,1,752002,0,4,4,3,0,999999,2,1,8,7,1,1,7,0,4,1,9,7,0,0,8,0,5,5,9,7,3,5,8,2,5,6,4,0,9,3,3,3,5,3,1
"0000002059","SWE_2022","Sweden",0.5247,77,1,8,2,1,7,9,9,3,1,752,0,1,4,2,5,1,0,1,1,2,4,4,3,2,4,7,3,3,3,2,3,3,4,4,4,4,1,752003,0,2,2,2,1,752003,4,2,2,9,3,5,99,99,7,6,6,8,4,3,6,3,6,2,10,8,1,3,9,3,6,8,2,0,2,3,9,3,3,3,0
"0000002011","SWE_2022","Sweden",0.5247,80,1,8,3,0,7,1,1,1,1,752,0,24,9,2,0,99,0,1,1,2,5,5,5,4,4,10,1,1,2,2,2,2,4,2,2,4,1,752007,0,1,1,1,1,752004,4,8,0,4,7,8,3,9,6,7,0,5,5,9,3,7,5,3,99,8,2,99,8,4,6,99,1,0,9,3,3,9,3,3,8
"0000002207","SWE_2022","Sweden",0.5283,74,0,8,3,1,7,1,1,5,1,752,0,5,3,1,6,99,99,1,1,2,5,3,5,4,9,10,2,2,1,2,2,1,3,2,2,4,1,752007,0,1,2,1,1,752001,5,8,0,2,4,7,1,6,3,9,0,1,4,7,0,8,5,3,10,8,1,5,9,99,6,4,1,1,3,2,2,3,3,3,1
"0000001228","SWE_2022","Sweden",1.6674,39,1,5,3,1,1,2,2,2,1,752,0,3,4,2,0,2,0,1,3,2,2,3,5,4,5,5,3,2,4,2,3,3,4,2,1,5,1,999999,999999,9,1,2,1,752001,5,5,5,5,0,1,0,4,1,0,0,0,0,0,0,0,0,1,7,10,0,4,10,2,8,6,2,0,2,3,3,3,3,4,1
"0000000734","SWE_2022","Sweden",0.5247,67,1,99,1,1,7,1,1,2,9,752,0,4,2,2,2,1,0,2,1,1,5,5,9,9,9,99,9,9,9,9,9,9,9,9,9,4,99,999999,999999,9,9,1,1,752001,5,10,0,1,5,5,1,6,6,10,0,0,5,5,1,5,5,5,10,9,3,5,99,99,7,5,1,1,2,4,3,2,2,3,0
"0000002673","SWE_2022","Sweden",1.6674,37,1,4,4,0,1,2,1,1,1,752,1,3,4,2,1,7,2,1,1,1,4,3,4,3,2,8,2,2,2,2,2,2,3,3,3,5,1,999992,0,2,2,2,1,752003,4,5,5,7,4,5,5,4,6,7,6,8,6,5,4,5,6,5,9,8,0,5,8,2,99,7,2,1,2,9,3,3,3,3,1
"0000002387","SWE_2022","Sweden",0.5283,87,0,8,2,0,7,1,2,3,1,752,0,1,3,2,7,0,0,1,2,1,2,3,4,2,4,8,2,2,2,2,3,2,9,3,2,4,1,752003,0,1,9,2,1,752003,4,8,7,8,6,6,4,3,7,9,8,8,7,6,4,4,7,2,8,9,0,4,8,1,7,8,2,0,2,2,2,2,2,3,0
"0000002388","SWE_2022","Sweden",1.1014,82,1,2,2,0,7,3,2,1,4,752,0,24,1,3,5,0,0,3,1,4,4,4,5,5,5,10,2,2,2,2,2,2,3,3,2,3,1,752003,0,2,2,1,1,752003,5,0,0,10,0,2,9,0,6,0,5,10,0,2,10,0,6,2,10,9,0,3,9,3,5,8,2,1,9,3,2,3,2,2,1
"0000000912","SWE_2022","Sweden",0.7658,43,1,8,4,1,1,1,1,2,1,900,9,14,4,2,99,3,99,2,1,1,3,5,5,3,3,7,2,2,2,2,2,3,3,2,2,1,1,752004,0,1,1,1,1,752007,5,5,0,0,10,1,0,10,0,5,0,0,7,0,0,7,5,4,8,10,0,7,7,1,9,0,4,0,2,3,2,3,3,2,1
"0000001091","SWE_2022","Sweden",0.7658,54,1,7,1,1,1,1,2,3,1,752,0,1,4,2,2,7,7,2,1,1,5,5,5,2,4,9,1,1,1,2,1,1,3,2,1,5,1,752001,1,1,1,1,1,752001,3,8,5,3,4,5,5,5,5,10,7,8,5,5,5,5,5,3,9,8,0,5,8,3,7,3,2,1,1,3,2,4,2,3,1
"0000001001","SWE_2022","Sweden",1.1901,52,1,6,4,0,1,2,2,9,1,752,0,6,1,3,1,0,7,4,1,2,4,3,3,3,2,9,2,3,2,1,9,1,2,9,3,4,1,752006,0,2,1,1,1,752003,2,3,7,9,1,8,6,1,6,8,9,9,1,10,8,2,9,1,10,9,0,5,8,2,9,99,2,0,3,9,2,2,4,3,1
"0000001336","SWE_2022","Sweden",1.0931,62,1,3,1,9,1,2,1,2,1,752,9,12,1,3,7,3,3,3,1,1,4,5,3,3,3,6,3,3,2,1,3,1,2,2,2,5,1,752002,0,1,2,1,1,752002,1,7,9,7,5,5,5,0,3,7,9,7,2,5,5,5,2,5,5,5,5,5,5,5,5,99,4,9,2,3,3,9,9,9,9
"0000000652","SWE_2022","Sweden",0.7658,49,1,8,1,1,1,1,2,5,2,752,0,12,4,2,1,6,6,2,2,1,5,5,5,4,4,9,1,1,1,1,2,2,4,2,2,4,1,752004,0,1,1,1,1,752004,5,7,0,1,9,4,1,8,3,8,0,0,7,6,0,8,4,4,9,10,1,8,10,3,7,1,1,1,2,4,2,4,3,3,8
"0000001568","SWE_2022","Sweden",1.346,21,1,6,4,9,1,2,2,9,3,752,0,8,1,9,99,99,99,9,9,9,9,9,5,2,3,8,1,1,1,1,3,1,4,1,1,5,1,752001,1,1,2,1,99,999999,5,7,0,0,0,6,0,5,2,8,0,0,0,8,0,7,0,3,10,9,0,4,10,5,7,2,1,9,9,4,9,5,4,3,1
"0000002058","SWE_2022","Sweden",0.7489,75,1,2,1,0,7,2,1,1,1,752,0,14,1,3,99,3,7,3,3,1,5,5,3,3,3,6,3,4,2,3,3,2,4,3,3,4,99,999999,999999,9,5,2,0,999999,5,8,10,8,0,0,8,99,6,8,10,99,0,99,8,0,6,6,6,10,3,7,7,3,5,8,4,0,9,3,1,1,3,4,0
"0000001147","SWE_2022","Sweden",1.1901,51,1,4,4,0,5,2,4,2,3,752,1,22,2,3,3,99,99,2,1,9,9,9,2,9,9,8,3,3,3,3,3,9,9,1,1,5,1,752001,1,1,2,1,1,752001,4,10,0,0,8,7,0,9,0,10,0,0,9,9,0,9,0,0,10,10,0,6,10,3,7,1,2,1,2,3,3,3,2,4,1
"0000001100","SWE_2022","Sweden",1.5316,29,1,5,4,1,5,1,2,4,1,752,1,1,3,1,5,7,5,1,1,9,9,9,9,2,9,6,3,3,3,1,3,1,4,2,2,9,1,752007,0,1,4,1,1,752007,5,7,0,0,9,5,0,10,0,4,0,0,10,10,0,10,0,3,10,10,0,5,10,0,10,0,2,0,2,4,2,3,3,4,1
"0000000754","SWE_2022","Sweden",0.91,50,0,4,1,0,1,9,1,5,1,752,0,14,1,1,7,7,7,1,1,5,5,5,5,5,5,10,1,1,1,1,1,1,2,2,2,2,1,752005,0,1,1,1,1,752005,5,6,0,5,1,10,5,2,6,8,0,5,2,10,4,2,5,2,10,8,0,5,7,1,7,6,1,1,1,3,1,3,3,3,1
"0000001193","SWE_2022","Sweden",1.0931,61,1,3,2,1,1,2,2,2,1,752,0,13,1,2,7,7,7,1,1,1,5,5,5,3,2,10,3,3,2,2,3,3,3,2,2,3,1,752001,1,1,1,1,1,752001,5,10,5,5,5,5,0,0,0,10,9,9,0,0,0,0,0,0,10,10,0,10,10,0,5,0,2,1,1,3,3,3,3,3,0
"0000000630","SWE_2022","Sweden",0.7712,63,0,8,2,0,1,1,2,4,1,752,0,20,2,2,7,7,6,1,1,2,5,5,5,4,4,8,1,2,2,2,2,2,3,2,2,4,1,752005,0,1,2,1,1,752005,5,6,1,6,2,9,6,5,7,9,8,6,3,9,6,4,6,5,5,9,0,6,8,2,7,5,2,1,2,3,2,4,3,3,1
"0000000181","SWE_2022","Sweden",1.0805,29,0,8,4,0,1,1,2,2,1,752,0,5,2,1,1,6,4,1,2,1,2,2,2,2,2,9,2,2,2,2,2,2,2,4,3,5,1,999999,999999,9,4,1,1,999992,4,4,8,9,0,5,9,0,8,7,9,9,7,2,9,0,9,4,7,9,0,5,9,1,7,8,4,0,2,2,2,4,3,3,1
"0000002236","SWE_2022","Sweden",0.6234,75,0,5,1,0,7,1,2,3,1,752,0,1,2,2,7,7,4,2,1,3,4,4,5,3,3,9,2,2,2,2,2,2,3,2,2,3,1,752001,1,2,2,1,1,752001,4,8,2,1,4,4,2,8,4,9,6,1,4,4,1,7,7,3,6,10,0,8,8,2,6,3,2,1,9,3,2,2,2,2,0
"0000001194","SWE_2022","Sweden",2.2604,18,1,3,4,0,6,9,9,5,2,752,0,14,2,3,7,4,7,2,1,2,4,3,4,2,4,6,2,3,3,2,3,2,3,2,2,3,1,752001,1,2,2,2,0,999999,4,9,0,5,6,7,2,7,6,9,0,6,4,7,2,4,5,3,10,8,1,4,9,4,7,99,2,1,2,2,2,4,3,3,1
"0000002394","SWE_2022","Sweden",0.7489,78,1,3,2,1,7,2,1,9,2,752,0,21,1,2,7,99,99,2,1,1,5,9,5,3,3,8,2,2,3,2,3,3,4,2,1,3,1,752001,1,1,2,2,1,752006,3,10,0,2,7,8,0,6,4,10,0,2,7,8,0,6,4,4,10,10,1,6,10,3,10,4,2,0,3,2,1,2,1,3,1
"0000002574","SWE_2022","Sweden",0.7489,83,1,6,1,0,7,1,2,3,9,752,0,1,3,9,4,1,0,2,1,1,2,3,5,2,5,6,2,2,2,2,3,2,9,2,2,4,1,752005,0,9,4,1,1,752008,4,5,0,2,0,8,0,8,8,9,0,8,0,8,0,8,9,99,99,99,99,99,99,99,99,99,2,0,3,3,3,9,9,9,1
"0000002744","SWE_2022","Sweden",0.5283,76,0,7,1,9,7,1,2,3,2,752,0,12,2,2,7,7,0,2,1,3,3,5,5,5,5,8,2,2,2,2,2,2,3,3,3,4,1,999999,999999,9,2,1,1,999999,4,5,7,9,1,5,7,5,7,8,7,7,5,5,7,5,7,5,9,9,2,6,7,4,7,8,2,0,2,3,1,2,2,3,0
"0000000963","SWE_2022","Sweden",0.7489,65,1,5,1,0,7,2,1,2,1,900,9,14,1,3,4,0,0,4,1,3,3,3,5,5,5,9,2,2,2,2,3,2,4,2,3,4,1,752003,0,1,1,1,1,752006,5,8,1,9,1,5,6,1,5,8,6,9,1,5,6,1,5,3,8,10,0,6,7,3,7,8,2,0,9,3,2,4,3,3,1
"0000000703","SWE_2022","Sweden",0.7712,54,0,8,4,0,2,9,9,3,3,752,0,1,3,2,4,2,5,2,1,2,5,4,5,2,2,9,2,2,2,1,3,1,4,2,1,4,1,752007,0,2,4,2,1,752004,4,8,1,2,9,5,2,9,4,9,1,1,9,5,1,7,4,4,8,9,1,6,9,2,6,2,2,1,2,3,2,4,3,3,0
"0000002430","SWE_2022","Sweden",1,43,0,6,4,0,7,1,1,4,1,752,0,17,2,1,99,99,7,1,1,2,2,3,2,2,2,9,1,1,1,1,2,3,3,1,1,2,1,752001,1,9,1,1,1,752001,5,10,0,5,8,9,4,8,6,10,2,6,8,10,4,9,6,0,10,10,3,3,10,2,7,0,2,1,1,2,1,5,2,1,1
"0000001997","SWE_2022","Sweden",0.5247,71,1,7,3,0,7,1,2,2,1,752,0,12,2,2,5,7,0,2,1,1,5,5,5,5,5,7,2,2,2,1,3,2,4,2,9,3,1,752001,1,2,2,1,1,752003,3,8,0,2,1,2,0,2,2,9,0,0,1,1,0,1,3,99,99,99,99,99,99,99,99,4,2,1,2,3,4,3,3,3,0
"0000001265","SWE_2022","Sweden",1.6674,34,1,99,1,9,99,9,9,9,9,752,0,1,9,2,0,5,7,2,9,9,9,9,9,9,9,99,9,9,9,9,9,9,9,9,9,9,99,999999,999999,9,9,9,99,999999,9,99,99,99,99,99,99,99,99,99,99,99,99,99,99,99,99,99,99,99,99,99,99,99,99,99,9,9,9,9,9,9,9,9,9
"0000001439","SWE_2022","Sweden",0.91,58,0,6,1,1,1,1,2,5,2,752,0,1,4,2,1,7,7,2,2,1,5,5,5,5,5,9,2,2,1,1,3,2,3,1,1,2,1,752005,0,2,2,1,1,752001,5,8,0,0,3,8,0,3,0,9,0,0,9,10,0,4,3,3,10,9,0,5,10,2,8,4,1,0,3,3,3,2,2,4,1
"0000001698","SWE_2022","Sweden",0.6234,65,0,6,4,0,7,1,2,5,1,752,0,14,1,2,7,7,1,1,1,1,3,3,3,3,4,8,2,2,2,1,2,2,3,3,2,5,1,752006,0,2,1,1,1,752003,5,1,8,9,0,1,9,2,7,99,99,99,99,99,99,99,99,1,8,9,0,5,9,3,7,9,2,0,2,2,4,2,2,2,1
"0000000738","SWE_2022","Sweden",0.5283,72,0,8,1,1,7,1,4,3,4,752,0,1,3,1,7,1,0,2,1,3,5,5,5,5,5,9,1,2,2,2,2,1,4,2,2,4,1,752007,0,1,2,1,1,752004,5,8,0,2,10,7,2,9,3,10,0,1,9,7,1,8,2,1,10,9,0,5,9,2,7,1,1,1,2,3,4,3,3,3,0
"0000000753","SWE_2022","Sweden",0.7712,63,0,8,3,1,1,1,2,5,1,752,0,1,3,3,4,0,0,2,1,1,5,5,5,3,4,9,1,1,2,1,2,3,4,2,2,4,1,752001,1,4,2,2,1,752006,4,9,5,8,7,8,7,7,7,9,4,8,7,8,6,6,7,3,8,8,2,5,6,4,5,5,2,0,2,3,3,3,9,3,1
"0000000706","SWE_2022","Sweden",1.1984,50,0,5,1,0,1,4,2,4,1,752,1,18,4,3,5,7,7,2,1,1,5,3,5,2,1,9,1,1,1,1,2,2,3,2,2,5,1,752003,0,1,1,1,1,752001,4,6,0,8,3,6,6,3,6,8,8,6,3,4,7,0,8,3,9,7,1,5,7,3,6,7,2,0,9,3,2,4,4,4,1
"0000001574","SWE_2022","Sweden",1.5282,60,0,3,4,1,1,2,2,5,1,900,1,14,2,2,5,7,0,2,1,3,4,4,5,4,3,9,1,2,2,1,3,2,4,2,1,4,0,999999,999999,9,4,1,1,752001,5,7,4,3,4,6,3,0,4,6,6,6,6,7,7,1,6,4,7,8,2,6,8,5,7,4,2,0,3,2,3,4,3,3,1
"0000000197","SWE_2022","Sweden",1.1984,42,0,6,1,1,5,1,1,5,2,752,0,18,2,3,1,7,7,2,3,2,2,2,2,1,3,7,1,2,3,1,3,3,3,2,1,4,1,752001,1,2,2,2,1,752003,4,10,7,8,8,6,7,8,7,9,7,8,7,8,7,7,8,7,2,6,5,4,3,4,3,5,2,0,9,2,2,4,2,4,1
"0000001278","SWE_2022","Sweden",1.2661,28,1,5,4,1,1,2,1,3,3,752,0,20,2,2,0,4,7,1,2,1,4,5,4,1,2,7,2,2,3,1,3,2,3,2,2,4,1,752001,1,2,2,3,1,752004,5,10,0,6,6,10,2,6,5,9,0,5,5,9,3,5,5,3,10,8,0,4,8,5,7,4,2,0,2,2,2,3,3,4,1
"0000002518","SWE_2022","Sweden",0.5247,73,1,8,1,1,7,9,9,5,1,752,0,21,2,2,7,3,0,1,1,3,4,5,5,2,3,8,2,2,2,2,3,2,9,2,1,5,1,752001,1,1,1,1,1,752001,5,9,0,7,7,8,1,7,7,10,1,4,6,8,1,7,6,2,10,9,1,6,9,3,6,3,1,1,2,9,2,2,1,3,1
"0000001097","SWE_2022","Sweden",1.2661,29,1,3,4,1,6,9,2,2,1,752,0,10,1,2,3,0,7,2,1,1,4,4,5,2,4,8,2,3,2,1,3,2,4,2,2,5,1,752005,0,2,1,1,1,752005,5,9,0,1,9,9,4,6,0,8,0,2,9,9,0,5,5,1,5,10,0,3,8,4,8,1,2,0,9,2,1,3,4,3,1
"0000002434","SWE_2022","Sweden",0.6191,73,1,5,1,0,7,1,2,2,3,752,0,21,1,2,0,0,0,2,1,3,4,3,5,5,2,8,2,2,2,2,3,1,4,2,2,3,1,752005,0,2,2,1,1,752005,2,6,0,6,3,9,2,3,4,8,7,7,3,10,5,3,6,4,4,10,0,6,8,3,7,6,2,0,2,3,3,3,3,3,1
"0000000324","SWE_2022","Sweden",0.7658,42,1,8,1,1,1,1,1,5,1,901,9,14,4,3,4,4,7,2,1,5,2,3,5,4,5,9,2,2,2,2,3,3,4,2,2,4,1,752005,0,2,2,2,0,999999,4,9,0,7,5,10,5,9,5,9,0,7,10,10,5,9,5,0,9,5,5,1,8,4,1,5,2,0,2,3,2,3,2,4,1
"0000002126","SWE_2022","Sweden",1.0396,76,1,4,4,0,7,1,2,1,2,752,0,12,2,3,7,0,0,3,1,2,4,5,2,2,3,8,2,2,2,2,3,2,3,2,2,3,1,752001,1,2,2,1,1,752003,3,9,1,3,7,7,2,7,7,9,1,3,7,7,2,7,7,4,9,8,2,5,8,5,8,5,2,0,9,3,3,2,2,3,1
"0000000135","SWE_2022","Sweden",0.9037,52,1,5,4,1,1,1,1,5,2,752,0,14,1,3,2,3,7,2,2,3,3,3,4,4,4,3,3,3,3,2,3,3,3,3,2,5,1,752002,0,1,2,2,1,752002,4,0,9,6,5,5,7,1,5,0,10,7,5,3,5,4,5,99,99,99,99,99,99,99,99,99,4,1,2,2,3,3,3,3,1
"0000001566","SWE_2022","Sweden",1.275,33,0,7,4,0,1,2,2,2,1,752,0,12,4,1,0,3,7,2,1,1,5,3,5,2,2,9,2,3,2,1,3,2,4,3,2,5,1,752008,0,2,4,1,1,752003,4,6,1,7,1,3,7,1,7,7,0,6,2,99,8,0,7,4,10,8,0,6,8,1,7,5,2,0,9,1,4,3,3,3,1
"0000000858","SWE_2022","Sweden",0.7658,42,1,7,1,1,1,1,2,3,1,752,1,20,2,3,4,2,6,3,1,9,9,9,5,5,5,7,2,3,2,1,4,2,3,2,2,5,1,752003,0,4,4,1,1,999999,3,7,0,8,0,8,7,1,7,9,0,7,5,3,6,2,4,3,10,8,0,5,9,3,7,6,2,0,9,2,3,3,3,4,0
"0000001557","SWE_2022","Sweden",1.1984,46,0,4,4,1,5,2,2,4,1,752,1,17,1,2,4,4,2,3,2,2,2,2,3,2,2,6,3,3,2,1,3,3,3,3,2,4,1,752002,0,2,2,4,1,752006,2,7,9,8,6,0,8,0,9,6,9,8,5,0,8,0,8,3,10,7,8,1,8,0,7,7,4,0,2,3,3,4,4,3,1
"0000002187","SWE_2022","Sweden",0.5283,91,0,8,1,0,7,4,2,1,3,900,9,8,2,1,7,0,0,2,1,1,1,1,9,1,9,7,1,2,2,2,3,4,3,2,2,2,1,752002,0,2,1,1,1,752003,5,5,7,6,2,5,4,4,5,10,8,5,5,7,5,5,5,4,10,9,0,4,5,3,7,8,2,1,3,2,2,3,3,3,1
"0000002818","SWE_2022","Sweden",0.7489,77,1,4,2,0,7,1,2,1,1,752,0,1,3,9,99,99,99,5,3,3,2,5,9,9,5,99,3,3,3,2,3,3,3,4,3,4,1,752003,0,2,9,1,1,999999,4,5,5,5,5,5,5,5,5,5,5,5,5,5,5,5,5,2,5,9,1,2,6,0,8,9,2,0,9,2,4,2,3,4,1
"0000001881","SWE_2022","Sweden",1.1487,25,0,7,4,0,5,9,9,3,1,752,0,13,2,2,3,7,7,2,1,3,2,3,4,3,1,8,3,2,3,2,3,3,3,3,3,4,1,752002,0,2,2,2,1,752002,5,2,9,8,1,2,8,1,6,2,10,8,5,0,10,0,5,2,8,9,0,2,9,0,6,9,2,1,2,2,3,3,3,4,1
"0000002230","SWE_2022","Sweden",1.1092,76,0,2,1,0,7,2,2,1,2,752,0,25,2,1,7,7,0,1,1,3,1,3,5,5,5,10,2,1,3,1,2,3,3,4,3,5,1,752002,0,1,1,1,1,752002,5,0,10,10,0,0,9,0,4,0,10,9,0,0,9,0,6,0,10,10,0,3,10,0,10,10,2,1,1,4,1,1,2,3,1
"0000001017","SWE_2022","Sweden",1.0931,62,1,5,3,1,1,1,1,4,1,752,0,5,3,2,7,7,1,2,1,2,3,2,3,3,3,9,1,1,1,1,2,2,3,1,1,3,1,752001,1,2,2,2,1,752001,4,10,0,1,4,10,3,7,3,10,0,0,0,10,1,2,2,2,10,10,0,3,9,5,8,4,2,1,9,2,1,3,3,3,1
"0000000043","SWE_2022","Sweden",0.7896,51,0,9,1,0,2,1,2,5,2,752,0,3,1,1,2,7,7,1,1,1,5,3,2,3,4,10,1,2,2,2,2,3,4,4,3,5,1,752006,0,1,1,1,1,752006,5,1,9,8,0,3,10,0,5,0,8,9,0,2,9,0,8,1,7,8,0,3,10,0,6,10,2,1,2,2,3,4,3,3,1
"0000000823","SWE_2022","Sweden",1.1008,63,0,4,4,1,2,1,2,4,1,752,0,1,3,2,1,7,7,1,1,1,5,2,5,5,4,9,2,1,3,2,2,2,3,2,3,5,1,752001,1,1,2,2,1,752001,4,9,1,6,2,7,3,8,2,8,1,2,2,7,2,3,2,2,8,8,0,5,8,2,6,3,2,0,9,3,3,3,2,3,1
"0000002410","SWE_2022","Sweden",1.1092,86,0,2,2,1,7,2,2,1,9,752,0,3,2,2,3,0,0,2,1,3,3,5,5,5,5,8,2,2,2,2,2,3,4,2,2,2,1,752004,0,1,1,1,1,752004,5,9,0,2,10,2,0,8,1,10,0,0,10,6,0,7,2,1,10,10,0,6,10,1,6,99,2,0,3,2,2,2,1,3,0
"0000000292","SWE_2022","Sweden",1.073,40,1,7,4,1,2,2,1,5,1,752,0,14,2,2,0,7,7,2,1,1,5,5,5,5,5,10,2,2,1,1,2,2,3,2,2,4,1,752007,0,2,2,1,1,752004,5,9,0,1,10,7,0,10,1,9,0,0,9,8,0,9,1,3,10,9,0,5,9,1,7,1,1,1,2,3,2,4,3,3,1
"0000000910","SWE_2022","Sweden",0.6191,68,1,7,3,0,2,1,1,3,1,752,0,14,1,2,0,7,7,2,1,1,5,5,5,5,4,9,2,1,1,1,3,2,4,1,2,3,1,752007,0,1,1,1,1,752001,5,10,0,0,5,5,0,10,5,10,0,0,5,7,0,10,4,4,10,10,0,7,10,3,7,3,2,0,2,4,4,4,3,3,1
"0000001040","SWE_2022","Sweden",1.0931,59,1,5,3,1,1,1,1,2,1,752,0,4,2,3,7,7,1,3,1,1,4,4,5,4,2,7,2,2,2,1,3,2,3,1,2,2,1,752001,1,1,2,1,1,752001,5,10,5,1,8,7,0,2,5,10,4,0,6,7,0,5,2,2,7,9,1,4,9,3,7,3,2,0,2,3,3,3,2,3,0
"0000002386","SWE_2022","Sweden",0.7541,72,0,2,1,0,7,2,2,2,1,752,0,4,2,2,1,0,0,2,1,5,5,5,5,5,5,9,2,2,2,3,2,3,3,2,2,4,1,752001,1,2,2,2,1,752001,4,10,9,1,4,2,1,0,4,9,9,8,3,2,2,4,3,3,9,4,1,3,7,1,5,4,2,1,2,3,2,3,3,4,0
"0000000036","SWE_2022","Sweden",1.1901,52,1,3,1,1,1,1,2,5,1,752,1,1,3,3,1,3,0,3,1,2,3,3,2,2,4,9,2,2,2,2,2,3,4,2,2,4,1,752003,0,9,1,2,1,752003,4,8,8,9,0,5,9,7,8,9,9,7,2,5,8,5,9,10,10,99,0,4,10,2,10,10,2,0,2,2,2,3,3,2,1
"0000002403","SWE_2022","Sweden",1.1092,83,0,2,4,0,99,9,2,1,9,752,0,12,2,3,99,99,99,3,1,1,1,3,9,9,9,99,9,9,9,9,9,9,9,9,9,3,99,999999,999999,9,9,1,99,752001,5,10,99,99,99,99,99,99,99,10,99,99,99,99,99,99,99,10,99,99,99,99,99,99,99,99,2,9,2,9,2,9,9,3,0
"0000000561","SWE_2022","Sweden",1.0931,55,1,99,4,9,99,9,9,9,9,752,0,1,9,3,4,7,7,3,1,1,5,3,5,5,2,5,9,9,9,2,3,4,4,2,2,9,1,752001,1,9,9,9,1,752001,2,99,99,99,99,99,99,99,99,9,99,99,99,99,99,99,99,99,99,99,99,99,99,99,99,99,9,9,9,9,9,9,9,9,9
"0000001359","SWE_2022","Sweden",1.0931,64,1,99,3,1,1,2,1,2,9,752,0,20,1,3,5,0,7,3,1,1,2,3,5,5,5,8,3,3,3,9,2,3,4,4,3,4,1,752002,0,2,2,1,1,752001,3,6,9,8,5,5,8,0,8,7,9,8,5,4,9,0,5,0,9,10,0,5,8,0,99,6,2,0,3,3,1,3,3,3,0
"0000001435","SWE_2022","Sweden",1.2661,33,1,5,4,1,1,1,1,3,1,752,0,3,2,3,2,6,7,2,1,1,4,4,4,2,4,8,2,2,3,1,3,2,4,3,3,5,1,752001,1,4,4,2,1,752001,3,8,0,7,4,6,0,6,5,10,0,5,3,4,0,3,5,0,10,10,0,3,10,3,8,5,2,0,9,3,2,5,4,3,1
"0000001500","SWE_2022","Sweden",1.1008,51,0,3,1,0,1,2,2,3,1,752,0,13,1,2,7,6,7,2,1,3,2,3,5,5,5,9,1,2,3,2,2,2,3,2,1,4,1,752003,0,1,1,1,1,752003,5,8,8,10,1,7,5,0,7,9,7,9,5,9,5,0,7,4,10,7,0,5,10,1,5,99,1,0,2,2,2,2,1,1,0
"0000002534","SWE_2022","Sweden",1.0396,66,1,3,1,0,7,2,2,9,1,752,0,8,1,3,3,1,4,2,1,3,1,2,5,5,3,8,3,3,2,3,3,2,3,3,3,4,1,752008,0,2,2,1,1,752006,3,0,5,8,0,1,7,0,9,7,8,8,0,0,8,0,8,5,10,10,0,2,6,2,6,5,2,0,2,2,2,3,3,3,1
"0000000225","SWE_2022","Sweden",0.9037,42,1,8,4,1,1,1,2,3,1,752,0,1,3,1,5,0,6,1,1,1,5,5,5,2,4,8,2,2,2,1,3,2,4,2,2,4,1,752007,0,1,1,1,1,752004,5,7,0,1,8,4,1,9,3,8,0,0,8,8,0,9,2,4,10,9,0,7,10,1,8,1,2,1,1,3,4,2,4,3,1
"0000001049","SWE_2022","Sweden",1.1901,44,1,4,1,0,1,4,2,4,3,752,0,9,1,3,3,7,7,2,3,2,4,5,5,4,4,8,1,1,1,2,3,1,4,2,2,4,1,752005,0,2,2,1,1,752007,5,10,0,0,0,10,0,7,0,10,0,0,6,10,0,6,0,0,10,8,0,5,9,1,7,3,2,0,3,3,3,3,3,1,1
"0000000161","SWE_2022","Sweden",0.7712,48,0,7,4,1,1,1,2,3,1,752,0,21,1,2,7,7,0,1,1,1,4,3,5,5,5,7,2,3,3,2,4,2,4,1,2,4,1,752008,0,2,4,1,99,999999,9,99,99,99,99,99,99,99,99,99,99,99,99,99,99,99,99,3,8,8,1,6,8,0,5,5,4,0,2,2,3,3,2,3,1
"0000001242","SWE_2022","Sweden",1.1901,49,1,99,1,0,1,9,2,4,9,752,0,1,1,3,99,5,7,2,1,1,5,3,5,5,5,10,2,2,2,9,2,2,3,2,1,4,1,752003,0,2,2,1,1,752003,4,6,2,9,0,4,7,5,5,9,5,7,0,4,3,5,6,4,9,8,0,5,9,3,6,8,2,0,2,2,2,2,3,3,1
"0000002742","SWE_2022","Sweden",1.0931,63,1,6,1,0,7,2,2,5,1,900,1,3,1,1,5,0,7,1,1,5,5,1,5,5,2,4,2,2,3,3,3,4,2,4,2,5,1,752002,0,2,2,1,1,752002,4,1,9,7,1,1,8,0,6,1,10,8,4,0,9,0,6,2,7,10,0,1,9,0,5,7,2,1,2,3,4,2,4,3,1
"0000000655","SWE_2022","Sweden",0.91,43,0,5,1,0,1,1,2,5,2,752,0,1,3,2,1,1,6,2,1,1,5,3,5,5,4,10,1,2,2,2,3,2,3,3,2,4,1,752006,0,2,2,1,1,752006,4,4,0,9,0,5,10,0,7,1,0,8,2,5,8,0,6,3,10,8,0,5,8,1,7,7,1,0,2,2,1,3,3,3,1
"0000000849","SWE_2022","Sweden",0.7712,47,0,8,1,0,1,1,2,5,1,752,1,12,3,2,0,7,3,1,1,1,5,5,3,3,2,9,2,2,2,2,3,3,4,3,3,4,1,999999,999999,9,1,1,1,999999,4,1,3,7,0,5,5,0,6,4,3,7,0,5,4,0,5,4,9,7,1,5,8,2,6,7,1,0,2,1,1,3,3,3,1
"0000000564","SWE_2022","Sweden",0.91,57,0,6,1,1,1,1,2,4,1,752,1,14,4,2,7,0,0,2,1,2,2,1,2,2,4,10,2,2,2,1,2,1,3,3,3,4,1,752002,0,1,1,1,1,752002,5,4,10,9,0,4,9,0,7,5,10,10,0,3,10,0,9,4,9,8,0,4,8,1,6,9,1,1,1,2,2,3,3,2,0
"0000002417","SWE_2022","Sweden",0.5283,75,0,8,3,0,7,1,1,2,6,752,0,14,1,1,6,7,0,1,1,1,5,5,5,5,3,8,2,2,2,2,3,2,4,2,2,4,1,752005,0,4,2,1,1,752007,5,7,0,3,1,6,2,6,4,8,0,3,1,6,1,1,2,4,9,8,2,5,8,3,7,4,2,0,9,3,2,2,2,3,1
"0000000750","SWE_2022","Sweden",0.7658,61,1,8,4,1,1,1,1,5,4,752,0,12,2,1,3,7,7,2,1,1,5,5,5,4,4,8,1,2,2,2,3,1,3,2,2,2,1,752001,1,1,1,9,1,752001,5,9,0,2,7,6,1,7,4,9,0,1,6,8,0,8,8,99,99,99,99,99,99,99,99,99,9,9,9,3,3,9,9,9,9
"0000002357","SWE_2022","Sweden",0.7658,64,1,7,1,1,7,1,2,2,3,752,1,20,1,2,7,7,5,2,1,1,4,5,5,4,5,9,1,2,2,2,3,2,4,2,2,4,1,752003,0,2,2,1,1,752003,4,6,0,9,1,7,8,3,8,7,1,5,5,3,5,4,7,5,6,9,0,6,9,3,8,8,2,1,9,2,2,4,3,3,1
"0000001641","SWE_2022","Sweden",1.0805,28,0,8,4,0,1,4,2,2,1,752,0,1,4,3,3,2,1,2,1,3,4,5,5,2,2,9,2,2,2,1,3,2,3,2,2,4,1,752003,0,2,4,1,1,752008,4,8,1,8,0,6,3,0,7,9,9,8,9,0,8,0,7,6,9,8,0,5,9,1,5,6,2,0,3,2,2,5,3,2,1
"0000001414","SWE_2022","Sweden",0.7658,51,1,7,1,1,1,2,2,4,1,752,0,12,1,1,6,7,7,1,1,1,5,5,5,5,5,9,1,1,1,1,2,1,3,1,1,4,1,752001,1,1,1,1,1,752001,5,10,0,1,7,4,0,7,1,10,0,1,6,6,0,7,1,7,0,1,9,3,0,6,2,8,1,1,1,4,2,2,2,3,0
"0000000988","SWE_2022","Sweden",1.346,24,1,4,4,1,6,2,2,1,1,752,1,21,2,2,1,4,7,2,1,1,5,3,5,2,3,8,2,3,2,1,4,2,4,2,2,4,1,752004,0,2,4,3,1,752004,4,6,0,4,8,6,0,6,5,6,0,4,5,6,1,5,5,3,10,7,1,5,10,2,5,2,2,0,2,3,3,5,3,3,0
"0000002309","SWE_2022","Sweden",0.5247,72,1,7,3,0,7,1,1,1,2,752,0,20,1,2,7,7,7,1,1,1,5,5,5,5,5,99,2,2,2,2,2,2,3,2,2,5,1,752001,1,2,2,1,1,752004,5,9,0,0,9,5,0,1,3,10,0,0,8,7,0,3,5,2,9,9,1,4,9,3,6,2,1,1,2,2,2,3,3,3,1
"0000001431","SWE_2022","Sweden",1.275,39,0,5,1,1,5,2,2,4,1,752,0,1,3,2,4,1,0,2,1,1,4,3,3,3,3,8,2,2,2,1,2,2,3,2,2,5,1,752001,1,1,2,3,1,752004,4,9,0,4,9,6,2,7,4,9,0,3,9,6,2,5,4,3,10,8,1,5,9,4,6,2,2,1,2,4,4,4,3,3,1
"0000002262","SWE_2022","Sweden",1.1092,82,0,2,3,1,7,2,2,1,1,752,0,1,3,2,5,0,0,3,3,1,2,3,5,5,2,99,3,3,4,2,3,4,4,2,2,3,1,752001,1,2,1,1,1,752001,4,9,99,99,99,99,99,99,99,10,99,99,99,99,99,99,99,0,99,99,99,99,99,99,99,1,1,0,9,2,3,1,1,3,1
"0000001577","SWE_2022","Sweden",1.1008,52,0,3,3,1,1,2,2,2,1,752,0,20,2,2,5,0,0,2,1,1,2,5,5,5,2,5,2,2,2,2,3,2,3,2,2,4,1,752001,1,1,1,3,1,752002,4,9,5,0,5,5,4,8,2,10,5,0,4,7,0,5,3,1,9,10,4,5,9,4,6,1,4,1,2,2,2,4,2,3,0
"0000001056","SWE_2022","Sweden",1.6674,36,1,4,1,1,1,9,1,2,1,752,0,14,3,2,0,1,1,2,1,1,1,2,5,2,2,8,3,3,3,2,3,3,3,4,3,4,1,752003,0,1,1,2,1,752001,5,5,5,8,5,5,5,5,5,5,5,5,8,5,5,5,5,0,10,10,0,2,10,2,10,8,2,0,9,3,3,4,4,3,0
"0000001065","SWE_2022","Sweden",1.7726,25,1,4,4,1,5,2,1,9,1,752,0,3,2,2,0,6,7,2,1,2,5,5,5,2,3,5,2,3,2,1,3,2,3,2,1,3,1,752007,0,1,2,1,1,752004,5,9,0,0,10,7,0,10,1,99,99,99,99,99,99,99,99,3,10,10,0,6,10,1,10,0,2,1,1,3,3,5,4,3,1
"0000001146","SWE_2022","Sweden",1.1008,48,0,6,1,9,5,2,2,3,6,901,9,1,2,3,0,1,5,3,1,2,1,3,2,1,3,10,2,1,2,3,9,2,1,4,3,3,1,752006,0,1,2,1,1,752002,3,99,0,0,7,7,0,99,8,10,0,0,9,10,0,7,8,0,10,0,0,10,10,10,0,10,1,0,9,2,1,1,1,1,1
"0000000121","SWE_2022","Sweden",0.7658,53,1,6,3,0,1,1,1,4,2,752,0,14,4,3,6,7,7,1,1,4,5,5,5,5,5,8,2,2,2,2,3,2,3,3,3,4,1,752003,0,1,2,1,1,752003,4,0,3,9,0,7,7,0,7,0,3,9,0,5,8,0,5,2,10,9,0,4,8,1,6,8,2,0,3,2,2,4,2,2,1
"0000002439","SWE_2022","Sweden",0.7541,78,0,3,1,0,7,9,2,1,2,752,0,17,1,2,7,7,7,2,1,2,2,2,4,4,2,9,1,1,1,2,2,2,2,1,2,2,1,752001,1,1,1,1,1,752001,5,99,0,99,6,9,5,5,5,10,0,6,6,9,5,5,6,3,10,8,1,4,8,3,7,3,2,1,1,2,1,3,2,3,0
"0000002567","SWE_2022","Sweden",0.7541,68,0,3,1,0,7,1,2,3,1,752,0,12,1,2,2,7,7,2,1,3,2,3,5,5,3,9,2,2,3,2,3,2,3,2,2,5,1,752002,0,2,2,2,1,752003,4,2,8,9,1,5,6,0,5,6,8,8,1,1,7,0,5,3,9,8,0,5,7,3,7,8,2,0,9,2,3,2,2,3,1
"0000001038","SWE_2022","Sweden",1.1901,51,1,4,4,1,1,2,1,9,1,752,1,14,3,2,1,3,3,2,2,2,2,2,3,3,3,6,4,4,4,3,4,3,4,3,2,5,1,999999,999999,9,4,3,1,999999,3,5,5,5,5,5,5,5,5,8,0,5,4,8,0,5,5,4,4,4,4,4,4,4,4,4,2,0,9,4,4,3,2,1,1
"0000001176","SWE_2022","Sweden",1.1901,58,1,6,1,1,2,1,2,5,6,752,0,1,3,2,7,4,7,2,1,1,5,3,2,2,4,9,1,2,2,2,9,2,3,2,2,5,1,752005,0,2,1,1,1,752005,4,5,0,7,0,9,7,3,9,99,99,99,99,99,99,99,99,4,10,8,0,6,8,2,6,6,1,0,9,2,2,3,3,3,1
"0000000519","SWE_2022","Sweden",1.0805,32,0,7,4,0,1,1,1,2,2,752,1,12,2,1,4,7,7,1,1,1,4,3,5,3,3,8,2,2,1,1,3,2,4,3,2,4,1,752003,0,4,4,2,1,752006,4,3,0,8,1,9,8,1,9,7,5,8,10,0,3,5,8,4,3,7,0,8,5,1,6,6,2,0,3,1,2,4,3,3,1
"0000001391","SWE_2022","Sweden",1.1984,50,0,4,4,1,1,2,1,3,1,752,0,23,2,3,4,6,4,1,2,2,3,1,5,9,9,10,1,1,1,2,3,3,2,4,4,5,1,752006,0,2,4,2,1,752003,5,1,10,9,0,0,10,0,8,0,10,9,0,1,10,0,8,5,8,10,0,1,9,0,7,9,1,1,2,3,3,2,1,2,1
"0000001115","SWE_2022","Sweden",1.6791,28,0,4,4,1,1,2,2,4,1,752,0,14,2,3,0,0,6,4,1,1,4,1,5,2,5,8,2,2,2,3,3,3,3,2,2,5,1,752001,1,2,2,2,1,752001,4,8,0,6,6,5,0,5,5,7,0,5,7,5,0,5,5,4,9,10,1,7,9,2,6,4,2,0,3,3,2,5,4,5,1
"0000001172","SWE_2022","Sweden",1.6791,27,0,4,1,9,10,2,1,9,1,752,0,24,2,2,5,7,0,2,1,1,2,3,5,1,2,5,3,3,2,2,3,4,4,3,2,4,1,999999,999999,9,1,1,1,752003,3,5,7,8,0,9,7,0,5,0,10,9,0,0,5,0,7,2,5,10,0,1,8,0,6,8,2,0,2,4,3,4,3,3,1
"0000001475","SWE_2022","Sweden",0.8153,71,1,4,2,0,7,1,2,4,2,752,0,12,1,2,5,7,3,3,1,2,2,3,5,3,3,5,2,2,2,2,2,2,3,2,2,4,1,999999,999999,9,4,2,1,999999,4,5,4,5,5,5,5,4,5,5,5,5,5,5,5,5,5,3,10,8,2,5,5,2,5,6,2,0,2,2,3,4,3,3,8
"0000000319","SWE_2022","Sweden",0.5247,78,1,9,4,1,7,1,1,1,3,752,0,1,4,2,5,2,0,1,1,3,4,5,5,5,5,8,3,2,2,1,3,9,9,2,2,2,1,752001,1,2,2,2,1,752001,3,9,0,1,7,1,0,6,6,10,0,0,6,1,0,5,1,4,10,10,0,6,10,6,7,3,4,1,2,3,3,2,3,3,1
"0000002264","SWE_2022","Sweden",1.7851,19,0,7,4,0,6,9,9,2,1,752,1,1,2,3,2,0,1,3,3,2,3,3,5,3,2,6,2,2,3,1,3,3,4,3,4,5,99,999999,999999,9,4,3,0,999999,2,6,1,3,8,7,2,2,4,4,0,6,8,5,5,5,5,2,9,8,1,2,8,2,6,4,4,0,9,2,3,2,9,4,1
"0000002288","SWE_2022","Sweden",1.0469,66,0,3,1,9,7,2,2,2,1,752,0,12,1,2,3,7,7,1,1,4,1,3,5,5,5,6,2,3,4,3,3,2,3,3,1,5,1,752002,0,2,2,1,1,752003,5,9,10,9,7,1,9,0,3,10,10,9,7,0,8,0,2,0,10,10,0,7,10,0,10,99,1,1,9,4,1,1,1,3,1
"0000000014","SWE_2022","Sweden",0.7712,53,0,8,1,1,1,1,2,5,3,752,0,14,2,1,4,7,7,1,1,1,5,4,2,2,2,7,3,3,1,2,3,3,3,4,4,5,1,752003,0,1,1,3,1,752003,5,3,6,8,0,0,7,0,7,0,7,5,0,0,6,0,6,3,10,10,0,4,10,0,7,10,4,1,1,3,4,4,4,3,1
"0000002110","SWE_2022","Sweden",0.821,69,0,9,4,0,1,1,2,1,9,901,9,1,3,2,0,0,1,1,1,1,1,1,1,2,3,0,2,2,2,2,2,2,2,2,2,2,0,999999,999999,9,2,4,0,999999,2,1,99,4,1,5,99,9,1,5,5,5,5,5,5,5,5,99,99,0,99,99,99,99,0,0,2,0,3,2,2,2,2,2,0
"0000001584","SWE_2022","Sweden",0.7541,67,0,4,1,0,1,1,2,4,2,752,0,14,3,2,3,5,7,1,1,5,3,3,5,5,5,10,2,2,3,2,2,3,3,4,4,5,1,999999,999999,9,1,1,1,752002,5,0,10,9,1,0,9,0,6,0,10,9,2,0,10,0,6,0,10,10,0,3,10,0,9,10,1,1,1,1,1,4,2,2,1
"0000001826","SWE_2022","Sweden",0.7489,88,1,4,1,0,7,1,2,4,1,752,0,1,2,2,7,2,1,2,1,1,4,2,4,1,4,6,2,2,2,2,3,2,3,3,3,3,1,752003,0,2,2,1,1,752003,5,5,5,9,0,2,8,0,6,7,6,9,0,5,8,0,6,2,5,10,0,3,8,0,7,8,2,0,9,2,2,4,4,3,0
"0000002776","SWE_2022","Sweden",1.7851,23,0,4,4,0,1,2,2,5,1,752,0,12,1,3,0,0,7,2,2,3,2,4,2,2,3,5,3,3,4,3,3,4,4,4,4,5,1,752002,0,1,1,4,1,752002,4,0,10,8,0,0,7,0,4,0,10,8,0,0,7,0,4,0,10,8,0,0,8,0,6,10,4,1,1,2,4,5,4,3,1
"0000000899","SWE_2022","Sweden",1.0931,64,1,4,3,1,1,1,2,2,1,752,0,1,3,3,1,5,6,3,3,3,2,4,3,3,3,8,3,3,3,2,3,3,3,3,2,5,1,752008,0,2,2,2,1,752001,2,7,1,7,4,7,6,3,8,7,4,3,2,7,7,3,7,5,10,10,3,8,9,8,8,6,2,0,9,3,1,2,2,2,1
"0000002256","SWE_2022","Sweden",1.5282,49,0,3,4,0,5,2,2,1,1,752,0,1,3,3,3,0,6,3,3,2,2,3,4,3,1,3,3,3,4,2,3,3,3,4,2,4,1,752001,1,4,4,3,99,999999,4,5,6,1,2,1,0,1,0,5,7,0,2,0,2,3,1,6,8,1,1,4,4,4,2,5,4,0,9,4,3,3,3,5,0
"0000001814","SWE_2022","Sweden",0.6234,86,0,3,1,0,7,1,2,2,1,752,0,9,2,3,0,0,0,1,1,5,1,4,5,3,3,10,1,1,1,1,1,1,3,2,2,5,1,999999,999999,9,1,1,99,752001,5,10,0,0,0,10,0,0,10,10,10,5,0,10,5,0,10,0,0,10,0,10,0,0,5,6,2,0,1,2,2,2,3,3,1
"0000000321","SWE_2022","Sweden",1.073,34,1,8,4,1,1,2,1,4,2,752,0,3,3,3,0,0,7,2,1,1,4,3,4,1,2,8,3,2,2,1,3,2,3,3,2,4,1,752005,0,2,2,2,1,752007,3,7,0,6,7,7,7,7,7,5,0,7,7,7,7,5,7,3,8,7,3,6,6,4,6,3,2,0,9,2,2,2,3,2,1
"0000000229","SWE_2022","Sweden",1.0931,47,1,6,4,1,1,1,2,5,2,752,0,1,3,3,5,1,7,2,1,1,4,2,3,3,3,8,2,2,2,2,3,2,3,2,2,4,1,752005,0,2,2,2,1,752001,3,8,0,4,3,8,4,5,3,8,0,2,4,9,4,6,3,1,5,9,5,3,4,3,4,3,2,0,3,3,2,4,3,3,1
"0000000474","SWE_2022","Sweden",1.073,35,1,7,1,1,1,2,1,4,1,752,0,14,2,3,0,7,7,2,1,3,4,3,5,2,2,8,2,2,3,2,2,2,2,2,2,4,1,752003,0,2,2,2,1,752003,3,6,99,8,2,6,5,5,6,6,2,8,2,5,5,5,5,5,10,99,0,5,4,5,5,6,2,0,9,3,2,3,3,3,1
"0000000726","SWE_2022","Sweden",0.7658,51,1,8,4,1,1,1,1,5,1,752,0,14,1,2,7,7,4,1,1,1,5,5,5,5,5,9,1,1,2,2,2,1,3,2,1,5,1,752007,0,2,2,1,1,752001,5,9,0,1,8,7,1,8,4,10,0,0,10,8,0,7,5,4,8,10,1,6,10,3,7,3,2,0,2,3,3,3,3,3,1
"0000000416","SWE_2022","Sweden",0.7658,62,1,7,1,1,1,1,1,2,2,752,9,12,2,3,2,0,2,2,1,1,2,3,5,2,2,7,2,2,3,2,3,3,3,2,2,4,1,752001,1,1,1,1,1,752008,5,9,0,3,7,5,2,3,3,9,0,0,7,3,3,3,3,2,10,9,0,4,6,3,8,2,2,1,2,3,3,3,3,4,1
"0000002283","SWE_2022","Sweden",0.5283,82,0,8,1,1,7,1,9,3,1,752,0,12,9,1,6,1,0,1,1,1,2,3,4,4,5,8,2,2,1,1,2,2,3,2,3,4,1,752008,0,1,2,2,1,752002,5,7,8,8,7,5,8,1,6,5,9,8,9,2,9,0,9,2,8,9,99,3,7,1,5,6,2,1,3,2,3,3,3,3,1
"0000002362","SWE_2022","Sweden",0.5247,71,1,6,1,0,7,1,1,2,1,752,1,20,1,3,2,99,99,2,1,2,3,1,9,9,9,99,9,9,9,9,9,9,9,9,9,4,99,999999,999999,9,9,2,1,752001,5,8,5,5,5,6,5,5,7,8,6,5,5,6,5,5,7,2,99,10,0,5,99,99,9,5,2,0,9,3,3,2,2,3,1
"0000002234","SWE_2022","Sweden",0.5247,72,1,8,1,0,7,1,1,2,2,752,0,3,1,1,5,4,4,2,2,2,2,5,4,2,4,8,2,3,3,2,3,2,3,2,2,5,1,752007,0,1,2,1,1,752007,4,7,0,2,3,8,0,9,3,10,3,0,2,10,0,9,5,5,10,9,2,6,10,5,7,4,2,1,2,4,3,2,3,2,0
"0000001879","SWE_2022","Sweden",0.7541,73,0,2,1,9,7,2,2,9,1,752,0,14,9,3,99,99,99,3,9,9,2,9,9,9,2,7,3,3,4,2,4,3,3,4,2,2,99,999999,999999,9,2,1,1,752003,3,0,9,9,0,0,8,0,0,0,8,9,0,0,9,0,0,3,8,8,0,0,7,0,6,5,2,1,3,3,2,2,2,2,1
"0000000575","SWE_2022","Sweden",0.5283,71,0,7,1,0,7,1,4,4,4,752,0,3,2,2,6,7,7,1,1,1,5,5,5,4,4,9,1,1,1,2,2,2,3,2,2,4,1,752005,0,2,2,1,1,752006,4,5,0,5,3,7,6,5,5,8,1,8,2,9,4,5,8,3,9,9,1,4,8,3,6,4,2,0,3,2,2,2,3,3,1
"0000001039","SWE_2022","Sweden",0.9037,54,1,5,1,1,1,9,1,3,3,752,0,14,1,3,1,0,0,2,1,1,5,3,5,5,2,9,2,2,2,2,2,2,4,2,2,5,1,752005,0,2,2,2,1,752005,4,99,0,9,99,9,99,99,99,99,99,9,99,9,99,99,99,99,99,99,99,99,99,99,99,7,2,0,9,4,3,5,3,4,0
"0000000069","SWE_2022","Sweden",1.073,28,1,8,1,1,1,1,2,4,1,752,1,1,3,2,3,3,7,2,1,3,3,4,5,2,2,8,2,2,3,1,3,2,3,2,2,4,1,752001,1,1,2,1,1,752001,5,8,0,5,7,7,3,5,5,8,0,5,7,10,3,5,5,3,8,10,0,7,10,5,99,3,2,0,2,3,3,4,3,3,1
"0000000104","SWE_2022","Sweden",1.6791,30,0,4,4,1,1,3,2,3,2,752,0,5,1,3,3,1,7,3,1,3,3,3,2,3,1,8,3,3,3,2,3,2,3,3,2,5,1,752005,0,9,4,2,1,752005,3,4,5,8,0,8,0,0,0,5,3,8,2,8,0,0,2,2,3,7,5,6,5,3,2,7,2,0,2,2,2,4,3,3,1
"0000001312","SWE_2022","Sweden",0.9037,62,1,7,3,0,1,2,1,1,1,752,0,23,1,3,7,7,0,1,1,1,5,1,5,5,1,5,1,3,3,2,3,3,4,4,4,5,1,752002,0,1,2,1,1,752002,5,0,10,9,0,0,0,0,1,0,10,10,0,1,0,0,0,0,10,10,0,3,2,0,4,10,4,1,1,2,2,4,4,3,0
"0000001969","SWE_2022","Sweden",1.1092,76,0,2,1,0,7,4,2,5,2,752,0,12,2,2,7,4,0,2,1,2,2,3,2,2,2,8,2,2,2,2,3,3,4,3,3,3,1,752002,0,1,2,1,1,752002,4,2,10,8,0,2,7,1,5,3,10,8,0,0,7,0,5,3,7,8,0,3,7,0,6,7,2,1,1,2,3,3,3,3,0
"0000001733","SWE_2022","Sweden",0.7541,74,0,5,3,0,7,9,9,1,1,901,9,1,2,4,0,0,0,5,5,5,5,5,5,5,1,0,4,4,4,4,4,4,4,2,1,3,1,752004,0,1,1,1,1,752004,5,0,0,0,10,10,0,0,0,0,0,0,10,0,0,0,0,10,10,10,0,5,10,5,10,0,2,0,2,4,1,5,5,5,1
"0000000558","SWE_2022","Sweden",0.91,49,0,7,3,1,1,2,1,3,1,752,0,3,2,2,2,6,2,1,1,1,4,4,2,3,5,9,2,2,1,1,3,3,4,3,2,5,1,752002,0,1,2,1,1,752003,5,6,9,9,1,0,8,0,4,7,9,9,2,0,9,0,5,5,9,8,0,5,8,2,6,8,2,0,2,2,2,3,3,3,1
"0000000410","SWE_2022","Sweden",0.91,63,0,6,4,9,1,2,1,5,2,752,0,25,2,2,7,7,1,2,1,2,1,4,4,1,3,8,2,2,3,2,2,2,3,3,2,3,1,752002,0,1,2,2,1,752002,4,7,10,7,5,0,8,0,2,6,10,7,5,0,8,0,3,2,5,9,1,5,8,3,7,4,2,1,2,2,3,2,2,2,1
"0000002543","SWE_2022","Sweden",0.8153,70,1,4,3,0,7,2,2,1,3,752,0,24,1,2,0,0,0,2,1,1,5,5,3,3,3,8,1,1,1,1,2,2,4,2,2,4,1,752001,1,1,1,1,1,752001,4,10,0,6,8,8,9,10,9,10,0,8,6,8,6,6,8,5,0,10,1,6,5,5,8,5,2,1,2,9,1,1,1,3,0
"0000001856","SWE_2022","Sweden",0.5247,79,1,8,1,0,7,9,1,4,2,752,0,22,2,1,7,5,5,1,1,1,5,5,5,5,3,8,2,1,2,1,2,1,4,1,1,3,1,752007,0,2,2,2,1,752001,5,10,0,0,3,7,0,10,2,10,0,0,3,99,0,10,4,1,9,10,0,5,10,1,7,1,2,1,2,4,1,3,3,3,0
"0000001658","SWE_2022","Sweden",1.6078,48,1,5,1,1,5,2,2,3,6,900,9,8,3,2,5,7,7,2,1,3,2,5,4,5,2,8,1,1,2,1,2,3,3,1,1,1,1,752001,1,1,1,1,1,752001,5,10,0,6,8,7,5,9,5,10,0,7,7,10,6,5,10,3,10,7,1,5,7,3,8,3,1,0,2,2,2,3,1,1,1
"0000000748","SWE_2022","Sweden",1.1008,55,0,3,4,1,1,1,1,3,1,752,0,25,1,2,5,7,5,2,1,2,2,5,5,5,2,10,2,2,2,1,2,2,3,3,3,5,1,752003,0,1,2,1,1,752003,4,2,2,10,0,3,1,0,2,2,6,9,0,4,2,1,2,3,8,10,0,6,6,2,8,10,2,1,1,3,2,4,3,3,0
"0000001811","SWE_2022","Sweden",0.6191,72,1,6,1,1,7,9,1,2,9,752,0,1,3,2,5,7,7,2,1,1,5,9,9,4,4,9,2,2,2,2,3,2,3,2,2,3,1,752001,1,2,2,2,1,752001,5,9,0,5,6,8,3,9,6,10,0,3,6,8,2,7,6,3,8,9,1,6,8,4,7,3,2,0,3,2,2,2,2,2,1
"0000002842","SWE_2022","Sweden",0.7489,76,1,5,1,1,7,1,1,2,3,752,0,7,2,3,5,2,7,2,1,1,4,3,4,4,4,9,1,2,1,3,2,2,2,2,2,3,1,999999,999999,9,2,1,1,752003,5,5,5,10,5,6,8,4,6,6,6,10,5,8,8,4,7,2,10,10,0,4,9,2,8,8,2,0,2,2,2,3,2,2,0
"0000001797","SWE_2022","Sweden",1.1014,71,1,99,3,9,99,9,9,9,9,752,0,12,9,2,99,99,99,9,9,9,9,9,9,9,9,99,3,3,9,9,9,9,9,4,2,9,99,999999,999999,9,9,9,99,999999,9,99,99,99,99,99,99,99,99,99,99,99,99,99,99,99,99,99,99,99,99,99,99,99,99,99,9,9,9,9,9,9,9,9,9
"0000002684","SWE_2022","Sweden",0.7541,72,0,3,1,0,7,2,2,2,2,752,0,21,1,2,7,7,0,2,1,1,2,3,3,3,3,8,3,3,4,3,3,3,4,4,3,2,1,752008,0,2,2,3,1,752008,3,0,8,8,0,0,8,0,10,0,8,8,0,0,8,0,10,4,10,9,0,4,9,0,5,5,4,0,2,2,1,3,3,3,1
"0000000827","SWE_2022","Sweden",0.9037,56,1,5,1,0,1,4,2,5,1,752,0,13,2,2,5,1,6,2,1,2,4,2,5,2,4,8,1,1,2,2,2,2,3,2,2,4,1,752003,0,1,2,1,1,752003,5,6,6,10,3,1,9,1,9,10,7,9,7,1,7,6,5,4,7,10,0,5,9,1,9,8,1,1,2,2,1,4,2,3,1
"0000000812","SWE_2022","Sweden",1.073,28,1,8,4,1,1,1,2,5,1,752,0,13,2,2,5,7,7,1,1,1,2,3,3,2,4,9,1,1,2,2,2,3,3,2,2,2,1,752003,0,1,1,1,1,752003,5,7,5,10,3,8,8,5,8,8,5,99,5,7,8,5,99,3,7,9,0,4,8,2,7,8,1,1,2,2,2,2,3,2,8
"0000002420","SWE_2022","Sweden",1.1092,72,0,2,1,1,7,2,2,1,1,752,0,12,2,2,6,7,7,2,1,3,9,5,5,4,5,7,2,2,3,2,2,2,2,2,2,2,1,752001,1,1,2,1,1,752001,5,10,6,6,6,7,5,6,6,10,8,3,3,8,0,7,5,0,7,10,0,3,8,5,4,0,2,1,1,2,2,2,2,3,1
"0000000715","SWE_2022","Sweden",0.7658,42,1,8,4,1,2,2,1,4,1,752,0,1,3,2,2,4,6,2,1,2,5,5,5,2,3,9,1,2,2,1,2,1,3,2,2,5,1,752007,0,2,2,2,1,752004,5,7,0,0,10,6,0,9,3,8,0,1,9,7,0,9,2,4,9,10,0,6,10,2,99,0,2,1,2,3,3,4,3,3,1
"0000002445","SWE_2022","Sweden",1.1092,77,0,2,1,0,7,2,2,9,1,752,0,25,2,3,5,0,0,2,1,4,4,3,9,9,1,9,2,2,3,3,4,4,4,2,2,5,0,999999,999999,9,5,1,0,999999,4,9,99,99,99,9,99,99,99,9,99,99,99,9,99,99,99,6,99,99,99,99,99,99,99,2,2,0,2,2,2,2,2,2,1
"0000002101","SWE_2022","Sweden",0.5283,84,0,8,1,0,7,1,1,3,3,752,0,1,4,1,7,7,0,2,1,4,5,3,5,5,5,9,2,2,1,2,3,2,4,3,3,4,1,752003,0,1,2,1,1,752008,4,0,4,9,2,0,8,1,10,8,9,10,3,0,9,0,9,4,6,9,0,3,10,2,7,8,2,1,2,2,2,4,3,3,0
"0000002306","SWE_2022","Sweden",0.7712,43,0,7,1,1,1,1,2,5,2,752,0,12,2,2,7,3,0,2,1,3,3,3,4,2,2,8,2,2,2,1,2,2,3,2,1,3,1,752008,0,2,2,1,1,752003,5,8,6,8,6,8,6,7,9,9,8,5,5,8,5,6,7,4,5,6,0,5,7,2,6,5,2,0,2,2,2,3,2,2,0
"0000000681","SWE_2022","Sweden",0.5283,79,0,8,1,0,7,1,4,3,4,752,0,12,2,9,99,99,99,9,9,9,9,9,5,5,5,9,2,2,1,1,3,2,4,2,2,3,1,752008,0,2,2,1,1,752008,5,7,3,7,1,5,3,3,9,8,8,8,2,6,6,3,9,4,9,8,1,5,9,2,6,6,1,0,3,2,3,3,3,3,0
"0000002450","SWE_2022","Sweden",2.2604,18,1,99,4,9,99,9,9,9,9,901,0,1,9,9,99,99,99,9,9,9,9,9,9,9,9,99,9,9,9,9,9,9,9,9,9,9,99,999999,999999,9,9,9,99,999999,9,99,99,99,99,99,99,99,99,99,99,99,99,99,99,99,99,99,99,99,99,99,99,99,99,99,9,9,9,9,9,9,9,9,9
"0000002794","SWE_2022","Sweden",0.5409,71,0,9,1,1,3,1,2,5,1,752,0,1,3,3,7,4,0,1,1,1,5,5,5,4,5,9,1,1,2,2,3,1,4,2,3,4,1,752008,0,1,1,1,1,752008,5,99,99,99,99,99,99,99,99,9,2,1,2,9,7,3,9,4,9,8,1,5,7,3,6,6,1,1,2,2,2,3,4,3,0
"0000001963","SWE_2022","Sweden",0.7541,73,0,3,1,1,7,2,2,2,2,752,0,14,1,2,7,0,0,1,1,1,2,5,5,5,3,10,2,2,2,2,3,2,4,2,2,4,1,752001,1,2,2,1,1,752004,3,10,2,2,9,6,2,3,1,10,3,1,9,8,2,2,2,0,10,10,0,5,7,6,7,1,1,1,1,2,3,2,2,3,1
"0000000722","SWE_2022","Sweden",1.073,34,1,7,4,1,1,1,1,5,1,752,1,12,2,2,3,5,7,2,1,2,4,3,4,2,3,7,2,2,1,1,2,2,3,2,2,4,1,752007,0,1,2,4,1,752001,5,10,0,1,8,5,1,10,3,10,0,0,8,7,1,10,2,3,10,9,0,6,9,2,7,2,4,1,1,3,2,4,4,3,1
"0000001043","SWE_2022","Sweden",1.0931,54,1,3,1,1,1,2,1,9,2,752,0,14,3,2,1,99,1,9,1,3,4,9,9,9,1,7,2,2,2,2,2,3,3,3,2,3,1,752003,0,2,2,2,1,752003,5,4,7,9,0,6,3,0,2,5,8,7,0,2,2,0,2,3,7,10,0,3,3,0,3,8,2,0,3,2,1,3,3,2,8
"0000000220","SWE_2022","Sweden",1.275,36,0,5,4,1,1,1,2,5,1,752,0,14,4,1,6,7,7,1,2,1,4,4,4,1,4,7,2,3,2,1,3,3,3,2,3,5,1,752007,0,2,1,4,1,752004,5,7,0,1,9,4,0,9,3,9,1,1,7,7,0,9,3,5,10,10,1,7,10,2,8,2,4,1,1,4,3,3,3,3,1
"0000000783","SWE_2022","Sweden",1.1008,55,0,3,1,1,1,1,2,4,1,752,1,18,2,3,3,7,7,3,1,3,3,3,3,3,3,5,3,3,3,2,3,3,3,3,3,3,1,752002,0,1,1,2,1,752002,3,5,10,7,3,0,7,0,0,5,10,7,3,0,7,0,0,3,10,10,0,3,10,3,5,7,4,1,1,2,3,3,3,3,1
"0000002762","SWE_2022","Sweden",1,36,1,9,1,1,5,2,4,2,1,752,1,1,3,2,0,6,2,4,1,1,3,5,5,2,2,9,2,2,3,1,3,3,3,2,2,3,1,752007,0,2,2,1,1,752007,4,9,0,2,9,5,2,10,5,9,0,5,5,5,5,5,5,2,10,9,0,5,7,2,4,2,2,0,9,3,3,3,3,3,0
"0000001604","SWE_2022","Sweden",1.5282,58,0,3,4,1,1,2,2,3,1,752,0,21,1,2,2,7,7,2,1,1,2,3,4,3,3,8,2,2,2,1,2,2,2,3,2,4,1,752002,0,1,1,2,1,752002,4,1,10,9,0,4,8,0,4,1,10,9,0,4,8,0,4,3,10,9,0,4,8,0,6,10,2,1,1,2,2,2,2,3,1
"0000002812","SWE_2022","Sweden",0.8153,66,1,5,1,1,7,1,2,3,2,752,0,12,4,3,1,0,0,2,1,3,2,4,5,5,5,8,3,3,2,2,3,2,3,4,4,5,1,752008,0,2,4,1,1,752003,3,2,0,8,0,2,1,2,8,2,0,99,0,2,1,99,9,4,7,10,2,2,2,2,8,99,1,0,3,3,4,3,1,3,1
"0000000552","SWE_2022","Sweden",0.9037,43,1,6,1,1,1,1,1,5,1,752,0,18,2,3,5,7,0,2,1,1,4,3,5,5,5,10,1,1,1,1,2,1,3,2,1,4,1,752003,0,1,1,1,1,752003,5,7,1,10,1,5,7,1,7,8,7,10,4,7,7,3,6,7,10,10,0,6,9,4,7,8,1,0,3,2,2,2,2,3,1
"0000002695","SWE_2022","Sweden",1.1014,76,1,2,3,0,7,2,2,9,6,752,0,14,1,9,7,0,0,3,1,3,2,3,4,3,3,8,2,2,3,2,2,2,4,2,2,4,1,752006,0,1,2,1,1,752006,5,6,8,9,0,3,10,3,7,8,8,9,0,3,10,1,7,5,10,10,0,3,9,2,6,9,2,1,2,2,3,3,3,3,1
"0000000424","SWE_2022","Sweden",0.5247,73,1,7,1,0,7,1,1,4,1,752,0,1,3,1,7,5,1,1,1,1,5,5,9,2,3,9,2,2,1,1,2,2,3,2,1,4,1,752007,0,2,1,1,1,752007,5,8,0,2,8,6,2,10,3,8,1,3,8,8,1,9,3,2,10,9,1,8,9,2,8,2,2,1,1,1,2,3,3,3,1
"0000001876","SWE_2022","Sweden",0.5247,74,1,8,4,1,7,1,1,3,1,752,9,19,2,1,6,2,99,1,1,2,3,5,5,1,4,99,1,2,2,1,2,2,3,2,2,2,1,752001,1,1,2,1,1,752001,5,10,0,2,9,7,2,10,3,10,0,1,8,7,1,9,3,2,10,10,0,5,10,2,8,1,1,1,1,2,2,2,2,3,1
"0000001378","SWE_2022","Sweden",0.7541,65,0,3,1,0,1,4,9,3,1,752,0,1,1,2,7,99,99,1,1,1,4,4,5,4,3,8,2,2,3,9,9,9,9,9,1,5,1,999999,999999,9,2,2,1,999999,5,99,99,99,99,99,99,99,99,8,7,5,5,0,7,0,8,2,6,9,1,2,9,1,6,7,2,0,9,3,4,2,2,3,1
"0000002076","SWE_2022","Sweden",0.5283,74,0,7,1,0,7,1,1,2,1,752,0,17,2,2,7,0,0,2,1,2,5,5,5,5,5,7,2,2,1,2,2,2,4,2,2,4,1,999999,999999,9,2,1,1,999999,4,7,0,1,6,5,1,7,2,7,0,1,5,5,1,6,2,4,10,9,3,5,9,4,7,4,2,1,2,2,3,2,2,3,0
"0000000925","SWE_2022","Sweden",1.073,30,1,8,4,0,1,1,1,2,1,900,1,14,4,2,2,2,3,2,2,2,2,1,5,2,2,5,2,2,2,2,3,2,3,2,2,4,1,752001,1,2,2,2,1,752001,4,6,0,4,6,6,5,5,5,6,2,5,5,10,3,5,5,99,99,99,99,99,99,99,99,4,2,0,3,3,3,4,3,3,1
"0000002139","SWE_2022","Sweden",0.6191,78,1,2,3,0,7,9,9,1,3,752,0,25,2,9,7,0,0,2,2,2,1,4,9,3,9,6,3,3,3,1,3,2,4,3,3,4,1,752002,0,4,4,1,1,752002,5,9,10,9,0,0,6,0,0,10,10,5,0,0,5,0,0,99,10,99,99,99,99,99,99,8,4,1,2,9,3,3,3,2,1
"0000000571","SWE_2022","Sweden",1.0805,37,0,7,4,1,1,1,1,4,1,752,1,4,2,2,2,5,7,4,1,1,2,3,5,2,2,8,3,4,2,2,4,3,4,3,1,9,1,752003,0,4,5,2,1,999999,2,3,5,7,2,7,5,1,5,1,5,7,2,8,6,1,5,2,8,9,2,3,7,3,7,7,2,0,3,2,9,3,3,4,1
"0000001276","SWE_2022","Sweden",1.7851,22,0,4,4,9,6,9,9,5,1,752,0,14,4,2,0,2,7,2,2,1,3,1,5,2,4,9,2,2,3,1,2,3,4,2,2,4,1,752007,0,4,2,1,1,752005,5,8,0,2,6,10,0,3,1,10,0,0,7,10,0,99,0,2,10,9,0,4,10,3,10,4,2,1,1,3,2,5,3,3,1
"0000002680","SWE_2022","Sweden",0.7489,77,1,3,1,0,7,1,2,3,1,752,9,12,2,3,7,7,7,1,1,1,2,4,5,5,1,10,2,2,2,2,2,2,3,3,3,5,1,999999,999999,9,1,1,1,999999,5,6,6,6,4,0,6,0,3,6,7,6,5,0,6,0,5,6,5,8,2,5,5,1,5,6,2,0,9,2,2,3,2,2,0
"0000000070","SWE_2022","Sweden",1.0805,39,0,8,1,0,1,1,2,5,1,752,0,12,2,1,2,7,7,1,1,1,5,5,3,2,4,8,2,2,2,1,3,1,3,2,1,4,1,752007,0,2,4,1,1,752008,5,6,0,3,4,8,2,8,6,99,99,99,99,99,99,99,99,4,5,9,2,8,9,3,7,5,2,0,2,3,2,3,4,2,1
"0000000993","SWE_2022","Sweden",1.1008,59,0,3,1,0,5,2,2,3,1,752,0,8,2,2,5,4,5,2,1,2,2,3,5,3,3,9,2,2,2,2,2,3,4,2,2,3,1,752001,1,2,2,1,1,752001,5,9,0,5,5,8,6,9,5,9,0,5,5,8,5,8,5,5,10,8,2,5,7,5,6,5,1,0,2,2,2,4,3,3,1
"0000001662","SWE_2022","Sweden",1.2661,38,1,5,4,1,10,1,4,5,2,752,0,14,1,2,1,99,99,2,2,3,2,3,3,3,2,7,2,2,3,2,2,3,4,2,2,3,1,999999,999999,9,2,2,1,999999,4,5,5,5,5,5,5,5,5,5,5,5,5,5,5,5,5,5,5,5,5,5,5,5,5,5,2,0,3,3,3,3,3,3,1
"0000000544","SWE_2022","Sweden",0.7658,52,1,8,3,0,1,1,1,3,3,752,0,1,3,1,1,7,0,1,1,1,5,5,5,4,1,10,2,4,1,2,3,2,4,2,2,4,1,752007,0,2,5,1,1,752008,5,7,0,7,2,8,0,9,2,8,0,7,7,9,0,8,0,4,8,6,99,6,8,5,7,5,1,0,3,3,3,2,3,4,1
"0000000428","SWE_2022","Sweden",0.7658,54,1,7,1,1,2,1,1,5,6,752,0,6,1,2,3,99,99,1,1,1,9,9,5,9,9,8,3,3,9,2,3,2,9,2,3,5,1,752005,0,2,4,1,1,752005,4,5,0,4,3,9,4,4,5,7,0,5,1,10,4,3,5,3,10,9,0,7,9,2,7,7,2,0,2,4,3,3,2,3,1
"0000002063","SWE_2022","Sweden",0.5247,88,1,8,1,0,7,1,1,3,1,900,1,14,3,2,6,0,0,2,1,2,5,4,5,5,5,10,2,2,2,2,3,2,4,3,2,2,1,752003,0,2,4,1,1,752003,5,5,1,9,0,6,8,2,8,10,3,9,1,8,9,2,8,4,10,9,1,3,9,1,7,7,1,0,3,2,2,3,3,3,0
"0000001437","SWE_2022","Sweden",1.1008,59,0,3,4,1,1,2,2,2,1,752,0,18,1,3,99,99,99,2,2,5,2,2,5,5,2,8,2,2,2,2,3,3,4,2,2,3,1,752001,1,2,2,2,1,752001,4,9,2,5,4,7,2,1,3,10,4,5,5,7,2,1,2,10,5,2,2,8,6,6,3,9,2,1,2,3,2,2,2,2,1
"0000002649","SWE_2022","Sweden",0.9037,55,1,6,3,0,9,4,4,1,3,752,0,8,2,4,99,1,99,4,1,1,5,5,5,3,1,4,3,3,3,2,4,4,3,2,4,4,1,752004,0,1,4,3,1,752001,1,5,0,99,5,9,1,10,99,0,0,2,99,8,0,5,5,4,10,10,0,5,10,1,5,3,4,1,2,4,2,5,5,3,7
"0000001484","SWE_2022","Sweden",0.6234,70,0,4,1,1,7,1,9,5,2,752,0,6,1,2,7,7,2,2,1,1,5,5,5,5,5,9,1,1,1,3,3,2,4,2,2,5,1,752005,0,1,5,1,1,752005,5,9,0,4,0,10,0,0,9,10,5,5,5,10,0,5,9,5,10,9,1,6,10,3,7,5,2,1,2,2,3,4,3,3,1
"0000002461","SWE_2022","Sweden",0.7541,79,0,5,1,0,7,2,9,1,1,752,9,14,1,2,7,4,3,3,1,2,4,3,5,9,9,9,2,2,1,2,2,2,4,2,2,2,1,752001,1,2,4,1,1,752001,5,10,0,0,6,5,0,5,2,10,0,0,5,5,0,6,5,6,10,10,3,8,10,6,10,6,2,1,2,2,1,9,3,2,1
"0000001207","SWE_2022","Sweden",1.0931,54,1,3,1,0,1,4,2,3,1,752,0,21,9,3,1,4,5,3,3,3,3,3,3,3,2,2,4,4,4,4,4,2,2,3,2,3,1,752003,0,2,4,3,1,752001,3,6,5,7,5,5,5,6,5,5,5,5,5,5,5,5,5,3,9,7,2,6,7,4,7,6,4,0,9,2,2,3,3,3,8
"0000001635","SWE_2022","Sweden",1.1008,63,0,3,4,9,7,2,1,3,1,752,0,4,2,3,1,0,0,2,1,1,2,3,4,2,2,6,3,3,3,2,3,3,3,3,3,4,1,752002,0,1,2,3,1,752002,3,3,10,8,2,5,7,1,3,3,10,8,3,7,8,1,5,7,7,8,0,3,4,0,5,5,2,0,9,3,1,4,2,3,1
"0000000517","SWE_2022","Sweden",1.0805,30,0,8,4,1,1,1,1,5,1,752,0,1,4,1,5,5,3,1,1,2,4,5,5,5,4,8,1,2,2,2,3,2,3,2,2,4,1,752004,0,4,4,1,1,752004,4,8,0,1,8,6,1,8,4,8,0,0,8,8,1,7,2,3,7,8,2,5,9,4,7,2,2,0,3,3,3,4,3,3,1
"0000000227","SWE_2022","Sweden",1.0805,37,0,7,4,1,1,1,2,5,2,752,0,1,3,2,5,1,7,2,1,3,4,5,4,3,2,9,1,1,2,2,2,2,3,2,2,4,1,752007,0,1,2,2,1,752001,4,9,1,5,8,6,1,9,5,9,1,5,7,7,2,10,4,4,8,9,1,6,9,4,6,3,2,0,2,2,2,3,3,3,1
"0000002321","SWE_2022","Sweden",0.7489,79,1,99,2,9,7,1,1,9,9,752,0,14,9,2,7,0,2,3,2,3,4,2,5,4,2,9,2,2,2,2,3,2,3,2,2,4,1,752001,1,1,2,2,1,752001,5,9,5,7,7,7,7,7,7,9,7,7,7,7,7,7,7,99,6,10,5,4,4,4,99,4,2,1,2,3,2,4,3,3,1
"0000000206","SWE_2022","Sweden",1.0805,31,0,8,1,0,1,1,2,5,3,752,0,12,1,3,1,4,6,1,3,1,3,2,3,2,2,10,3,3,2,1,3,2,3,3,2,4,1,999999,999999,9,4,1,1,752003,3,5,8,10,0,5,8,0,8,6,9,8,0,4,8,0,8,4,8,7,0,5,6,3,6,8,2,0,2,1,3,4,3,1,1
"0000001208","SWE_2022","Sweden",1.1901,49,1,99,1,9,99,9,9,9,9,752,0,13,9,2,2,99,99,2,1,1,2,1,2,3,3,6,9,9,9,9,9,9,9,9,9,9,99,999999,999999,9,9,9,99,999999,9,99,99,99,99,99,99,99,99,99,99,99,99,99,99,99,99,99,99,99,99,99,99,99,99,99,9,9,9,9,9,9,9,9,9
"0000002225","SWE_2022","Sweden",0.821,77,0,4,4,9,7,1,2,1,1,752,1,3,2,2,5,0,0,2,1,2,1,4,4,4,5,9,1,2,2,2,2,2,9,2,2,3,1,752001,1,1,2,2,1,752001,4,10,6,7,6,7,6,8,8,10,6,7,6,7,6,8,8,2,9,9,0,7,9,2,7,2,2,9,2,2,1,2,2,2,0
"0000002460","SWE_2022","Sweden",1.1092,85,0,2,3,1,7,2,2,1,2,752,9,18,2,1,99,99,99,1,1,5,2,3,9,9,9,99,9,9,9,9,9,9,9,9,9,1,99,999999,999999,9,9,1,1,752001,5,9,4,3,8,6,3,7,5,10,4,3,9,7,3,6,4,0,8,10,0,4,9,1,7,0,2,1,9,3,2,3,2,1,1
"0000000870","SWE_2022","Sweden",1.6791,37,0,4,1,1,5,1,2,4,1,752,0,13,2,2,3,1,1,2,2,3,1,3,4,3,4,9,1,1,2,2,2,2,3,3,2,5,1,752003,0,1,1,1,1,752003,5,99,99,99,99,99,99,99,99,0,9,9,0,3,9,0,8,3,9,10,0,2,8,3,6,9,2,1,9,1,2,2,2,2,8
"0000000073","SWE_2022","Sweden",1.1092,71,0,2,1,0,7,1,2,3,1,752,0,9,2,2,2,6,7,2,2,9,2,3,2,2,4,7,3,3,2,2,3,2,3,9,2,4,1,999999,999999,9,2,1,1,999999,2,8,1,5,5,7,6,2,6,8,5,6,6,7,6,1,7,1,5,9,1,6,7,2,7,5,2,0,9,3,2,2,2,3,1
"0000000991","SWE_2022","Sweden",0.7712,45,0,7,1,1,1,1,2,5,1,752,1,1,4,2,1,3,1,1,1,1,5,3,4,3,2,8,2,2,2,2,3,3,4,4,4,5,1,752003,0,2,1,1,1,752003,5,0,9,10,0,0,5,0,2,0,10,10,0,0,7,0,3,0,7,10,0,0,10,0,2,10,2,1,1,2,3,3,3,2,1
"0000002843","SWE_2022","Sweden",1.0396,76,1,7,2,0,7,4,2,1,1,752,0,1,4,9,7,99,99,2,1,1,2,4,5,5,9,7,2,2,2,2,2,2,3,2,3,3,1,752001,1,2,2,1,99,999999,5,8,5,3,3,3,7,7,3,8,1,3,3,3,4,4,3,2,9,7,1,5,7,5,7,3,2,0,3,3,3,4,2,4,1
"0000002368","SWE_2022","Sweden",0.7896,63,0,9,3,1,1,1,1,4,1,752,0,12,1,1,0,7,0,1,1,1,4,3,5,5,2,7,2,2,2,2,3,2,3,3,4,2,1,752003,0,2,9,2,1,752003,4,1,1,7,0,1,5,0,2,0,3,7,0,0,5,0,3,2,2,7,1,3,5,1,3,7,2,0,3,1,2,3,4,3,1
"0000001229","SWE_2022","Sweden",1.346,23,1,6,4,1,5,1,2,2,1,752,0,19,2,3,0,2,0,2,1,2,4,3,4,4,5,8,2,2,3,3,3,2,3,2,1,5,1,752001,1,1,2,2,1,752001,2,9,7,2,3,8,0,2,1,10,10,2,2,8,0,5,0,0,10,9,3,2,9,4,7,5,2,0,9,3,3,3,2,4,1
"0000000524","SWE_2022","Sweden",0.7658,45,1,8,1,1,1,1,2,5,1,752,0,1,3,2,4,7,7,1,1,1,5,5,5,5,5,9,1,1,1,1,3,2,4,2,2,3,1,752001,1,1,2,1,1,752005,5,10,0,2,5,9,0,7,6,10,0,6,8,10,0,8,6,5,10,8,1,7,10,2,8,6,2,0,2,2,3,4,3,3,1
"0000002632","SWE_2022","Sweden",1.1014,92,1,2,2,0,7,2,2,1,1,752,9,7,1,3,0,0,0,4,1,3,5,3,5,4,3,8,3,3,3,2,3,2,9,2,2,9,0,999999,999999,9,9,1,1,999999,4,99,2,99,99,99,99,99,99,99,99,99,99,99,99,99,99,99,99,99,99,99,99,99,99,2,2,1,9,3,2,9,9,3,0
"0000002416","SWE_2022","Sweden",0.8153,85,1,3,2,0,7,1,2,1,1,752,0,4,2,2,7,1,0,2,1,2,1,5,3,2,2,8,2,2,2,3,2,3,4,2,2,4,1,752001,1,9,2,2,1,752001,4,9,0,8,6,99,7,2,7,10,1,9,7,7,5,7,8,3,10,8,2,8,8,2,8,3,2,1,2,3,2,2,2,3,0
"0000001419","SWE_2022","Sweden",0.9037,56,1,6,1,1,5,2,4,5,1,752,0,25,1,3,7,2,7,3,1,1,5,3,3,2,3,7,3,3,2,2,3,2,3,3,2,4,1,752002,0,2,2,2,1,999999,4,3,8,7,7,3,3,0,5,1,8,7,9,0,1,5,5,2,8,8,0,4,7,3,6,6,2,0,9,2,3,3,4,4,1
"0000001460","SWE_2022","Sweden",1.1092,77,0,2,1,1,7,3,2,1,1,752,0,6,1,2,6,6,0,2,1,1,2,2,2,2,3,9,2,2,2,2,2,2,9,2,2,2,1,752005,0,2,2,1,99,752005,5,6,0,9,0,10,99,99,6,7,0,9,5,10,6,5,7,5,7,9,5,9,99,99,7,8,2,0,2,2,1,2,2,3,0
"0000001384","SWE_2022","Sweden",1.275,38,0,6,4,1,5,2,1,2,2,752,0,12,4,3,1,2,7,2,1,2,3,5,4,4,4,8,2,2,2,2,3,2,3,2,2,3,1,752001,1,1,2,2,1,752001,4,9,99,99,99,99,99,99,8,9,8,8,99,8,8,99,8,99,99,99,99,99,99,99,99,99,4,0,3,2,3,3,3,3,1
"0000000186","SWE_2022","Sweden",0.91,55,0,6,3,0,1,1,1,5,3,752,0,1,4,2,6,3,4,2,1,2,4,4,5,4,4,8,1,1,1,1,2,2,3,2,1,5,1,752003,0,1,1,1,1,752003,5,7,0,10,0,8,4,2,99,8,1,9,99,8,4,0,6,1,10,9,0,3,8,1,7,8,2,0,2,2,1,5,2,4,9
"0000000469","SWE_2022","Sweden",0.9037,63,1,6,4,1,1,1,1,1,1,752,0,25,2,2,3,7,0,2,1,1,5,5,5,5,4,9,1,1,2,1,2,1,4,2,1,3,1,752001,1,2,4,1,1,752001,5,5,0,5,2,2,0,1,4,6,0,5,2,2,0,0,2,4,9,8,0,8,8,0,7,4,2,0,2,2,3,3,2,2,1
"0000002433","SWE_2022","Sweden",0.7541,75,0,99,1,0,7,1,2,3,9,752,0,12,1,3,7,7,99,1,1,2,2,3,3,3,5,8,3,3,2,2,4,1,4,2,2,5,1,999999,999999,9,2,1,1,999999,4,99,99,99,99,99,99,99,99,99,99,99,99,99,99,99,99,99,99,99,99,99,99,99,99,4,2,1,9,2,2,3,3,3,0
"0000001235","SWE_2022","Sweden",1.5423,29,0,4,4,1,1,1,1,3,1,752,0,7,1,3,2,3,7,2,1,3,4,2,5,5,1,3,4,2,3,2,3,4,4,4,3,3,1,752002,0,1,1,3,1,752002,3,0,10,8,0,3,9,0,1,0,10,9,0,0,9,0,1,2,10,9,0,3,9,0,4,7,4,1,1,2,3,2,3,4,1
"0000002474","SWE_2022","Sweden",0.5283,77,0,7,1,0,7,1,2,4,3,752,0,12,1,1,7,7,0,1,1,3,5,3,3,3,3,10,2,2,2,2,2,2,3,3,2,2,1,752003,0,1,1,1,1,752003,5,5,5,10,0,5,5,0,5,5,5,10,0,5,5,0,5,7,8,9,0,5,8,0,7,99,2,0,3,2,2,3,3,3,8
"0000000451","SWE_2022","Sweden",1.073,27,1,7,4,1,1,2,1,2,1,752,0,6,2,3,0,0,7,2,1,2,5,3,2,2,2,7,2,2,2,2,2,2,3,1,2,9,1,752001,1,2,2,2,1,999999,3,9,6,9,5,6,5,7,5,9,6,9,5,8,5,5,5,99,99,99,99,99,99,99,99,99,2,0,3,3,9,4,3,3,1
"0000002468","SWE_2022","Sweden",0.7489,72,1,6,1,1,7,2,1,2,3,752,0,13,2,2,1,1,3,2,1,2,1,3,3,3,3,6,2,2,2,1,2,2,3,2,1,3,1,752001,1,1,2,3,1,752001,3,10,5,5,5,5,7,7,5,10,6,5,5,5,6,7,5,5,4,5,5,4,4,4,5,5,2,0,9,3,2,3,2,3,0
"0000000260","SWE_2022","Sweden",0.7712,62,0,7,1,1,2,1,1,5,1,752,1,14,4,2,6,6,0,1,1,2,5,5,5,5,2,9,1,1,1,1,3,2,4,2,2,4,1,752001,1,1,1,1,1,752001,5,10,0,4,9,5,3,8,7,10,0,4,5,4,99,99,5,2,10,7,1,7,8,4,99,2,2,1,1,3,1,2,2,3,1
"0000000323","SWE_2022","Sweden",0.7658,45,1,8,1,9,2,1,2,5,1,752,1,1,3,1,6,1,6,1,1,1,5,5,5,5,4,8,2,2,1,1,3,1,3,1,1,5,1,752001,1,1,1,1,1,752001,5,9,0,3,6,6,0,8,2,10,0,3,6,10,0,8,2,4,10,8,2,6,10,5,8,4,2,1,2,2,3,3,3,3,1
"0000001889","SWE_2022","Sweden",0.8153,73,1,6,1,0,7,1,2,3,2,752,0,3,2,3,5,0,5,2,1,3,4,3,3,3,4,8,2,2,2,2,2,3,3,3,3,4,1,752006,0,2,2,2,1,752003,4,4,8,9,1,5,8,0,7,5,9,10,6,4,9,0,6,5,9,10,1,5,9,1,7,10,2,1,2,3,3,2,2,3,0
"0000000453","SWE_2022","Sweden",0.9037,62,1,8,1,1,5,9,1,9,4,752,1,8,1,2,5,1,1,1,1,1,1,3,5,5,3,8,1,1,2,2,1,1,1,2,2,3,1,752006,0,1,1,1,1,752006,5,5,5,9,0,7,10,5,9,5,5,8,0,7,10,5,9,3,10,10,0,8,9,2,8,99,2,1,1,2,2,3,3,3,9
"0000002469","SWE_2022","Sweden",1.0469,68,0,5,1,9,7,1,1,2,1,752,0,14,2,2,1,0,0,3,1,2,1,1,4,3,3,10,2,2,3,2,2,2,3,2,2,4,1,752002,0,2,2,1,1,752001,4,9,9,5,4,5,5,2,2,9,9,6,5,5,6,4,6,0,8,10,0,5,8,2,5,7,2,0,2,2,2,4,2,3,1
"0000001622","SWE_2022","Sweden",1.1984,64,0,6,1,1,1,4,2,4,1,752,0,1,3,2,6,3,0,2,1,1,2,4,9,9,9,9,2,2,2,2,3,2,3,2,9,4,1,752003,0,2,2,1,1,752001,5,9,0,5,2,8,0,6,5,9,0,4,4,9,0,7,5,3,10,8,1,6,10,5,6,3,2,1,2,2,3,2,3,4,1
"0000001223","SWE_2022","Sweden",1.6791,29,0,4,4,0,5,2,2,3,1,752,0,14,1,2,2,3,5,3,3,9,3,3,4,3,2,7,3,3,3,2,3,3,3,3,2,4,1,752003,0,2,2,3,1,999999,3,5,6,8,0,5,7,0,6,5,6,7,2,5,7,0,6,3,10,9,0,4,8,1,6,8,2,1,3,3,3,2,2,3,1
"0000000150","SWE_2022","Sweden",0.821,79,0,2,1,1,7,4,2,4,1,752,9,14,1,3,7,7,0,2,1,2,4,5,5,5,2,8,2,3,2,2,3,2,4,3,2,4,1,752002,0,2,2,1,1,752003,4,2,8,9,0,2,5,0,4,6,9,9,1,2,7,0,6,3,10,9,0,3,6,0,6,6,2,0,2,2,2,3,2,2,0
"0000002327","SWE_2022","Sweden",0.7541,92,0,2,2,1,7,1,1,2,1,752,9,18,1,3,7,0,0,3,1,1,4,3,5,5,5,9,2,2,2,2,3,2,4,1,2,5,1,752001,1,1,1,1,1,752001,5,10,0,1,6,6,0,6,2,10,0,0,6,7,0,5,0,0,10,9,3,4,10,3,7,1,2,1,2,2,1,4,3,3,0
"0000002626","SWE_2022","Sweden",1.1901,53,1,5,3,0,1,9,9,5,2,901,9,1,3,3,4,0,0,2,2,3,1,3,3,3,2,5,2,3,3,2,9,2,4,3,3,4,1,999999,999999,9,2,3,1,999999,3,5,5,5,5,5,5,5,5,5,5,5,5,5,5,5,5,99,99,99,99,99,99,99,99,99,4,0,9,4,2,5,4,3,0
"0000002141","SWE_2022","Sweden",1.1901,60,1,6,3,1,1,9,9,1,1,901,9,14,4,2,4,5,5,2,2,9,1,2,3,2,1,7,3,3,3,2,3,3,3,3,2,3,1,752004,0,2,4,1,1,752004,3,8,99,99,99,99,99,99,99,9,99,99,6,99,99,99,99,7,1,5,6,5,2,5,5,4,2,0,2,3,3,3,3,3,1
"0000000745","SWE_2022","Sweden",0.6234,72,0,4,3,0,7,1,1,2,1,752,0,23,1,1,7,7,7,1,1,2,2,2,3,3,1,9,1,2,2,2,2,2,3,2,1,3,1,752001,1,2,1,1,1,752001,5,10,1,5,7,7,2,3,5,8,1,3,7,5,2,3,4,3,9,8,1,5,8,4,6,99,2,1,2,2,1,3,3,3,0
"0000002354","SWE_2022","Sweden",0.7489,66,1,4,3,0,7,2,1,1,1,752,0,10,1,2,1,0,0,3,1,3,2,2,5,2,2,7,2,2,2,2,3,3,3,3,2,4,1,752002,0,1,1,2,1,752002,3,6,10,8,3,2,9,0,7,7,10,8,6,4,9,0,7,1,10,9,2,1,9,1,7,10,2,1,1,3,3,3,2,3,0
"0000001646","SWE_2022","Sweden",0.9037,52,1,4,4,0,5,2,9,9,1,900,9,8,1,3,7,99,99,2,9,9,9,9,9,3,9,8,2,2,2,2,2,2,2,2,2,3,99,752001,1,2,2,2,1,752001,5,99,99,99,99,99,99,99,99,99,99,99,99,99,99,99,99,99,99,99,99,99,99,99,99,99,2,0,9,9,2,9,9,9,9
"0000000239","SWE_2022","Sweden",0.7658,61,1,8,1,1,2,9,2,3,1,752,0,1,3,2,7,0,0,1,1,1,5,5,5,4,5,8,1,2,1,1,2,2,4,2,1,4,1,752007,0,2,1,1,1,752001,5,99,0,2,2,7,1,10,4,10,6,3,6,10,1,6,5,3,9,7,1,6,8,3,5,3,1,1,2,3,2,3,3,3,1
"0000002698","SWE_2022","Sweden",1.3555,21,0,99,4,9,99,9,9,9,9,752,0,14,9,4,1,1,4,3,2,3,3,2,9,9,9,99,9,9,9,9,9,9,9,9,9,9,99,999999,999999,9,9,9,99,999999,9,99,99,99,99,99,99,99,99,99,99,99,99,99,99,99,99,99,99,99,99,99,99,99,99,99,9,9,9,9,9,9,9,9,9
"0000000142","SWE_2022","Sweden",0.91,61,0,6,3,1,5,1,2,5,3,752,0,12,3,2,5,7,7,1,1,2,5,3,2,2,4,10,2,2,1,2,2,2,3,2,1,2,1,752003,0,1,1,1,1,752003,4,7,8,9,0,2,8,0,7,9,9,8,0,2,8,0,6,3,10,8,0,3,7,1,6,7,1,0,2,2,1,1,2,4,1
"0000000717","SWE_2022","Sweden",0.7658,57,1,7,1,0,1,1,1,3,1,752,0,22,1,3,6,6,7,2,1,1,4,2,5,2,2,7,2,2,2,2,2,2,2,2,2,4,1,752001,1,2,2,1,1,752001,3,9,1,6,7,6,5,4,7,9,2,8,7,6,3,1,8,3,9,8,0,5,7,3,5,4,2,0,2,3,2,3,2,2,1
"0000000926","SWE_2022","Sweden",0.91,46,0,5,1,1,1,1,1,5,3,752,0,14,2,1,5,7,3,1,1,2,3,3,2,2,3,8,3,3,3,2,3,2,4,4,2,5,1,752002,0,1,1,1,1,752006,9,4,8,10,2,2,10,0,5,3,7,10,5,0,10,0,7,4,8,9,0,2,9,1,5,9,2,1,2,2,3,2,3,3,1
"0000000882","SWE_2022","Sweden",1.1008,58,0,5,4,1,1,1,2,5,1,752,1,1,3,3,3,5,5,1,1,2,2,3,4,3,5,8,2,2,2,1,2,1,3,2,1,4,1,999999,999999,9,2,1,1,752005,3,5,0,8,1,8,1,1,8,10,0,9,5,10,6,5,5,3,10,10,0,5,9,1,7,7,2,0,9,2,4,4,2,2,1
"0000001482","SWE_2022","Sweden",0.7541,71,0,2,1,1,7,9,2,2,1,752,0,21,1,3,7,99,4,2,1,1,4,3,5,5,5,10,2,2,2,2,2,3,3,2,2,3,1,999999,999999,9,1,1,1,999999,5,7,0,5,1,9,99,99,5,5,5,5,5,5,5,0,5,5,8,99,1,5,8,3,99,5,2,0,2,1,3,2,2,2,0
"0000000041","SWE_2022","Sweden",1.1008,54,0,5,1,1,1,1,2,5,2,752,0,18,2,2,5,3,0,2,1,2,2,3,3,3,3,8,2,2,2,2,3,3,3,2,2,4,1,999999,999999,9,2,2,1,999999,4,5,5,4,4,4,4,4,4,6,6,4,4,4,4,4,4,4,5,6,3,5,5,4,6,5,2,0,9,2,3,3,3,3,1
"0000000737","SWE_2022","Sweden",0.5247,78,1,8,3,0,7,9,9,1,6,752,0,4,2,2,7,3,7,2,1,3,4,5,5,4,3,9,2,2,2,2,3,2,3,9,2,4,1,999999,999999,9,2,2,1,999999,4,6,4,5,5,5,6,5,5,6,4,5,5,5,6,5,5,4,7,6,3,5,6,4,5,5,2,0,9,3,3,3,3,3,1
"0000001613","SWE_2022","Sweden",0.91,58,0,6,1,0,1,1,2,4,1,752,0,6,1,2,2,6,6,3,1,1,2,3,5,5,4,8,2,2,2,2,3,3,4,2,2,2,1,752008,0,2,2,2,1,752008,4,5,0,0,0,0,0,0,7,5,0,3,0,5,0,0,7,2,10,10,0,6,7,0,8,8,2,0,2,3,2,3,3,4,1
"0000000153","SWE_2022","Sweden",0.7658,49,1,6,1,1,2,1,2,5,4,752,0,14,1,3,6,2,0,2,1,2,2,4,5,5,5,9,2,2,2,2,2,2,4,2,3,4,1,999999,999999,9,2,1,1,999999,4,6,0,6,3,8,4,5,4,9,0,7,2,9,2,5,5,3,5,8,1,5,7,4,6,5,2,0,3,3,3,4,3,5,1
"0000001915","SWE_2022","Sweden",0.7489,77,1,2,1,0,7,1,9,2,3,752,0,6,2,3,7,99,99,3,1,1,3,3,3,3,3,10,2,2,2,2,2,2,2,2,2,5,1,752001,1,9,2,1,99,752001,3,10,99,99,99,99,99,99,99,10,99,99,99,99,99,99,99,99,99,99,99,99,99,99,99,99,1,1,2,2,2,2,2,4,1
"0000001748","SWE_2022","Sweden",1.1901,63,1,5,1,1,1,1,4,2,3,752,0,22,1,3,1,0,7,3,1,3,3,5,5,5,5,9,1,1,1,1,3,1,3,1,2,4,1,752001,1,4,4,1,1,752001,5,10,0,4,8,8,4,9,4,10,0,4,4,7,2,5,4,0,10,9,0,6,8,6,7,1,1,1,2,3,3,5,3,4,1
"0000002348","SWE_2022","Sweden",1.073,33,1,8,4,0,5,9,9,3,1,752,0,21,2,2,0,7,7,2,1,1,5,3,5,2,2,8,1,1,2,2,2,2,3,2,2,4,1,752001,1,1,1,1,1,752001,3,10,0,3,7,9,0,5,7,10,1,2,6,8,0,5,6,3,10,8,2,5,9,4,7,4,1,0,2,2,2,2,2,3,8
"0000001112","SWE_2022","Sweden",1.6791,40,0,4,4,1,1,2,2,2,1,752,0,22,2,2,2,7,7,1,2,1,2,3,9,9,9,99,9,9,9,9,9,9,9,9,9,4,99,999999,999999,9,9,2,1,752002,4,6,10,9,2,0,5,0,0,5,10,8,1,0,6,0,0,3,7,8,0,6,8,0,5,7,2,1,2,2,2,3,3,3,1
"0000001788","SWE_2022","Sweden",0.7489,76,1,4,2,0,7,1,4,9,1,752,0,7,2,2,7,0,0,2,1,1,3,5,9,9,1,7,1,4,2,1,2,2,4,9,2,4,1,752001,1,1,1,1,1,752001,4,10,0,0,9,99,0,9,9,99,99,99,99,99,99,99,99,3,10,9,2,7,9,6,7,99,2,1,9,2,3,4,3,3,8
"0000001144","SWE_2022","Sweden",1.6674,36,1,4,1,1,1,2,1,3,1,752,0,5,2,2,3,7,7,1,1,2,5,3,2,2,5,8,2,2,2,2,2,2,2,2,2,4,1,752001,1,1,1,1,1,752003,5,9,0,8,2,8,6,2,6,10,0,8,2,7,5,1,5,3,99,5,0,4,99,2,6,5,1,1,2,2,2,2,2,3,1
"0000000313","SWE_2022","Sweden",0.7658,63,1,7,1,1,1,1,1,5,1,752,0,7,2,2,7,99,5,1,1,5,5,3,5,2,2,10,1,2,2,2,2,2,3,2,1,4,1,752001,1,1,4,1,1,752001,3,6,0,1,6,5,0,5,2,8,3,0,7,5,0,5,3,6,10,99,0,6,10,3,8,4,1,1,3,3,1,3,3,3,1
"0000002599","SWE_2022","Sweden",1.3555,22,0,4,4,0,6,9,9,1,1,752,0,7,2,2,4,4,7,1,1,3,2,5,5,3,3,10,1,1,1,1,2,1,3,2,2,3,1,752003,0,2,1,1,1,752003,4,8,2,8,8,7,4,6,5,9,3,7,9,7,8,3,6,2,10,8,0,5,9,1,8,4,1,0,9,3,2,3,3,4,1
"0000001498","SWE_2022","Sweden",1.1008,52,0,5,4,0,99,4,2,2,1,752,0,1,2,2,2,2,2,1,2,1,1,3,1,2,2,4,3,3,9,2,3,2,3,4,2,5,0,999999,999999,9,2,1,99,999999,4,0,10,8,99,0,99,0,99,8,10,8,0,0,0,99,0,99,99,99,99,99,99,99,99,99,2,0,9,3,2,4,3,3,1
"0000002267","SWE_2022","Sweden",0.821,73,0,4,4,0,7,2,1,1,1,752,0,1,3,2,4,0,0,1,1,1,4,5,5,2,2,6,2,2,3,2,3,2,4,2,2,4,1,752004,0,1,4,3,1,752004,5,9,0,2,10,5,1,8,3,8,0,2,9,5,1,7,3,2,10,8,1,5,9,3,7,1,2,1,2,3,2,3,3,3,0
"0000000824","SWE_2022","Sweden",1.5176,51,1,3,1,0,1,1,1,4,1,900,9,1,3,3,3,7,7,2,1,5,5,5,5,5,5,6,3,3,2,2,3,3,3,4,2,3,1,752002,0,2,2,2,1,752002,4,0,9,7,0,0,8,0,6,3,9,7,0,0,9,0,7,5,8,8,1,1,8,1,5,99,2,1,2,3,1,3,3,3,1
"0000000393","SWE_2022","Sweden",0.7658,41,1,8,1,1,2,1,1,4,3,752,0,14,2,2,0,5,7,1,1,1,5,5,5,2,3,9,2,2,2,2,2,2,3,2,9,4,1,752001,1,1,1,2,1,752007,4,10,1,4,7,8,4,9,7,10,0,5,5,8,4,6,6,99,99,99,99,99,99,99,99,3,1,1,2,3,2,4,3,4,1
"0000002721","SWE_2022","Sweden",0.7541,75,0,2,4,0,7,2,2,1,2,752,0,14,1,3,2,99,99,3,4,2,2,3,3,3,3,5,2,2,2,3,4,4,4,2,2,3,1,752001,1,4,2,2,1,752001,4,9,99,99,99,99,99,99,99,10,99,99,99,99,99,99,99,7,99,99,99,99,99,99,99,99,2,1,2,2,2,3,3,3,8
"0000001042","SWE_2022","Sweden",0.9037,54,1,6,1,1,1,1,1,2,2,752,0,1,3,3,0,0,0,1,1,3,5,3,2,3,3,5,2,2,2,2,3,4,4,3,3,5,1,752008,0,1,1,4,99,999999,5,0,6,6,0,0,5,0,9,0,6,6,5,0,6,0,7,0,6,6,0,0,6,0,3,9,4,0,9,2,1,3,3,3,1
"0000000642","SWE_2022","Sweden",0.91,45,0,6,1,1,1,1,2,5,1,752,0,4,1,2,0,7,3,1,2,1,4,3,5,5,5,9,1,1,1,1,2,2,3,3,3,5,1,752003,0,4,4,1,1,752005,3,8,1,8,2,6,3,1,6,9,0,8,8,1,1,0,7,4,8,7,2,5,7,0,5,5,2,0,3,2,1,3,3,3,1
"0000000654","SWE_2022","Sweden",0.7712,60,0,99,1,1,1,9,2,5,9,752,0,1,3,1,7,3,7,1,1,5,5,5,5,5,2,8,1,1,2,1,2,1,3,2,2,2,1,752003,0,1,2,1,1,752005,5,0,0,8,0,7,8,1,8,1,6,6,3,6,8,1,8,1,10,8,0,7,9,1,7,7,2,0,9,2,1,3,3,4,0
"0000001064","SWE_2022","Sweden",1.0931,57,1,3,4,0,1,1,2,3,2,752,0,5,1,3,3,5,5,2,1,3,3,3,3,3,3,10,2,2,2,3,2,2,2,3,2,5,1,752003,0,1,1,2,1,752003,4,2,9,10,4,5,5,1,5,2,9,10,4,5,5,1,5,1,9,10,1,1,9,1,7,99,2,1,2,2,1,4,3,4,8
"0000002359","SWE_2022","Sweden",0.6191,70,1,6,3,0,7,1,2,1,1,752,0,17,2,1,7,7,7,1,1,1,5,5,5,5,5,10,1,2,1,1,3,1,4,1,1,1,1,752007,0,1,1,1,1,752004,5,8,0,0,7,1,0,10,0,10,0,0,4,7,0,10,0,2,10,10,0,7,10,3,8,2,1,1,1,3,1,2,1,3,0
"0000002784","SWE_2022","Sweden",0.8153,71,1,5,1,1,7,1,1,4,1,752,0,3,4,2,7,0,0,2,1,1,5,5,5,5,5,9,2,2,2,2,2,2,9,2,2,4,1,752001,1,2,1,1,1,752004,5,9,0,0,10,5,0,7,5,10,0,2,10,10,0,5,2,3,10,10,0,5,10,4,7,2,2,1,2,2,3,3,3,3,1
"0000000495","SWE_2022","Sweden",0.7712,51,0,7,1,9,1,1,2,5,2,752,0,6,2,1,7,7,7,1,1,1,5,5,5,5,3,10,1,1,1,1,3,1,3,2,2,1,1,752005,0,1,4,1,1,752008,4,6,0,6,2,10,0,9,5,5,0,6,0,10,0,5,2,4,10,6,3,5,8,4,5,5,2,0,3,2,4,2,3,3,1
"0000000158","SWE_2022","Sweden",0.9037,57,1,7,4,1,5,1,2,5,1,900,9,1,1,2,3,0,5,1,2,2,4,3,2,2,4,9,2,2,2,1,3,2,3,2,1,5,1,752005,0,2,2,1,1,752003,5,9,0,7,7,9,0,6,6,10,6,3,8,10,0,4,4,4,10,8,3,4,8,4,6,4,1,0,9,2,3,1,1,3,1
"0000002550","SWE_2022","Sweden",0.8153,69,1,4,4,0,1,9,2,9,2,752,0,7,1,3,5,0,0,2,1,1,3,2,3,2,2,9,2,2,2,2,3,2,3,9,9,5,1,752003,0,1,1,1,1,752003,3,5,5,5,5,5,5,5,5,99,6,8,3,1,6,3,7,99,99,99,99,99,99,99,99,99,2,0,9,2,1,2,3,3,1
"0000002198","SWE_2022","Sweden",1.1092,88,0,2,2,1,7,2,1,9,2,752,0,14,2,1,7,99,99,2,1,9,9,9,5,5,5,9,2,1,2,3,3,3,4,2,2,3,1,752001,1,1,1,1,1,752001,5,10,0,0,7,8,0,7,6,10,0,0,3,8,0,8,7,99,99,99,99,99,99,99,99,99,2,1,1,2,2,2,2,1,1
"0000002313","SWE_2022","Sweden",0.7541,78,0,2,4,0,7,2,1,2,2,752,0,3,2,2,6,3,0,3,1,3,2,1,5,5,1,9,1,1,3,1,3,2,4,2,2,3,1,752001,1,1,1,2,1,752001,4,10,0,0,9,5,5,5,0,10,99,99,99,5,99,5,0,0,10,10,1,9,9,1,99,1,2,1,2,3,2,2,1,1,1
"0000002497","SWE_2022","Sweden",0.8153,72,1,7,1,0,7,1,2,5,1,900,9,14,3,2,3,99,99,1,1,4,5,3,5,5,4,8,2,1,9,9,9,9,9,2,2,4,99,752001,1,2,2,1,1,752008,3,7,3,5,5,7,7,5,7,9,4,4,5,5,6,5,5,4,10,10,0,5,7,99,7,6,2,0,9,3,3,4,2,3,1
"0000001362","SWE_2022","Sweden",0.9037,46,1,6,1,0,2,1,1,3,1,752,1,14,3,2,0,3,7,2,1,1,3,4,3,2,5,4,3,3,2,2,4,4,4,4,2,5,0,999999,999999,9,4,2,1,999999,3,99,99,99,99,99,99,99,99,99,99,99,99,99,99,99,99,99,99,99,99,99,99,99,99,8,2,0,2,4,1,4,4,3,1
"0000000701","SWE_2022","Sweden",0.7658,56,1,8,1,0,1,4,2,5,1,752,0,1,3,2,7,2,5,2,1,1,4,5,5,2,4,9,2,2,2,2,2,2,3,2,2,4,1,752005,0,1,2,1,1,752007,4,8,0,3,6,9,2,9,4,9,0,2,8,10,1,7,3,3,10,10,0,5,10,3,7,99,1,1,2,3,2,4,3,3,1
"0000000156","SWE_2022","Sweden",0.7712,41,0,8,4,1,1,1,1,3,1,752,0,1,4,1,7,7,2,1,1,1,5,4,5,4,3,9,2,2,2,2,2,2,3,2,2,4,1,752008,0,2,2,1,1,752008,4,8,0,3,0,7,2,1,9,7,5,5,3,7,5,3,7,3,5,8,0,5,8,2,6,5,2,1,2,2,2,3,3,3,0
"0000001668","SWE_2022","Sweden",1.1008,59,0,2,1,1,1,2,2,2,1,752,0,4,2,3,1,0,0,3,4,5,4,4,2,3,2,3,3,4,3,3,4,2,4,4,4,2,1,752008,0,4,2,2,1,999999,5,1,2,0,0,0,0,0,1,1,2,0,1,0,0,0,0,4,7,3,4,6,0,0,2,5,4,0,3,1,1,4,3,3,1
"0000001902","SWE_2022","Sweden",0.6234,70,0,6,1,1,7,2,2,2,1,752,0,7,1,3,7,7,0,9,9,9,9,9,9,9,9,99,9,9,9,9,9,9,9,9,9,3,99,999999,999999,9,9,1,1,752003,4,0,7,7,0,0,2,0,2,0,6,5,0,0,4,0,2,0,9,10,0,2,8,0,5,8,1,1,2,2,3,2,1,2,0
"0000002490","SWE_2022","Sweden",1.275,38,0,4,1,0,5,2,1,4,1,752,0,10,1,2,1,6,0,3,1,1,1,3,5,5,5,8,2,2,3,2,3,2,4,3,2,4,1,999999,999999,9,2,2,1,999999,4,5,5,5,5,5,5,5,5,5,5,5,5,5,5,5,5,4,9,9,1,1,7,1,7,4,2,0,9,2,1,4,3,3,1
"0000002618","SWE_2022","Sweden",0.6191,77,1,7,3,0,7,1,1,1,2,752,0,19,2,1,5,5,6,2,1,1,5,3,5,5,2,10,1,1,2,1,2,2,3,2,1,3,1,752001,1,1,4,1,1,752007,5,10,0,0,5,6,0,10,0,10,0,0,5,9,0,10,0,1,10,10,0,4,10,0,10,1,2,1,2,3,2,3,2,2,1
"0000001979","SWE_2022","Sweden",1,51,0,3,4,0,7,2,2,1,4,752,1,5,2,1,3,0,0,1,1,2,2,3,3,3,1,3,4,1,3,2,3,2,4,4,4,5,1,752003,0,1,2,3,1,752003,4,0,10,10,0,0,9,0,6,0,10,10,0,0,10,0,8,7,9,10,0,0,8,0,5,5,4,0,9,3,4,2,3,5,1
"0000001073","SWE_2022","Sweden",1.275,29,0,4,4,1,1,1,2,1,1,752,0,20,2,4,0,0,3,4,1,2,2,1,2,1,2,9,3,3,3,2,3,4,4,4,4,5,1,999992,0,2,4,2,1,752003,4,0,5,8,6,5,5,0,3,3,4,5,5,2,5,5,5,0,8,9,1,4,5,2,1,8,2,0,3,2,4,2,3,3,0
"0000001202","SWE_2022","Sweden",2.2604,18,1,4,4,0,5,1,2,5,1,752,0,18,2,2,5,4,7,2,1,3,3,3,5,3,2,8,3,3,2,2,3,3,3,2,2,4,1,999999,999999,9,2,2,99,999999,4,9,0,2,9,8,2,9,5,10,5,3,9,9,0,9,6,3,10,10,0,4,8,2,7,3,2,0,2,3,2,3,3,3,1
"0000000872","SWE_2022","Sweden",1.0805,32,0,8,1,0,1,1,2,5,1,752,0,1,3,1,4,0,6,1,1,1,4,3,5,2,4,10,1,1,2,1,9,2,4,4,3,4,1,752003,0,1,1,1,1,752006,4,2,5,10,0,7,9,0,9,1,7,10,0,4,99,0,10,3,6,10,0,7,10,1,9,99,1,1,1,1,2,3,3,3,1
"0000002528","SWE_2022","Sweden",0.5247,76,1,7,1,0,7,1,1,2,1,752,0,3,1,2,7,2,3,2,1,1,5,5,5,5,5,8,2,2,2,1,2,1,3,2,2,4,1,752007,0,2,2,1,1,752007,5,9,0,4,8,8,3,9,5,9,0,2,8,8,2,8,5,1,8,9,0,4,9,1,6,2,2,1,2,2,2,2,3,3,0
"0000001846","SWE_2022","Sweden",0.5247,76,1,7,1,0,7,1,1,4,9,752,1,1,3,2,6,0,5,2,1,3,5,5,5,5,5,9,2,2,2,2,2,2,3,2,2,4,1,752007,0,1,1,1,1,999999,4,8,0,3,6,7,2,9,5,9,0,2,9,9,2,10,4,2,10,8,1,5,9,3,7,2,2,1,2,2,3,3,3,3,1
"0000001448","SWE_2022","Sweden",1.1008,52,0,4,4,1,1,3,9,2,1,752,0,3,1,2,0,0,0,2,1,1,3,3,4,2,2,3,3,3,3,2,4,3,4,4,3,5,1,752006,0,2,2,3,1,752006,3,0,2,5,0,0,8,0,1,0,5,5,0,0,6,0,1,1,5,8,0,0,8,0,2,8,4,0,3,4,4,3,4,3,1
"0000001463","SWE_2022","Sweden",0.6234,86,0,6,1,9,7,3,2,2,1,752,0,13,1,4,99,7,7,3,1,1,2,4,3,3,3,7,2,2,3,2,3,2,2,3,1,3,1,752002,0,2,4,1,1,752002,4,5,6,7,2,3,6,1,2,99,7,7,1,1,7,2,1,1,7,8,2,3,7,3,3,8,2,0,2,3,2,2,1,3,1
"0000002169","SWE_2022","Sweden",1.1092,73,0,2,1,0,7,4,2,1,1,752,0,12,1,2,7,7,7,1,1,1,1,5,5,5,5,5,2,2,3,2,2,2,2,3,2,4,1,752002,0,1,2,1,1,752002,3,3,10,0,0,0,0,0,0,2,10,0,0,0,0,0,0,0,10,9,0,3,10,0,6,10,2,1,1,4,4,2,2,3,0
"0000000174","SWE_2022","Sweden",0.91,53,0,7,1,1,1,1,2,5,1,900,9,4,2,3,7,7,0,1,2,1,5,3,1,5,2,9,4,4,4,3,4,3,4,1,4,5,1,752001,1,1,1,2,1,752001,5,10,0,0,0,0,0,0,0,10,0,0,0,0,0,99,0,5,10,7,3,7,7,7,5,5,4,1,1,2,1,3,3,3,1
"0000000364","SWE_2022","Sweden",1.2661,34,1,6,4,1,5,2,2,3,1,752,0,4,2,2,2,2,7,1,1,1,2,2,4,2,4,8,2,2,2,1,3,2,3,3,2,5,1,752003,0,1,2,2,1,752003,4,2,5,10,0,6,9,0,10,2,10,9,0,5,10,0,9,5,10,10,0,5,8,1,7,10,2,1,2,3,2,4,3,2,8
"0000000714","SWE_2022","Sweden",0.7658,47,1,7,1,1,1,1,1,5,2,752,0,20,1,1,2,7,7,1,4,2,4,2,5,5,4,9,1,1,2,1,2,1,3,1,1,4,1,752001,1,1,1,1,1,752001,5,99,99,99,99,99,99,99,99,10,0,0,8,10,0,5,5,3,10,9,0,4,10,4,6,3,2,1,2,3,3,4,3,1,1
"0000002176","SWE_2022","Sweden",0.821,71,0,3,1,1,7,2,2,2,2,752,0,5,1,2,6,6,3,2,1,2,4,3,5,5,5,10,1,1,1,3,9,3,3,2,2,4,1,752001,1,1,2,1,1,752001,5,10,0,1,3,5,0,6,2,10,1,1,3,5,0,3,2,5,9,10,0,6,10,5,8,5,2,1,1,9,2,3,3,3,1
"0000000408","SWE_2022","Sweden",1.7726,20,1,4,4,0,5,9,9,5,3,752,1,1,9,2,1,0,99,2,3,2,4,2,4,2,3,7,2,2,2,1,3,3,4,2,2,4,0,999999,999999,9,4,2,99,999999,4,6,0,6,2,6,2,6,4,4,0,3,3,3,4,3,3,3,8,7,0,4,9,4,7,99,2,0,9,1,1,4,2,3,1
"0000000599","SWE_2022","Sweden",0.7658,45,1,8,3,1,1,1,2,5,2,752,0,12,2,2,5,3,2,2,2,1,2,3,3,3,4,8,2,2,2,2,2,2,4,2,1,4,1,752003,0,1,1,3,1,752003,3,3,1,8,6,6,3,5,8,7,1,8,5,7,3,2,5,0,8,10,4,5,6,6,9,9,2,0,9,2,2,4,3,3,1
"0000001596","SWE_2022","Sweden",1.6791,31,0,99,4,9,99,9,9,9,9,752,1,1,9,2,0,7,7,2,1,9,9,9,3,3,2,7,3,3,1,1,2,2,2,4,3,9,1,752002,0,1,1,9,1,752002,5,0,10,8,0,5,8,0,7,5,5,5,5,5,5,5,5,99,99,99,99,99,99,99,99,99,9,9,9,9,9,9,9,9,9
"0000002645","SWE_2022","Sweden",1.1901,46,1,4,1,1,9,2,1,2,1,752,0,25,1,4,1,1,1,2,3,3,2,2,5,5,2,5,4,4,4,4,4,4,4,3,2,3,1,999999,999999,9,4,3,1,999999,2,0,0,0,0,0,0,0,0,0,0,0,0,0,0,0,0,0,10,10,0,0,10,10,10,0,4,0,9,3,3,3,4,5,8
"0000000369","SWE_2022","Sweden",0.7658,50,1,8,1,0,1,1,1,5,1,752,0,3,3,3,7,7,7,2,1,1,4,4,3,2,3,9,2,2,2,1,3,2,3,4,3,5,1,752008,0,2,2,1,1,752008,5,1,5,8,0,2,9,0,9,1,5,8,0,2,9,0,9,2,8,10,0,5,10,2,10,9,2,0,9,2,4,4,3,3,1
"0000000496","SWE_2022","Sweden",0.6191,65,1,6,4,0,1,1,1,2,1,901,1,1,3,3,0,0,0,2,1,1,5,5,5,5,4,10,1,1,2,2,3,1,4,2,2,5,1,752001,1,2,4,1,1,752001,4,9,0,3,6,7,2,7,3,9,0,2,6,8,1,6,2,4,10,9,0,5,9,2,7,3,1,0,2,3,2,2,3,3,0
"0000001243","SWE_2022","Sweden",1.1008,64,0,3,1,0,1,4,2,3,1,752,1,12,2,9,7,99,99,1,1,2,4,2,2,2,5,10,3,2,2,1,4,2,3,4,3,5,1,752002,0,1,1,1,1,752006,5,3,10,9,0,0,9,0,5,1,10,8,0,0,9,0,8,2,10,9,0,2,9,0,8,10,2,1,2,1,4,4,3,3,0
"0000001479","SWE_2022","Sweden",1.1008,42,0,3,1,0,5,2,2,1,4,901,9,21,2,2,4,3,0,2,1,1,1,2,5,5,1,10,2,2,1,1,2,2,3,2,2,4,1,999999,999999,9,1,1,0,999999,4,9,9,9,7,7,7,7,7,9,8,9,7,8,6,7,8,0,10,5,2,0,10,0,5,4,1,0,2,1,1,4,4,4,8
"0000002499","SWE_2022","Sweden",0.5247,71,1,7,2,0,7,1,9,2,1,752,0,17,2,2,7,0,7,2,1,3,5,5,5,5,5,8,2,2,2,2,2,2,4,2,2,4,1,752001,1,2,2,1,1,752001,5,9,0,5,3,8,4,5,6,9,1,3,4,8,3,5,5,4,10,7,1,5,8,4,6,4,2,0,2,2,3,3,3,3,1
"0000001328","SWE_2022","Sweden",1.0931,64,1,3,3,0,1,9,2,4,2,752,9,13,1,2,6,7,6,1,2,1,2,2,3,3,3,9,2,2,3,2,2,2,2,2,2,4,1,752005,0,2,2,2,1,752005,5,9,2,8,8,9,4,6,6,10,4,7,7,10,4,7,8,7,1,5,2,8,3,6,3,6,2,1,2,2,2,2,2,3,0
"0000002199","SWE_2022","Sweden",0.5247,72,1,7,1,9,7,1,1,4,2,752,0,3,4,3,6,0,0,2,1,4,2,3,4,4,4,5,2,3,3,2,2,2,3,3,3,3,1,752006,0,9,2,2,1,752006,3,2,8,8,1,0,9,0,5,5,9,9,1,0,9,0,6,4,8,9,1,2,9,1,5,8,4,1,1,2,3,4,3,2,0
"0000000390","SWE_2022","Sweden",1.0805,35,0,7,4,1,2,9,1,1,1,752,0,18,1,2,1,5,4,2,1,2,5,5,5,2,2,6,3,3,2,2,3,2,3,3,2,4,1,752007,0,4,4,2,1,752007,2,2,0,0,5,2,1,5,99,3,2,0,4,4,0,8,1,5,8,9,3,7,8,5,8,1,4,0,3,3,2,2,4,3,1
"0000000855","SWE_2022","Sweden",0.7712,56,0,7,4,1,1,1,2,5,1,752,0,1,3,1,5,6,6,2,1,1,5,1,5,3,2,6,2,3,3,3,3,3,3,4,3,5,1,752006,0,2,2,3,1,752008,4,1,5,6,0,0,6,0,5,0,5,2,0,0,5,0,2,3,3,5,0,3,6,0,4,8,4,0,2,4,4,4,9,4,1
"0000002064","SWE_2022","Sweden",0.7489,65,1,99,1,9,7,2,1,2,1,752,9,20,1,2,6,7,7,2,1,1,2,3,5,5,2,8,3,2,2,2,3,2,3,2,2,4,1,752001,1,1,2,1,1,752001,5,10,5,0,9,0,1,0,2,10,6,0,9,0,0,0,2,1,8,10,1,6,8,5,8,1,2,1,2,3,1,2,2,3,1
"0000002324","SWE_2022","Sweden",1.3555,23,0,6,4,0,6,9,9,9,1,752,0,17,1,3,2,0,0,2,1,4,5,3,5,4,4,9,1,2,1,1,3,2,4,3,2,4,1,999999,999999,9,2,1,1,999999,3,4,5,7,3,7,7,1,7,6,5,6,5,7,6,1,5,4,10,8,1,5,9,3,7,5,2,0,9,2,3,4,3,3,0
"0000000895","SWE_2022","Sweden",0.91,54,0,8,1,1,1,1,2,5,1,752,0,14,1,2,7,7,0,1,1,1,5,5,4,4,3,8,2,2,1,2,2,2,4,2,2,4,1,752005,0,1,2,1,1,752003,5,9,0,8,0,10,0,0,8,9,7,6,5,6,0,0,6,4,9,9,0,5,10,1,6,5,2,1,2,3,3,4,2,2,1
"0000000616","SWE_2022","Sweden",1.073,40,1,8,1,0,1,1,2,5,1,752,0,13,2,3,4,7,7,2,1,2,2,3,4,2,4,8,2,2,2,2,3,2,4,3,2,4,1,752003,0,2,4,2,1,752003,3,3,1,7,1,5,6,1,5,6,2,7,1,6,5,2,6,2,10,9,0,4,7,2,7,7,2,0,2,2,2,3,3,3,1
"0000000840","SWE_2022","Sweden",0.91,42,0,5,1,1,1,1,2,5,1,752,0,3,3,2,7,7,0,1,1,1,5,5,5,4,4,9,2,2,1,1,3,2,4,2,1,3,1,752001,1,1,2,1,1,752001,4,10,0,2,8,5,1,8,2,10,0,1,6,5,0,7,2,3,9,9,2,7,9,4,8,2,2,1,2,3,2,4,3,3,1
"0000000624","SWE_2022","Sweden",1.0805,32,0,7,4,1,1,1,2,2,1,752,1,21,2,2,4,7,7,1,1,1,5,2,3,1,3,9,2,2,2,2,3,2,4,2,2,4,1,752003,0,2,2,2,1,752002,4,5,9,9,0,0,7,0,2,8,9,6,5,0,5,0,5,4,8,9,0,3,7,0,6,7,2,0,9,2,2,3,3,3,1
"0000000002","SWE_2022","Sweden",0.91,59,0,5,1,0,1,4,2,3,1,752,1,14,1,2,2,4,7,1,1,1,3,3,4,2,4,8,2,3,2,2,2,2,3,3,2,4,1,752003,0,1,1,1,1,752003,4,4,7,9,1,6,7,2,6,7,8,7,4,6,5,3,7,4,7,8,1,6,9,0,6,7,2,0,2,2,3,2,2,2,1
"0000000974","SWE_2022","Sweden",0.7541,67,0,3,4,0,7,4,2,5,1,752,0,20,2,1,7,7,7,2,1,9,5,5,5,5,2,10,1,2,2,2,2,2,3,2,3,4,1,752008,0,2,2,1,1,752008,5,7,0,5,0,5,4,1,7,9,1,5,5,5,4,0,6,3,10,10,0,7,99,0,7,6,1,0,3,3,3,2,2,3,1
"0000000066","SWE_2022","Sweden",0.7712,46,0,8,1,1,1,1,2,5,2,752,0,14,3,3,4,0,1,4,1,1,2,4,3,2,2,8,1,2,2,1,3,1,4,2,2,4,1,999999,999999,9,1,1,1,999999,5,7,5,7,5,0,0,3,5,9,7,4,0,0,0,4,6,4,7,7,1,99,8,2,7,6,1,0,9,2,1,1,1,1,1
"0000002506","SWE_2022","Sweden",1.1984,54,0,3,4,1,1,2,2,1,1,752,1,18,2,2,5,0,0,4,2,2,3,3,4,2,4,4,3,3,2,3,4,3,4,2,2,3,1,752004,0,1,4,5,1,752004,5,0,0,0,8,5,0,4,0,1,0,0,8,5,0,0,0,10,10,10,0,7,10,6,10,1,4,0,9,3,3,1,4,4,8
"0000001572","SWE_2022","Sweden",1.1008,60,0,3,4,1,1,2,2,2,1,752,0,22,2,2,7,5,5,1,1,1,1,3,3,3,1,5,2,2,2,2,2,2,3,2,1,3,1,752002,0,2,2,1,1,752001,5,9,9,5,6,8,5,6,5,9,9,5,8,8,5,5,5,0,5,10,4,3,10,3,4,4,2,1,2,9,3,3,3,3,1
"0000001260","SWE_2022","Sweden",0.7658,43,1,8,3,1,3,1,1,1,2,901,9,1,3,2,6,1,4,1,1,2,5,2,9,9,1,10,2,2,9,1,2,1,3,2,1,2,1,752001,1,1,1,9,1,752001,5,10,0,0,10,5,0,9,5,99,0,99,5,9,0,99,99,99,99,99,99,99,99,99,99,99,9,9,9,2,1,9,9,9,9
"0000000417","SWE_2022","Sweden",1.073,32,1,7,4,1,5,2,2,2,1,752,0,1,2,3,1,1,2,3,2,3,1,2,3,3,2,3,3,3,3,2,3,3,3,3,3,3,1,752002,0,2,2,2,1,752002,4,99,99,99,99,99,99,99,99,2,8,7,2,3,8,1,6,3,8,8,1,3,8,2,6,8,4,1,2,9,2,3,3,3,1
"0000000497","SWE_2022","Sweden",0.8153,66,1,4,4,0,2,1,2,2,1,752,0,13,1,2,0,7,7,1,1,2,4,3,2,2,5,7,3,3,4,1,3,3,2,3,1,3,1,752004,0,2,2,1,1,752004,3,8,0,0,8,8,0,8,1,99,99,99,99,99,99,99,99,5,10,10,0,5,10,5,10,99,2,1,2,4,2,4,2,3,0
"0000000797","SWE_2022","Sweden",0.7712,53,0,7,1,1,1,1,2,3,2,752,1,1,1,2,2,0,0,1,1,1,5,5,5,2,2,7,2,2,3,1,3,2,4,2,3,3,1,752007,0,1,2,1,1,752007,4,4,0,1,7,9,0,10,3,8,1,0,8,10,0,9,5,5,10,10,3,7,10,5,8,4,2,0,2,3,3,3,3,3,1
"0000001869","SWE_2022","Sweden",0.7541,65,0,3,4,0,9,2,2,1,2,752,0,7,2,3,6,0,0,2,1,1,1,1,3,3,3,9,3,3,4,3,3,2,9,3,2,5,1,752002,0,2,2,1,1,752002,4,99,9,99,99,99,99,99,99,99,10,99,99,99,99,99,99,99,99,99,99,99,99,99,99,99,2,0,2,3,2,9,9,3,8
"0000002069","SWE_2022","Sweden",0.7489,71,1,3,3,0,7,4,2,2,9,752,9,14,2,2,1,0,0,3,1,3,1,3,3,5,5,10,2,2,3,2,3,2,9,2,1,3,1,999999,999999,9,1,1,99,999999,3,9,9,9,1,6,99,1,5,10,10,10,0,6,9,1,4,5,10,10,0,5,10,0,5,99,2,0,3,2,2,3,3,3,0
"0000000018","SWE_2022","Sweden",0.7658,46,1,8,4,1,1,1,2,4,1,752,0,1,3,2,2,7,5,1,1,1,5,5,5,2,3,10,1,1,1,1,1,1,4,2,1,4,1,752008,0,2,1,1,1,752003,5,6,0,8,0,9,5,2,10,99,99,99,99,99,99,99,99,4,10,8,0,6,8,2,7,7,1,0,2,2,2,3,3,3,1
"0000001866","SWE_2022","Sweden",1.1008,57,0,3,1,1,9,2,2,1,3,752,0,14,3,2,2,3,0,2,1,1,4,5,5,5,2,3,3,3,2,3,3,3,4,2,2,4,1,752004,0,2,2,3,1,752001,2,4,2,0,6,0,0,2,0,3,2,0,5,0,0,2,0,3,6,10,1,8,9,3,7,1,4,0,2,3,3,3,4,4,1
"0000000290","SWE_2022","Sweden",0.7658,61,1,6,1,0,1,2,1,4,2,900,9,12,2,2,2,3,1,1,1,2,1,2,4,2,4,8,2,2,3,2,3,2,3,3,3,4,1,752003,0,9,1,1,1,752001,5,3,8,9,4,5,4,0,5,7,8,9,4,2,4,1,4,4,9,9,1,5,6,1,5,8,2,1,2,2,3,3,3,4,1
"0000001310","SWE_2022","Sweden",1.1901,43,1,99,4,9,99,9,9,9,9,752,1,14,9,4,2,99,99,3,1,9,9,9,4,1,9,6,3,3,3,3,3,3,3,3,3,9,1,752001,1,2,4,9,1,752001,5,99,99,99,99,99,99,99,99,99,99,99,99,99,99,99,99,99,99,99,99,99,99,99,99,99,9,9,9,9,9,9,9,9,9
"0000000076","SWE_2022","Sweden",0.91,43,0,7,1,0,99,9,2,5,1,752,0,14,3,2,6,4,6,1,1,1,5,3,3,2,2,9,2,2,2,1,2,1,3,2,2,4,1,752003,0,1,2,1,1,752003,5,5,0,9,2,7,6,3,8,7,0,8,3,8,5,2,9,4,9,7,1,5,6,3,6,7,1,0,3,2,2,3,3,3,1
"0000000565","SWE_2022","Sweden",1.0805,32,0,8,4,1,1,1,2,2,1,752,0,22,2,3,0,1,2,3,2,2,4,3,5,5,5,10,2,2,2,2,2,2,4,2,2,5,1,752008,0,2,2,1,1,999999,4,5,5,5,5,5,5,5,5,5,5,5,5,5,5,5,5,99,99,99,99,99,99,99,99,7,2,0,9,2,2,4,3,3,0
"0000000397","SWE_2022","Sweden",0.7658,57,1,7,1,1,1,1,1,3,2,752,0,12,1,3,2,4,7,2,1,3,5,5,3,3,2,8,2,2,2,2,3,2,3,2,2,5,1,752001,1,1,2,2,1,752001,4,99,99,99,99,99,99,99,99,10,2,0,3,10,4,3,3,2,10,9,0,4,7,3,5,4,2,1,2,2,2,3,3,4,1
"0000001274","SWE_2022","Sweden",1.7851,19,0,3,4,0,5,2,2,2,3,752,0,12,2,1,6,3,7,1,1,1,4,5,5,3,1,9,1,2,2,1,3,2,3,2,3,5,1,752004,0,1,1,1,99,999999,5,7,0,1,9,3,1,7,2,8,0,0,8,4,0,4,2,5,9,8,2,7,8,5,7,1,1,1,1,4,2,3,3,4,1
"0000001148","SWE_2022","Sweden",1.1984,46,0,4,1,0,1,2,2,2,1,752,0,1,4,2,3,5,7,2,1,2,4,5,5,5,2,8,2,3,3,2,3,2,2,3,3,4,1,752003,0,4,4,1,1,752005,3,6,0,8,6,2,6,7,6,8,0,8,8,2,7,6,7,5,10,7,1,4,7,3,6,6,2,0,9,3,2,3,4,3,1
"0000000248","SWE_2022","Sweden",0.7658,49,1,8,1,1,2,1,1,5,1,752,0,20,1,3,0,7,7,2,1,2,5,3,5,4,4,9,2,3,2,1,3,3,4,2,2,4,1,999999,999999,9,5,1,1,752001,4,5,2,4,4,5,3,3,3,6,5,5,5,5,4,5,5,5,8,5,1,5,8,1,9,5,2,0,3,2,2,4,3,3,1
"0000001965","SWE_2022","Sweden",1.1092,67,0,3,1,1,7,2,9,3,1,752,0,14,3,2,7,0,0,2,1,2,2,3,4,3,3,7,2,2,3,1,3,2,9,1,1,4,1,752001,1,1,2,2,0,999999,3,10,2,6,7,8,2,9,6,10,1,3,6,9,3,9,6,0,10,8,0,5,8,4,4,0,4,1,2,2,3,2,3,3,0
"0000000205","SWE_2022","Sweden",1.0805,35,0,8,4,1,1,1,2,2,1,752,0,5,2,2,5,7,4,2,1,1,5,5,5,5,5,9,1,1,1,2,2,1,3,2,2,4,1,752005,0,2,4,1,1,752005,4,8,0,5,2,9,3,4,6,9,2,4,3,9,2,4,3,3,10,9,0,5,9,2,6,5,2,1,2,2,2,3,3,2,0
"0000002836","SWE_2022","Sweden",1.7851,22,0,4,4,0,5,2,2,9,1,752,0,22,2,1,5,3,7,1,2,3,2,4,5,5,3,10,1,2,2,1,2,2,3,3,2,3,1,752006,0,2,2,1,0,999999,5,4,8,8,1,4,9,0,9,5,10,9,2,6,10,1,8,3,7,10,0,4,9,0,8,9,1,0,9,3,1,3,2,2,1
"0000001964","SWE_2022","Sweden",0.5247,71,1,8,4,0,7,2,2,1,2,900,1,20,1,3,7,7,7,1,1,3,4,5,5,5,5,8,1,1,2,2,3,2,3,1,2,5,1,752001,1,1,1,2,1,752004,5,9,1,4,6,6,5,6,4,10,1,2,6,7,6,5,4,2,10,10,0,6,6,5,10,2,2,0,3,3,3,5,2,3,1
"0000000085","SWE_2022","Sweden",0.7896,44,0,9,1,1,1,1,2,5,3,752,0,14,1,3,7,7,0,1,2,1,5,3,5,2,2,9,2,2,1,1,3,2,4,2,2,4,1,752005,0,5,4,1,1,752003,5,5,0,5,0,7,3,0,3,5,0,6,1,9,1,1,2,3,10,8,0,3,9,0,7,6,2,0,2,1,2,3,4,3,1
"0000000077","SWE_2022","Sweden",0.7658,41,1,99,1,9,99,9,9,9,9,901,9,4,9,3,0,3,2,2,9,9,9,9,9,9,9,99,9,9,9,9,9,9,9,9,9,9,99,999999,999999,9,9,9,99,999999,9,99,99,99,99,99,99,99,99,99,99,99,99,99,99,99,99,99,99,99,99,99,99,99,99,99,9,9,9,9,9,9,9,9,9
"0000000955","SWE_2022","Sweden",0.6234,66,0,99,3,0,7,1,1,4,9,752,0,8,2,2,7,3,7,2,1,1,2,4,4,3,2,8,2,2,2,2,3,3,3,2,2,4,1,999999,999999,9,2,1,1,999999,5,8,4,8,8,8,8,8,8,8,4,8,8,8,8,8,8,1,10,10,0,6,8,5,9,2,2,0,9,3,1,1,2,3,1
"0000000990","SWE_2022","Sweden",1.0805,36,0,6,4,1,5,1,2,2,2,752,0,14,2,3,3,7,0,2,1,9,9,9,5,9,9,7,3,3,3,2,2,3,3,4,2,4,1,752003,0,1,1,2,1,752003,4,5,8,8,0,2,7,0,5,7,10,10,3,0,8,0,5,3,9,8,0,0,8,0,6,7,2,1,2,2,1,5,3,5,1
"0000002715","SWE_2022","Sweden",0.7658,55,1,8,1,0,5,9,9,2,1,901,9,19,4,2,3,1,0,2,4,2,2,3,4,2,2,6,3,2,2,2,3,3,3,3,3,5,1,752001,1,2,2,2,1,752001,3,5,5,5,5,5,5,5,5,5,5,5,5,5,5,5,5,3,10,8,1,99,6,5,6,99,4,0,3,3,1,4,3,4,7
"0000002108","SWE_2022","Sweden",0.6191,71,1,6,1,9,7,2,1,1,2,752,0,1,3,2,7,2,1,2,1,3,3,2,5,5,5,9,2,2,3,9,1,3,4,2,2,3,1,752001,1,4,4,1,1,752004,4,6,3,3,5,3,5,1,5,7,7,2,4,3,3,3,4,4,7,6,4,6,6,2,6,3,2,0,3,3,3,4,2,3,1
"0000001785","SWE_2022","Sweden",0.5283,67,0,8,4,9,7,1,2,4,1,752,0,14,4,1,7,7,7,1,1,1,1,3,2,1,5,10,2,2,1,2,2,2,3,4,4,3,1,752006,0,1,1,1,1,752006,5,99,99,99,99,99,99,99,99,0,10,10,0,0,10,0,10,0,10,10,0,0,10,0,7,10,1,1,2,2,2,3,3,2,0
"0000000507","SWE_2022","Sweden",0.7658,45,1,8,4,1,1,1,1,5,1,752,0,1,3,3,2,7,6,2,1,2,4,3,3,2,5,8,2,2,2,1,2,2,3,1,1,5,1,752001,1,2,4,1,1,999999,5,99,99,99,99,99,99,99,99,10,2,1,1,9,2,2,6,3,10,8,0,5,9,3,6,5,2,0,9,2,3,4,3,3,1
"0000001767","SWE_2022","Sweden",1.1901,48,1,99,4,9,99,9,9,9,9,752,0,12,9,9,99,99,99,9,9,9,9,9,9,9,9,99,9,9,9,9,9,9,9,9,9,9,99,999999,999999,9,9,9,99,999999,9,99,99,99,99,99,99,99,99,99,99,99,99,99,99,99,99,99,99,99,99,99,99,99,99,99,9,9,9,9,9,9,9,9,9
"0000000354","SWE_2022","Sweden",0.5409,74,0,9,1,1,10,9,1,5,1,752,1,14,4,2,7,4,7,1,1,2,5,4,5,5,5,10,2,2,2,2,3,2,4,2,1,4,1,752005,0,1,2,2,1,752005,4,10,0,4,5,10,0,4,5,10,0,4,5,10,0,3,4,4,10,9,0,7,10,1,8,4,2,1,2,3,2,2,2,4,1
"0000001527","SWE_2022","Sweden",1.5423,33,0,5,4,1,10,2,1,3,1,752,0,19,1,3,0,7,7,2,1,1,4,3,4,3,2,8,2,2,2,1,3,2,3,2,2,4,1,752004,0,2,1,4,1,752004,4,7,0,3,10,5,3,8,5,7,0,6,10,6,2,6,5,3,10,10,0,6,9,2,7,0,4,1,1,3,3,3,3,3,1
"0000001462","SWE_2022","Sweden",1.1901,45,1,6,4,1,5,4,2,1,1,752,0,1,3,3,3,0,0,2,2,2,3,5,3,2,2,8,2,2,2,2,3,2,3,2,2,3,1,752005,0,1,2,2,1,752005,4,6,0,5,4,8,0,9,4,8,0,3,5,9,1,5,5,4,10,5,0,5,5,4,5,5,2,0,2,3,2,2,2,3,0
"0000000854","SWE_2022","Sweden",1.1008,53,0,4,1,1,1,1,2,5,2,752,0,12,4,2,1,2,3,1,1,1,2,5,5,4,2,10,2,2,2,2,2,3,3,3,2,4,1,752002,0,1,2,1,1,752003,3,2,10,10,99,1,9,0,99,2,9,8,2,0,8,0,8,5,10,8,1,5,9,2,6,9,2,0,2,2,3,3,2,2,1
"0000000316","SWE_2022","Sweden",1.1407,24,1,8,4,0,5,2,2,3,1,752,0,12,4,2,1,6,6,2,1,2,4,5,5,5,5,9,2,3,2,1,3,1,3,3,3,4,1,752008,0,5,5,3,1,752005,4,8,0,4,4,7,0,5,6,9,0,2,2,7,0,2,2,3,10,9,1,5,10,2,7,3,1,0,9,3,3,3,3,4,1
"0000002793","SWE_2022","Sweden",1.1092,79,0,2,2,0,7,2,2,2,3,752,0,13,2,1,4,0,3,2,1,2,2,2,5,3,1,7,1,2,2,2,2,3,3,2,3,2,1,999999,999999,9,2,1,1,999999,5,7,7,9,0,1,7,0,4,7,8,9,0,0,7,0,4,3,10,10,0,3,9,1,7,9,2,0,3,2,2,4,3,3,0
"0000002457","SWE_2022","Sweden",0.6234,86,0,5,1,0,7,1,1,2,6,752,0,1,2,9,7,0,0,2,1,9,9,9,5,5,2,8,2,2,2,2,3,2,9,2,3,9,99,999999,999999,9,9,3,99,999999,3,99,99,99,99,99,99,99,99,99,99,99,99,99,99,99,99,99,99,99,99,99,99,99,99,99,2,0,3,2,3,4,2,9,0
"0000002510","SWE_2022","Sweden",0.7541,70,0,3,1,9,99,9,9,9,2,752,0,18,9,2,7,5,1,2,2,2,1,1,5,5,5,7,1,2,2,3,2,3,3,2,2,9,1,752001,1,2,2,1,1,752001,5,10,0,0,6,6,2,6,1,10,0,0,7,7,0,1,2,0,10,10,2,2,10,2,9,1,2,1,1,2,9,2,2,2,1
"0000002728","SWE_2022","Sweden",0.6234,75,0,6,4,0,7,1,1,2,1,752,0,12,1,1,6,0,0,2,1,2,1,5,1,2,3,8,3,3,3,3,3,1,4,2,3,3,1,999999,999999,9,4,1,1,999999,4,8,9,9,0,1,7,0,2,9,9,8,0,0,7,0,2,4,10,9,0,5,8,1,6,9,2,0,3,1,3,2,2,3,0
"0000002337","SWE_2022","Sweden",1.1984,56,0,4,4,0,9,2,2,1,6,752,0,18,2,1,7,7,0,2,1,2,5,5,5,5,2,9,1,2,2,2,2,2,4,1,1,4,1,752001,1,1,2,1,1,752001,5,10,5,5,9,6,6,6,6,10,9,9,10,9,9,9,10,3,5,9,1,5,9,4,7,3,1,1,2,2,2,3,3,3,0
"0000001376","SWE_2022","Sweden",0.7658,48,1,7,4,1,1,2,2,3,2,752,0,6,1,3,4,0,3,2,1,1,4,3,4,2,2,8,2,2,2,2,3,2,3,2,1,3,1,752004,0,1,2,1,1,752004,4,8,0,2,10,6,1,9,3,8,0,2,10,8,1,7,2,3,10,9,0,4,9,1,7,1,2,1,1,3,2,2,2,3,1
"0000001025","SWE_2022","Sweden",0.6191,73,1,5,1,0,1,9,2,3,3,752,0,4,1,2,6,7,7,1,1,1,4,3,1,1,3,10,1,1,1,1,1,1,1,2,2,3,1,752003,0,1,1,1,1,752006,3,7,9,9,3,6,9,3,7,9,9,9,9,6,9,3,9,6,10,10,0,5,8,2,5,7,1,1,2,2,3,3,3,3,1
"0000000700","SWE_2022","Sweden",0.7658,45,1,8,4,0,1,4,2,2,1,752,1,12,2,2,7,3,0,1,1,1,5,5,5,2,5,8,2,3,2,1,3,1,3,2,2,5,1,752007,0,1,2,1,1,752007,5,6,0,0,9,4,1,9,2,6,0,0,9,8,1,9,1,4,10,9,1,5,9,1,7,1,2,1,1,3,3,3,3,2,0
"0000002360","SWE_2022","Sweden",0.7489,74,1,6,1,0,7,1,1,3,2,752,0,6,2,2,7,5,7,2,1,1,5,5,5,3,4,10,2,2,1,2,3,1,3,1,1,4,1,752001,1,1,1,1,1,752001,4,10,0,0,5,9,2,7,5,10,0,0,5,10,0,5,5,3,10,10,0,6,10,5,5,3,2,1,1,3,1,2,2,3,0
"0000000067","SWE_2022","Sweden",1.0931,60,1,5,4,1,1,1,2,2,1,752,0,12,2,3,7,5,5,2,1,5,5,5,5,5,3,10,2,2,2,2,2,2,3,2,2,3,1,752001,1,2,2,1,1,752005,4,9,0,5,5,9,3,7,5,9,0,4,5,10,2,5,3,3,2,10,0,5,9,5,7,3,2,1,3,2,3,4,3,2,1
"0000000680","SWE_2022","Sweden",1.1487,25,0,8,4,0,5,2,2,4,1,752,0,1,4,2,7,7,7,2,1,2,4,4,5,3,3,8,2,2,1,1,3,2,4,3,2,4,1,752001,1,2,5,3,1,752003,5,8,2,7,2,5,4,1,7,10,3,6,5,7,3,2,2,3,9,8,1,4,9,2,6,7,2,0,9,3,3,4,4,3,8
"0000001421","SWE_2022","Sweden",1.346,21,1,4,4,1,6,2,2,1,1,752,0,12,2,1,4,7,7,3,1,2,4,3,5,3,5,8,2,2,2,1,3,2,3,3,2,5,1,752005,0,2,2,1,99,999999,5,8,0,1,4,8,0,6,5,10,0,0,3,8,0,5,3,5,5,10,1,5,10,2,7,3,2,0,2,3,2,4,4,3,1
"0000002524","SWE_2022","Sweden",0.7712,56,0,8,3,1,1,1,1,3,1,752,0,1,1,1,6,7,7,1,1,1,5,5,5,5,5,8,1,2,3,2,3,2,3,4,4,5,1,752002,0,1,1,1,1,752002,5,3,8,7,6,0,7,0,5,2,10,8,8,0,8,0,7,3,6,8,1,3,8,1,6,6,2,1,2,2,2,3,3,3,1
"0000002399","SWE_2022","Sweden",0.5247,75,1,8,1,0,7,1,1,2,4,752,0,21,1,2,4,7,0,2,1,1,4,5,5,5,4,8,2,2,2,2,3,2,4,1,1,4,1,752007,0,1,1,1,1,752007,5,9,0,5,8,8,4,10,5,10,0,5,5,99,0,8,5,2,10,8,0,7,10,2,7,4,1,1,9,3,3,4,2,3,0
"0000000758","SWE_2022","Sweden",0.91,42,0,4,4,0,1,1,9,3,1,752,0,14,1,2,0,5,0,1,1,1,3,5,3,3,3,6,3,3,3,3,3,3,3,4,2,5,1,752006,0,4,4,1,1,752006,4,4,8,8,2,0,9,0,8,3,7,8,2,0,9,0,10,5,10,9,0,4,9,0,7,8,2,0,2,2,3,4,3,3,8
"0000000297","SWE_2022","Sweden",0.6191,71,1,8,1,0,7,2,1,2,4,752,0,24,2,2,5,5,0,3,1,3,5,3,5,5,5,7,2,2,3,2,3,2,4,2,2,5,1,999999,999999,9,5,1,1,999999,5,8,0,5,3,5,0,7,8,9,0,5,3,8,0,7,5,99,99,99,99,99,99,99,99,3,2,0,3,2,2,3,3,3,0
"0000000039","SWE_2022","Sweden",0.821,66,0,4,1,0,7,1,2,5,1,752,0,1,3,2,4,7,0,1,1,3,2,4,5,5,5,8,2,2,3,2,2,2,4,4,2,5,1,752003,0,1,1,1,1,752003,5,4,9,9,0,4,8,0,7,6,9,9,1,0,8,0,8,5,10,9,0,5,8,3,6,9,2,1,2,2,3,4,3,3,1
"0000002751","SWE_2022","Sweden",1.5282,62,0,2,4,0,1,2,1,1,1,752,1,13,2,1,7,0,0,3,1,1,3,5,5,2,1,6,3,3,3,2,3,2,4,2,2,3,1,752004,0,1,2,3,0,999999,3,6,0,0,10,0,0,6,0,99,0,0,5,0,0,0,0,3,9,10,99,7,6,2,7,0,4,0,2,3,2,5,3,4,1
"0000001627","SWE_2022","Sweden",1.0931,63,1,3,1,0,3,9,2,1,2,752,0,4,1,3,0,0,7,3,1,2,2,4,3,3,2,6,2,3,3,2,3,3,3,3,3,5,1,752003,0,2,1,2,1,752003,4,0,0,9,0,6,6,1,5,8,0,9,4,5,7,0,5,2,10,9,0,5,5,4,5,6,2,0,2,3,3,4,3,4,0
"0000000185","SWE_2022","Sweden",1.073,33,1,8,1,0,1,1,1,4,1,752,1,1,3,3,0,0,7,2,1,2,4,3,5,4,3,10,2,2,2,2,3,2,3,2,2,4,1,752001,1,2,4,1,1,999999,2,6,0,6,4,5,1,5,5,8,0,5,5,5,2,5,5,99,99,99,99,99,99,99,99,7,2,0,2,2,1,3,3,3,1
"0000002491","SWE_2022","Sweden",0.7489,74,1,4,4,0,7,4,2,2,1,752,0,8,2,2,4,7,0,1,1,5,4,5,5,5,5,8,1,2,3,1,3,3,4,4,2,4,1,752003,0,1,1,1,1,752003,5,0,6,10,0,0,8,0,8,0,6,10,0,0,10,0,9,2,10,9,0,2,8,1,6,9,4,1,1,2,2,3,3,3,0
"0000002456","SWE_2022","Sweden",0.7541,66,0,4,1,1,1,2,2,2,3,752,1,20,1,1,3,7,7,1,1,2,2,5,5,5,4,8,1,2,3,2,2,2,3,4,3,5,1,752002,0,1,1,1,1,752002,3,0,10,8,5,0,10,0,5,0,10,10,5,0,10,0,5,0,8,8,0,2,8,0,5,8,2,1,1,2,4,3,4,3,1
"0000001764","SWE_2022","Sweden",2.2604,19,1,4,4,0,6,9,9,1,1,752,0,22,9,3,7,7,7,4,2,1,2,3,4,5,3,7,3,3,3,2,3,1,2,3,4,5,1,752001,1,2,5,3,99,999999,5,9,0,0,9,2,0,1,0,9,0,0,9,3,0,1,0,3,10,10,2,2,9,1,10,2,4,1,2,3,3,5,3,5,1
"0000000303","SWE_2022","Sweden",0.7658,63,1,7,4,0,1,2,1,3,1,752,0,14,1,2,7,3,0,1,1,1,5,5,4,4,4,8,2,2,2,2,2,2,4,1,1,3,1,752001,1,1,1,2,1,752001,4,10,0,3,3,2,0,2,2,10,0,0,3,6,0,4,2,3,9,8,1,5,9,4,7,3,1,1,1,2,2,2,2,2,1
"0000001029","SWE_2022","Sweden",1.1901,51,1,5,4,0,1,1,1,5,1,752,1,1,3,2,3,7,3,2,1,3,5,4,5,2,5,8,2,2,2,1,2,2,3,1,2,4,1,752001,1,1,2,2,1,752001,4,10,0,4,5,6,0,4,8,10,0,0,1,8,0,2,5,4,7,7,1,5,9,3,6,5,2,1,1,3,2,3,2,3,1
"0000001980","SWE_2022","Sweden",0.6234,72,0,4,1,0,7,1,2,4,2,752,0,1,3,2,7,7,0,1,1,1,5,5,5,2,5,10,2,1,2,1,2,1,4,1,2,4,1,752005,0,1,1,1,1,752008,4,7,0,2,2,9,2,6,4,10,0,2,2,10,0,5,6,3,10,9,0,5,9,3,7,5,1,1,2,2,3,2,3,2,1
"0000000140","SWE_2022","Sweden",1.1984,47,0,4,1,0,1,4,4,3,1,752,9,14,1,1,0,7,7,2,2,2,1,1,2,4,1,2,3,3,4,2,4,4,3,4,4,5,1,999999,999999,9,4,4,1,999999,3,0,4,5,0,0,4,0,3,0,8,1,0,0,9,0,1,0,7,2,0,0,7,0,2,7,5,0,2,2,3,4,5,4,1
"0000000751","SWE_2022","Sweden",1.073,34,1,8,4,1,1,1,1,3,2,752,0,12,3,2,3,0,5,2,1,1,5,5,5,2,3,9,2,2,1,1,3,2,3,2,2,5,1,752005,0,2,2,1,1,752007,4,8,0,5,6,10,5,10,5,8,1,4,6,10,6,8,99,3,6,9,1,3,8,3,5,3,2,0,2,3,2,2,2,3,1
"0000002541","SWE_2022","Sweden",0.7541,85,0,2,1,9,7,1,1,1,1,752,9,18,2,2,7,0,0,2,1,1,1,1,5,5,5,10,2,2,2,2,2,2,4,2,2,3,1,752001,1,1,2,1,1,752001,5,10,0,5,6,9,5,8,5,10,0,5,6,9,5,8,5,99,10,99,5,3,10,3,10,99,2,1,2,2,2,2,2,2,0
"0000002643","SWE_2022","Sweden",1.0469,76,0,3,3,0,7,9,2,1,6,752,9,12,2,3,3,0,0,2,2,2,2,1,1,1,1,7,2,2,3,3,3,2,2,2,4,2,99,752002,0,9,1,3,99,752002,4,4,5,6,3,3,4,7,4,4,5,3,4,3,4,4,3,3,4,4,5,3,3,4,4,4,1,1,2,2,1,2,1,2,8
"0000002194","SWE_2022","Sweden",0.6234,75,0,6,1,0,7,2,1,9,6,900,9,19,2,3,6,1,2,2,1,1,2,1,5,2,1,6,3,3,2,1,4,9,3,2,3,4,1,752006,0,2,4,2,99,999999,9,99,99,99,99,99,99,99,99,99,99,99,99,99,99,99,99,2,10,10,0,5,8,2,9,5,2,0,3,3,2,3,4,5,1
"0000001953","SWE_2022","Sweden",1.0396,69,1,3,1,0,7,2,2,2,1,752,9,24,2,2,1,0,4,2,1,2,2,5,4,4,4,10,1,1,1,2,2,1,3,2,2,3,1,752001,1,2,2,1,1,752001,4,9,0,1,6,5,1,4,4,10,2,1,5,6,0,1,3,2,9,10,0,5,10,3,7,2,2,1,3,2,2,3,3,3,1
"0000000942","SWE_2022","Sweden",0.7712,55,0,8,3,1,1,1,1,2,2,752,0,12,2,1,5,7,7,2,1,1,5,5,5,4,3,10,1,2,2,1,2,1,3,2,2,4,1,752001,1,2,2,1,1,752004,5,9,0,1,9,5,0,9,1,10,0,0,9,5,0,9,0,3,10,10,0,5,10,4,10,2,1,1,2,3,2,4,3,3,1
"0000000777","SWE_2022","Sweden",1.1487,25,0,7,4,0,5,1,2,4,1,752,0,1,3,3,5,99,99,2,1,1,9,9,5,4,2,8,2,2,2,2,3,2,3,3,2,4,1,752008,0,2,4,1,1,752008,3,6,0,8,0,8,5,3,9,7,2,6,1,8,4,2,7,6,9,8,1,6,7,2,6,6,2,0,2,2,1,4,3,3,1
"0000000057","SWE_2022","Sweden",1.6791,38,0,4,1,0,1,9,2,4,2,752,0,25,2,3,1,7,7,3,2,2,2,3,2,4,5,1,3,2,3,1,3,2,2,4,2,5,1,752003,0,1,2,3,1,752003,3,3,3,8,0,4,2,0,4,4,7,7,0,1,4,0,99,0,10,8,0,99,99,99,99,6,4,0,2,2,1,2,3,2,1
"0000001483","SWE_2022","Sweden",0.6234,72,0,5,1,9,7,1,1,9,1,752,0,18,1,3,5,0,0,2,1,5,1,5,1,3,2,0,2,3,3,3,3,3,4,4,4,5,1,999999,999999,9,1,2,1,999999,3,0,10,9,0,0,9,99,5,0,10,9,0,0,9,99,5,0,10,9,0,5,9,0,6,10,5,1,1,3,3,5,4,3,9
"0000002511","SWE_2022","Sweden",0.5247,74,1,99,3,9,99,9,9,9,9,752,0,1,9,1,2,3,3,9,9,9,9,9,9,9,9,99,9,9,9,9,9,9,9,9,9,9,99,999999,999999,9,9,9,99,999999,9,99,99,99,99,99,99,99,99,99,99,99,99,99,99,99,99,99,99,99,99,99,99,99,99,99,9,9,9,9,9,9,9,9,9
"0000001090","SWE_2022","Sweden",1.1901,57,1,4,3,1,1,1,2,2,1,752,0,17,2,2,1,0,0,2,1,4,5,4,5,5,5,10,2,2,2,2,3,2,3,2,2,5,1,752001,1,1,2,2,1,752001,4,10,0,0,7,5,0,8,1,10,0,0,7,7,0,7,2,3,10,10,1,6,10,5,6,3,2,0,2,3,2,3,3,3,1
"0000000461","SWE_2022","Sweden",0.9037,61,1,6,3,0,1,2,2,2,1,752,0,1,3,3,99,7,99,3,3,2,2,2,4,4,4,7,3,3,4,3,3,3,4,3,2,9,1,752003,0,2,9,3,1,752003,3,5,7,7,1,2,5,5,3,5,5,5,3,5,3,3,3,99,10,9,1,4,5,1,5,5,2,0,2,2,3,3,3,4,1
"0000002361","SWE_2022","Sweden",0.7712,55,0,8,2,1,5,1,2,1,1,752,0,14,1,1,0,7,0,1,5,1,1,1,2,2,1,3,3,3,3,2,4,4,4,4,4,5,1,752002,0,1,4,4,1,752002,4,0,9,8,0,0,2,0,1,0,6,5,2,0,2,0,3,2,5,4,0,1,6,0,2,9,4,0,2,3,4,4,4,3,0
"0000000484","SWE_2022","Sweden",1.2661,36,1,6,4,0,1,1,4,2,1,752,0,1,3,2,3,7,0,3,1,1,5,5,5,3,5,6,3,2,2,1,3,2,3,2,2,2,1,752007,0,1,1,3,1,752001,5,9,0,1,8,5,0,9,1,10,0,0,8,10,0,8,3,3,4,10,0,8,10,1,8,1,2,1,1,4,2,3,2,3,0
"0000000568","SWE_2022","Sweden",1.1487,24,0,8,4,1,1,1,1,1,1,752,0,1,4,1,7,7,7,1,1,1,4,5,5,4,5,9,1,1,1,2,3,1,3,2,2,4,1,752007,0,1,1,1,1,752007,5,8,0,4,7,8,1,10,4,8,0,6,7,8,0,10,4,6,5,9,2,8,7,4,8,2,1,1,1,3,2,4,3,4,0
"0000002374","SWE_2022","Sweden",1.5282,64,0,5,4,0,9,1,1,2,1,752,0,5,2,3,3,3,2,2,1,1,2,2,2,2,5,8,3,3,3,2,3,2,3,2,3,4,1,752002,0,1,2,1,1,752002,4,5,10,9,0,0,10,0,5,5,10,9,5,0,10,0,5,2,10,10,0,5,9,5,5,99,2,0,2,2,2,2,3,2,0
"0000001124","SWE_2022","Sweden",1.1984,48,0,3,4,1,5,2,2,9,1,752,0,17,1,3,1,3,4,1,1,1,1,2,1,2,2,2,4,4,4,1,4,2,3,4,4,5,1,752002,0,2,4,2,1,752003,2,2,7,6,0,0,6,0,6,3,8,8,1,0,7,0,7,3,8,7,0,1,7,0,6,99,4,0,2,2,2,3,4,4,1
"0000001333","SWE_2022","Sweden",1.0931,60,1,3,1,1,1,2,2,5,1,752,0,1,3,2,7,1,99,2,1,1,4,9,4,4,2,99,2,9,2,2,2,2,2,2,9,4,1,752001,1,1,2,1,1,752001,4,9,2,6,6,6,6,7,6,9,7,7,7,7,7,7,7,4,10,8,0,5,7,3,7,4,2,1,2,2,2,4,2,3,1
"0000002732","SWE_2022","Sweden",0.5247,84,1,8,3,0,7,4,2,1,2,752,9,1,3,9,7,99,0,2,1,2,5,3,5,2,4,10,2,2,1,1,2,2,4,2,2,3,1,752005,0,2,2,1,1,752008,5,10,0,4,3,9,4,8,6,10,0,3,3,10,3,8,6,3,10,10,0,5,10,2,8,5,2,0,9,3,3,3,2,3,0
"0000000020","SWE_2022","Sweden",1.073,32,1,8,4,1,1,1,2,5,1,752,0,1,4,3,5,1,7,1,1,1,5,4,2,3,4,10,3,2,2,1,3,2,4,2,2,5,1,752003,0,2,4,1,1,752001,2,7,1,8,2,3,5,3,5,8,4,9,9,5,5,2,5,3,10,7,1,4,8,2,5,6,2,0,3,4,4,4,3,2,1
"0000000256","SWE_2022","Sweden",1.0986,36,1,9,1,0,2,1,2,3,1,901,1,1,2,2,4,2,4,2,2,2,2,3,4,4,3,5,3,3,3,3,3,2,3,2,2,5,0,999999,999999,9,2,2,0,999999,3,5,5,5,5,5,5,5,5,5,5,5,5,5,5,5,5,3,8,6,2,5,8,2,5,4,2,0,9,3,3,4,3,4,0
"0000001771","SWE_2022","Sweden",0.91,59,0,6,4,1,5,2,4,1,1,900,1,10,1,2,6,5,6,1,1,1,5,5,5,5,5,10,2,2,2,1,3,2,3,2,2,4,1,752001,1,2,2,1,1,752001,4,9,0,0,5,5,0,5,0,10,0,0,5,10,0,5,0,4,10,10,1,6,10,6,9,3,2,1,2,3,2,3,3,5,0
"0000001948","SWE_2022","Sweden",1.1901,52,1,5,4,1,5,2,1,2,1,752,0,4,2,2,7,7,7,1,1,1,5,4,5,5,4,8,2,2,2,2,3,3,4,2,2,5,1,752001,1,1,4,2,1,752004,4,8,1,3,9,7,1,7,3,8,2,3,9,6,3,2,2,3,8,7,1,4,8,3,6,3,2,0,2,3,1,4,3,3,1
"0000001824","SWE_2022","Sweden",1.0396,79,1,3,1,0,7,2,1,1,1,752,0,12,3,2,4,0,0,2,1,3,5,4,5,5,5,6,2,2,2,3,3,3,4,3,2,5,1,752002,0,1,2,2,1,752003,3,7,9,5,4,0,8,3,4,7,9,6,5,0,7,0,6,1,9,9,1,2,8,1,5,99,2,0,3,2,4,2,2,3,0
"0000000162","SWE_2022","Sweden",0.9037,57,1,6,4,1,1,4,2,3,2,752,0,21,1,3,3,4,7,3,1,3,4,3,3,3,2,9,2,2,2,2,2,2,3,2,2,4,1,752005,0,1,2,1,1,752005,5,6,0,6,5,9,5,7,6,6,3,6,5,9,5,5,5,4,9,9,1,6,5,4,6,6,2,1,2,2,2,3,3,3,1
"0000002531","SWE_2022","Sweden",1.1901,49,1,4,1,1,5,2,1,2,1,752,0,6,1,1,5,99,99,2,1,3,3,2,2,2,2,2,3,4,3,2,3,3,2,4,3,5,1,752002,0,1,2,3,1,752002,4,0,10,8,1,0,7,0,6,0,10,6,0,0,7,0,6,0,8,8,1,3,6,1,6,8,5,1,2,4,2,3,4,3,1
"0000001683","SWE_2022","Sweden",1.1008,60,0,3,3,1,5,4,2,1,1,901,9,1,3,2,3,6,0,3,1,2,2,3,4,2,1,8,2,3,2,1,3,3,4,2,2,2,1,752001,1,1,2,2,1,752001,5,10,0,2,9,9,2,9,1,10,0,6,9,9,2,99,8,10,0,5,9,9,3,8,5,10,2,1,1,3,2,2,2,2,0
"0000000021","SWE_2022","Sweden",0.7712,47,0,8,1,1,5,4,2,5,1,901,9,1,4,3,0,2,0,4,1,3,5,4,5,5,3,8,2,2,2,1,3,1,4,2,1,3,1,752005,0,1,4,1,1,752003,2,6,0,7,3,8,3,3,5,5,0,5,5,5,5,5,5,3,8,7,1,5,7,2,5,5,1,0,9,2,1,3,3,3,1
"0000001910","SWE_2022","Sweden",0.821,72,0,5,1,0,7,1,2,4,1,752,1,12,4,1,7,7,7,1,1,1,2,2,5,5,2,8,3,3,4,3,3,4,4,4,3,4,1,999999,999999,9,1,1,1,999999,3,0,9,8,0,0,6,0,0,0,10,9,5,0,7,0,6,1,9,9,0,1,7,0,4,8,2,1,2,2,1,2,3,4,8
"0000002625","SWE_2022","Sweden",0.6234,69,0,8,1,0,7,9,9,2,1,901,9,14,2,2,5,5,3,2,1,1,2,1,3,3,1,6,2,3,3,2,3,3,3,3,2,4,1,752004,0,2,4,2,1,752004,5,6,1,3,9,4,5,6,4,6,1,4,9,4,4,4,5,5,10,7,1,6,4,3,7,1,2,1,2,3,3,3,3,3,1
"0000002413","SWE_2022","Sweden",1.1092,92,0,3,2,0,7,4,2,1,1,752,9,1,2,2,7,0,0,2,1,2,3,5,3,3,5,10,1,1,2,1,3,1,3,2,2,4,1,752003,0,1,9,1,1,752008,4,8,0,10,2,5,5,5,8,9,0,10,4,5,5,5,7,1,10,10,0,4,6,3,8,9,1,1,2,2,2,3,2,3,0
"0000000719","SWE_2022","Sweden",1.073,40,1,7,4,1,2,1,1,2,1,752,9,13,1,2,7,3,7,2,1,3,5,4,5,4,4,9,2,3,1,1,2,1,3,2,2,5,1,752001,1,2,2,1,1,752004,5,9,0,1,9,6,0,7,5,10,0,1,4,10,0,6,1,2,10,9,0,5,9,3,6,2,1,0,2,2,2,3,3,4,0
"0000001332","SWE_2022","Sweden",1.6674,28,1,5,4,1,2,2,1,9,3,752,0,14,1,3,0,2,7,4,2,3,3,3,3,3,3,6,3,3,2,2,4,2,3,2,2,3,1,752001,1,2,4,3,1,752001,2,7,0,2,6,7,0,5,2,7,0,5,5,7,0,5,5,2,9,10,0,5,10,5,8,3,2,0,3,3,3,3,3,9,1
"0000002239","SWE_2022","Sweden",1.5176,61,1,6,3,1,1,1,1,1,1,752,0,1,1,3,4,0,4,3,3,3,1,3,3,3,3,5,3,3,3,2,3,4,3,4,4,5,1,752002,0,1,2,3,1,752002,3,0,10,8,0,0,7,0,2,0,10,7,0,0,7,0,3,0,8,10,0,5,8,3,5,8,4,1,1,3,3,4,3,3,1
"0000000480","SWE_2022","Sweden",0.5247,67,1,8,3,1,2,1,1,3,1,752,0,17,1,2,3,3,2,2,1,1,4,3,5,2,2,6,3,3,2,1,3,2,4,3,2,4,1,752004,0,2,5,2,1,752004,2,4,0,0,8,1,0,6,0,7,0,0,7,3,0,4,0,5,10,10,2,10,10,5,10,0,2,0,2,3,3,2,3,3,0
"0000002492","SWE_2022","Sweden",0.7541,67,0,3,1,1,7,2,2,3,1,752,0,12,2,2,4,1,0,2,2,1,2,2,5,5,5,7,2,2,3,3,3,2,4,2,1,4,1,752001,1,1,2,2,1,752002,4,10,0,3,8,5,5,3,5,9,2,1,6,5,3,2,5,0,10,10,0,4,10,99,8,2,2,0,2,2,1,3,2,3,1
"0000002615","SWE_2022","Sweden",0.7541,67,0,3,4,0,7,2,9,1,4,752,0,18,1,3,6,99,99,2,2,9,9,9,9,9,1,2,9,9,9,9,9,2,9,3,2,4,1,752002,0,2,4,4,1,752002,2,99,9,99,99,99,99,99,99,99,9,99,99,99,99,99,99,9,6,4,8,5,6,1,3,4,4,0,9,2,2,2,3,5,0
"0000002415","SWE_2022","Sweden",0.6234,78,0,6,1,0,7,9,2,4,1,752,0,14,4,2,3,0,0,1,1,1,5,3,5,4,1,9,1,2,1,2,3,2,4,2,2,3,1,752008,0,1,2,1,1,752003,5,3,3,9,2,3,5,2,9,9,8,9,3,3,6,3,7,5,10,9,2,4,9,3,7,99,1,0,9,2,2,4,3,3,1
"0000001309","SWE_2022","Sweden",1.346,22,1,4,4,0,6,2,1,1,1,752,0,7,2,2,2,1,0,2,1,1,3,1,3,3,3,8,2,3,2,1,3,2,3,2,2,4,0,999999,999999,9,2,1,99,999999,5,10,0,5,8,8,2,9,5,10,0,6,10,10,3,10,5,4,10,6,0,4,10,4,5,4,2,1,2,2,3,4,3,3,1
"0000000298","SWE_2022","Sweden",0.5247,73,1,6,4,0,7,1,1,2,2,752,0,12,4,2,7,5,0,1,1,3,5,9,5,5,5,9,2,2,2,2,2,2,3,2,3,4,99,999999,999999,9,2,2,1,999999,4,99,99,99,99,99,99,99,99,99,99,99,99,99,99,99,99,3,8,9,0,6,9,1,6,99,2,1,9,2,3,3,9,4,0
"0000002803","SWE_2022","Sweden",1.0469,68,0,3,4,0,7,3,2,1,2,752,0,5,2,3,3,2,0,3,2,2,1,3,3,3,3,4,3,3,4,2,3,3,4,3,3,1,99,999999,999999,9,2,1,1,999999,4,3,6,5,4,2,7,0,5,4,6,7,6,0,7,0,6,3,7,9,1,5,8,3,6,5,2,0,9,2,2,3,3,3,1
"0000000498","SWE_2022","Sweden",1.0805,29,0,8,4,1,1,1,2,4,2,900,1,1,4,1,2,0,7,2,1,4,5,5,5,5,4,10,1,1,1,1,2,1,3,2,2,4,1,752007,0,1,1,1,1,752007,5,7,0,2,9,7,0,10,4,8,0,1,8,8,0,9,3,6,10,10,0,8,10,2,8,2,1,1,2,3,3,3,3,3,1
"0000000608","SWE_2022","Sweden",0.7712,44,0,7,1,1,1,1,2,4,2,752,0,14,2,2,5,6,2,1,1,1,4,5,5,2,2,8,2,2,2,1,2,2,3,2,2,4,1,752001,1,1,2,2,1,752005,4,9,0,7,7,6,2,4,4,9,1,6,8,7,1,7,5,4,9,6,1,6,9,3,8,5,2,0,3,2,2,1,2,4,1
"0000001099","SWE_2022","Sweden",0.7658,59,1,7,4,1,1,2,2,2,2,752,0,17,1,2,3,7,5,2,1,2,5,5,5,2,3,9,2,2,2,1,2,2,3,2,1,1,1,752001,1,1,2,1,1,752001,5,10,0,0,7,8,0,9,0,10,0,0,9,10,0,9,2,2,6,10,0,7,10,4,7,2,1,1,2,2,1,4,3,3,0
"0000000060","SWE_2022","Sweden",1.073,31,1,7,1,0,1,1,2,5,1,752,1,4,1,2,7,3,7,2,1,1,5,5,5,1,3,10,2,2,2,2,2,1,4,1,1,4,1,752001,1,1,2,1,1,752005,5,10,0,4,4,10,2,7,5,10,0,1,5,10,6,8,5,3,10,8,0,5,8,3,7,4,2,0,2,3,2,3,3,2,1
"0000002329","SWE_2022","Sweden",1.1092,77,0,2,2,0,7,2,2,1,6,752,0,13,2,4,0,7,0,5,5,5,5,5,5,5,5,99,9,9,9,9,9,9,9,9,9,9,0,999999,999999,9,9,9,0,999999,9,99,99,99,99,99,99,99,99,99,99,99,99,99,99,99,99,99,99,99,99,99,99,99,99,99,9,0,9,9,9,9,9,9,0
"0000002404","SWE_2022","Sweden",0.7541,72,0,99,1,0,7,1,1,2,9,752,0,5,2,2,99,2,4,2,1,2,5,4,5,5,5,10,2,2,2,3,2,1,3,2,2,3,1,752004,0,1,1,1,1,752004,5,7,0,1,8,4,0,2,1,9,0,3,7,8,0,3,3,2,9,9,1,5,10,3,8,99,2,1,2,2,2,2,2,3,1
"0000001499","SWE_2022","Sweden",1.1008,59,0,3,4,1,1,4,2,2,1,752,0,25,1,2,5,0,0,2,1,1,2,3,5,2,4,10,1,1,1,2,2,1,3,2,2,4,1,752002,0,1,1,1,1,752002,5,3,9,8,2,6,8,0,6,6,9,8,4,3,8,0,6,5,8,9,1,6,8,3,7,9,1,1,2,2,3,3,3,4,0
"0000002526","SWE_2022","Sweden",0.6234,72,0,4,1,0,7,1,2,4,2,752,0,6,2,2,7,6,0,2,2,4,2,3,5,4,2,10,1,2,2,2,3,2,4,3,2,4,1,752002,0,1,1,1,1,752002,4,7,10,9,7,1,10,1,8,7,10,10,8,2,10,1,8,4,8,10,1,2,10,1,7,9,1,1,2,2,2,3,3,2,0
"0000001976","SWE_2022","Sweden",0.7489,69,1,3,1,0,7,2,1,9,2,752,0,1,2,2,5,0,7,1,2,4,5,1,9,9,2,3,3,3,4,2,9,4,3,4,3,5,99,752002,0,9,2,9,99,752002,5,99,10,99,99,99,99,99,99,99,10,9,0,3,99,4,0,5,10,6,99,6,9,5,0,99,4,1,2,4,3,2,3,2,0
"0000001455","SWE_2022","Sweden",1.1901,44,1,99,3,9,99,9,9,9,9,752,0,4,9,3,2,1,4,3,2,1,2,3,9,9,9,99,9,9,9,9,9,9,9,9,9,9,99,999999,999999,9,9,9,99,999999,9,99,99,99,99,99,99,99,99,99,99,99,99,99,99,99,99,99,99,99,99,99,99,99,99,99,9,9,9,9,9,9,9,9,9
"0000000644","SWE_2022","Sweden",1.0805,38,0,8,1,0,1,1,2,5,1,752,0,1,3,2,0,7,4,1,2,2,4,4,5,4,4,8,2,1,2,2,3,1,3,2,2,4,1,752008,0,9,4,2,1,752008,4,6,2,4,1,6,2,1,7,9,5,6,2,9,2,5,5,4,7,9,0,7,8,1,7,6,2,0,2,2,2,4,4,3,1
"0000000794","SWE_2022","Sweden",1.1008,55,0,5,4,1,1,1,2,3,1,752,0,14,2,2,7,7,7,1,1,1,5,3,5,5,4,8,1,1,2,2,2,2,3,2,2,4,1,752001,1,2,1,1,1,752001,4,8,0,2,6,7,1,5,3,9,0,0,5,9,0,2,5,3,10,10,0,5,10,4,6,3,1,1,2,3,2,5,3,3,1
"0000002713","SWE_2022","Sweden",0.7541,74,0,3,1,0,7,4,2,2,2,752,0,8,1,2,7,0,0,2,1,1,2,2,3,3,3,10,2,2,2,3,2,2,9,2,2,2,1,752003,0,1,1,1,1,752003,3,5,8,10,0,3,8,0,8,5,8,10,0,3,8,0,8,0,9,10,0,3,9,0,9,10,2,1,2,2,2,3,2,2,0
"0000001215","SWE_2022","Sweden",2.1262,35,1,7,4,0,1,1,2,4,3,752,0,14,4,1,6,7,7,1,1,3,1,5,4,4,3,8,2,3,3,3,2,3,3,4,3,5,1,752006,0,1,1,1,1,752003,5,5,8,9,0,2,10,0,8,7,9,8,6,0,10,0,7,3,8,10,0,3,8,0,7,8,2,1,2,2,2,2,2,2,1
"0000000494","SWE_2022","Sweden",1.0805,32,0,7,4,0,1,1,2,3,1,752,0,20,1,1,7,7,7,1,2,1,1,3,1,1,4,8,2,3,1,1,2,2,3,4,2,5,1,752003,0,1,1,1,1,752003,4,5,8,10,3,0,10,0,7,7,10,10,5,0,10,0,7,5,9,9,0,7,9,0,7,9,2,1,1,1,1,3,3,1,1
"0000002797","SWE_2022","Sweden",1.6191,41,0,3,1,1,1,2,2,1,1,901,9,1,3,3,2,2,0,2,2,9,9,9,9,9,9,10,1,2,9,9,9,9,9,2,2,3,1,999999,999999,9,2,2,1,999999,9,9,99,8,9,9,99,6,99,10,8,9,8,10,7,99,99,99,99,99,99,99,99,99,99,99,2,9,2,9,1,2,2,3,1
"0000001820","SWE_2022","Sweden",0.5372,81,1,9,3,0,7,1,2,2,1,752,0,14,3,2,7,7,4,1,1,3,3,2,5,5,5,10,1,1,1,1,2,1,3,2,2,4,1,752001,1,2,1,1,1,752008,5,9,5,8,7,7,7,8,9,10,6,8,7,8,7,9,7,3,10,10,0,5,10,1,9,8,1,1,2,2,2,2,2,3,0
"0000000707","SWE_2022","Sweden",0.5283,75,0,7,1,0,7,4,2,1,2,752,0,3,4,2,5,7,7,2,1,9,9,9,5,9,9,9,1,2,2,1,2,1,3,1,1,3,1,752001,1,1,1,1,1,752001,4,10,0,0,8,7,0,5,2,10,0,0,8,8,0,7,7,0,10,10,0,5,10,3,7,0,2,1,1,2,2,2,2,5,0
"0000002024","SWE_2022","Sweden",0.6191,85,1,6,3,9,99,9,9,9,6,752,0,1,9,2,7,0,0,3,1,2,2,3,5,4,2,6,2,2,3,2,3,2,3,2,2,9,1,752005,0,4,4,2,99,999999,9,99,99,99,99,99,99,99,99,99,99,99,99,99,99,99,99,3,10,9,2,4,8,1,5,4,2,0,3,3,9,3,3,3,0
"0000002003","SWE_2022","Sweden",0.7489,75,1,5,1,1,7,1,1,4,1,752,9,14,2,3,7,0,0,2,1,3,5,5,5,3,1,9,1,2,1,2,3,2,3,2,2,4,1,999999,999999,9,2,1,1,999999,5,99,0,99,99,99,99,99,99,99,99,99,99,99,99,99,99,99,99,99,99,99,99,99,99,99,2,0,9,2,2,2,2,3,0
"0000000871","SWE_2022","Sweden",1.1008,58,0,3,1,0,99,4,2,2,1,752,0,5,1,3,2,2,3,2,3,2,2,4,5,9,9,8,3,3,3,3,3,3,3,3,3,4,1,999999,999999,9,1,2,1,752003,4,2,9,10,3,4,99,99,6,0,10,10,1,2,7,0,6,3,9,10,0,2,7,2,7,9,2,1,3,3,2,2,2,4,0
"0000000588","SWE_2022","Sweden",1.2661,27,1,7,1,1,1,1,2,3,2,752,0,1,3,3,0,6,7,2,1,2,4,3,2,2,3,7,2,2,2,2,3,3,3,2,2,3,1,752008,0,2,2,1,1,752005,4,6,2,7,4,6,4,5,9,5,2,4,6,5,3,5,6,3,9,10,0,4,3,1,6,5,2,0,2,2,3,4,2,1,1
"0000002507","SWE_2022","Sweden",0.8153,69,1,3,3,0,7,2,1,1,1,752,0,12,2,2,99,99,99,2,1,3,2,2,5,5,5,8,2,2,2,1,2,3,4,2,2,4,1,752002,0,1,2,1,1,752002,5,7,10,9,6,2,5,5,6,8,10,9,8,3,10,5,7,2,10,10,1,1,9,2,6,99,2,1,2,2,1,2,2,3,1
"0000000924","SWE_2022","Sweden",1.2661,33,1,6,4,0,5,1,1,1,1,752,1,24,2,2,3,2,7,1,2,2,5,5,5,5,5,8,2,2,2,1,2,2,3,2,1,3,1,752004,0,1,1,1,1,752004,5,8,0,0,10,5,0,8,0,99,99,99,99,99,99,99,99,4,10,8,0,4,9,2,8,0,2,1,1,4,3,3,3,3,0
"0000002070","SWE_2022","Sweden",1.0396,73,1,3,1,0,7,1,2,2,2,752,0,1,3,3,5,7,7,2,1,1,2,4,3,3,3,10,2,2,2,2,3,2,3,4,3,3,1,752003,0,1,2,1,1,752003,5,0,7,10,0,0,10,0,0,0,7,10,0,0,10,0,0,0,10,10,0,0,10,0,10,99,2,0,3,2,2,3,3,3,0
"0000001543","SWE_2022","Sweden",1.1008,59,0,3,3,0,1,1,2,5,1,752,0,22,2,2,2,6,1,3,1,1,5,3,4,3,4,9,2,2,2,2,3,2,4,2,2,3,1,999999,999999,9,2,1,1,999999,3,8,2,6,3,5,2,2,5,7,2,5,3,6,0,4,5,4,10,8,1,5,9,2,5,99,2,0,2,3,2,2,2,2,1
"0000002696","SWE_2022","Sweden",0.5247,72,1,6,1,1,7,1,1,2,3,752,0,12,1,2,7,0,0,1,1,5,9,3,5,5,5,10,2,2,3,2,2,2,4,3,3,2,1,752003,0,1,2,1,1,752006,4,2,8,9,0,5,9,0,8,6,9,10,1,2,10,0,8,5,8,10,0,5,10,3,7,10,2,1,2,2,2,4,3,3,0
"0000000732","SWE_2022","Sweden",1.6791,39,0,4,4,1,1,2,1,1,2,752,0,10,2,2,7,5,3,2,1,3,2,3,5,4,1,7,2,3,3,2,3,2,3,2,2,5,1,999992,0,2,2,2,1,752004,5,9,0,0,8,2,2,3,0,8,5,0,7,2,1,0,0,6,6,10,1,8,7,2,10,1,4,0,9,2,2,2,2,3,0
"0000002109","SWE_2022","Sweden",0.7489,88,1,5,1,1,7,2,1,1,2,752,0,14,4,2,7,0,0,2,1,5,2,2,5,4,5,10,1,2,3,1,2,2,4,2,2,3,1,752001,1,1,2,1,1,752001,5,10,0,0,7,0,0,9,3,10,0,0,7,0,0,8,3,0,10,10,0,10,10,5,5,0,1,1,1,2,2,2,1,2,0
"0000000246","SWE_2022","Sweden",0.7712,42,0,8,1,1,1,1,1,5,1,752,1,4,1,2,2,1,99,2,1,2,4,5,5,5,5,8,2,2,2,2,2,2,4,2,2,4,1,752001,1,2,2,1,1,752003,3,8,1,8,4,5,5,5,5,8,2,7,5,5,5,5,6,4,10,8,0,5,6,2,5,5,2,0,2,3,2,4,3,3,1
"0000001051","SWE_2022","Sweden",1.1901,53,1,5,1,1,1,1,1,9,1,752,0,12,2,2,2,7,7,2,3,3,3,3,3,3,3,99,2,2,2,1,2,3,3,3,3,5,1,999999,999999,9,1,2,1,999999,5,5,99,9,0,1,6,0,9,1,99,7,1,1,10,1,9,0,10,10,0,0,10,0,10,8,2,1,9,3,2,3,3,3,1
"0000001150","SWE_2022","Sweden",1.1901,49,1,5,1,1,1,2,1,3,1,752,0,19,1,2,6,7,7,2,1,1,4,3,5,3,3,10,2,2,3,2,3,1,3,2,2,3,1,752001,1,2,2,1,1,752004,3,6,0,4,5,5,5,0,5,6,1,4,3,6,3,2,5,1,10,9,1,5,5,4,7,1,2,0,9,2,2,2,2,3,1
"0000002515","SWE_2022","Sweden",0.7658,64,1,8,1,0,1,1,2,9,3,752,0,1,4,2,2,7,7,1,1,1,5,5,5,5,5,9,1,2,1,1,2,1,2,4,2,5,1,999999,999999,9,1,1,1,999999,5,1,0,9,0,4,9,6,7,0,0,9,1,4,8,1,8,2,10,9,0,4,9,5,5,99,1,0,9,2,3,4,2,4,1
"0000001931","SWE_2022","Sweden",0.7489,92,1,2,3,0,7,9,9,2,1,752,9,3,2,2,7,3,4,1,1,1,1,2,5,3,1,10,1,1,1,1,2,1,3,1,2,3,1,752001,1,9,1,1,1,752001,5,10,0,5,7,7,3,8,5,10,0,4,3,8,2,8,5,0,10,10,0,5,10,0,7,0,1,0,3,2,2,3,2,2,0
"0000002700","SWE_2022","Sweden",1.1407,24,1,8,4,0,6,9,9,2,2,752,0,14,4,3,3,5,7,2,1,3,5,5,5,4,4,9,2,2,2,2,3,2,3,2,2,4,1,752001,1,2,2,1,1,752004,4,10,0,2,9,3,1,9,1,9,0,3,8,4,1,8,1,2,10,9,0,4,8,3,7,1,1,0,3,3,1,4,3,3,1
"0000001715","SWE_2022","Sweden",1.6191,59,0,2,1,0,1,4,2,2,1,752,0,8,2,3,4,7,99,3,1,1,1,2,3,2,2,6,3,3,4,2,3,3,3,3,2,5,1,752003,0,4,4,4,1,752003,4,7,0,8,3,4,1,0,4,7,0,6,4,5,3,0,3,3,7,7,3,3,7,4,6,6,4,0,9,3,3,3,3,4,1
"0000002300","SWE_2022","Sweden",1.1014,94,1,2,3,0,7,4,2,1,9,752,9,1,2,9,7,0,4,3,3,3,2,2,3,3,3,99,2,2,2,3,3,9,9,2,2,2,1,752003,0,9,2,1,1,999999,4,7,1,9,6,6,5,5,6,9,1,9,6,7,6,5,6,1,9,9,0,6,6,4,6,8,2,0,9,3,1,4,2,4,0
"0000002268","SWE_2022","Sweden",0.7489,73,1,3,1,0,7,1,1,1,1,752,0,12,2,3,7,4,7,3,1,1,2,3,5,5,2,7,2,3,2,2,3,2,3,2,3,4,1,752008,0,2,2,2,1,999999,3,8,8,7,6,8,7,6,8,9,9,8,7,8,7,5,5,8,4,8,2,5,5,5,5,5,2,0,2,2,2,2,3,4,1
"0000002674","SWE_2022","Sweden",0.821,73,0,3,2,9,99,9,9,9,2,752,0,9,9,2,1,0,7,2,2,2,2,1,1,2,1,5,3,2,3,1,3,2,2,2,1,9,1,752003,0,1,1,1,1,752001,5,8,8,9,4,6,2,2,4,9,8,9,4,6,4,2,4,6,9,8,4,7,1,0,0,99,2,1,2,3,9,1,1,1,0
"0000002527","SWE_2022","Sweden",0.5247,78,1,6,1,1,7,1,4,2,3,752,0,1,3,1,7,0,7,2,1,2,5,3,5,4,4,10,2,2,1,1,2,2,3,1,1,4,1,752001,1,1,1,1,1,752001,5,10,0,1,8,7,7,8,7,10,0,0,7,8,0,7,7,3,10,10,0,5,10,3,7,3,1,1,1,2,1,4,3,3,0
"0000000250","SWE_2022","Sweden",0.7712,47,0,8,1,1,5,2,1,5,1,752,0,12,1,2,7,7,7,2,1,1,5,5,5,5,5,10,2,2,2,2,2,1,4,1,3,4,1,752001,1,1,1,5,1,752001,4,10,0,5,4,5,1,10,5,10,0,5,4,5,2,9,4,3,8,10,0,7,9,2,7,3,1,1,2,3,3,4,3,3,1
"0000002121","SWE_2022","Sweden",0.7541,69,0,2,4,0,7,2,1,2,9,752,1,14,2,2,4,0,5,2,9,2,9,9,9,3,9,6,3,3,3,9,3,3,3,2,1,4,1,752001,1,2,2,2,1,752001,5,10,5,8,6,9,0,7,4,10,4,6,8,9,4,99,8,0,99,99,99,99,99,99,99,0,2,0,2,2,3,1,2,2,0
"0000001651","SWE_2022","Sweden",1.1008,60,0,3,4,1,5,2,2,4,2,752,0,1,3,2,7,5,7,2,1,1,4,4,4,4,4,7,1,1,1,1,1,2,2,2,1,2,1,752001,1,1,2,1,1,752001,5,10,0,2,7,5,5,7,5,10,0,2,7,5,5,5,5,8,1,1,10,5,1,7,5,9,2,1,1,2,1,2,2,3,0
"0000001248","SWE_2022","Sweden",1.6791,26,0,4,4,1,5,2,2,1,1,752,1,1,4,1,4,4,7,2,2,3,1,3,3,3,2,4,3,3,4,2,3,2,2,2,1,4,1,752004,0,1,2,2,1,752004,4,7,0,0,10,4,0,7,2,8,0,0,10,3,0,8,0,2,10,10,0,5,10,2,7,0,2,1,1,3,2,3,3,3,1
"0000000760","SWE_2022","Sweden",1.1901,47,1,5,4,1,1,1,2,2,1,752,0,1,3,3,2,5,4,3,1,1,5,3,3,3,2,10,2,2,1,2,3,3,3,1,1,5,1,752001,1,1,1,1,1,752005,4,9,0,3,5,9,3,6,4,10,0,0,5,10,3,6,4,0,10,8,0,4,8,0,6,2,2,0,9,3,2,2,3,4,1
"0000002734","SWE_2022","Sweden",0.7541,67,0,3,1,0,7,1,2,1,1,752,0,23,2,2,7,7,7,2,1,1,2,5,5,5,5,10,1,1,1,1,3,2,2,1,1,5,1,752001,1,1,1,1,1,752004,5,10,0,0,10,7,0,7,0,10,0,0,10,9,0,8,0,1,10,10,0,4,10,4,8,0,1,1,1,3,3,1,1,2,0
"0000000407","SWE_2022","Sweden",0.5283,73,0,7,1,0,7,1,9,2,1,752,0,4,2,2,1,0,0,1,1,1,5,5,5,5,2,8,2,2,2,2,3,2,4,2,1,3,1,752001,1,1,2,1,1,752004,5,9,0,0,6,3,0,6,3,10,2,0,0,3,0,7,0,0,10,10,0,6,10,1,6,2,2,1,2,2,2,3,2,3,1
"0000001209","SWE_2022","Sweden",1.6674,27,1,4,4,0,2,2,2,2,2,752,1,20,4,2,1,5,7,2,1,3,3,3,4,3,2,5,3,3,3,2,4,2,2,3,2,4,1,752001,1,4,4,3,1,752005,3,6,0,5,8,7,0,6,5,6,2,6,5,6,0,5,5,2,10,10,0,3,10,4,7,2,2,0,3,3,3,3,3,3,1
"0000001891","SWE_2022","Sweden",0.7541,81,0,3,2,1,7,4,2,1,2,752,9,12,2,2,7,0,0,1,1,1,1,2,3,3,4,8,2,2,2,2,2,2,3,2,2,4,1,752002,0,2,2,1,1,752002,4,5,9,8,0,0,7,0,5,7,7,7,0,0,7,0,6,3,8,9,0,3,8,2,5,8,2,0,2,3,2,2,2,3,1
"0000001240","SWE_2022","Sweden",0.6191,67,1,6,1,0,7,2,2,3,2,752,0,3,4,3,7,0,0,2,1,2,2,3,5,2,5,10,1,2,2,2,2,2,4,9,2,4,1,752006,0,2,1,1,1,752008,5,6,5,6,1,5,8,5,7,7,7,7,3,5,7,5,7,3,9,9,0,4,8,2,7,8,1,0,9,2,2,2,2,3,1
"0000000648","SWE_2022","Sweden",1.0805,33,0,8,4,0,1,1,2,2,1,752,0,12,3,2,1,7,0,2,2,2,5,3,4,1,4,7,2,2,1,1,3,2,4,2,2,3,1,752008,0,2,2,1,1,752003,3,3,5,7,2,6,2,7,8,5,2,5,3,2,0,5,5,5,5,9,0,5,9,3,7,7,2,0,2,2,2,3,3,4,0
"0000002229","SWE_2022","Sweden",2.2763,18,0,3,4,0,6,9,9,5,1,752,0,1,3,3,1,4,7,2,2,2,3,3,5,4,4,9,2,2,2,2,3,2,3,3,2,5,1,752003,0,2,2,1,99,999999,5,6,4,8,3,5,6,2,6,5,6,9,4,6,6,2,6,3,9,7,1,4,8,2,5,6,2,1,2,2,2,3,3,3,1
"0000001951","SWE_2022","Sweden",1.1014,83,1,2,3,0,7,2,2,1,2,900,9,4,2,9,99,99,99,9,9,9,9,9,9,9,1,7,1,1,1,1,2,2,3,2,2,3,1,752004,0,1,2,1,1,752004,5,9,0,5,9,6,4,7,5,10,0,0,6,8,1,8,6,4,5,10,0,5,7,5,7,3,1,0,1,2,1,3,3,3,0
"0000001905","SWE_2022","Sweden",0.821,75,0,4,1,0,7,1,2,2,1,752,0,14,3,1,7,7,0,1,1,1,5,3,2,2,1,3,2,3,3,3,9,3,3,4,3,5,1,752002,0,1,4,2,1,752002,5,1,10,3,0,0,1,0,1,1,10,5,0,0,5,0,1,4,6,10,0,9,8,3,5,7,2,1,2,2,3,3,3,3,0
"0000002452","SWE_2022","Sweden",0.821,76,0,4,3,0,7,2,2,2,1,752,0,17,2,2,7,5,0,2,1,1,5,3,5,5,5,9,2,2,2,2,2,2,3,2,2,2,1,752001,1,2,2,1,1,752001,5,9,3,4,4,5,3,6,5,9,2,3,4,5,1,5,5,1,8,10,0,3,10,2,7,2,2,0,2,2,2,3,2,3,0
"0000000404","SWE_2022","Sweden",0.7658,59,1,8,4,1,1,1,1,2,2,752,0,14,4,1,7,7,4,1,1,5,4,3,5,5,5,10,2,2,1,2,3,1,3,1,1,4,1,752001,1,2,1,2,1,752001,5,10,0,3,4,8,1,8,2,10,0,2,7,8,0,8,1,3,10,10,0,6,10,3,8,3,1,1,1,2,2,3,2,3,8
"0000000440","SWE_2022","Sweden",1.5316,30,1,4,4,0,1,1,1,4,2,752,0,14,3,3,1,1,7,2,1,1,2,3,4,2,2,7,3,2,2,2,4,3,3,2,2,5,1,752001,1,2,4,2,1,752001,5,8,0,0,6,1,0,8,1,9,0,0,8,1,0,7,1,4,10,9,1,5,10,3,6,5,4,0,9,3,2,4,3,3,0
"0000002366","SWE_2022","Sweden",0.821,82,0,3,1,9,7,2,2,2,1,752,0,19,2,3,7,3,2,3,1,1,2,3,4,2,2,9,2,3,2,3,3,2,3,3,3,5,1,752002,0,1,1,1,1,752002,5,7,8,7,2,3,5,2,5,8,8,6,2,3,5,0,5,2,7,8,1,5,6,3,6,7,2,0,2,2,2,2,3,3,0
"0000000184","SWE_2022","Sweden",0.7712,59,0,8,1,1,1,1,2,5,1,752,0,21,2,2,7,99,99,1,1,9,9,9,5,5,5,9,1,9,9,9,9,9,9,2,2,4,1,752003,0,1,1,1,1,752005,5,5,4,10,0,6,6,0,3,6,2,7,0,6,7,0,0,4,10,9,0,3,10,0,5,7,1,0,9,2,2,2,9,9,0
"0000001591","SWE_2022","Sweden",1.1008,52,0,3,1,1,1,2,2,4,1,752,0,14,1,2,7,7,99,2,1,3,3,3,5,5,2,6,3,3,3,3,3,3,3,4,2,4,1,752002,0,1,1,2,1,752002,5,5,10,8,2,0,8,0,4,5,10,9,3,0,9,0,4,4,8,9,0,5,8,3,5,8,2,0,1,9,3,3,3,3,1
"0000002254","SWE_2022","Sweden",1.0396,71,1,2,3,1,7,9,2,1,4,752,0,13,2,9,99,99,99,3,3,3,3,3,3,9,1,5,9,1,9,1,9,1,2,2,9,3,99,999999,999999,9,2,3,1,999999,5,10,10,99,99,99,99,99,99,99,99,10,99,99,99,99,99,3,4,99,99,99,99,99,99,5,2,0,9,3,1,3,3,3,0
"0000002016","SWE_2022","Sweden",0.5372,80,1,9,2,1,7,1,9,2,4,752,0,13,2,2,7,0,0,3,1,1,3,5,3,3,3,10,2,2,2,2,3,2,4,2,2,4,1,752007,0,2,2,1,1,752007,4,9,0,4,6,7,5,10,7,10,0,5,7,8,4,8,7,3,7,10,0,5,8,4,6,5,2,0,3,3,3,3,3,3,0
"0000000183","SWE_2022","Sweden",0.7712,57,0,8,4,1,1,1,2,5,1,752,0,1,3,2,4,4,0,2,1,1,5,5,5,5,4,8,2,2,2,1,3,2,4,2,2,5,1,752001,1,2,2,1,1,752002,4,8,7,2,6,1,6,5,5,9,9,0,6,1,9,0,5,3,6,10,0,4,6,1,8,4,2,0,3,3,3,3,2,3,1
"0000001185","SWE_2022","Sweden",1.6674,38,1,4,4,0,1,2,2,4,1,752,0,14,1,2,2,3,0,2,1,1,3,1,3,2,4,5,3,3,9,2,4,4,4,4,4,5,1,752002,0,2,2,2,1,752003,3,2,9,9,0,2,9,0,4,1,7,7,0,1,7,0,4,3,10,8,0,4,8,0,6,9,2,1,2,2,2,4,4,3,1
"0000000877","SWE_2022","Sweden",0.7541,71,0,3,1,1,1,4,2,1,6,752,0,6,1,2,7,7,0,1,1,1,5,1,4,5,3,5,2,4,2,2,3,3,4,4,3,3,1,752006,0,2,2,1,1,752006,5,99,99,99,99,99,99,99,99,3,7,8,1,4,8,1,6,1,9,8,0,2,7,0,6,8,2,0,2,3,2,2,2,4,0
"0000002453","SWE_2022","Sweden",0.8153,74,1,4,3,0,7,1,2,4,1,752,0,5,2,2,7,7,7,2,1,1,1,4,4,4,2,8,1,2,1,1,3,2,3,3,2,3,1,752008,0,1,2,2,1,752008,4,5,7,9,6,6,99,99,10,7,8,8,8,5,99,3,9,1,10,9,0,4,9,2,7,7,2,1,2,3,3,3,2,3,1
"0000001628","SWE_2022","Sweden",1.5176,57,1,3,1,0,1,2,2,4,2,752,0,6,1,2,1,7,7,1,1,2,2,3,2,2,3,7,3,4,3,1,3,3,3,4,4,5,1,752002,0,2,2,3,1,752006,5,2,9,9,3,5,9,0,8,5,9,9,5,5,9,0,8,2,6,6,0,4,6,0,5,5,4,0,2,2,2,3,3,4,1
"0000000864","SWE_2022","Sweden",0.7712,41,0,8,1,1,1,1,2,5,3,900,9,1,3,1,7,6,1,1,2,1,5,3,2,2,2,7,2,2,1,1,3,3,4,4,4,5,99,752006,0,1,5,1,1,752006,3,2,5,5,2,0,10,2,5,0,3,2,2,0,10,2,6,6,5,8,0,6,9,0,7,9,2,1,1,3,2,3,3,5,1
"0000002081","SWE_2022","Sweden",0.5409,77,0,9,1,0,7,1,1,4,1,752,0,1,3,2,7,4,7,2,1,1,5,5,5,5,5,9,1,2,2,2,2,3,3,3,2,3,1,752003,0,1,1,1,1,752003,5,8,8,9,5,5,7,6,9,7,8,9,5,5,8,4,9,4,7,9,0,5,8,3,6,8,1,0,3,2,1,2,3,3,0
"0000000944","SWE_2022","Sweden",1.073,36,1,8,4,1,1,1,1,2,1,752,0,1,3,1,0,7,7,2,1,4,5,5,5,4,2,8,2,2,2,2,3,1,3,2,2,5,1,752004,0,2,2,1,1,752004,3,5,0,0,7,2,0,6,0,7,0,0,6,6,0,5,0,5,10,8,4,7,9,5,6,2,2,0,2,4,2,3,3,2,1
"0000001246","SWE_2022","Sweden",1.0931,43,1,3,1,1,5,4,1,1,3,901,9,1,2,3,4,6,5,3,4,3,3,3,4,3,3,5,2,2,3,3,2,3,3,3,3,3,1,752001,1,2,2,4,1,752001,3,10,3,4,9,4,5,4,3,6,7,6,6,5,7,6,5,9,0,6,7,6,2,5,7,6,1,0,3,3,3,2,2,3,8
"0000000288","SWE_2022","Sweden",0.7658,60,1,8,1,1,1,1,1,5,1,752,0,1,4,2,0,0,0,2,1,9,5,3,5,9,9,99,9,9,9,9,9,9,4,9,1,4,1,752005,0,4,4,1,1,752008,4,4,0,6,4,8,4,1,6,8,0,1,5,8,1,5,5,5,10,7,3,5,7,3,5,5,2,0,9,3,3,2,2,3,1
"0000001406","SWE_2022","Sweden",0.5247,76,1,7,1,9,7,1,1,3,1,752,0,1,3,2,7,0,0,2,1,1,5,5,5,5,5,8,1,1,1,1,2,1,3,1,2,4,1,752007,0,1,1,2,1,752004,4,10,0,0,10,6,0,10,1,10,0,0,8,6,0,10,4,3,10,10,0,6,10,2,8,0,2,1,2,3,1,4,1,3,0
"0000000780","SWE_2022","Sweden",1.0805,32,0,8,1,0,1,1,2,4,1,752,0,12,2,2,0,0,7,2,2,2,4,3,5,5,2,8,1,2,2,2,2,2,2,2,1,4,1,999999,999999,9,1,1,1,999999,4,8,8,8,8,8,8,8,8,8,8,7,6,5,7,6,6,6,7,8,2,5,9,4,8,7,1,1,2,1,1,2,2,4,1
"0000000138","SWE_2022","Sweden",0.7712,41,0,8,1,1,1,1,2,5,1,752,0,1,3,1,2,7,7,2,1,1,4,5,5,4,2,7,2,2,3,1,2,3,3,3,2,4,1,752003,0,1,1,2,1,752003,5,8,10,10,5,0,10,0,7,8,10,10,9,0,10,0,8,5,6,7,2,0,10,0,6,7,2,0,2,2,3,4,3,3,1
"0000002705","SWE_2022","Sweden",0.5247,70,1,6,1,0,7,1,1,2,2,752,0,18,2,1,7,4,7,2,1,2,3,3,4,2,9,6,2,2,2,2,3,2,4,2,2,4,1,752004,0,2,2,2,1,752004,4,99,0,0,10,5,2,8,99,9,0,0,8,5,1,8,2,3,10,10,0,5,9,3,7,1,2,1,2,2,3,2,3,3,1
"0000001120","SWE_2022","Sweden",1.275,38,0,6,1,1,1,2,2,3,9,752,0,5,2,1,0,4,5,1,1,2,5,3,5,4,4,8,2,2,1,1,2,2,3,1,1,3,1,752004,0,1,1,1,1,752001,5,9,0,1,9,3,0,8,3,9,0,0,9,2,0,8,3,3,7,9,1,6,9,4,7,2,1,1,2,3,4,2,1,1,1
"0000000027","SWE_2022","Sweden",1.1901,56,1,6,1,1,1,1,2,5,1,752,0,6,4,2,5,6,4,1,1,1,2,4,2,3,3,7,2,2,2,2,2,3,3,3,2,4,1,752003,0,2,2,1,1,752003,4,6,5,10,2,4,9,0,7,9,7,10,3,3,10,0,7,4,7,9,0,4,9,1,7,8,2,1,2,2,1,2,3,1,0
"0000000510","SWE_2022","Sweden",1.073,32,1,8,4,0,1,1,2,5,1,752,1,14,3,3,1,1,7,2,1,3,2,2,3,2,2,7,2,2,1,2,3,2,3,2,2,5,1,752003,0,2,2,1,1,752003,2,4,0,9,0,5,6,5,8,8,0,9,2,8,6,5,8,4,10,8,0,5,7,5,9,7,2,0,9,2,1,5,3,3,1
"0000002533","SWE_2022","Sweden",0.8153,73,1,4,1,0,7,1,2,2,1,752,0,6,2,2,7,7,7,2,1,3,5,5,5,5,4,9,2,2,2,2,2,2,3,2,2,3,1,752007,0,1,1,1,1,752007,4,8,0,1,7,5,1,8,2,9,1,3,6,7,3,9,5,3,9,8,1,5,7,2,6,2,2,0,2,2,2,3,3,3,0
"0000000037","SWE_2022","Sweden",1.2661,37,1,6,1,0,1,1,2,5,1,752,0,12,1,3,1,5,7,3,1,3,3,4,4,9,9,8,2,2,2,1,3,2,3,2,2,4,1,752005,0,4,2,1,1,752005,5,7,0,8,5,10,6,7,5,9,0,7,9,10,9,7,6,2,10,10,0,5,9,2,7,7,2,1,2,3,1,5,3,2,1
"0000002414","SWE_2022","Sweden",0.7489,66,1,4,4,1,7,2,1,2,2,752,0,25,2,2,7,0,0,2,2,2,2,3,3,3,2,7,2,2,2,2,2,2,4,2,2,3,1,752001,1,1,2,1,1,752001,4,8,5,5,5,7,5,4,5,9,5,5,5,7,5,4,5,4,10,9,1,4,8,5,7,99,2,1,9,3,2,3,2,3,0
"0000000441","SWE_2022","Sweden",1.1407,24,1,7,4,1,5,2,1,2,1,900,1,1,3,3,1,99,99,2,2,1,1,1,4,4,2,9,2,2,2,3,3,3,3,3,2,4,1,999999,999999,9,4,2,0,999999,5,7,8,7,7,5,5,6,1,2,8,8,8,3,7,2,5,99,10,10,0,5,9,7,5,8,4,0,3,9,3,3,3,1,1
"0000002623","SWE_2022","Sweden",0.7489,70,1,4,1,0,7,1,2,2,2,752,0,14,2,1,7,7,2,1,1,1,2,4,5,5,4,8,1,1,1,2,2,2,3,2,2,4,1,752004,0,4,2,1,1,752004,4,7,0,1,10,7,1,8,3,99,99,99,99,99,99,99,99,3,10,9,0,5,9,2,8,0,2,1,1,3,3,4,3,3,1
"0000001403","SWE_2022","Sweden",0.821,68,0,5,4,0,7,1,9,2,1,752,0,14,1,2,4,3,0,2,1,1,5,5,5,5,4,6,3,3,2,3,4,2,4,2,2,5,1,752004,0,2,2,3,1,752001,4,8,0,1,9,5,1,7,3,10,0,0,10,4,0,8,3,2,10,9,1,6,10,4,8,1,2,1,2,3,3,3,3,4,8
"0000001303","SWE_2022","Sweden",0.6191,73,1,5,4,0,7,2,9,1,1,752,0,5,2,1,7,7,0,1,1,2,4,3,5,3,1,7,2,3,2,2,2,3,4,1,2,1,1,752001,1,1,2,2,1,752001,5,10,1,3,8,6,0,9,5,10,5,3,6,9,1,10,5,3,10,9,0,5,10,1,7,3,2,1,1,3,3,3,3,3,0
"0000000570","SWE_2022","Sweden",0.7658,42,1,8,4,1,1,1,1,4,1,752,0,14,2,2,7,7,7,1,1,1,5,5,5,4,5,9,1,2,1,1,2,1,3,2,1,4,1,752007,0,1,1,1,1,752007,5,9,0,1,9,4,1,10,1,10,0,0,9,9,0,10,1,4,9,10,0,5,10,2,8,2,2,1,1,3,2,4,2,3,1
"0000001016","SWE_2022","Sweden",1.0931,56,1,3,1,0,1,4,2,5,2,752,0,1,4,3,0,0,0,2,1,2,2,5,5,5,5,8,3,3,2,2,4,2,3,2,2,5,1,752003,0,2,2,1,1,752003,2,6,0,8,1,5,3,6,5,8,0,7,1,8,2,2,1,4,8,10,0,5,4,3,99,8,2,0,3,2,1,4,3,3,1
"0000001913","SWE_2022","Sweden",0.7489,81,1,3,3,0,7,1,2,1,2,752,0,14,2,3,2,0,0,1,1,3,3,3,3,3,3,9,3,3,3,2,4,2,4,3,3,5,1,752001,1,4,2,3,1,752005,3,8,7,6,5,6,6,5,5,9,7,7,5,6,5,6,5,3,10,9,1,4,9,4,6,5,2,0,3,3,4,3,2,3,1
"0000001633","SWE_2022","Sweden",2.1412,39,0,6,1,1,1,2,2,5,1,752,0,4,1,3,0,2,0,3,1,1,4,1,5,2,5,8,3,4,3,1,3,3,4,4,4,5,1,752003,0,9,1,1,1,752003,4,1,99,9,1,1,8,0,3,1,10,8,2,0,9,0,2,2,9,7,0,3,8,3,5,7,2,0,9,3,2,5,3,2,1
"0000002771","SWE_2022","Sweden",0.5247,68,1,7,1,0,7,1,1,5,1,752,0,1,1,2,5,7,0,1,1,3,2,5,5,4,5,8,2,2,1,1,3,1,3,3,4,4,1,752003,0,2,2,1,1,752003,4,2,0,9,2,4,1,2,2,1,0,9,3,3,0,1,2,8,10,8,1,4,10,1,4,5,2,0,2,2,3,2,3,3,0
"0000000374","SWE_2022","Sweden",0.7712,61,0,8,1,1,1,1,1,5,3,752,0,1,1,1,7,7,7,1,1,2,5,5,5,4,4,8,2,2,2,2,2,2,3,2,1,2,1,752007,0,1,2,2,1,752007,5,9,0,3,5,8,0,9,3,99,99,99,99,99,99,99,99,3,10,10,1,7,10,3,7,4,1,0,9,3,3,2,3,3,0
"0000002312","SWE_2022","Sweden",0.7489,81,1,3,2,0,7,1,2,1,6,752,0,5,2,2,7,0,0,1,1,2,1,3,3,3,3,10,1,2,1,1,2,2,4,2,3,3,1,999999,999999,9,2,3,1,752008,3,8,0,8,1,8,6,6,10,9,1,7,5,9,4,5,10,5,9,8,0,5,1,3,8,5,2,1,2,2,4,2,3,4,8
"0000002738","SWE_2022","Sweden",0.7489,82,1,99,2,0,7,2,1,9,2,752,0,12,2,3,7,99,7,2,1,9,3,2,9,9,9,8,2,2,2,2,3,3,3,2,2,4,1,752001,1,9,9,1,1,752007,5,99,0,99,99,99,99,99,99,10,0,99,99,99,0,99,99,99,99,99,99,99,99,99,99,99,2,1,2,9,3,2,2,3,1
"0000000336","SWE_2022","Sweden",1.073,39,1,7,1,1,2,2,2,5,1,752,0,25,2,3,0,0,3,2,1,2,5,5,5,4,5,10,1,1,1,1,2,1,4,1,2,4,1,752005,0,2,2,1,1,752005,5,8,4,8,5,9,8,8,7,9,6,7,7,9,8,6,5,4,10,8,0,7,8,1,7,7,1,0,9,4,2,5,3,3,1
"0000002163","SWE_2022","Sweden",0.821,79,0,2,1,0,7,1,1,2,1,752,9,25,2,2,7,99,99,1,1,1,1,1,5,5,3,9,2,2,1,9,9,9,9,1,2,4,1,752001,1,1,2,9,1,752001,4,10,0,2,7,8,7,8,2,10,5,6,7,8,7,8,7,4,7,9,1,7,7,6,7,5,2,1,1,2,2,2,9,9,1
"0000002512","SWE_2022","Sweden",1.7726,21,1,8,4,0,6,9,9,2,1,901,1,20,2,3,99,5,5,1,1,1,5,1,5,5,2,7,3,4,2,1,4,3,3,1,1,4,1,999999,999999,9,1,2,99,999999,5,8,0,0,9,10,0,7,5,10,0,0,6,10,0,8,0,4,10,9,0,4,10,3,9,0,4,0,3,4,1,4,3,3,1
"0000001050","SWE_2022","Sweden",1.5282,61,0,3,1,1,1,1,1,3,2,752,0,14,1,2,1,3,7,1,1,1,5,3,5,5,2,3,2,3,2,2,3,2,3,3,2,4,1,752003,0,2,2,2,1,752003,3,1,8,9,0,7,8,0,8,1,8,8,6,0,8,0,7,2,8,8,0,5,8,1,7,7,2,0,9,2,2,3,3,3,0
"0000001127","SWE_2022","Sweden",1.0469,65,0,3,1,1,7,1,2,2,2,752,0,12,1,3,5,3,2,3,3,3,3,3,1,2,1,5,2,3,3,2,3,3,3,3,3,3,1,752008,0,4,4,3,1,752003,3,2,2,5,5,5,3,3,8,1,2,6,2,5,4,0,10,1,5,5,3,5,3,4,6,5,4,0,3,3,3,3,3,3,1
"0000000068","SWE_2022","Sweden",0.6234,67,0,6,1,0,7,4,2,5,3,752,0,1,4,1,5,7,0,1,1,1,4,5,5,5,5,10,1,2,2,2,2,2,3,9,3,5,1,752003,0,2,2,1,1,752005,5,6,2,9,0,8,8,2,5,8,1,8,6,9,7,1,5,4,10,8,2,7,8,2,8,8,1,9,1,3,3,2,4,3,1
"0000001106","SWE_2022","Sweden",1.1984,43,0,4,1,1,1,2,2,4,1,752,0,12,1,1,7,7,7,2,1,1,5,3,5,5,4,8,2,2,3,2,2,3,3,3,2,5,1,752002,0,1,2,1,1,752002,5,6,10,8,0,2,8,0,9,9,9,8,6,2,4,0,9,5,9,7,1,6,8,1,6,7,2,1,2,2,3,2,3,4,1
"0000002539","SWE_2022","Sweden",0.7489,73,1,3,4,9,7,1,9,2,1,752,1,4,2,2,7,7,7,2,3,1,4,1,3,3,3,6,3,3,2,2,4,2,3,3,2,5,1,999999,999999,9,4,3,1,999999,3,99,99,99,99,99,99,99,99,0,0,0,0,0,0,0,0,99,99,99,99,99,99,99,99,99,4,0,9,3,3,3,3,3,0
"0000002740","SWE_2022","Sweden",0.6191,77,1,4,3,0,7,1,2,1,1,752,0,19,2,2,7,0,0,2,1,1,3,5,5,5,2,99,2,2,2,3,2,2,3,2,2,4,1,752001,1,2,2,2,1,752001,5,9,8,7,7,5,8,9,7,8,7,2,5,8,7,7,8,0,2,7,0,5,5,5,7,5,2,0,3,2,1,3,3,3,0
"0000001514","SWE_2022","Sweden",1.6791,27,0,5,4,1,6,2,2,2,2,752,0,14,4,2,4,3,3,2,1,2,3,3,5,4,4,9,2,2,2,2,9,1,3,2,1,4,1,752001,1,2,2,1,1,752001,4,9,0,7,4,6,2,7,5,9,2,5,5,5,2,6,5,6,10,9,2,5,9,4,6,6,2,1,2,2,2,4,3,3,1
"0000000090","SWE_2022","Sweden",1.1901,58,1,3,1,1,1,1,1,5,3,752,0,3,1,3,0,0,0,3,1,3,3,3,3,5,2,6,2,2,2,4,3,2,4,3,2,5,1,999999,999999,9,2,1,99,999999,3,5,5,7,3,4,7,0,99,5,5,5,5,5,5,5,5,3,10,9,0,4,9,4,7,6,2,0,2,3,3,3,3,3,0
"0000000618","SWE_2022","Sweden",1.275,33,0,8,4,0,1,1,2,5,2,752,0,8,1,3,3,7,7,2,1,1,4,3,3,3,3,6,3,3,2,2,3,3,3,4,3,5,1,752003,0,2,2,2,1,752005,2,5,4,9,0,3,8,1,6,6,7,9,0,2,10,0,5,4,9,7,0,4,8,2,6,7,2,0,9,3,2,5,4,3,1
"0000002660","SWE_2022","Sweden",1.1008,62,0,6,1,1,5,4,2,2,1,752,0,21,2,3,4,0,7,2,1,1,1,2,2,2,2,7,2,2,1,1,3,3,3,4,2,5,1,752003,0,1,1,1,99,999999,9,99,99,99,99,99,99,99,99,99,99,99,99,99,99,99,99,2,10,10,0,3,4,2,6,8,2,1,1,2,1,2,2,5,1
"0000002098","SWE_2022","Sweden",1.6078,50,1,2,3,0,5,9,9,1,2,900,9,5,2,3,6,7,0,2,1,2,1,2,5,5,9,8,2,2,3,2,3,2,4,2,2,5,1,752001,1,2,2,1,1,752001,5,9,7,8,7,7,8,8,7,9,7,9,7,8,7,8,7,5,3,5,5,5,4,5,5,5,2,0,3,2,2,1,2,3,0
"0000000284","SWE_2022","Sweden",1.073,35,1,8,4,0,1,2,1,1,1,752,0,25,2,3,2,0,7,2,1,5,3,5,3,3,1,7,3,4,3,2,3,3,3,4,4,4,1,752002,0,2,1,2,1,752003,3,1,10,99,0,0,7,0,0,1,10,10,0,0,9,0,0,3,10,8,0,0,8,0,4,10,4,1,2,3,2,5,4,3,1
"0000000009","SWE_2022","Sweden",1.1008,47,0,5,1,1,1,1,2,5,1,752,0,1,4,2,3,7,7,2,1,1,4,4,4,2,4,9,2,2,2,1,3,2,3,2,2,4,1,752003,0,4,4,1,1,752003,4,6,3,8,4,7,5,6,7,7,5,6,4,4,4,5,6,5,5,8,2,6,9,4,7,99,2,0,3,2,3,3,3,3,1
"0000001425","SWE_2022","Sweden",1.0931,62,1,3,3,1,2,2,1,4,1,752,0,14,2,3,2,0,7,2,1,1,3,4,5,5,5,7,3,3,2,2,3,3,4,2,2,4,1,752001,1,2,2,2,1,752001,4,8,0,6,4,7,2,4,3,8,0,3,1,4,3,4,5,3,8,8,1,5,7,4,6,4,2,1,3,3,2,3,2,4,1
"0000001077","SWE_2022","Sweden",1.1901,63,1,3,4,1,2,1,2,2,1,752,0,7,1,3,0,0,0,3,1,4,5,5,5,4,4,4,3,3,3,3,4,4,4,3,2,5,1,752001,1,2,4,1,1,752007,4,6,0,3,4,5,4,6,3,7,0,1,1,6,1,5,2,3,10,9,0,7,8,7,7,2,2,0,9,3,1,4,4,3,1
"0000000776","SWE_2022","Sweden",0.91,47,0,6,4,0,1,1,1,2,1,752,0,12,2,2,7,5,2,2,1,1,5,3,4,2,3,8,2,2,1,2,3,2,3,3,2,4,1,752003,0,2,1,1,1,752006,4,0,8,9,2,0,8,0,99,2,9,9,7,1,8,0,8,0,5,9,0,2,10,1,6,8,2,0,3,3,2,2,2,1,8
"0000002546","SWE_2022","Sweden",1.0396,68,1,7,3,1,7,1,4,2,1,752,0,12,4,1,5,3,7,2,1,1,5,3,5,5,2,9,2,2,2,2,2,2,3,2,2,5,1,752001,1,1,2,4,1,752001,5,10,0,0,10,5,0,8,0,10,0,1,10,6,0,9,0,1,10,10,0,5,10,4,10,0,2,1,2,4,4,4,2,2,1
"0000002289","SWE_2022","Sweden",1.1092,77,0,4,1,0,7,1,2,1,1,752,0,14,3,9,99,99,99,9,9,9,9,9,5,4,5,7,3,3,4,9,3,3,3,3,2,3,1,752003,0,2,2,1,1,752003,5,2,9,10,0,6,8,0,7,2,9,9,0,6,9,0,7,0,9,10,0,6,9,0,7,8,4,0,2,4,2,2,2,2,0
"0000000112","SWE_2022","Sweden",0.7658,48,1,7,1,0,1,2,1,5,1,752,0,5,2,2,6,4,6,2,2,2,2,2,3,3,2,7,2,3,2,2,3,2,3,3,2,5,1,752003,0,4,4,1,1,752003,4,6,1,7,3,99,5,3,3,7,0,5,3,6,4,5,4,5,9,8,2,4,99,3,6,6,2,0,3,2,1,4,4,2,1
"0000002022","SWE_2022","Sweden",1.1014,86,1,2,2,0,7,2,2,1,2,752,0,4,2,3,6,0,0,5,1,2,2,1,9,2,9,7,3,3,3,2,3,2,4,2,3,4,0,999999,999999,9,9,2,0,999999,3,99,99,99,99,99,99,99,99,8,99,99,99,8,99,99,99,99,0,99,99,7,99,99,99,99,4,0,3,3,2,9,9,3,0
"0000000803","SWE_2022","Sweden",1.073,35,1,7,4,1,5,2,1,2,1,752,1,14,3,1,6,3,7,2,1,1,4,2,4,3,2,7,2,2,3,3,3,3,4,2,1,2,1,752001,1,2,2,1,1,752001,5,9,0,1,9,5,2,7,1,99,99,99,99,99,99,99,99,1,10,10,0,5,10,5,8,1,2,0,2,4,3,2,2,2,1
"0000000372","SWE_2022","Sweden",1.0805,29,0,8,1,1,1,1,1,4,1,752,0,14,4,2,6,0,7,1,2,1,4,5,5,2,3,10,2,2,1,1,2,1,2,2,1,4,1,752001,1,2,4,1,1,752004,4,9,0,0,9,8,0,9,0,9,0,0,9,10,0,8,0,4,10,9,1,6,9,4,8,4,1,0,9,2,2,3,3,3,1
"0000000632","SWE_2022","Sweden",0.7658,53,1,8,1,1,5,1,2,5,1,752,0,12,2,3,1,0,0,3,2,2,3,3,3,3,3,7,3,3,3,2,3,2,4,3,2,9,1,752003,0,2,9,2,1,752003,3,99,99,99,99,99,99,99,99,99,99,99,99,99,99,99,99,99,99,99,99,99,99,99,99,99,2,0,9,9,3,2,2,3,1
"0000000885","SWE_2022","Sweden",0.91,45,0,7,1,1,1,9,2,4,1,752,0,14,4,2,3,6,0,2,1,1,2,4,5,5,5,8,2,2,2,2,2,2,3,2,1,5,1,752003,0,1,1,1,1,752003,4,3,0,10,3,7,6,0,6,99,0,99,99,99,0,99,99,2,10,10,0,5,5,0,6,8,1,0,9,2,2,2,2,2,1
"0000002332","SWE_2022","Sweden",0.7489,71,1,3,1,0,7,4,2,2,1,752,0,1,1,1,7,7,0,1,1,2,2,1,5,5,5,10,1,2,2,2,2,3,4,4,3,3,1,752003,0,1,2,1,1,752003,5,1,9,10,0,0,9,1,3,1,10,10,1,0,9,0,5,2,8,10,0,2,8,1,5,10,2,1,2,1,1,3,2,3,1
"0000002372","SWE_2022","Sweden",1.1014,79,1,2,2,0,7,2,2,1,4,752,0,14,1,3,1,0,0,2,1,3,2,2,2,2,3,9,2,2,2,2,2,3,3,2,2,3,1,752001,1,2,9,2,1,752001,3,9,2,7,7,8,7,8,7,10,2,7,7,8,7,8,7,8,99,99,99,99,99,99,4,99,2,9,9,2,2,3,2,3,1
"0000001882","SWE_2022","Sweden",1,73,1,5,3,0,7,4,2,1,4,752,0,17,1,3,0,0,5,1,1,3,4,3,4,4,1,9,2,3,2,3,2,2,3,2,1,3,0,999999,999999,9,2,1,0,999999,4,6,1,5,3,7,8,10,5,6,1,5,7,3,6,9,5,4,3,9,1,5,10,2,7,5,1,0,9,2,2,3,3,3,0
"0000002708","SWE_2022","Sweden",0.7541,77,0,3,1,0,7,2,2,2,1,752,9,14,2,2,7,0,0,2,2,2,2,2,2,2,4,7,2,2,2,2,2,2,3,3,2,2,1,999999,999999,9,2,1,1,752006,4,6,10,8,5,5,9,5,5,6,10,8,5,5,9,5,5,1,9,10,0,5,9,1,8,9,2,1,2,2,2,2,2,3,0
"0000002554","SWE_2022","Sweden",0.5247,78,1,6,3,1,7,1,1,2,1,752,9,12,4,1,7,99,99,2,1,2,3,3,5,3,3,8,1,1,1,1,3,9,3,2,2,3,1,752004,0,1,2,1,1,752004,5,9,0,1,9,7,6,9,6,9,0,99,6,6,3,9,99,1,10,10,0,2,8,0,5,1,1,9,2,3,2,3,2,3,1
"0000000629","SWE_2022","Sweden",1.275,27,0,5,4,0,1,1,2,2,1,752,0,1,3,3,1,6,6,2,1,1,4,2,5,3,4,9,1,3,2,1,3,2,4,3,2,5,1,752003,0,1,2,1,1,752003,5,5,5,7,4,5,5,4,5,7,5,10,5,5,4,5,4,4,9,7,0,5,7,4,6,6,1,0,3,2,2,4,3,4,1
"0000002356","SWE_2022","Sweden",0.7489,82,1,4,2,1,7,1,1,1,9,752,0,12,3,9,99,99,99,9,9,9,9,9,3,9,9,9,9,9,2,9,9,9,9,9,2,3,1,752001,1,9,2,1,1,752001,5,10,99,99,99,99,99,99,99,9,99,99,99,99,99,99,99,0,99,99,99,99,99,99,99,1,2,1,1,2,1,3,1,9,8
"0000001693","SWE_2022","Sweden",1.1901,61,1,3,3,1,2,2,2,2,1,900,1,18,1,2,0,0,0,3,1,2,2,4,5,5,4,9,2,3,2,2,3,3,4,2,1,5,1,752001,1,2,4,1,1,752007,4,7,0,2,6,4,4,6,3,9,1,3,4,7,3,5,4,2,10,9,1,8,8,6,8,2,2,0,3,3,3,1,2,4,1
"0000002307","SWE_2022","Sweden",1.1014,76,1,3,3,1,7,2,2,1,1,752,0,6,1,2,3,7,7,2,1,2,3,2,5,3,5,4,2,2,3,2,3,3,4,2,1,4,1,752002,0,5,2,2,1,752002,3,10,7,0,1,0,0,0,2,10,3,0,7,6,0,0,6,0,10,10,0,3,9,2,4,8,2,1,2,3,4,1,1,3,0
"0000000266","SWE_2022","Sweden",1.073,28,1,7,4,0,1,2,1,4,1,752,0,1,4,2,0,2,5,2,1,1,4,3,4,2,4,7,1,2,3,1,3,2,3,1,3,1,1,752005,0,2,1,1,1,999999,5,10,0,8,6,10,1,8,2,10,0,9,5,10,1,5,5,1,10,7,2,3,9,0,10,2,2,1,2,4,1,4,3,2,1
"0000000844","SWE_2022","Sweden",1.275,40,0,6,1,1,1,1,2,3,1,752,0,1,3,4,1,0,7,4,2,2,1,2,5,4,2,6,2,2,3,2,2,2,3,3,2,4,1,752006,0,2,2,1,1,752002,3,6,9,9,0,6,10,6,4,7,9,8,6,7,9,5,3,0,8,10,0,6,10,5,10,8,2,0,2,2,1,2,3,2,1
"0000000669","SWE_2022","Sweden",0.91,52,0,5,1,1,1,1,2,4,1,752,0,1,3,9,0,7,0,2,1,1,5,5,5,4,4,6,2,2,2,1,3,1,3,2,2,4,1,752001,1,1,2,2,1,752001,5,8,0,2,6,5,1,7,4,10,1,0,3,8,0,8,3,3,10,10,0,4,10,2,7,3,4,1,9,3,3,4,4,3,0
"0000001259","SWE_2022","Sweden",1.7726,23,1,5,4,0,1,2,1,3,1,752,0,8,2,3,1,3,4,9,3,3,2,3,4,4,9,5,2,2,3,3,9,3,3,3,3,9,1,999999,999999,9,4,2,1,999999,3,7,8,8,1,4,7,1,5,5,5,5,5,5,5,5,5,2,7,8,2,2,7,2,6,6,2,0,9,9,2,3,3,3,1
"0000001085","SWE_2022","Sweden",1.0931,53,1,4,3,1,1,1,2,2,3,752,0,14,1,1,7,0,7,1,1,1,1,3,5,5,2,7,2,2,1,1,2,2,2,3,3,4,1,752003,0,1,1,2,1,752003,4,7,8,10,2,2,10,2,5,7,8,10,3,3,10,1,5,3,9,10,1,4,9,3,6,10,2,1,2,2,2,3,2,3,1
"0000000080","SWE_2022","Sweden",0.7712,43,0,8,1,0,1,1,2,5,3,752,9,1,2,1,7,7,7,1,1,1,5,3,3,2,2,8,2,2,1,1,3,2,3,2,2,5,1,999999,999999,9,2,1,1,999999,3,6,2,6,2,6,6,0,6,5,0,5,5,5,5,0,5,4,5,6,2,4,6,4,6,99,1,0,9,2,2,4,3,3,1
"0000001978","SWE_2022","Sweden",1.1014,86,1,99,2,1,7,2,2,1,9,752,9,13,2,4,0,99,99,2,1,1,1,3,3,3,3,5,9,3,3,3,3,3,3,2,2,3,99,999999,999999,9,4,1,0,999999,1,8,99,99,99,99,99,99,99,8,99,99,99,99,99,99,99,10,99,99,99,99,99,99,99,10,2,1,9,3,2,3,3,3,0
"0000001485","SWE_2022","Sweden",0.5283,76,0,8,4,0,7,1,1,4,1,752,0,19,2,2,5,1,5,2,1,9,2,3,4,4,5,10,2,2,2,2,3,2,3,2,1,5,1,752005,0,1,2,1,1,752005,4,6,0,8,0,10,6,4,8,9,4,9,3,10,7,4,8,2,10,8,0,6,9,3,6,6,2,0,2,2,3,2,3,3,1
"0000001015","SWE_2022","Sweden",0.91,58,0,5,4,0,1,1,2,5,1,752,0,19,2,3,1,0,0,1,1,3,4,5,3,3,3,10,2,2,2,2,2,2,3,3,2,4,1,752003,0,1,1,1,1,752003,3,5,5,8,1,3,3,0,7,6,6,8,2,2,4,2,5,4,8,9,0,2,8,1,8,8,2,0,2,2,3,4,3,3,1
"0000002253","SWE_2022","Sweden",1.1092,78,0,2,4,9,7,2,9,1,1,752,0,20,1,3,5,0,0,3,2,4,5,3,4,4,3,99,3,3,3,3,3,2,4,3,3,4,99,999999,999999,9,4,2,1,999999,4,99,99,99,99,99,99,99,99,99,99,99,99,99,99,99,99,99,99,99,99,99,99,99,99,99,4,0,9,2,3,3,3,3,0
"0000000947","SWE_2022","Sweden",1.2661,29,1,5,4,1,1,2,1,4,2,752,0,14,2,3,1,7,7,2,2,3,4,3,4,3,3,8,2,2,2,2,3,2,3,2,2,5,1,752005,0,2,2,1,1,752005,5,9,0,99,6,10,3,7,5,10,3,10,10,10,4,8,5,3,10,7,2,5,8,3,6,5,2,0,2,3,3,3,3,3,1
"0000001386","SWE_2022","Sweden",1.1901,57,1,5,1,1,1,2,1,4,2,752,1,25,2,2,2,99,7,2,1,1,1,1,9,4,9,7,2,9,3,9,3,3,3,1,1,5,1,752001,1,1,1,1,1,752001,5,10,0,1,3,2,5,5,5,10,0,0,6,4,1,5,5,1,9,5,5,8,7,7,5,5,1,1,2,2,2,3,2,3,1
"0000001776","SWE_2022","Sweden",0.91,56,0,99,1,9,99,9,9,9,9,901,9,7,9,2,3,3,1,3,3,3,4,4,3,4,4,6,3,9,9,9,9,9,9,2,2,9,1,752001,1,2,9,9,99,999999,9,99,99,99,99,99,99,99,99,99,99,99,99,99,99,99,99,99,99,99,99,99,99,99,99,99,9,9,9,9,9,9,9,9,9
"0000002646","SWE_2022","Sweden",1.0931,62,1,3,4,1,9,1,2,1,1,752,0,1,2,2,4,4,0,2,2,2,3,3,3,2,2,5,2,3,1,1,3,2,4,2,2,5,1,752004,0,2,4,1,1,752004,5,9,5,0,9,0,0,4,0,8,5,0,8,5,0,5,1,0,10,10,0,5,10,5,10,99,4,0,2,4,1,3,3,5,0
"0000001757","SWE_2022","Sweden",1.0931,62,1,3,4,1,2,2,2,2,1,752,0,17,1,2,0,3,0,4,1,5,5,2,5,5,5,99,2,2,2,1,3,1,3,2,2,5,1,752001,1,2,1,1,1,752005,4,8,0,7,7,8,6,6,7,9,3,7,7,9,7,5,5,3,9,7,1,6,6,4,6,4,2,0,2,3,3,4,3,3,1
"0000000160","SWE_2022","Sweden",1.073,30,1,8,4,1,1,2,2,2,1,752,0,5,1,2,3,3,7,2,1,2,3,4,4,3,4,8,2,2,2,1,3,2,4,2,2,4,1,752001,1,1,2,2,1,752001,5,10,0,3,5,9,0,6,3,10,0,2,6,9,0,5,6,0,8,10,0,0,10,0,10,0,2,1,1,3,3,3,2,3,1
"0000000992","SWE_2022","Sweden",1.275,31,0,5,4,1,1,1,2,5,2,752,1,1,3,1,6,7,7,2,1,2,3,4,4,2,3,7,2,2,2,1,3,2,3,2,9,4,1,752001,1,2,5,1,1,752005,5,8,0,2,3,8,3,4,7,8,1,0,5,8,1,4,4,3,5,9,0,6,8,2,7,6,4,0,3,2,4,3,3,3,1
"0000001375","SWE_2022","Sweden",0.9037,52,1,5,3,1,5,2,1,4,1,752,0,5,1,2,3,0,0,1,1,2,2,1,3,3,3,6,3,3,3,3,3,3,3,3,1,5,1,752002,0,1,2,1,1,752008,4,4,9,8,6,4,8,4,7,3,9,8,7,4,9,5,8,0,9,9,2,0,9,0,6,8,4,0,9,3,3,2,3,3,1
"0000002407","SWE_2022","Sweden",0.7541,72,0,2,4,0,7,9,2,1,1,752,0,4,1,2,7,2,7,2,1,1,5,1,5,5,5,7,2,2,2,2,3,2,3,2,2,5,1,752004,0,1,1,1,1,752004,4,7,0,0,8,6,2,7,4,9,0,0,8,6,1,7,5,3,10,10,0,5,7,4,6,99,2,0,9,3,2,3,3,3,0
"0000002561","SWE_2022","Sweden",0.7658,61,1,7,1,0,10,1,2,5,1,752,0,1,3,3,4,3,7,2,2,2,3,3,2,2,4,10,1,1,1,1,3,3,3,2,2,2,1,752002,0,2,1,1,1,752003,3,6,10,10,0,0,6,2,9,9,9,8,0,0,6,0,9,6,8,8,2,5,8,3,7,8,1,0,2,2,1,3,1,1,1
"0000001141","SWE_2022","Sweden",1.0931,50,1,3,1,1,2,2,1,3,2,752,1,4,2,3,2,2,7,4,1,1,4,3,4,3,2,8,3,3,2,2,3,3,3,3,3,5,1,752002,0,4,4,2,1,752001,2,8,8,3,5,5,6,1,5,7,7,5,5,5,5,5,5,99,99,99,99,99,99,99,99,99,2,0,2,3,3,4,3,4,1
"0000001032","SWE_2022","Sweden",0.7489,65,1,4,1,0,7,1,2,3,1,752,0,22,1,3,7,7,7,2,2,2,4,5,5,2,2,7,3,3,3,2,3,3,4,2,2,5,1,752001,1,2,1,1,1,752001,3,9,6,0,2,6,1,1,2,10,2,0,2,6,2,2,2,1,9,10,0,2,3,2,8,2,2,0,2,3,2,4,3,3,0
"0000001071","SWE_2022","Sweden",0.6191,72,1,6,4,0,7,1,1,2,1,752,0,1,3,1,7,4,7,1,1,2,3,5,5,4,5,8,2,2,2,2,2,2,4,2,4,2,1,752005,0,2,1,1,1,752003,5,5,0,2,0,9,0,6,8,9,0,2,2,9,2,5,2,5,10,9,0,7,9,2,7,5,2,0,9,2,3,3,2,3,0
"0000000688","SWE_2022","Sweden",1.073,40,1,8,4,1,1,1,1,3,9,901,1,1,3,1,7,1,7,2,1,1,2,5,9,9,2,8,2,4,3,2,3,2,2,3,3,5,1,752004,0,1,2,2,99,752004,5,9,0,0,10,3,0,8,1,8,0,0,10,7,0,9,1,5,10,10,0,7,10,3,10,0,4,1,9,4,4,4,3,3,8
"0000000710","SWE_2022","Sweden",1.5282,50,0,3,4,1,1,4,2,3,1,752,1,1,4,1,7,7,7,1,2,1,2,3,5,2,2,8,2,2,2,2,2,1,2,3,3,4,1,752006,0,2,2,1,1,752005,2,3,9,7,2,2,7,1,6,6,10,6,3,1,7,1,4,5,5,7,0,5,7,1,5,6,2,0,2,2,3,3,4,5,1
"0000002670","SWE_2022","Sweden",1,62,0,5,9,1,9,1,1,2,1,752,0,99,1,2,7,7,0,2,1,1,2,5,2,2,2,8,2,2,1,2,3,2,3,3,4,5,1,752002,0,1,1,1,1,752002,5,0,10,8,0,0,9,0,0,0,10,8,0,0,9,0,0,0,10,10,0,0,10,0,5,10,1,1,1,2,3,3,4,3,0
"0000000099","SWE_2022","Sweden",0.7712,47,0,8,1,1,1,4,2,5,2,752,1,14,2,2,4,0,99,2,1,2,2,3,4,4,3,8,2,2,3,2,2,2,3,3,4,5,1,752003,0,1,1,1,1,752003,5,6,7,9,1,4,8,0,6,8,9,9,0,2,9,3,8,6,10,9,0,4,8,0,7,8,1,1,2,2,1,5,2,4,1
"0000001511","SWE_2022","Sweden",1.1008,61,0,3,4,1,1,2,2,2,1,752,0,9,1,3,0,0,0,3,4,2,2,4,2,3,2,9,4,3,2,2,4,2,3,3,2,3,0,999999,999999,9,4,2,0,999999,2,5,5,5,5,5,5,1,5,7,6,5,6,7,6,3,5,1,5,8,3,5,6,99,9,5,4,0,9,2,3,2,3,3,0
"0000000637","SWE_2022","Sweden",0.7896,58,0,9,4,0,1,1,2,5,3,752,1,14,3,3,2,0,0,2,1,2,2,3,5,4,2,9,2,2,2,2,3,3,4,2,2,3,1,752001,1,2,4,1,1,752003,3,9,2,9,5,5,7,7,5,9,5,9,4,7,3,5,4,99,99,99,99,99,99,99,99,5,4,0,9,3,3,3,3,3,1
"0000001236","SWE_2022","Sweden",1.0931,57,1,2,1,0,5,2,2,9,1,900,9,12,1,1,7,99,99,1,1,9,9,9,2,2,9,0,4,4,4,9,9,9,9,4,3,4,1,999999,999999,9,4,2,0,999999,3,0,10,5,0,0,10,0,5,0,10,5,5,0,10,0,2,10,4,10,1,10,2,10,5,2,4,1,2,3,4,3,4,3,1
"0000000940","SWE_2022","Sweden",1.073,38,1,8,4,1,1,1,1,4,1,752,0,1,2,3,0,7,7,2,1,3,5,4,4,3,3,9,2,2,2,1,3,2,3,3,2,5,1,752008,0,2,1,2,1,752005,4,7,0,6,3,7,4,6,8,7,7,4,5,8,3,5,8,6,5,9,1,5,9,3,8,6,2,0,2,2,3,4,4,3,0
"0000000271","SWE_2022","Sweden",0.7658,44,1,7,1,1,2,2,1,5,1,752,0,13,2,2,4,99,99,2,1,1,4,4,5,2,2,8,2,2,3,2,2,1,3,3,2,4,1,752003,0,1,1,1,1,752003,5,3,3,10,2,6,7,0,6,8,7,8,5,6,6,0,5,4,10,9,0,6,9,0,8,6,1,1,2,3,1,2,2,3,1
"0000000289","SWE_2022","Sweden",0.5247,67,1,7,1,1,7,1,1,3,2,752,0,18,2,2,7,5,3,2,1,3,2,2,5,5,5,9,1,1,2,2,2,2,3,1,2,4,1,752001,1,1,2,1,1,752001,4,9,0,3,6,7,4,7,6,9,3,4,6,8,4,7,7,3,10,10,0,4,10,3,7,3,2,1,2,3,3,4,2,3,1
"0000001225","SWE_2022","Sweden",1.6674,28,1,4,4,0,2,2,2,3,1,752,0,20,2,3,1,1,7,4,2,3,4,5,4,1,2,7,3,3,2,1,3,1,3,2,2,5,1,752005,0,4,4,2,1,752008,2,8,0,6,8,8,0,7,7,5,2,7,10,9,7,5,5,4,10,7,0,5,9,4,6,5,2,0,9,3,2,3,3,4,1
"0000001107","SWE_2022","Sweden",2.1412,30,0,99,1,9,99,9,9,9,9,901,1,12,9,4,99,99,99,1,9,9,9,9,9,9,9,5,9,9,9,9,9,9,9,2,9,9,99,999999,999999,9,9,9,99,999999,9,99,99,99,99,99,99,99,99,99,99,99,99,99,99,99,99,99,99,99,99,99,99,99,99,99,9,9,9,9,9,9,9,9,9
"0000000810","SWE_2022","Sweden",1.073,32,1,8,4,0,5,9,2,3,4,901,1,1,2,2,7,7,2,2,2,2,4,2,2,2,3,6,2,2,3,2,3,3,3,2,1,3,1,752005,0,1,2,1,1,752001,5,9,0,1,6,10,0,8,1,9,0,0,9,10,0,4,2,2,10,10,0,4,10,2,8,5,4,0,3,3,2,2,2,4,1
"0000001911","SWE_2022","Sweden",0.7541,66,0,3,1,1,7,1,2,2,1,752,0,1,2,2,5,7,7,1,1,1,5,5,5,5,5,8,2,2,3,1,3,2,2,2,1,4,1,752001,1,2,4,2,1,752002,4,8,7,5,0,4,0,0,3,10,9,2,0,4,0,0,3,4,10,10,0,5,10,0,5,7,2,1,2,2,1,2,3,1,1
"0000000787","SWE_2022","Sweden",1.6791,37,0,4,4,1,1,4,2,5,1,752,0,12,2,1,0,5,5,1,3,3,2,3,2,2,2,7,3,3,3,3,2,2,3,3,2,4,1,752002,0,1,1,1,1,752003,5,5,10,9,5,5,8,0,7,7,10,10,5,5,8,0,7,0,10,10,0,0,10,0,6,10,4,1,1,3,2,3,3,3,1
"0000001894","SWE_2022","Sweden",0.7489,74,1,6,1,0,7,1,2,2,1,900,9,13,1,2,2,7,1,1,1,9,9,9,5,5,4,8,2,2,3,2,3,2,4,3,4,4,1,752006,0,1,2,1,1,752006,5,2,0,7,0,4,8,0,4,6,0,8,0,2,10,0,5,2,10,10,0,2,10,0,5,7,2,0,3,2,3,3,3,9,1
"0000001634","SWE_2022","Sweden",1.5282,41,0,5,4,0,1,2,1,2,1,752,0,20,1,2,0,7,0,2,1,1,1,2,5,3,1,4,3,3,4,1,3,4,4,4,3,4,1,752006,0,2,1,1,0,999999,5,99,99,99,99,99,99,99,99,0,10,8,2,1,10,0,4,6,10,9,0,7,10,0,6,7,4,0,9,2,3,5,5,5,1
"0000000836","SWE_2022","Sweden",1.1901,51,1,4,1,1,1,1,2,4,1,752,0,14,2,3,7,7,7,3,1,1,4,4,5,5,5,8,1,1,2,2,2,2,3,2,2,3,1,752005,0,2,2,2,1,752005,4,8,0,8,0,9,7,5,7,9,6,9,5,9,7,5,6,4,6,7,0,5,8,2,6,6,2,0,9,3,3,3,2,3,1
"0000000994","SWE_2022","Sweden",0.7658,50,1,8,1,1,1,1,1,5,2,752,0,14,2,2,2,7,6,2,1,1,5,5,5,4,5,9,1,1,2,3,3,2,3,2,2,4,1,752007,0,2,2,1,1,752007,5,9,0,1,8,7,0,9,3,9,0,3,10,7,0,9,4,1,10,9,0,5,10,1,7,1,2,1,2,3,3,3,3,3,1
"0000001426","SWE_2022","Sweden",1.0931,48,1,6,1,1,2,2,1,2,2,752,0,14,2,3,0,0,0,3,3,2,3,3,5,5,2,7,2,2,2,2,2,3,4,3,2,4,1,752006,0,2,2,1,1,752003,4,5,5,5,5,5,5,5,5,5,5,5,5,5,5,5,5,5,5,5,5,5,5,5,5,8,2,0,9,2,3,2,2,2,0
"0000000820","SWE_2022","Sweden",1.0931,55,1,6,1,1,1,1,2,5,2,752,0,1,3,2,6,1,1,1,1,2,4,5,5,4,3,9,1,1,2,2,2,3,4,3,1,4,1,752003,0,1,2,3,1,752003,4,3,9,10,99,2,99,99,99,8,9,9,0,3,8,7,8,99,10,99,0,2,7,1,8,9,2,1,2,2,2,2,2,3,1
"0000000502","SWE_2022","Sweden",1.073,37,1,8,4,0,1,1,2,5,1,752,0,1,1,2,2,0,7,1,1,3,5,3,5,5,5,10,1,1,1,9,1,1,2,2,2,4,1,752001,1,1,1,1,1,752001,4,10,0,5,7,7,0,9,5,9,0,4,8,8,0,7,6,3,10,8,0,5,10,1,9,3,1,0,9,2,2,2,2,3,1
"0000001111","SWE_2022","Sweden",0.9037,44,1,5,3,0,1,2,2,1,1,752,0,3,2,3,0,5,5,3,1,3,3,3,2,2,2,8,2,2,2,1,3,1,3,2,2,5,1,752003,0,2,2,1,1,752003,4,5,6,8,5,5,5,2,5,10,8,4,7,8,7,3,6,4,10,9,0,5,8,2,5,7,1,0,9,2,2,4,3,3,0
"0000000898","SWE_2022","Sweden",1.073,35,1,8,4,1,1,1,1,5,2,752,0,24,2,2,4,7,7,1,1,1,5,5,5,5,5,9,2,2,1,1,2,2,3,2,2,4,1,752001,1,1,1,1,1,752001,5,8,0,1,5,3,0,6,2,9,0,2,7,5,0,7,3,2,10,10,0,6,10,3,8,2,1,1,2,3,2,3,3,3,1
"0000000199","SWE_2022","Sweden",1.6674,38,1,4,1,1,1,1,2,4,3,752,0,21,1,3,0,3,5,1,1,1,9,9,2,3,2,7,3,3,3,2,3,3,3,3,3,5,1,752002,0,1,2,2,1,752002,4,4,9,7,5,7,5,1,4,5,8,5,5,5,5,5,5,5,5,5,99,5,5,5,5,5,4,1,1,2,3,3,3,4,1
"0000002609","SWE_2022","Sweden",1.0396,65,1,4,4,9,7,2,2,2,1,752,0,12,1,3,3,0,0,2,2,3,2,3,4,4,4,8,2,2,2,2,2,2,3,2,2,4,1,752001,1,2,2,1,1,752001,3,9,7,5,6,7,2,2,5,9,7,5,7,8,1,1,1,5,8,10,0,7,10,1,10,6,2,0,3,2,2,4,2,3,0
"0000001346","SWE_2022","Sweden",0.7658,44,1,99,3,9,99,9,9,9,9,900,9,14,9,3,0,99,99,3,3,3,9,9,4,4,2,8,2,3,1,4,2,3,2,3,2,9,1,752001,1,4,4,9,99,999999,9,99,99,99,99,99,99,99,99,99,99,99,99,99,99,99,99,99,99,99,99,99,99,99,99,99,9,9,9,9,9,9,9,9,9
"0000001731","SWE_2022","Sweden",1.7726,23,1,4,4,0,2,2,1,3,3,752,0,5,1,2,1,3,7,2,1,1,2,5,3,3,2,9,2,2,2,2,2,3,3,3,2,4,1,752002,0,1,1,1,1,752002,4,1,10,9,1,6,8,1,5,5,10,9,5,7,7,5,5,3,9,8,0,5,8,0,6,9,2,1,1,2,1,3,3,3,1
"0000002585","SWE_2022","Sweden",0.7658,52,1,8,1,0,1,4,2,4,2,752,0,5,1,2,5,3,3,2,1,1,3,1,5,3,3,9,1,1,1,1,2,2,3,1,2,5,1,752003,0,2,2,1,1,752001,4,10,5,10,2,4,4,5,6,10,8,9,6,4,4,7,5,2,9,8,1,4,7,4,6,5,2,0,9,4,3,3,3,4,1
"0000002552","SWE_2022","Sweden",0.7541,73,0,3,2,0,7,9,2,1,1,752,0,8,2,9,99,99,99,9,9,9,9,9,3,2,1,3,2,3,3,2,3,2,4,3,2,4,1,999999,999999,9,4,5,1,752005,5,1,0,8,0,9,9,1,7,2,3,9,0,9,9,0,9,1,4,8,0,7,8,0,7,9,2,1,3,2,2,2,2,2,0
"0000000740","SWE_2022","Sweden",1.1984,56,0,6,1,1,1,1,2,5,1,752,0,19,1,3,3,4,0,2,1,1,5,3,5,5,5,8,2,2,2,2,2,2,4,2,2,4,1,752001,1,2,2,2,1,752001,4,8,0,6,4,8,3,3,5,7,0,5,5,7,3,5,5,3,9,7,1,4,7,1,6,3,2,1,2,2,2,2,3,2,1
"0000000982","SWE_2022","Sweden",0.91,41,0,6,1,1,1,1,2,4,2,752,0,12,2,2,7,7,7,2,1,1,2,3,2,2,5,10,1,2,1,1,3,1,3,3,2,5,1,752002,0,2,1,1,1,752001,4,7,9,10,0,3,9,0,9,7,9,4,3,5,8,1,7,6,9,10,0,4,9,0,8,8,2,0,2,3,2,2,3,4,0
"0000002213","SWE_2022","Sweden",0.7658,64,1,6,1,0,10,1,1,4,1,752,0,19,2,2,0,7,7,3,1,4,3,3,5,5,3,10,2,2,1,2,2,3,3,3,2,2,1,752003,0,1,1,1,1,752003,5,2,9,10,0,2,6,0,5,2,10,9,0,3,8,0,6,3,10,9,0,4,8,1,6,9,2,1,2,2,3,3,3,3,1
"0000001102","SWE_2022","Sweden",1.6674,29,1,4,4,0,1,1,2,4,2,752,0,24,2,9,0,0,7,2,1,1,1,5,5,5,5,10,2,2,1,1,2,1,3,4,2,5,1,752003,0,1,1,1,1,752003,3,8,9,9,0,5,9,2,7,8,9,9,2,5,9,0,5,5,8,7,3,4,7,4,5,99,2,0,9,3,1,4,3,2,1
"0000002612","SWE_2022","Sweden",0.7489,66,1,2,1,9,7,9,9,1,2,901,9,12,3,3,99,0,0,4,3,3,3,3,3,3,3,5,4,3,4,4,4,4,4,3,2,4,1,752001,1,2,4,1,1,752001,3,10,99,99,99,99,99,99,99,10,99,99,99,99,99,99,99,99,99,99,99,99,99,99,99,5,2,0,9,3,2,3,3,3,0
"0000001205","SWE_2022","Sweden",1.0931,58,1,5,1,1,2,2,1,3,2,752,0,17,1,3,3,7,7,3,3,3,4,3,3,3,3,5,2,2,3,1,2,3,3,2,1,5,1,752001,1,2,2,2,1,752001,4,9,0,2,5,3,0,5,2,9,2,2,5,3,7,5,5,1,9,10,0,5,8,4,7,3,2,0,2,3,1,3,3,4,1
"0000002481","SWE_2022","Sweden",1.0469,81,0,3,1,0,7,1,2,1,1,752,0,20,2,2,6,0,0,2,1,1,2,3,3,4,3,8,2,2,2,2,3,3,3,2,2,2,1,752001,1,2,2,2,1,752001,3,9,5,2,2,7,4,5,2,9,5,2,1,7,3,9,2,0,8,10,3,3,8,2,8,7,2,0,9,2,2,2,2,3,0
"0000002032","SWE_2022","Sweden",0.9037,53,1,8,4,0,1,4,2,1,1,752,0,14,2,2,7,7,99,1,1,2,5,5,5,4,5,9,2,4,2,2,2,2,3,1,1,5,1,752001,1,1,4,2,1,752001,5,9,0,6,6,7,0,9,6,10,0,4,5,10,0,8,5,4,10,8,1,5,8,5,5,4,1,1,2,3,1,2,2,2,1
"0000002299","SWE_2022","Sweden",0.7489,74,1,99,2,0,7,2,1,1,9,752,0,22,2,2,2,99,99,3,1,3,3,3,3,3,3,5,3,3,2,2,4,2,4,2,2,2,1,752001,1,1,2,1,1,752001,4,10,6,99,4,99,0,1,4,10,6,0,6,7,0,0,7,99,99,99,99,99,99,99,9,0,2,0,2,2,1,2,9,2,1
"0000002186","SWE_2022","Sweden",0.6191,82,1,5,3,1,7,9,1,9,2,752,0,1,2,2,7,0,0,2,1,1,3,1,5,5,1,9,1,3,2,1,4,3,4,2,2,4,99,999999,999999,9,4,3,1,752001,2,10,0,0,3,3,1,7,1,10,0,0,0,3,2,0,9,99,99,99,99,99,99,99,99,99,4,0,2,3,1,9,9,9,0
"0000001570","SWE_2022","Sweden",1.7851,19,0,4,4,1,1,2,2,5,2,752,0,24,2,2,3,5,7,3,1,1,3,3,5,3,2,9,2,2,3,2,3,2,3,2,2,4,1,752003,0,2,2,1,99,999999,4,6,6,7,5,5,5,4,6,5,8,8,5,5,10,5,5,1,9,8,0,4,6,1,5,5,2,0,9,3,2,4,3,3,1
"0000000537","SWE_2022","Sweden",1.1984,58,0,99,3,9,99,9,9,9,9,752,0,24,9,4,99,99,99,9,9,9,9,9,9,9,9,99,9,9,9,9,9,9,9,9,9,9,99,999999,999999,9,9,9,99,999999,9,99,99,99,99,99,99,99,99,99,99,99,99,99,99,99,99,99,99,99,99,99,99,99,99,99,9,9,9,9,9,9,9,9,9
"0000002739","SWE_2022","Sweden",1.1092,80,0,2,1,9,7,2,2,1,2,752,0,5,1,2,99,0,0,1,1,2,2,3,5,3,1,10,2,2,2,1,2,2,4,1,2,4,1,752001,1,1,1,1,1,752001,5,9,0,0,8,6,0,8,7,10,5,6,7,9,1,7,7,1,10,10,0,5,10,0,5,1,2,1,1,3,2,2,2,2,1
"0000002052","SWE_2022","Sweden",0.5247,76,1,8,3,0,2,9,2,9,1,752,0,12,4,1,7,7,3,1,1,9,9,9,5,5,5,10,2,2,2,2,9,2,3,9,2,4,1,752001,1,9,1,1,1,752001,9,7,0,3,6,6,3,6,4,8,0,5,7,6,1,3,3,99,99,99,99,99,99,99,99,99,2,0,2,9,3,3,3,3,1
"0000002328","SWE_2022","Sweden",0.7489,83,1,3,1,0,7,1,2,2,3,752,9,1,2,2,7,7,7,2,1,2,1,1,5,5,5,7,2,2,2,2,2,3,2,3,2,2,1,752002,0,1,1,1,1,752002,4,3,10,9,9,5,3,2,7,6,10,10,7,5,5,0,8,5,10,9,3,5,5,3,7,8,2,1,2,2,2,3,3,3,0
"0000001868","SWE_2022","Sweden",0.7489,75,1,5,3,9,7,2,2,1,1,900,1,1,3,2,7,3,7,2,2,2,3,4,5,2,2,6,2,2,3,2,3,3,4,2,3,4,1,752001,1,1,2,2,1,752003,3,9,2,7,3,4,3,99,5,10,2,6,3,3,4,5,4,99,99,99,99,99,99,99,99,99,2,0,2,3,2,2,3,3,1
"0000002577","SWE_2022","Sweden",0.7541,78,0,2,1,0,7,2,1,1,2,752,0,8,2,2,7,7,7,3,1,1,2,3,9,9,1,7,2,2,2,3,3,3,3,2,1,3,1,752001,1,1,1,1,1,752001,2,10,0,0,5,8,0,5,0,10,0,0,5,8,0,5,0,1,10,10,0,5,10,5,5,5,2,1,2,1,2,4,3,3,1
"0000002284","SWE_2022","Sweden",1.0469,76,0,99,4,0,7,2,2,1,9,752,9,6,1,2,7,0,0,1,1,1,5,5,9,9,1,8,2,2,2,2,1,2,2,2,1,4,1,752001,1,1,4,1,1,752002,5,10,0,0,8,5,3,5,3,10,10,0,8,5,0,4,2,5,10,10,0,5,10,5,8,5,2,0,3,9,1,3,2,3,0
"0000000935","SWE_2022","Sweden",1.6791,34,0,4,4,1,1,1,1,5,1,752,0,13,2,3,4,7,7,3,1,2,1,1,5,5,5,5,2,1,3,1,2,3,4,4,2,5,1,752002,0,1,1,3,1,752002,5,5,10,9,0,5,5,0,7,5,10,9,0,5,0,0,7,3,8,10,0,4,5,2,5,7,1,0,2,4,2,3,3,3,1
"0000001217","SWE_2022","Sweden",1.1008,51,0,3,3,0,1,2,2,2,1,752,0,6,9,1,99,7,99,1,1,1,1,1,1,1,1,5,3,3,3,1,3,4,4,4,2,5,1,752002,0,2,5,3,1,752002,3,2,10,6,6,0,6,0,2,2,10,4,10,0,10,0,4,5,5,6,2,10,7,0,6,5,2,1,1,1,3,3,3,9,1
"0000001002","SWE_2022","Sweden",0.7658,44,1,99,1,9,99,9,9,9,9,752,0,23,9,3,7,0,3,1,1,1,2,3,3,3,3,8,2,2,2,2,2,1,2,3,2,9,99,999999,999999,9,9,9,99,999999,9,99,99,99,99,99,99,99,99,99,99,99,99,99,99,99,99,99,99,99,99,99,99,99,99,99,9,9,9,9,9,9,9,9,9
"0000000736","SWE_2022","Sweden",0.7658,57,1,8,3,1,1,1,4,5,6,752,0,1,4,3,0,6,7,2,1,2,5,5,5,5,4,8,2,2,2,2,3,2,3,2,2,4,1,752001,1,1,4,2,1,752004,4,9,0,4,6,7,1,9,6,9,0,3,5,9,0,5,5,3,8,10,99,5,8,2,5,5,1,0,3,3,3,2,1,3,1
"0000001983","SWE_2022","Sweden",1.0805,32,0,8,4,9,5,9,9,9,1,752,0,5,1,2,5,6,7,2,2,1,3,3,4,2,2,8,2,2,2,1,2,1,3,2,2,4,1,752007,0,2,2,1,1,752007,4,6,3,5,6,7,5,8,5,5,5,5,5,5,5,5,5,4,7,7,3,5,6,4,6,4,2,1,2,2,2,3,3,2,1
"0000001264","SWE_2022","Sweden",1.0931,54,1,3,1,1,1,2,1,4,1,752,0,4,2,3,3,3,2,3,3,3,3,3,5,5,5,7,2,2,2,2,2,2,2,2,2,5,1,752002,0,1,2,1,1,752003,4,7,10,9,0,1,0,0,0,8,10,9,2,6,5,0,2,3,9,9,0,5,8,2,7,9,2,1,1,2,2,3,3,3,1
"0000002100","SWE_2022","Sweden",0.7489,71,1,3,3,9,99,9,9,9,1,752,0,1,9,3,99,0,7,2,1,1,2,2,5,5,5,6,2,2,3,3,3,3,2,3,2,9,1,752002,0,1,2,1,1,752002,5,7,10,9,7,7,6,6,5,7,10,9,6,7,8,5,5,2,10,8,4,3,5,2,6,10,4,1,1,2,9,3,3,2,1
"0000000894","SWE_2022","Sweden",1.0805,31,0,7,4,1,1,1,2,5,2,752,0,1,3,3,0,5,3,4,2,1,4,3,4,2,3,7,3,2,2,2,3,3,3,3,2,5,1,752008,0,2,4,1,1,752005,4,5,0,6,1,7,4,0,8,4,6,7,3,6,4,1,5,3,8,8,0,4,8,1,6,6,4,0,9,3,3,4,3,3,1
"0000001995","SWE_2022","Sweden",0.7489,85,1,3,2,0,7,9,2,1,1,752,9,13,2,1,7,0,0,1,1,3,5,5,5,5,2,8,2,2,2,2,2,2,4,2,2,3,1,752003,0,2,2,1,1,752003,4,8,8,9,5,8,7,6,6,8,8,9,5,8,7,6,6,3,9,8,0,5,9,3,5,5,2,0,3,2,2,3,3,3,1
"0000002128","SWE_2022","Sweden",0.91,54,0,9,4,1,6,9,1,2,9,901,9,6,1,2,1,1,0,2,2,2,9,1,9,9,4,99,4,1,1,1,4,4,4,1,3,3,1,999999,999999,9,9,9,0,999999,3,99,7,99,7,7,6,8,99,9,0,2,6,8,0,99,9,99,99,0,10,99,99,99,99,8,9,0,9,2,2,4,9,4,9
"0000000134","SWE_2022","Sweden",1.0469,65,0,5,3,1,1,1,1,3,1,752,0,14,1,4,2,0,0,2,1,1,4,5,5,3,4,7,2,1,2,2,3,1,4,2,1,4,99,999999,999999,9,1,2,0,999999,4,9,1,1,7,5,5,8,0,10,6,0,1,4,3,0,1,2,10,9,1,3,5,4,8,3,2,0,3,3,2,2,2,4,1
"0000000842","SWE_2022","Sweden",1.1008,57,0,3,1,1,1,1,2,5,1,752,0,14,2,2,2,4,2,3,1,2,2,3,5,3,1,8,2,2,3,2,3,2,4,1,1,4,1,752002,0,1,2,1,1,752003,3,9,10,9,3,5,0,0,0,10,10,5,8,9,0,0,4,0,10,9,0,4,10,3,10,7,1,0,2,2,1,1,2,2,1
"0000002037","SWE_2022","Sweden",0.7489,80,1,5,2,1,7,1,9,2,3,752,0,17,1,2,7,3,3,2,1,1,2,5,4,1,3,7,2,2,2,2,3,2,3,1,1,5,1,752001,1,2,2,1,1,752001,4,10,7,0,10,5,5,10,5,10,7,0,10,7,5,5,5,5,7,10,0,6,8,3,5,0,2,1,2,3,3,1,1,3,0
"0000001637","SWE_2022","Sweden",1.6674,27,1,6,4,1,5,1,2,2,1,752,0,21,2,4,1,1,7,3,1,3,4,3,5,5,5,8,4,4,4,1,4,4,4,3,2,3,1,999999,999999,9,4,3,1,752003,3,5,5,7,5,0,6,0,5,5,5,5,5,5,5,5,5,5,5,5,5,5,5,5,5,5,2,0,9,3,2,4,3,2,0
"0000001614","SWE_2022","Sweden",1.1008,54,0,3,1,1,1,2,2,5,2,752,0,10,2,9,99,99,99,9,9,9,9,9,5,5,5,10,1,1,1,1,2,1,3,1,1,2,1,752001,1,1,1,1,1,752001,5,10,5,2,5,3,2,5,7,10,5,3,3,3,1,6,5,5,9,9,0,7,10,5,5,5,1,1,2,3,2,3,2,2,0
"0000002376","SWE_2022","Sweden",0.91,64,0,5,4,0,7,1,2,4,1,900,9,10,2,3,0,0,0,4,1,1,2,2,5,2,2,5,2,3,2,2,3,3,3,3,2,4,1,752003,0,1,1,2,1,752003,3,3,6,7,3,5,5,0,5,1,7,5,5,5,5,5,5,6,5,8,0,7,8,5,7,8,2,1,2,2,2,3,3,2,8
"0000002446","SWE_2022","Sweden",0.7489,81,1,2,2,0,7,3,2,1,4,752,0,8,2,3,99,0,0,3,1,2,2,9,9,3,3,5,2,2,2,1,3,3,3,2,2,4,99,999999,999999,9,2,3,1,752005,5,99,99,99,99,99,99,99,99,8,5,8,7,7,5,0,7,99,99,99,99,99,99,99,99,99,2,9,9,3,2,3,2,3,1
"0000001086","SWE_2022","Sweden",1.073,38,1,8,3,1,1,1,1,2,4,752,0,12,1,1,6,7,7,1,1,1,4,5,4,3,2,6,2,2,2,2,3,3,4,2,1,5,1,752001,1,2,4,2,99,999999,9,99,99,99,99,99,99,99,99,99,99,99,99,99,99,99,99,2,10,10,0,6,10,2,6,1,2,1,1,3,3,2,4,5,0
"0000001453","SWE_2022","Sweden",1.1008,60,0,3,1,0,1,2,2,2,4,752,0,7,1,3,7,0,0,2,1,1,5,3,5,2,3,5,1,2,2,1,4,2,4,1,2,4,1,752001,1,1,1,1,1,752001,5,9,3,1,5,8,5,0,5,10,5,0,0,8,5,0,5,5,10,9,3,6,6,0,7,6,1,0,9,4,2,3,2,3,0
"0000002620","SWE_2022","Sweden",1.0396,71,1,5,1,0,7,9,9,1,1,752,0,12,1,2,7,0,0,3,1,2,4,2,5,5,1,10,1,2,1,1,2,2,4,2,2,3,1,999999,999999,9,1,1,1,999999,5,5,5,5,5,5,5,5,5,5,5,5,5,5,5,4,5,1,10,9,0,5,8,3,6,7,1,0,9,2,1,4,2,3,0
"0000002077","SWE_2022","Sweden",0.7489,78,1,5,4,0,7,1,1,9,1,752,0,21,2,1,3,7,0,2,3,3,3,3,5,3,2,10,3,3,3,1,3,9,9,4,3,5,1,752006,0,1,1,2,1,999999,4,3,8,8,0,0,10,1,5,5,8,9,0,0,10,0,7,1,10,10,0,4,8,0,8,7,9,0,9,2,3,3,3,3,0
"0000002171","SWE_2022","Sweden",0.7489,87,1,99,1,0,7,2,9,1,9,752,0,7,2,2,7,7,0,2,1,2,2,2,2,2,5,8,2,3,3,3,3,2,4,3,3,5,1,752002,0,1,1,1,1,752002,3,7,10,8,0,0,99,99,0,9,10,9,0,1,6,0,6,0,7,10,0,5,10,0,5,99,2,1,3,2,4,2,2,3,7
"0000000157","SWE_2022","Sweden",0.7658,51,1,8,1,1,1,1,1,3,1,752,0,19,1,4,0,1,7,3,1,1,4,3,5,2,2,7,2,2,2,1,2,3,3,2,2,5,1,752006,0,1,1,1,1,752007,5,8,0,0,2,0,5,10,0,8,0,0,10,10,10,8,5,0,5,10,2,5,5,0,10,0,2,1,1,4,2,5,2,3,1
"0000001780","SWE_2022","Sweden",0.7489,81,1,99,1,0,7,2,1,1,3,752,0,18,1,2,2,0,0,2,1,1,2,1,5,5,2,5,3,3,3,2,3,3,3,3,2,5,99,999999,999999,9,4,1,1,752006,4,99,99,99,99,99,99,99,99,10,6,4,4,7,6,99,8,99,99,99,99,99,99,99,99,99,2,0,3,3,2,4,9,3,1
"0000000978","SWE_2022","Sweden",1.6674,40,1,5,4,1,1,1,2,2,1,752,0,1,3,1,99,99,7,1,1,1,5,5,5,5,5,10,2,2,3,1,2,1,3,2,1,3,1,752007,0,1,1,1,1,752007,5,9,0,0,10,8,0,10,0,10,0,0,10,9,0,10,0,0,10,10,0,5,10,0,10,0,1,1,1,4,4,3,4,3,1
"0000002542","SWE_2022","Sweden",2.2763,18,0,3,4,0,6,9,9,5,1,752,0,17,2,2,5,4,7,1,1,5,5,5,5,4,5,10,1,1,1,1,1,1,1,3,2,5,1,752006,0,1,1,1,99,999999,4,3,5,10,2,5,9,1,8,4,6,10,2,5,10,1,9,3,10,9,0,5,9,2,7,8,1,0,3,2,2,4,3,3,1
"0000002125","SWE_2022","Sweden",1.0396,76,1,3,1,0,7,1,2,4,1,752,0,3,1,2,6,1,5,1,1,1,4,3,2,2,4,9,2,2,2,1,2,3,3,3,3,4,1,752003,0,1,4,1,1,752003,4,2,5,9,0,3,7,1,7,5,8,9,2,2,6,0,7,2,5,9,0,2,8,1,6,8,1,1,2,2,2,3,3,3,1
"0000002068","SWE_2022","Sweden",1.1092,85,0,2,1,1,7,9,1,9,9,752,9,19,4,3,2,99,99,2,1,9,9,9,9,9,9,7,1,9,2,9,3,9,9,3,2,4,1,752001,1,1,2,1,1,752001,9,9,99,99,99,99,99,99,99,10,3,7,8,9,0,9,7,0,9,10,0,9,10,2,5,99,2,1,2,3,2,1,2,9,0
"0000000259","SWE_2022","Sweden",0.7712,49,0,99,1,9,99,9,9,9,9,901,9,14,9,1,7,7,7,9,9,9,9,9,9,9,9,99,9,9,9,9,9,9,9,9,9,9,99,999999,999999,9,9,9,99,999999,9,99,99,99,99,99,99,99,99,99,99,99,99,99,99,99,99,99,99,99,99,99,99,99,99,99,9,9,9,9,9,9,9,9,9
"0000002498","SWE_2022","Sweden",0.6191,72,1,6,1,1,7,1,1,5,2,752,0,5,1,3,3,0,0,2,1,4,2,3,3,3,3,4,3,3,3,3,3,2,4,3,3,4,1,752003,0,2,2,1,1,752003,3,0,9,10,0,1,9,0,2,2,9,0,0,99,9,0,2,10,10,99,0,2,10,0,5,10,4,0,3,2,3,4,4,3,8
"0000002013","SWE_2022","Sweden",0.5247,66,1,8,1,0,7,1,1,3,1,752,0,1,4,2,2,0,0,1,1,1,5,5,5,5,5,8,1,1,2,2,2,1,4,2,2,3,1,752007,0,1,2,1,1,752004,5,5,0,0,8,3,0,7,3,9,0,0,7,8,0,6,2,5,8,10,0,7,10,4,7,2,2,1,2,4,2,2,1,3,1
"0000002828","SWE_2022","Sweden",0.8153,66,1,5,1,9,7,1,2,3,2,900,1,6,1,3,6,5,4,2,1,1,3,4,5,3,4,10,2,2,2,2,3,2,4,2,2,4,1,752001,1,1,2,1,1,752001,4,9,0,4,8,8,2,4,5,10,2,6,8,8,4,5,5,3,10,10,0,4,8,4,5,3,1,0,2,2,2,2,2,3,1
"0000000923","SWE_2022","Sweden",1.1901,62,1,4,1,1,1,1,1,4,2,752,0,21,2,2,7,3,6,2,1,3,3,4,2,2,4,9,2,2,2,1,3,2,2,3,2,4,1,752002,0,1,2,1,1,752006,4,1,10,10,0,1,10,0,2,1,10,10,0,0,10,0,2,3,10,9,0,2,10,0,4,9,2,1,1,2,2,3,3,3,1
"0000002834","SWE_2022","Sweden",1,35,1,6,9,0,1,1,2,5,1,752,0,99,4,2,1,5,3,1,4,1,3,2,2,2,2,8,3,3,2,2,3,3,3,4,3,5,1,752002,0,1,2,2,0,999999,4,4,8,7,0,4,5,0,5,4,8,7,0,0,5,0,5,2,9,9,0,2,5,0,4,10,4,0,2,2,4,4,4,3,1
"0000002426","SWE_2022","Sweden",1.6191,44,0,2,4,1,5,3,1,1,1,901,9,4,2,2,0,7,7,1,1,3,1,2,1,1,1,2,1,1,1,1,1,4,1,2,1,2,0,999999,999999,9,5,3,1,752001,2,0,0,99,99,0,0,0,99,0,99,99,99,99,0,99,99,10,99,99,99,99,10,99,99,10,5,0,9,1,1,1,1,4,0
"0000000230","SWE_2022","Sweden",0.7712,41,0,8,1,1,1,1,2,5,1,752,0,22,1,2,2,2,2,2,1,1,2,3,4,2,2,7,3,3,2,2,3,3,3,4,3,4,1,752003,0,2,4,1,1,752003,5,1,4,7,0,1,5,0,6,0,3,7,1,0,4,0,6,3,8,9,0,3,7,0,7,7,2,0,2,2,3,2,3,2,1
"0000001904","SWE_2022","Sweden",0.5247,67,1,7,1,0,7,1,1,5,2,752,0,1,2,1,7,1,0,2,1,1,5,3,5,5,5,9,2,2,2,1,2,2,3,2,2,5,1,752007,0,1,5,1,1,752001,5,10,0,0,8,8,0,10,2,10,0,0,2,8,0,3,0,2,10,10,0,5,10,5,8,2,1,1,2,3,3,3,1,1,1
"0000001031","SWE_2022","Sweden",0.9037,64,1,5,3,1,1,1,2,2,1,900,1,6,1,2,99,99,99,1,1,5,5,4,5,5,5,9,2,2,3,3,4,3,4,2,1,4,1,752001,1,1,1,1,1,752002,2,10,8,0,8,8,0,0,0,10,10,0,6,9,0,0,1,4,10,10,1,5,10,2,7,4,2,1,2,2,4,2,3,3,1
"0000002637","SWE_2022","Sweden",2.1262,35,1,3,4,0,5,1,1,1,1,752,0,6,1,2,99,7,7,2,3,5,1,3,5,5,5,6,2,2,3,2,2,2,2,4,4,4,1,752003,0,1,2,2,1,752006,5,0,8,10,0,0,10,0,5,0,10,10,0,0,10,0,7,9,10,99,0,0,10,0,8,10,4,1,1,2,3,4,4,4,1
"0000000692","SWE_2022","Sweden",0.7712,45,0,8,3,1,1,1,2,3,1,752,0,19,4,3,5,5,0,2,1,1,2,3,5,2,3,10,1,1,9,1,2,2,4,2,2,5,1,752001,1,1,1,1,1,752001,5,10,0,3,2,5,0,8,3,7,0,0,5,99,0,8,5,4,10,9,0,4,9,3,6,4,2,1,1,3,1,3,3,3,1
"0000000557","SWE_2022","Sweden",0.9037,63,1,7,1,1,1,1,4,5,3,752,0,1,4,1,6,0,0,2,1,2,3,5,5,5,5,9,2,2,1,1,3,2,4,3,1,4,1,752005,0,1,4,1,1,752008,4,9,0,99,0,10,0,9,5,9,0,2,8,10,0,9,5,3,10,10,1,4,9,1,8,99,2,1,2,3,3,2,3,3,1
"0000002655","SWE_2022","Sweden",1.6674,34,1,6,1,1,5,2,2,3,1,752,0,14,4,2,2,5,7,1,1,2,4,5,5,5,5,8,2,2,2,1,3,2,2,2,2,4,1,752007,0,1,1,3,1,752004,5,7,0,1,10,7,1,10,2,9,0,0,9,10,0,10,0,4,10,9,1,3,9,2,8,3,2,1,1,4,2,4,3,3,1
"0000000532","SWE_2022","Sweden",0.7658,42,1,8,1,1,1,1,2,5,1,752,0,3,1,2,4,7,0,2,2,1,5,3,4,3,3,8,2,2,2,2,3,2,3,2,3,4,1,752007,0,2,2,2,1,752007,3,7,99,6,5,9,3,8,6,9,0,2,3,10,0,6,2,3,10,8,1,5,9,4,7,6,2,0,9,3,1,2,3,3,1
"0000002826","SWE_2022","Sweden",0.6191,79,1,7,3,0,7,9,2,1,1,752,0,1,4,2,7,0,7,1,1,1,4,5,5,5,4,9,1,1,1,1,2,1,3,2,2,2,1,752003,0,2,2,1,1,752003,3,3,1,9,3,5,7,3,9,4,2,9,8,3,7,2,9,5,10,8,0,5,6,2,6,7,1,0,2,2,1,1,3,3,1
"0000001563","SWE_2022","Sweden",1.6791,31,0,4,4,0,1,2,2,4,2,752,0,14,1,3,7,7,7,3,1,3,1,4,5,5,5,10,3,3,3,2,3,2,4,3,2,3,1,752002,0,1,1,1,1,752002,2,7,9,8,0,0,9,7,2,7,10,7,5,5,8,1,5,3,7,7,0,2,7,2,5,7,2,0,2,2,2,3,3,3,1
"0000001055","SWE_2022","Sweden",1.3555,25,0,4,4,0,1,2,1,1,3,752,0,10,2,1,4,7,2,1,1,1,3,3,5,2,2,8,2,3,1,1,3,3,4,4,3,4,1,752002,0,2,2,1,0,999999,4,5,9,9,6,5,7,0,8,7,9,9,5,2,5,0,8,2,10,8,0,1,7,0,5,8,2,0,2,1,2,4,3,5,1
"0000002056","SWE_2022","Sweden",0.821,71,0,4,4,0,7,2,1,1,3,752,0,24,1,2,7,0,0,2,1,1,5,5,5,3,1,99,2,2,9,1,3,3,4,2,1,4,1,752001,1,1,1,1,1,752001,4,8,0,1,5,4,1,5,2,6,8,5,7,7,3,5,4,3,7,10,1,7,9,4,8,2,2,1,2,3,3,3,3,3,0
"0000000427","SWE_2022","Sweden",0.7658,48,1,8,1,1,2,9,1,4,1,752,1,1,3,2,2,7,4,1,1,1,5,5,4,1,2,8,3,3,2,1,3,2,4,2,2,4,1,752001,1,1,4,2,1,999999,5,8,0,2,5,8,0,9,2,9,0,1,8,10,0,6,1,2,10,8,0,6,10,3,7,4,2,1,2,3,2,2,2,3,1
"0000002823","SWE_2022","Sweden",0.9037,51,1,5,4,1,9,2,2,1,1,752,0,14,2,3,6,0,0,2,1,1,5,4,5,2,2,8,3,1,2,2,3,1,4,2,2,5,1,752004,0,1,1,1,1,752001,5,8,0,0,8,5,1,8,5,10,0,0,9,5,1,5,5,3,10,10,0,4,9,1,7,99,2,0,9,3,4,3,9,3,0
"0000000304","SWE_2022","Sweden",0.7658,60,1,8,1,1,2,9,1,5,2,752,0,14,2,3,1,1,7,2,1,1,5,5,5,9,4,8,2,2,2,2,3,3,3,2,1,2,1,752001,1,1,1,1,1,752001,5,99,0,1,6,5,1,6,5,10,0,5,5,8,0,7,5,3,10,10,1,8,9,5,7,3,2,1,1,3,2,3,3,3,1
"0000001937","SWE_2022","Sweden",0.821,85,0,6,3,0,7,1,2,2,1,752,9,18,2,2,5,2,0,2,1,5,3,3,5,5,1,8,1,2,2,3,3,2,4,3,3,4,1,999999,999999,9,2,1,1,752005,5,0,5,10,0,2,2,0,6,2,9,10,0,2,6,0,6,3,10,10,0,4,4,0,8,99,2,1,3,2,2,3,3,3,1
"0000002195","SWE_2022","Sweden",0.5247,78,1,8,3,1,7,1,1,1,2,752,0,14,4,1,7,5,6,1,1,1,5,5,5,5,5,9,9,1,1,1,2,2,3,1,2,2,1,752007,0,1,2,2,1,752001,5,10,0,4,10,5,0,10,5,10,0,3,10,10,0,10,5,1,10,10,0,4,10,1,99,1,2,0,3,4,1,2,2,4,1
"0000001151","SWE_2022","Sweden",1.346,23,1,99,4,9,99,9,9,9,9,752,0,14,9,2,3,4,7,2,1,1,3,4,5,3,3,8,2,2,1,1,3,4,4,9,9,9,1,999999,999999,9,2,9,1,999999,3,99,99,99,99,99,99,99,99,99,99,99,99,99,99,99,99,3,5,4,0,4,5,0,4,3,9,9,9,9,9,9,9,9,9
"0000000723","SWE_2022","Sweden",0.9037,52,1,6,1,1,1,1,1,3,2,752,1,4,1,3,5,1,5,2,2,9,2,3,3,1,1,8,2,2,2,1,2,2,3,2,2,4,1,752001,1,2,2,2,1,752007,5,10,0,6,6,7,2,10,5,10,0,0,6,8,0,9,0,0,9,2,2,2,7,2,4,1,2,1,2,3,3,2,2,3,1
"0000000771","SWE_2022","Sweden",0.91,51,0,4,1,1,1,1,2,4,3,752,0,13,2,1,6,0,7,1,1,1,4,2,5,5,5,9,1,1,2,1,2,1,3,1,2,4,1,752001,1,1,1,1,1,752001,4,9,0,2,2,2,1,2,6,7,1,3,2,3,0,2,8,2,9,9,0,6,9,3,6,99,2,1,1,3,2,3,3,4,1
"0000001961","SWE_2022","Sweden",1.5423,34,0,3,4,0,10,9,9,1,1,752,0,1,1,1,7,99,99,1,1,1,1,1,1,1,1,10,1,1,1,1,1,1,1,1,1,5,1,752002,0,1,1,1,1,752002,5,0,10,0,0,0,0,0,0,0,10,0,0,0,0,0,0,99,99,99,99,99,99,99,99,99,1,0,9,4,4,9,9,9,7
"0000000720","SWE_2022","Sweden",1.073,35,1,7,4,1,1,1,1,4,1,752,0,14,2,2,2,4,7,1,1,9,4,3,4,4,4,8,2,2,2,2,3,2,3,2,2,5,1,752001,1,1,2,2,1,752005,5,6,0,7,1,7,2,1,6,8,3,8,5,9,4,5,3,3,99,8,1,8,8,2,7,7,2,0,2,3,2,4,3,4,1
"0000000651","SWE_2022","Sweden",1.1063,34,0,9,4,1,1,2,2,5,1,900,9,1,3,2,0,0,0,3,1,1,5,3,5,1,4,10,2,2,1,1,2,2,3,1,2,4,1,752001,1,1,1,1,1,999999,5,9,0,2,8,8,0,6,99,9,0,2,8,6,0,5,2,3,7,7,2,4,6,4,6,2,1,0,3,9,2,4,3,3,0
"0000000129","SWE_2022","Sweden",0.91,57,0,6,1,1,1,1,1,4,2,752,0,14,1,2,5,7,2,2,1,3,3,3,3,3,3,8,2,2,2,2,3,2,3,2,2,4,1,752001,1,2,2,1,1,752001,4,8,6,7,3,7,7,2,3,8,6,7,4,7,7,2,3,5,7,6,3,5,7,3,6,6,2,0,9,2,3,3,3,3,0
"0000000614","SWE_2022","Sweden",1.073,38,1,7,1,1,1,1,1,5,1,752,1,1,3,2,3,5,7,1,1,1,3,5,5,5,5,10,2,2,2,1,3,1,3,2,2,4,1,752001,1,2,4,1,1,752004,4,9,0,7,7,8,0,6,7,10,0,0,9,9,0,5,5,2,10,8,0,6,9,2,7,99,2,1,2,2,2,3,3,3,1
"0000001962","SWE_2022","Sweden",1.0396,77,1,99,1,9,99,9,9,9,9,752,0,1,9,1,7,99,4,1,1,1,2,2,9,9,9,99,9,9,9,9,9,9,9,9,9,9,99,999999,999999,9,9,1,1,752003,5,99,99,10,99,99,99,99,99,99,9,10,99,99,99,0,99,99,7,10,99,99,8,99,99,10,2,1,1,9,9,2,1,3,1
"0000002603","SWE_2022","Sweden",0.821,77,0,6,1,1,1,4,2,1,4,752,9,6,1,1,7,1,7,1,1,3,2,2,5,5,9,9,1,1,1,2,2,2,3,2,2,4,1,752008,0,2,2,1,1,752003,4,6,0,8,0,8,5,5,9,8,1,8,0,7,5,2,8,4,9,8,1,5,8,4,7,7,2,0,3,2,1,3,3,3,1
"0000001256","SWE_2022","Sweden",1.7851,22,0,4,4,0,6,2,1,3,2,752,0,1,4,3,0,0,7,3,1,1,5,5,3,3,3,9,3,3,2,2,3,1,3,3,2,5,1,752005,0,2,4,1,0,999999,4,99,99,99,99,99,99,99,99,8,9,0,3,9,0,8,4,7,10,9,0,8,9,2,8,6,2,0,2,4,3,3,2,3,1
"0000001445","SWE_2022","Sweden",1.1984,51,0,4,1,0,99,4,2,3,1,900,9,14,2,2,4,6,2,2,1,1,5,5,5,1,5,10,1,2,1,1,2,2,4,2,2,4,1,752008,0,2,2,1,1,752008,5,5,0,7,0,8,5,3,9,7,4,7,4,8,4,3,8,4,8,9,0,6,10,1,7,7,1,0,9,9,2,2,1,3,0
"0000002421","SWE_2022","Sweden",0.7541,65,0,4,1,0,7,4,2,1,2,900,1,12,1,9,99,99,99,9,9,9,9,9,5,4,2,8,2,2,2,2,3,3,3,2,2,2,1,752001,1,2,2,2,1,752001,4,8,0,5,4,6,5,6,3,8,0,4,4,6,4,6,3,4,10,8,2,5,9,3,8,4,2,0,2,3,2,3,3,3,1
"0000000886","SWE_2022","Sweden",0.7658,55,1,7,1,0,1,1,2,5,2,752,1,18,1,2,7,1,7,2,1,2,2,4,2,1,2,9,1,1,2,1,2,3,3,3,2,5,1,752008,0,2,2,9,1,752008,3,7,0,8,0,8,8,5,10,10,0,5,0,10,10,0,9,5,10,10,0,4,10,0,8,8,2,9,2,3,4,3,3,3,1
"0000002237","SWE_2022","Sweden",1.1901,57,1,4,4,0,1,2,2,5,1,752,0,1,3,3,5,5,0,2,1,2,5,3,5,5,5,8,3,2,2,2,9,3,4,3,3,4,1,752003,0,1,2,2,1,752003,5,2,0,10,0,7,7,0,7,4,0,8,0,7,5,4,8,3,8,10,0,6,8,5,7,7,2,1,2,3,3,5,4,5,1
"0000001195","SWE_2022","Sweden",1.1407,24,1,8,4,1,6,9,9,3,1,752,0,14,3,2,2,0,1,2,1,3,3,4,5,2,2,8,3,3,2,1,3,2,3,3,2,4,1,752007,0,2,2,2,1,752005,4,8,0,1,8,7,1,9,1,8,0,2,5,9,1,8,3,99,10,3,1,6,9,2,9,2,2,0,2,3,3,2,3,3,1
"0000001531","SWE_2022","Sweden",1.1984,47,0,4,4,1,1,2,2,2,1,752,0,17,1,3,0,5,1,2,1,2,5,3,3,3,2,5,3,2,2,2,3,2,3,3,2,4,1,752006,0,2,2,2,1,752003,2,0,7,9,1,1,9,0,5,0,9,7,1,0,10,0,2,1,10,8,0,3,8,0,7,9,2,0,2,2,2,3,3,3,0
"0000002355","SWE_2022","Sweden",0.5283,73,0,8,3,0,2,4,2,4,2,901,9,14,4,2,5,99,1,1,1,1,5,5,5,5,3,6,2,3,2,2,3,3,4,2,1,5,1,999999,999999,9,4,2,1,752004,4,5,0,0,10,5,0,10,0,5,0,0,10,5,0,10,1,5,10,10,1,5,10,2,9,2,2,1,2,3,2,3,1,3,1
"0000002000","SWE_2022","Sweden",0.5283,76,0,7,3,0,7,1,2,3,1,752,0,1,3,2,7,3,0,2,1,5,5,5,5,5,5,10,1,1,2,2,2,2,3,1,1,3,1,752001,1,1,1,1,1,752001,5,10,0,0,5,10,0,10,3,10,0,0,5,10,0,10,5,4,10,10,3,4,10,4,6,4,1,1,1,2,2,3,3,3,0
"0000002429","SWE_2022","Sweden",0.6191,76,1,6,2,9,7,1,1,1,1,752,0,17,2,2,7,7,7,2,2,2,2,2,3,3,3,5,3,3,3,3,3,3,3,3,3,4,1,752006,0,4,2,1,1,752006,3,0,99,99,2,99,99,1,99,2,99,99,2,2,99,1,99,99,99,99,99,99,99,99,99,8,4,0,2,2,3,3,3,2,0
"0000000551","SWE_2022","Sweden",0.6191,73,1,99,1,1,7,1,4,4,9,900,1,1,3,1,7,7,5,1,1,4,5,5,5,5,5,6,2,3,2,2,3,9,3,2,2,5,1,752001,1,9,2,2,1,752001,5,10,0,3,7,8,0,7,1,10,0,3,6,8,0,9,1,2,10,99,1,5,9,3,8,2,2,1,9,3,3,4,4,9,1
"0000002136","SWE_2022","Sweden",0.7489,73,1,3,1,1,7,4,2,2,9,752,0,14,1,2,3,4,4,2,3,2,1,2,4,3,4,6,3,3,3,2,3,3,3,3,2,2,1,752006,0,4,4,3,1,752006,3,6,7,9,6,8,8,8,6,8,7,7,6,8,9,99,7,99,99,99,99,99,99,99,99,99,4,0,9,3,2,2,3,3,1
"0000000962","SWE_2022","Sweden",1.0805,27,0,8,4,0,1,4,2,4,1,752,1,12,1,2,3,7,7,2,2,2,2,3,3,3,3,8,2,2,2,1,2,2,3,2,2,5,1,752003,0,1,2,1,1,752003,4,5,5,8,1,5,5,2,5,7,7,8,2,7,5,2,5,2,8,10,0,5,8,1,6,9,1,1,2,2,3,3,3,3,1
"0000002722","SWE_2022","Sweden",1,52,1,7,9,0,9,1,1,1,3,752,0,99,2,2,7,0,0,2,1,4,5,5,5,4,3,7,2,2,2,1,3,2,4,2,2,3,1,752007,0,2,1,2,1,752007,3,5,0,0,9,6,1,9,2,8,1,4,9,7,0,8,5,2,10,10,0,5,9,1,7,2,2,1,2,2,1,5,4,3,0
"0000001181","SWE_2022","Sweden",1.1008,62,0,3,4,1,1,4,2,2,1,752,0,4,2,3,4,1,5,2,1,2,4,3,5,4,2,8,1,2,1,2,2,1,3,2,2,4,1,752001,1,1,1,1,1,752001,4,9,1,7,5,8,5,5,5,10,3,6,4,8,5,4,6,2,10,8,1,5,8,3,4,3,2,0,2,2,2,4,1,4,0
"0000002436","SWE_2022","Sweden",0.7489,71,1,5,3,0,7,1,2,1,1,752,1,21,2,2,7,7,7,2,1,4,5,5,5,2,2,9,2,2,3,2,2,2,2,3,3,5,1,752002,0,2,2,1,1,752002,5,8,8,99,99,99,99,99,99,10,7,99,99,99,99,99,99,5,9,99,99,99,99,99,99,7,1,1,2,3,4,5,2,2,0
"0000001551","SWE_2022","Sweden",1.5282,62,0,3,1,0,1,4,2,3,1,752,0,8,1,3,4,1,0,3,1,1,2,5,1,9,9,7,3,3,3,2,3,2,3,3,4,5,1,752002,0,2,4,1,1,752002,5,8,9,8,7,5,7,0,6,9,9,8,0,0,8,3,7,99,99,99,99,99,99,99,99,99,2,1,9,3,1,3,3,3,1
"0000000852","SWE_2022","Sweden",1.6791,28,0,4,4,0,5,1,2,5,1,752,0,12,4,3,2,1,4,2,1,2,3,3,5,5,3,10,2,2,2,1,3,1,3,2,2,3,1,752008,0,2,2,1,1,752003,4,3,2,8,3,5,5,6,10,5,5,5,5,5,5,5,5,3,9,8,1,5,6,5,5,7,1,0,2,2,2,4,3,3,1
"0000002472","SWE_2022","Sweden",0.8153,81,1,4,1,0,7,1,2,2,1,752,9,1,4,2,99,99,99,1,2,9,9,9,9,9,9,8,2,2,2,1,2,2,3,2,2,3,1,752003,0,2,2,2,1,752003,3,5,7,9,4,7,7,7,5,7,8,9,6,7,6,5,6,2,8,9,0,4,5,3,5,7,2,0,9,2,3,3,3,3,1
"0000001750","SWE_2022","Sweden",1.1901,41,1,4,4,1,1,2,1,1,1,752,1,4,2,3,1,2,7,3,1,2,3,3,5,3,3,7,2,2,3,1,3,2,3,3,3,5,1,752001,1,2,2,1,1,752001,5,10,0,5,5,5,2,2,5,9,0,7,1,7,0,5,7,3,10,10,0,5,8,2,5,3,2,0,3,3,2,3,3,4,1
"0000001565","SWE_2022","Sweden",1.1008,47,0,99,1,0,99,9,2,9,9,900,1,6,9,2,2,99,99,3,4,3,2,9,9,9,9,7,3,3,3,9,4,3,4,4,3,9,1,752003,0,2,2,9,99,999999,9,0,99,99,3,99,99,1,5,0,99,9,0,99,3,1,3,99,99,99,99,99,99,99,99,99,9,0,9,2,2,9,9,9,9
"0000002020","SWE_2022","Sweden",0.6234,89,0,7,2,1,7,1,2,2,1,752,0,14,4,1,7,99,99,2,1,1,5,5,5,5,5,9,1,3,2,1,2,2,4,1,2,4,1,752001,1,1,2,1,1,752001,5,10,0,8,4,7,1,5,5,10,0,6,1,7,1,7,5,10,10,1,9,1,10,7,6,10,2,1,1,3,2,2,1,1,0
"0000001680","SWE_2022","Sweden",0.9037,42,1,4,1,0,1,9,1,2,1,900,9,6,2,2,4,7,7,3,3,4,3,3,3,3,3,10,9,9,9,9,9,9,1,2,2,3,1,752001,1,2,2,1,1,752001,9,10,5,5,8,4,8,10,99,9,5,10,5,7,9,7,5,10,5,99,4,6,6,9,5,99,2,0,2,2,2,2,3,2,0
"0000000729","SWE_2022","Sweden",0.7658,58,1,8,3,1,1,1,1,4,3,752,0,3,2,2,7,7,0,1,1,2,5,5,5,5,1,9,2,2,2,2,2,2,4,2,2,4,1,752007,0,1,2,1,1,752007,5,9,0,1,9,2,0,10,1,99,0,6,8,8,0,5,8,2,10,9,1,6,9,2,8,2,2,1,2,3,1,2,4,3,1
"0000000835","SWE_2022","Sweden",1.0931,54,1,3,1,1,1,2,1,4,1,752,0,17,2,3,5,0,7,2,1,2,5,3,3,2,2,5,3,3,2,2,3,2,3,3,2,3,1,752003,0,2,2,3,1,752003,3,3,0,8,3,4,7,1,4,3,2,8,3,4,7,1,4,0,8,10,0,3,10,1,6,9,4,0,3,3,3,3,2,3,1
"0000001345","SWE_2022","Sweden",0.7489,69,1,5,3,0,7,9,1,1,1,752,0,17,1,2,7,99,99,2,1,2,2,3,3,2,4,6,2,2,3,2,3,4,4,3,2,4,1,752006,0,2,2,2,1,752006,3,7,8,8,5,4,8,0,5,9,10,7,5,2,10,0,5,6,10,8,0,4,8,3,1,7,4,1,2,3,4,2,3,4,0
"0000000731","SWE_2022","Sweden",0.7658,59,1,7,1,1,1,1,1,4,3,752,0,14,1,2,5,2,7,2,1,5,5,5,5,5,5,8,2,2,2,2,3,1,2,1,2,5,1,752001,1,1,2,1,1,752001,4,10,0,2,8,5,2,8,5,10,0,1,1,3,1,6,8,3,10,9,1,6,9,2,7,2,2,1,9,3,3,4,3,3,1
"0000002318","SWE_2022","Sweden",0.7489,68,1,3,1,1,7,2,1,1,1,900,1,1,2,4,0,0,0,4,5,1,1,2,5,5,3,5,4,4,4,3,4,2,4,2,3,3,0,999999,999999,9,5,5,0,999999,5,0,0,0,0,0,0,0,0,0,0,0,0,0,0,0,0,0,0,0,0,0,0,0,99,10,5,0,9,3,3,5,5,5,8
"0000000411","SWE_2022","Sweden",1.073,34,1,7,4,1,1,2,1,3,3,752,0,21,1,3,0,0,7,3,1,3,4,2,5,3,2,5,3,3,3,2,3,2,3,2,2,3,1,752005,0,2,5,2,1,752005,3,9,5,6,6,8,6,5,5,9,2,5,8,9,7,5,5,5,5,5,5,5,5,5,5,5,4,0,2,3,3,3,3,3,1
"0000000008","SWE_2022","Sweden",0.7712,48,0,8,1,0,1,1,2,5,1,752,1,1,3,2,6,0,3,2,2,1,5,2,4,4,3,8,2,2,2,2,2,2,3,3,2,3,1,999999,999999,9,2,1,1,752003,2,5,1,7,1,5,6,4,8,5,4,6,2,4,6,5,5,5,10,9,0,6,9,4,7,8,2,0,9,2,1,3,3,4,1
"0000001416","SWE_2022","Sweden",1.1901,63,1,5,3,0,1,4,2,2,3,752,0,25,2,1,1,7,7,1,1,3,1,3,2,1,2,5,3,3,4,1,2,4,3,4,3,5,1,752002,0,1,1,4,1,752005,5,0,10,8,0,0,8,0,5,0,10,5,0,0,8,0,5,0,10,10,0,0,6,0,4,10,2,1,1,9,4,5,5,3,8
"0000002454","SWE_2022","Sweden",0.6191,75,1,7,1,0,7,1,1,4,2,752,0,18,2,2,7,0,0,2,1,1,3,4,5,5,5,8,2,2,2,2,3,2,4,2,2,4,1,752005,0,1,4,1,1,752008,5,7,0,1,0,8,0,5,8,9,0,2,1,8,0,5,7,4,10,9,0,5,9,2,5,5,2,0,3,3,2,2,2,2,1
"0000001465","SWE_2022","Sweden",0.7712,50,0,7,1,1,99,2,1,3,2,752,0,19,1,3,2,1,0,1,1,2,3,5,5,3,3,10,2,2,2,2,2,2,3,2,2,4,1,752008,0,2,2,1,1,999999,3,5,2,5,3,8,4,3,8,7,5,5,5,5,5,3,5,4,9,9,0,5,6,4,5,5,2,0,9,2,2,3,3,3,1
"0000000270","SWE_2022","Sweden",0.7658,41,1,7,1,0,5,2,1,4,2,752,0,5,1,3,1,99,99,2,1,9,9,9,5,5,2,10,2,3,9,9,2,9,9,2,2,3,1,752001,1,2,2,4,1,752003,4,10,5,7,0,1,0,5,0,10,5,5,0,5,0,5,5,10,5,0,0,5,0,0,0,8,2,1,3,2,2,3,2,1,1
"0000002025","SWE_2022","Sweden",0.6191,69,1,7,1,0,7,1,1,2,1,752,1,21,1,1,7,7,7,1,1,3,5,5,9,2,9,9,2,2,2,2,3,3,4,2,2,4,1,752001,1,1,1,1,1,999999,5,9,0,1,5,9,0,9,5,10,0,1,5,10,0,7,4,4,10,10,0,6,10,2,7,4,2,1,2,2,3,2,2,3,1
"0000001022","SWE_2022","Sweden",1.0931,57,1,5,1,1,1,1,1,3,1,752,0,5,1,2,5,99,99,2,1,2,4,5,5,2,2,8,1,1,2,2,2,1,4,1,1,2,1,752001,1,1,1,2,1,752001,4,10,0,1,3,5,0,9,3,10,0,1,2,6,0,8,2,0,10,10,0,3,10,3,6,0,2,1,1,2,2,4,3,2,1
"0000002775","SWE_2022","Sweden",0.5247,73,1,6,2,0,7,1,1,1,3,752,0,12,1,3,5,0,2,3,1,1,4,2,5,3,5,7,2,2,2,2,3,2,4,2,2,3,1,752001,1,2,2,1,0,999999,4,10,0,5,5,7,5,9,6,10,0,4,5,7,4,8,5,3,10,9,0,5,9,4,7,3,2,0,3,2,2,2,3,3,8
"0000000667","SWE_2022","Sweden",0.7658,58,1,7,1,0,1,1,2,5,3,752,0,12,1,2,2,1,0,2,1,2,2,9,3,3,2,7,1,2,2,2,2,2,3,3,2,3,1,999999,999999,9,2,2,1,999999,3,5,6,7,5,3,6,3,5,5,6,7,4,2,6,1,5,4,8,7,2,5,6,3,5,6,2,0,9,3,3,3,3,3,0
"0000001709","SWE_2022","Sweden",1.1008,54,0,3,4,0,1,2,2,3,1,752,0,14,1,3,1,99,99,3,1,1,1,1,5,5,5,7,2,2,3,2,3,3,3,3,2,5,1,999999,999999,9,2,2,1,999999,4,1,9,9,0,1,2,0,2,2,9,9,5,0,4,0,5,1,8,9,0,2,7,1,5,8,2,0,2,2,3,2,2,2,1
"0000000964","SWE_2022","Sweden",0.9037,49,1,3,4,0,2,2,1,2,3,752,1,14,3,4,0,0,0,5,2,2,3,3,5,5,5,5,3,3,3,3,3,3,3,2,2,4,0,999999,999999,9,4,3,1,999999,3,10,0,0,0,0,0,0,2,10,0,0,0,0,0,0,0,5,5,5,5,5,5,5,5,5,2,0,9,3,3,4,3,4,1
"0000001782","SWE_2022","Sweden",1.1014,81,1,4,2,0,7,1,1,9,1,752,0,1,3,3,7,0,0,3,1,1,3,3,5,5,5,10,2,2,3,3,3,2,4,2,2,4,0,999999,999999,9,2,3,1,752003,3,6,5,6,5,5,6,6,6,6,5,6,5,5,6,6,6,5,10,5,5,5,5,5,5,5,2,0,9,2,3,3,2,3,1
"0000002681","SWE_2022","Sweden",0.6191,69,1,6,4,1,7,1,1,1,1,752,0,22,2,1,7,0,0,1,1,1,5,5,5,5,5,10,1,1,1,1,1,1,4,1,1,4,1,752005,0,1,1,1,1,752005,5,9,0,5,1,10,0,9,7,10,0,2,0,10,0,10,7,3,10,8,0,5,10,4,7,5,2,1,1,1,3,2,2,3,1
"0000000573","SWE_2022","Sweden",0.7658,64,1,7,1,1,1,2,1,5,1,752,0,21,2,2,6,7,4,2,1,3,5,5,5,5,4,7,1,3,2,2,2,2,3,2,9,4,1,752002,0,2,2,1,1,752001,5,7,0,2,6,5,2,6,3,8,0,2,6,6,0,8,3,4,10,10,2,6,9,3,8,4,2,1,2,3,2,3,2,3,8
"0000002579","SWE_2022","Sweden",0.7489,80,1,2,2,1,7,2,1,1,2,752,0,24,2,3,7,5,7,3,3,3,1,2,3,3,3,6,2,2,2,1,2,2,2,2,2,4,1,999999,999999,9,1,3,1,999999,5,10,5,8,9,7,9,8,8,10,5,8,8,7,9,8,7,9,4,7,8,4,9,7,5,7,2,1,2,2,2,3,3,2,1
"0000002746","SWE_2022","Sweden",1.1092,88,0,2,3,1,7,2,2,1,1,752,0,13,2,2,6,0,0,2,1,9,9,9,9,9,2,10,9,9,9,9,2,9,9,2,2,1,0,999999,999999,9,2,1,1,752005,3,99,99,99,99,99,99,99,99,99,99,8,99,99,99,99,99,99,99,99,99,99,99,99,99,5,2,0,9,3,2,5,9,3,8
"0000001645","SWE_2022","Sweden",1.1008,59,0,3,1,1,1,2,2,3,1,752,0,24,1,2,7,7,0,2,1,3,4,4,9,9,9,99,9,9,9,9,9,9,9,9,9,3,99,999999,999999,9,9,2,1,752001,4,9,9,6,3,1,3,0,2,10,9,6,4,1,1,0,4,6,9,9,0,7,10,2,6,99,2,1,2,9,2,3,9,3,1
"0000002422","SWE_2022","Sweden",0.6234,71,0,4,1,0,7,1,2,3,1,752,0,20,2,1,7,0,0,2,9,2,4,3,5,4,5,8,2,2,3,2,2,2,3,2,3,4,1,999999,999999,9,2,2,1,752003,3,7,7,7,2,5,5,2,5,8,7,7,2,5,5,2,5,4,7,8,2,6,6,5,7,6,2,0,2,3,3,4,3,3,0
"0000001714","SWE_2022","Sweden",1.6791,30,0,4,4,1,1,2,2,2,1,752,0,14,1,3,2,7,7,3,3,3,2,2,3,3,3,5,3,3,3,3,4,3,4,4,4,5,1,752003,0,2,2,2,1,752003,3,0,9,9,0,5,9,0,7,0,9,9,0,2,9,0,5,0,10,10,0,5,9,0,5,7,4,0,9,3,3,5,5,5,0
"0000002601","SWE_2022","Sweden",0.7541,85,0,6,1,0,7,2,1,3,2,900,9,12,1,3,2,2,2,9,1,1,5,5,5,5,5,7,1,3,1,1,3,2,3,2,2,4,1,752001,1,1,2,1,1,752001,5,9,0,1,4,9,1,7,0,10,0,2,5,10,1,7,0,99,10,99,0,5,9,4,8,3,2,0,2,3,2,4,3,3,0
"0000000351","SWE_2022","Sweden",0.5372,68,1,9,1,1,7,1,1,5,6,752,0,12,2,1,7,7,0,2,1,1,5,5,5,5,4,10,1,1,1,1,1,1,4,1,1,4,1,752005,0,1,1,1,1,752008,5,9,0,8,8,10,9,9,10,10,0,9,8,10,7,9,8,2,10,9,0,5,9,4,6,5,1,1,2,2,2,4,3,3,1
"0000002604","SWE_2022","Sweden",1,79,1,3,1,0,7,9,9,9,1,752,0,1,1,2,7,0,0,3,1,1,3,3,5,5,5,10,1,1,1,1,2,2,4,2,2,2,1,999999,999999,9,2,1,1,999999,3,8,0,8,5,7,7,7,7,8,0,7,5,6,7,7,6,4,10,9,0,5,5,4,5,99,2,0,3,2,2,2,2,3,0
"0000002821","SWE_2022","Sweden",0.7541,69,0,3,1,1,7,2,2,2,1,752,0,25,2,2,7,4,4,2,1,3,3,2,1,2,2,8,2,2,3,3,3,3,3,4,3,5,1,999999,999999,9,2,2,1,999999,5,3,7,7,0,2,7,0,7,3,7,7,2,3,7,0,7,2,5,7,0,10,7,0,5,5,2,0,9,2,4,4,3,4,1
"0000002605","SWE_2022","Sweden",0.821,86,0,3,1,0,7,1,4,1,4,752,9,14,4,2,7,0,0,3,1,3,5,5,5,5,5,10,2,2,1,2,3,2,4,2,2,3,1,752006,0,1,2,1,1,752006,3,6,8,9,2,3,9,2,8,7,9,10,2,1,9,0,8,0,8,10,0,0,9,0,7,8,2,0,2,2,3,2,2,3,0
"0000001666","SWE_2022","Sweden",1.1008,62,0,3,1,1,1,2,2,4,1,752,0,12,4,3,2,2,0,2,1,1,4,3,4,3,3,7,2,3,1,2,3,2,3,2,2,4,0,999999,999999,9,5,1,1,999999,2,3,2,2,1,1,2,0,2,4,4,5,5,1,3,0,4,5,8,7,3,5,7,1,5,5,4,0,9,2,3,2,2,4,1
"0000000961","SWE_2022","Sweden",0.5247,68,1,7,1,0,7,1,1,2,1,752,0,22,1,2,0,0,7,3,1,3,5,5,5,5,2,9,1,1,1,2,2,2,3,1,2,3,1,752001,1,1,1,1,1,752001,5,9,0,4,6,6,5,5,5,9,0,5,4,5,5,4,5,0,10,10,0,5,7,5,6,2,1,1,1,2,3,3,3,3,0
"0000001808","SWE_2022","Sweden",1.1092,79,0,2,2,0,7,2,1,1,2,752,0,4,2,3,7,0,7,3,1,1,4,3,2,3,2,6,3,3,4,2,4,3,3,3,3,4,1,999999,999999,9,1,3,1,752002,1,1,6,6,5,1,3,0,1,8,7,4,5,0,2,0,6,3,8,8,0,3,8,4,5,5,4,0,3,2,4,2,3,3,0
"0000001986","SWE_2022","Sweden",1.1014,97,1,2,2,0,7,2,1,1,1,752,9,14,2,4,0,0,0,5,5,5,5,5,5,5,5,5,4,4,4,4,4,4,4,9,1,9,0,999999,999999,9,9,9,0,999999,1,99,99,99,99,99,99,99,99,99,99,99,99,99,99,99,99,99,99,99,99,99,99,99,99,99,2,0,1,9,9,9,9,9,0
"0000000425","SWE_2022","Sweden",0.7658,59,1,8,4,9,1,1,1,2,1,752,0,1,4,1,7,7,7,1,1,1,5,3,5,5,5,8,1,2,2,1,2,2,3,2,2,4,1,752001,1,1,1,2,1,752001,5,9,0,2,4,5,1,5,5,9,0,2,4,7,0,4,5,4,10,8,1,6,8,5,6,3,2,1,2,2,2,2,3,3,0
"0000002088","SWE_2022","Sweden",1.1008,64,0,99,1,1,5,2,2,1,9,900,9,13,2,1,99,99,99,4,9,9,4,9,9,9,5,10,2,9,9,9,9,9,9,2,1,2,1,999999,999999,9,1,5,1,999999,1,99,10,99,99,99,99,99,99,10,99,99,99,99,99,99,99,99,0,99,99,99,99,99,99,99,1,0,2,1,1,9,9,1,1
"0000001982","SWE_2022","Sweden",0.5247,89,1,7,2,1,7,1,1,1,1,900,9,1,3,2,5,99,99,3,1,1,9,9,5,5,5,6,2,9,9,2,9,9,9,2,2,4,1,752001,1,2,5,1,1,752001,3,8,0,3,5,6,2,9,1,8,0,1,8,9,0,7,1,4,8,10,2,6,10,6,9,5,4,0,3,3,3,2,9,9,1
"0000000133","SWE_2022","Sweden",0.7658,51,1,8,1,1,1,1,1,3,2,752,0,7,1,1,5,7,0,1,1,2,5,5,5,2,5,10,2,2,2,2,3,2,4,2,2,5,1,752001,1,1,2,1,1,752004,5,9,0,99,99,7,0,8,1,10,0,0,8,7,0,5,3,4,6,10,2,6,10,1,8,3,2,1,2,4,3,4,3,3,1
"0000002172","SWE_2022","Sweden",0.7489,69,1,3,1,0,7,1,1,2,1,752,0,1,4,2,7,7,7,2,1,3,4,2,3,3,3,7,2,2,2,2,2,2,3,3,3,4,1,752003,0,2,2,1,1,752003,5,1,7,10,5,3,5,0,5,5,7,9,3,2,5,1,7,4,5,9,1,5,4,1,5,8,2,0,2,2,2,3,3,3,0
"0000001727","SWE_2022","Sweden",1.6282,21,1,3,4,0,1,2,2,1,1,752,0,14,1,3,3,99,3,2,1,3,4,3,5,5,3,8,3,3,4,2,4,2,2,2,2,4,1,752001,1,2,2,1,0,999999,4,9,0,0,6,5,0,9,2,9,0,2,5,5,0,9,1,1,10,10,0,5,10,1,10,2,2,1,2,4,3,3,3,3,1
"0000002719","SWE_2022","Sweden",0.6234,88,0,3,2,0,7,1,1,1,2,752,9,3,2,2,7,0,0,2,1,4,2,2,5,2,2,9,2,2,3,2,2,2,4,3,3,5,1,999999,999999,9,4,2,1,752001,4,9,6,7,5,8,6,6,8,9,6,7,5,6,6,5,6,1,9,9,0,5,6,4,7,4,4,1,2,2,1,2,2,3,0
"0000002129","SWE_2022","Sweden",0.8153,75,1,4,1,0,7,2,2,2,1,752,0,12,4,2,7,7,0,1,1,1,5,5,5,5,5,10,1,2,1,2,3,1,4,2,2,3,1,752004,0,1,2,1,1,752004,5,8,0,0,9,5,1,7,5,9,0,0,9,10,1,9,5,2,6,10,0,5,10,4,5,1,1,1,2,2,1,3,3,3,0
"0000001422","SWE_2022","Sweden",1.346,20,1,4,4,0,3,2,1,1,2,752,0,14,1,1,5,99,7,2,1,1,5,5,5,2,5,9,2,2,3,2,3,2,3,2,2,5,1,752004,0,1,2,1,99,999999,4,8,0,1,10,4,1,9,2,8,0,1,10,6,0,6,2,3,10,9,0,5,9,2,8,0,2,1,1,3,2,3,3,3,1
"0000001950","SWE_2022","Sweden",0.6234,75,0,6,1,0,7,9,9,5,1,752,1,24,9,2,7,3,0,2,2,1,5,4,3,2,5,8,2,2,1,1,3,2,4,2,2,3,1,752001,1,4,2,1,1,999999,4,4,0,7,0,10,0,0,3,5,2,2,0,9,2,2,4,3,10,8,0,6,9,1,8,7,2,0,3,3,1,2,2,2,0
"0000000735","SWE_2022","Sweden",0.7658,53,1,8,1,1,1,1,1,4,2,752,0,8,1,3,1,7,7,1,1,1,5,5,5,5,5,10,2,2,2,2,2,2,3,2,2,4,1,752007,0,1,9,1,1,752007,5,8,0,2,4,8,2,8,2,10,0,5,5,8,3,5,5,3,10,9,1,5,9,3,8,4,1,0,2,1,1,4,3,3,0
"0000002592","SWE_2022","Sweden",2.2763,19,0,3,4,0,6,9,9,3,1,752,0,13,2,3,0,5,6,3,2,1,2,3,4,1,4,6,3,3,3,2,9,2,2,4,4,5,1,752002,0,1,2,1,0,999999,4,0,10,9,0,0,5,0,5,0,9,10,5,0,5,0,99,1,9,10,0,7,8,1,8,10,4,1,2,2,1,3,3,4,1
"0000000063","SWE_2022","Sweden",0.7712,52,0,8,1,1,1,1,2,4,1,752,0,1,3,3,3,5,2,2,1,1,5,3,5,4,5,8,2,2,1,2,3,1,3,2,2,4,1,752007,0,2,2,1,1,752005,4,7,0,3,4,8,2,9,4,6,0,2,2,9,1,5,5,3,10,9,0,6,10,3,6,4,2,0,9,3,3,4,3,3,1
"0000001096","SWE_2022","Sweden",1.1407,23,1,8,4,0,6,1,2,1,2,752,0,7,2,3,0,7,7,2,1,2,4,5,5,2,1,9,1,3,2,2,3,1,4,9,1,2,1,752005,0,1,1,1,1,752005,3,10,0,8,5,10,8,7,5,9,0,10,7,10,9,9,5,0,5,10,0,2,8,3,7,5,2,1,3,3,2,4,3,2,0
"0000001266","SWE_2022","Sweden",1.0931,57,1,4,4,0,1,2,2,2,2,752,0,1,3,3,5,2,0,3,1,1,4,3,5,4,1,10,2,2,2,2,2,2,4,2,2,5,1,752001,1,1,1,1,1,752001,5,9,1,6,6,8,3,6,6,9,1,5,5,8,2,5,5,2,10,9,0,6,9,5,8,3,2,0,9,3,4,2,2,3,0
"0000000147","SWE_2022","Sweden",1.5282,63,0,3,1,0,7,2,9,3,1,752,0,13,1,2,99,99,99,1,1,1,2,1,5,4,4,5,2,2,3,3,3,2,3,4,2,5,1,999999,999999,9,1,2,1,999999,3,0,9,9,0,0,9,0,6,0,9,9,0,0,9,0,6,0,9,9,0,1,9,0,3,9,2,1,2,2,3,3,3,3,0
"0000002117","SWE_2022","Sweden",1.1092,72,0,2,4,1,7,2,1,1,1,752,0,8,1,3,2,0,0,2,2,3,2,2,3,3,3,7,2,2,3,2,2,2,2,2,2,2,1,752002,0,1,2,1,1,752002,5,2,10,2,8,2,2,1,2,2,10,2,8,1,2,1,2,0,9,10,0,7,7,3,8,10,2,1,2,2,2,3,2,3,0
"0000001844","SWE_2022","Sweden",0.7541,79,0,6,4,0,7,1,2,1,1,752,0,12,1,2,7,0,0,1,1,1,5,2,2,5,3,0,3,4,4,3,3,4,4,4,4,5,1,752002,0,1,2,5,1,752002,3,0,10,10,1,0,10,0,5,1,10,10,1,0,10,0,5,1,10,10,0,0,10,0,6,10,5,1,1,2,4,4,5,3,0
"0000001674","SWE_2022","Sweden",1.1008,51,0,3,4,1,5,2,2,2,1,752,0,14,3,3,0,7,7,2,2,1,2,5,2,3,2,8,3,3,3,1,3,3,4,4,3,5,1,752002,0,1,4,2,1,752002,4,0,10,8,0,7,0,0,5,0,9,7,2,8,2,5,5,2,8,9,1,5,7,2,7,10,4,1,2,3,3,2,2,4,0
"0000001900","SWE_2022","Sweden",0.7489,72,1,6,3,0,7,1,1,2,1,752,9,14,1,3,0,0,0,3,1,1,5,5,5,1,5,9,3,3,2,2,4,1,4,2,1,4,1,752004,0,9,5,1,1,752004,5,9,0,0,10,6,0,9,4,10,0,0,10,6,0,10,4,2,10,10,0,5,10,2,7,0,2,1,1,4,2,2,1,3,1
"0000001110","SWE_2022","Sweden",0.91,55,0,6,3,0,1,2,2,2,4,752,0,18,1,2,0,7,7,1,1,3,5,1,5,5,5,5,2,4,3,3,3,3,3,4,3,5,1,752006,0,1,2,1,1,752006,4,0,7,10,0,3,10,0,5,0,8,9,0,0,10,0,5,99,6,8,0,99,8,0,7,8,4,1,1,1,3,3,3,3,1
"0000000274","SWE_2022","Sweden",0.9037,54,1,6,1,1,1,1,1,5,2,752,0,14,2,2,5,3,7,2,1,3,3,2,5,4,4,9,2,2,2,1,2,2,2,2,3,4,1,752001,1,2,4,1,1,752001,4,9,0,1,8,5,0,1,0,9,5,1,5,7,0,1,1,2,10,8,0,5,10,4,10,1,2,1,1,2,1,4,3,2,1
"0000002130","SWE_2022","Sweden",0.821,80,0,3,1,0,7,4,2,1,1,752,0,5,1,3,1,2,0,3,3,3,3,3,4,4,3,3,3,3,3,3,3,3,3,3,3,4,1,999999,999999,9,4,3,1,999999,3,5,3,5,3,1,3,0,1,5,2,1,1,0,1,0,0,5,3,6,3,3,1,1,4,99,4,0,9,3,3,3,3,3,1
"0000000782","SWE_2022","Sweden",1.1008,61,0,3,1,1,1,2,2,2,2,752,0,20,1,2,7,7,0,2,1,2,2,3,2,2,2,9,2,2,3,2,3,2,4,2,2,4,1,999999,999999,9,2,2,1,999999,5,5,5,7,4,7,5,4,6,6,5,5,4,6,5,4,5,4,5,6,1,5,6,2,5,6,2,0,2,2,2,3,2,3,1
"0000002119","SWE_2022","Sweden",0.5247,70,1,7,1,1,7,1,9,2,2,752,0,1,3,2,7,5,7,2,1,1,5,5,5,5,5,10,1,2,2,2,2,1,3,1,1,3,1,752001,1,1,2,2,1,752001,5,10,0,2,10,5,2,10,2,10,0,1,8,6,1,10,5,2,10,10,1,6,9,2,7,2,2,1,1,3,2,3,3,3,1
"0000002200","SWE_2022","Sweden",0.7712,58,0,8,1,1,1,1,9,5,1,752,0,14,3,2,7,7,3,1,1,1,4,3,4,3,2,10,2,2,2,2,3,2,3,2,2,2,1,752005,0,4,2,1,1,752003,5,7,0,10,0,7,0,5,2,9,1,1,1,9,0,5,5,4,5,8,0,6,9,2,6,7,2,1,2,2,1,4,3,3,1
"0000002005","SWE_2022","Sweden",1.0469,76,0,3,2,1,7,1,2,2,2,752,0,1,2,3,7,3,0,2,1,3,3,4,5,5,4,7,2,3,2,2,3,2,4,2,1,4,1,752001,1,2,2,1,0,999999,4,9,1,8,6,8,5,5,6,9,1,7,5,9,3,5,5,2,10,10,0,6,4,4,7,3,2,0,2,2,2,2,2,3,0
"0000001918","SWE_2022","Sweden",1.6791,28,0,4,4,1,5,2,1,2,1,752,0,25,2,3,3,1,0,2,1,3,2,5,2,2,2,7,2,2,1,1,2,2,4,2,2,5,1,752001,1,1,1,1,1,752003,5,8,2,5,6,6,4,6,5,9,2,4,5,6,1,5,6,2,7,7,3,3,7,3,5,2,2,0,3,3,2,4,3,3,8
"0000002104","SWE_2022","Sweden",0.7489,83,1,99,1,0,7,2,2,1,9,752,9,3,1,1,7,4,0,1,1,1,5,3,5,5,5,10,1,2,1,2,2,1,4,4,2,3,1,752002,0,1,1,1,1,752002,5,5,10,8,1,1,8,0,6,5,10,9,0,0,99,0,8,1,9,10,0,5,8,0,8,9,1,1,1,2,2,3,2,3,0
"0000001322","SWE_2022","Sweden",1.0931,54,1,5,4,1,1,2,1,2,2,752,0,8,1,2,1,7,7,1,1,1,2,1,3,3,1,5,2,2,3,2,3,3,3,4,3,5,1,999999,999999,9,2,3,1,752001,3,0,10,8,7,4,10,0,5,3,10,8,8,0,10,0,2,99,99,99,99,99,99,99,99,8,4,1,2,4,1,5,4,5,1
"0000002247","SWE_2022","Sweden",0.7489,78,1,3,3,0,7,2,1,9,1,752,9,1,2,3,4,0,0,3,1,1,2,2,5,5,5,9,2,3,1,1,3,2,3,1,1,4,1,752001,1,1,2,2,1,752001,5,10,0,3,2,8,2,5,5,10,0,3,1,8,2,5,5,99,99,99,99,99,99,99,99,99,2,0,3,2,1,1,2,3,0
"0000001545","SWE_2022","Sweden",0.91,63,0,6,4,0,10,4,2,4,1,752,0,3,2,2,7,7,0,2,1,2,4,3,5,5,5,10,1,2,2,2,3,2,4,3,2,2,1,752005,0,2,1,1,1,752003,4,8,0,8,0,9,6,1,7,8,2,5,1,9,5,0,6,5,10,9,0,5,8,1,6,5,2,0,3,2,3,2,2,3,0
"0000001340","SWE_2022","Sweden",1.1901,52,1,5,4,1,1,2,1,5,2,752,0,6,2,2,3,6,7,2,2,3,3,3,5,5,4,9,2,2,1,2,2,3,3,2,2,5,1,752003,0,2,2,1,1,752003,4,7,6,9,4,8,8,4,8,8,8,9,5,5,8,5,8,3,9,8,1,4,8,1,6,6,2,0,9,2,2,4,3,3,1
"0000002514","SWE_2022","Sweden",1.0469,68,0,3,3,0,7,2,2,1,1,752,0,12,2,2,2,0,0,2,1,2,5,2,5,4,2,5,3,4,3,2,3,3,4,4,4,4,1,752002,0,1,2,3,1,752002,1,0,10,8,2,0,8,0,3,0,10,8,3,0,8,0,5,0,10,10,0,0,10,0,7,8,4,1,2,4,4,3,4,3,1
"0000000079","SWE_2022","Sweden",0.7658,48,1,8,1,0,1,1,1,5,2,752,0,12,1,1,7,7,0,1,1,1,5,3,9,2,9,8,2,2,2,2,3,2,4,3,3,4,1,752003,0,2,4,1,1,752003,4,5,0,9,0,8,5,0,9,8,8,9,2,5,8,2,5,5,7,6,0,5,7,1,6,5,2,0,3,2,2,3,3,3,1
"0000002133","SWE_2022","Sweden",0.8153,79,1,3,1,0,7,1,2,4,1,752,0,1,4,2,7,5,7,1,1,1,1,5,5,5,1,8,9,9,1,1,2,2,3,3,2,3,1,752005,0,4,4,1,1,752005,5,1,0,7,1,9,1,4,8,6,0,9,2,9,3,0,9,4,10,9,0,7,9,3,7,99,2,0,9,3,3,2,2,3,1
"0000002473","SWE_2022","Sweden",0.6234,74,0,6,1,0,7,1,2,2,1,752,0,1,2,2,5,2,0,2,2,2,3,3,5,2,1,6,3,3,2,2,3,2,4,3,3,4,1,752002,0,2,2,2,1,752002,2,7,8,7,7,4,4,3,4,7,8,4,6,4,5,3,5,4,7,7,1,6,6,2,6,3,4,1,2,3,3,3,4,2,0
"0000002709","SWE_2022","Sweden",0.7541,76,0,3,4,0,7,2,2,1,1,752,0,13,1,3,1,99,99,3,2,2,4,5,5,2,1,5,2,3,2,3,4,2,4,2,2,3,0,999999,999999,9,2,3,0,999999,3,5,6,7,2,7,10,7,2,5,5,5,5,5,6,5,5,2,0,8,1,6,1,7,4,10,9,0,9,2,3,4,3,4,0
"0000001739","SWE_2022","Sweden",1.7851,25,0,4,4,1,5,1,2,1,1,752,0,3,2,3,0,0,7,3,1,3,4,3,5,2,5,5,2,2,2,1,2,3,4,4,2,5,1,752002,0,1,1,2,1,752001,5,2,10,9,0,0,8,0,8,2,10,9,0,0,8,0,8,3,9,8,0,2,6,0,6,8,2,1,2,1,2,4,3,1,0
"0000002442","SWE_2022","Sweden",0.7489,93,1,2,2,0,7,2,2,1,1,752,9,9,2,4,2,0,0,5,1,2,5,4,5,5,3,9,1,2,2,2,3,2,4,1,1,3,1,752001,1,1,1,1,1,752001,5,10,0,2,2,6,0,8,2,10,5,3,3,7,0,5,1,2,10,9,0,5,8,4,5,2,1,0,3,3,2,2,3,3,1
"0000002233","SWE_2022","Sweden",0.7658,64,1,8,1,0,7,1,1,3,1,752,0,1,4,2,7,7,7,2,1,1,4,5,5,5,3,9,2,1,1,2,2,2,2,2,2,4,1,752001,1,1,1,1,1,752001,4,10,0,4,9,7,1,8,5,10,0,0,7,8,0,9,1,2,10,9,0,5,9,3,7,1,2,1,1,4,4,2,3,3,1
"0000001490","SWE_2022","Sweden",0.7541,74,0,2,1,1,7,2,1,5,2,752,0,14,1,2,7,0,0,2,1,1,5,5,5,5,5,7,2,3,2,2,3,2,4,3,2,3,1,752002,0,2,2,1,1,752002,4,4,9,8,3,2,99,1,2,8,9,8,3,0,3,1,3,3,7,9,1,3,99,99,5,6,1,1,2,2,1,2,2,2,1
"0000000392","SWE_2022","Sweden",1.073,38,1,7,4,1,5,1,2,4,3,752,1,4,1,3,0,0,7,9,9,9,9,9,5,5,5,7,2,2,3,2,3,2,4,3,2,3,1,752002,0,1,1,1,1,752003,5,2,9,8,0,5,8,2,5,6,8,5,1,5,8,1,1,2,9,8,0,4,7,4,5,8,2,1,2,1,2,4,3,3,1
"0000000386","SWE_2022","Sweden",0.7712,42,0,8,4,1,1,1,1,2,1,752,0,14,3,9,99,99,99,9,9,9,9,9,5,5,4,7,2,2,2,2,2,2,2,2,2,4,1,752004,0,2,2,2,1,752001,3,8,1,2,7,3,3,6,4,9,1,2,9,1,3,6,4,5,10,9,2,8,9,4,7,1,4,1,2,2,3,3,3,2,1
"0000000512","SWE_2022","Sweden",1.0805,40,0,8,1,1,1,1,2,5,1,752,0,1,3,1,7,7,5,1,2,1,2,3,2,2,4,5,3,3,2,1,4,2,3,4,3,5,1,752003,0,2,5,3,1,752003,2,3,5,8,0,2,0,0,5,7,7,7,0,0,5,2,5,3,3,7,0,4,7,0,6,9,4,1,3,3,2,3,5,3,1
"0000002613","SWE_2022","Sweden",0.8153,74,1,6,1,0,7,1,2,2,2,752,0,1,2,1,7,5,7,1,1,1,4,2,5,3,3,9,9,9,9,1,2,2,3,3,1,2,1,752003,0,1,2,1,1,752003,5,6,8,9,5,3,8,0,5,5,9,9,5,0,9,0,7,3,10,10,0,2,10,0,6,10,2,1,2,3,3,2,3,3,0
"0000000061","SWE_2022","Sweden",0.5247,67,1,8,1,0,7,4,2,4,2,752,0,1,3,3,2,7,7,3,1,1,4,3,4,2,3,8,2,2,2,2,3,2,3,3,3,4,1,752008,0,4,5,2,1,999999,2,3,0,2,2,2,0,0,6,6,8,2,2,2,0,1,6,4,10,7,0,6,6,6,5,2,2,0,9,9,3,3,3,3,1
"0000001990","SWE_2022","Sweden",1.1092,84,0,2,1,0,7,1,2,1,1,752,0,14,1,2,7,0,0,2,1,1,2,3,5,5,1,9,1,2,2,2,2,2,2,2,2,3,1,752001,1,4,2,2,1,752001,4,10,5,5,7,9,5,8,6,10,5,6,7,9,5,8,6,0,5,10,0,3,10,1,8,2,2,1,2,2,2,3,2,3,0
"0000000805","SWE_2022","Sweden",1.073,40,1,7,4,1,2,1,1,4,1,752,0,12,4,3,3,0,7,2,1,1,4,4,5,3,5,8,2,2,2,1,3,1,3,2,2,4,1,752001,1,1,2,2,1,752001,5,10,0,4,6,7,2,8,5,9,3,7,9,8,3,6,7,2,10,9,0,5,9,4,7,2,2,0,2,3,2,2,3,3,1
"0000000790","SWE_2022","Sweden",0.6234,70,0,6,1,0,7,1,2,2,3,752,0,22,2,2,7,7,7,1,1,5,5,5,5,5,5,10,1,1,1,1,1,1,3,1,1,1,1,752001,1,1,1,1,1,752001,5,10,0,3,3,8,3,3,3,10,0,3,3,8,3,3,3,4,10,9,2,7,10,4,8,5,1,1,9,2,2,1,1,1,0
"0000001860","SWE_2022","Sweden",1.0469,76,0,3,3,9,7,4,9,1,9,752,9,14,2,2,4,99,99,3,4,4,2,3,3,2,3,8,3,3,3,2,3,2,3,2,2,3,99,999999,999999,9,2,1,99,999999,5,3,1,9,4,5,7,2,7,1,0,9,2,2,7,1,7,1,0,8,1,4,8,1,7,7,2,9,3,2,2,2,2,3,0
"0000000337","SWE_2022","Sweden",0.7658,52,1,7,1,1,1,1,1,5,1,752,0,12,3,2,7,99,7,2,1,1,5,4,5,5,5,8,2,2,2,1,2,1,3,2,2,4,1,752001,1,1,1,2,1,999999,4,9,0,99,99,7,1,9,2,99,99,99,99,99,99,99,99,2,10,8,0,5,10,3,8,2,2,1,2,3,3,3,3,3,1
"0000001321","SWE_2022","Sweden",0.7658,53,1,6,2,0,5,2,1,1,1,901,9,14,4,3,2,99,99,5,1,9,9,9,1,1,1,10,1,9,9,9,9,9,9,2,3,4,1,752001,1,5,2,1,1,752001,5,10,0,0,0,10,0,0,0,0,99,99,99,99,99,99,99,10,99,99,99,99,99,99,99,99,1,0,9,1,1,2,9,9,1
"0000000493","SWE_2022","Sweden",0.7712,64,0,7,4,9,7,4,2,5,1,752,0,25,2,1,5,7,1,1,1,1,3,4,5,5,5,10,1,1,1,1,2,2,3,2,2,5,1,752002,0,1,1,1,99,999999,9,99,99,99,99,99,99,99,99,99,99,99,99,99,99,99,99,5,8,8,0,0,7,2,6,8,1,1,1,2,1,2,3,3,1
"0000001803","SWE_2022","Sweden",1.0469,75,0,3,1,1,7,1,9,1,1,752,0,1,2,3,7,2,7,3,1,3,5,3,9,9,2,7,2,2,2,2,3,2,3,2,2,4,1,752001,1,2,2,2,1,752001,5,8,3,7,5,99,5,6,5,5,6,6,4,5,99,5,5,0,6,1,0,99,4,2,99,0,2,1,2,3,2,4,4,3,8
"0000000822","SWE_2022","Sweden",0.7712,47,0,8,4,1,1,1,2,5,1,752,1,22,1,3,7,7,7,3,2,3,2,4,5,2,2,6,2,2,2,1,3,2,4,2,2,5,1,752008,0,2,5,1,1,752008,4,99,99,99,99,99,99,99,99,8,0,4,3,8,2,3,5,6,8,7,2,6,6,5,8,6,2,0,3,2,4,2,3,1,0
"0000002428","SWE_2022","Sweden",0.7489,85,1,99,3,1,7,1,1,1,9,752,9,4,2,3,7,0,0,2,1,2,2,4,4,4,4,8,2,2,2,2,3,2,4,2,2,3,1,752001,1,1,1,1,1,752001,5,10,0,3,8,7,6,7,7,10,1,6,7,8,6,7,6,3,10,10,0,6,8,4,7,3,2,1,2,9,2,2,2,3,0
"0000002666","SWE_2022","Sweden",1.1487,24,0,7,4,0,5,9,9,4,1,752,1,1,3,2,0,0,7,2,2,1,4,5,5,5,1,9,1,3,2,2,3,3,3,2,2,4,1,999999,999999,9,1,1,1,752001,5,9,0,6,10,7,0,0,0,9,0,6,7,9,0,0,0,3,10,8,0,4,10,4,8,3,1,1,2,1,2,4,3,2,0
"0000001487","SWE_2022","Sweden",1.0931,63,1,3,1,1,7,9,1,4,1,752,0,6,1,2,3,0,0,3,2,3,3,2,4,2,3,6,3,3,3,2,3,4,4,4,2,3,1,752002,0,1,2,1,1,752002,3,0,10,6,0,0,7,0,0,0,10,6,0,0,6,0,0,4,10,9,0,4,9,0,6,10,2,1,3,2,1,2,3,3,1
"0000001740","SWE_2022","Sweden",1.6791,28,0,4,4,1,2,2,2,3,3,752,0,1,4,1,3,7,7,1,1,1,2,2,2,1,4,8,3,4,4,2,3,4,2,4,3,4,1,752002,0,1,1,1,1,752002,3,1,10,8,0,0,7,0,5,3,10,8,3,1,7,0,6,4,7,9,0,7,8,1,5,8,2,1,1,2,3,3,3,3,8
"0000001131","SWE_2022","Sweden",1.275,35,0,5,3,1,1,1,1,3,3,752,1,1,3,2,5,2,7,2,1,3,5,5,3,2,2,9,2,2,3,2,3,2,3,3,2,4,1,752008,0,2,4,2,1,752006,5,4,0,5,3,6,5,3,7,5,3,5,6,8,5,3,5,4,10,9,1,5,8,3,7,7,2,0,9,2,3,4,3,3,0
"0000001210","SWE_2022","Sweden",1.2661,33,1,5,4,1,1,1,2,5,1,752,0,1,4,3,99,2,7,2,1,1,5,4,5,2,2,8,1,1,2,1,3,1,3,2,2,4,1,752005,0,1,4,1,1,752005,5,8,0,5,3,9,3,7,7,10,0,0,5,8,0,2,5,5,10,9,0,6,9,3,7,6,2,0,3,3,3,3,3,3,1
"0000002204","SWE_2022","Sweden",0.7489,80,1,4,2,9,7,1,1,1,2,752,0,19,2,2,7,0,0,3,1,3,4,9,9,9,1,8,2,2,2,1,2,2,9,2,2,3,99,999999,999999,9,2,1,1,999999,5,99,0,99,99,99,99,99,99,99,99,99,99,99,99,99,99,99,99,99,99,99,99,99,99,99,2,0,9,9,2,2,2,3,1
"0000000429","SWE_2022","Sweden",1.073,36,1,8,1,1,1,1,1,4,1,752,1,1,3,2,7,7,6,1,1,2,4,3,5,2,2,6,2,2,2,1,3,3,3,2,2,4,1,752004,0,2,9,2,1,752004,4,6,0,1,9,4,1,8,2,7,0,0,9,6,0,5,99,5,10,9,2,6,9,4,8,3,2,0,2,3,3,4,3,3,1
"0000001871","SWE_2022","Sweden",1.1092,83,0,2,3,0,7,4,2,1,9,752,0,14,3,2,5,0,0,1,2,5,2,5,1,9,9,0,3,3,9,4,9,4,4,4,2,5,1,999999,999999,9,2,1,1,752002,5,0,10,8,0,0,9,0,0,0,10,9,0,0,10,0,1,0,10,0,0,0,7,0,0,6,5,1,9,9,3,3,3,3,0
"0000000523","SWE_2022","Sweden",1.0396,66,1,6,1,0,1,1,1,5,1,752,0,19,2,1,7,99,99,2,3,3,4,4,5,2,2,4,2,2,1,2,3,3,4,3,3,5,1,752008,0,2,2,2,1,752003,4,5,7,8,0,4,7,0,9,9,10,4,0,7,8,0,10,3,7,7,0,3,7,0,5,6,4,0,2,2,1,5,9,9,0
"0000001996","SWE_2022","Sweden",0.7489,83,1,3,1,0,7,4,2,2,1,752,0,14,4,2,7,1,5,1,1,3,2,5,3,2,1,10,1,1,2,2,2,2,3,1,2,2,1,752001,1,1,2,1,1,752001,5,5,1,8,3,6,6,7,5,10,2,8,7,5,6,7,9,2,10,9,1,5,7,6,5,5,1,1,2,2,2,2,3,3,0
"0000002277","SWE_2022","Sweden",0.7489,85,1,4,1,0,7,1,1,1,1,752,0,3,1,3,99,0,0,3,1,1,2,4,1,9,9,2,3,3,3,2,3,3,3,4,2,5,1,752002,0,1,2,1,1,999999,5,1,10,9,0,0,10,0,99,99,99,99,99,99,99,99,99,99,10,99,0,0,10,0,10,10,4,0,9,3,1,2,2,3,0
"0000002266","SWE_2022","Sweden",0.6191,67,1,6,2,1,7,1,1,1,2,752,0,22,2,2,6,0,0,2,1,2,2,4,4,2,2,8,2,2,2,2,3,2,3,2,2,4,1,752001,1,2,2,1,1,752001,4,9,2,3,7,8,3,7,3,10,3,4,6,7,3,7,6,3,8,7,1,4,8,5,6,3,2,1,2,3,3,2,3,3,1
"0000001523","SWE_2022","Sweden",1.1008,49,0,3,1,1,1,2,2,2,1,752,0,14,2,2,4,7,7,2,1,2,4,4,5,5,5,10,1,1,1,1,2,1,3,2,1,5,1,752005,0,1,2,1,1,752001,4,8,0,0,7,9,0,6,5,8,0,0,5,10,0,6,6,2,10,8,1,4,9,3,7,2,1,0,3,2,2,2,3,3,1
"0000002103","SWE_2022","Sweden",1.6791,31,0,4,4,0,10,2,2,2,1,752,0,19,2,3,0,99,99,4,1,1,9,9,3,2,5,8,3,3,3,2,3,4,4,4,2,3,1,999992,0,5,5,3,1,752008,2,0,0,0,5,0,0,6,0,2,2,2,2,2,2,2,2,5,5,5,5,5,5,5,5,3,2,0,9,2,1,3,3,3,1
"0000001288","SWE_2022","Sweden",1.0931,50,1,3,4,1,1,2,1,4,2,752,0,21,1,3,0,6,7,3,9,9,9,9,5,5,5,5,9,2,2,2,2,9,2,3,2,4,1,999999,999999,9,2,2,1,999999,4,9,9,9,0,5,4,0,0,9,9,9,0,5,4,0,4,99,99,99,99,99,99,99,99,99,2,1,2,2,2,4,3,3,7
"0000001003","SWE_2022","Sweden",1.1901,53,1,5,4,1,1,1,1,5,1,752,0,17,2,3,5,0,7,3,1,1,2,5,5,4,1,10,3,3,2,2,4,2,3,2,2,5,1,752001,1,2,2,2,1,752007,4,9,0,2,2,5,0,1,4,10,0,0,8,8,0,1,5,2,10,9,0,5,9,0,7,2,2,0,2,3,2,3,3,3,1
"0000000977","SWE_2022","Sweden",1.073,32,1,7,4,0,1,2,2,2,1,752,0,7,2,2,0,99,99,1,1,9,9,9,3,3,3,7,3,3,3,2,4,2,3,4,4,5,1,999999,999999,9,5,3,1,999999,2,6,8,8,0,0,8,0,6,10,7,0,0,0,7,0,4,99,9,7,0,3,9,1,4,7,5,0,9,2,3,5,4,5,1
"0000001341","SWE_2022","Sweden",1.5316,40,1,99,3,9,99,9,9,9,9,901,9,1,9,9,1,1,7,9,9,9,9,9,9,9,9,99,9,9,9,9,9,9,9,9,9,9,99,999999,999999,9,9,9,99,999999,9,99,99,99,99,99,99,99,99,99,99,99,99,99,99,99,99,99,99,99,99,99,99,99,99,99,9,9,9,9,9,9,9,9,9
"0000001196","SWE_2022","Sweden",1.346,20,1,4,4,0,6,9,9,1,1,752,0,3,4,3,0,1,2,2,1,2,4,3,4,3,3,8,2,2,2,1,3,2,3,3,9,3,1,752008,0,2,2,2,99,999999,4,6,3,8,2,3,6,5,8,6,3,7,5,5,5,5,6,3,9,7,2,4,6,5,6,7,2,0,2,2,2,3,3,3,8
"0000002447","SWE_2022","Sweden",0.7489,74,1,2,4,0,7,1,1,1,1,752,0,21,1,2,7,0,0,3,5,5,3,3,5,5,5,3,3,3,3,3,3,2,4,2,2,4,1,752001,1,2,2,1,1,752001,5,10,0,0,2,0,0,2,2,10,0,0,2,0,0,2,2,0,0,0,0,0,0,0,0,0,2,1,2,3,2,5,5,3,1
"0000002811","SWE_2022","Sweden",1.1008,59,0,3,1,0,9,4,2,1,1,752,0,12,1,2,4,0,0,2,2,2,5,2,5,2,2,6,3,3,2,1,3,2,4,3,3,5,1,752004,0,2,2,2,1,752003,4,3,8,5,8,3,5,2,5,2,8,99,99,0,2,0,3,4,5,7,2,5,7,4,6,5,2,0,9,2,2,3,3,5,1
"0000002827","SWE_2022","Sweden",0.7489,68,1,5,2,0,7,4,2,1,1,752,0,5,1,2,0,0,7,5,1,3,2,3,5,5,5,8,1,1,1,3,2,2,3,3,2,5,1,752003,0,1,1,1,1,752003,4,2,5,10,0,0,5,2,5,7,8,9,5,5,8,5,5,4,0,10,1,0,0,0,0,10,1,1,2,9,4,2,2,2,0
"0000002009","SWE_2022","Sweden",0.8153,79,1,99,2,0,7,1,2,1,9,752,0,3,2,2,6,0,0,2,1,3,3,3,5,2,2,7,2,2,3,3,3,4,3,1,1,3,1,752001,1,4,2,9,1,752001,3,9,1,5,5,5,5,7,5,9,2,3,3,7,1,3,1,99,99,99,99,99,99,99,99,99,9,9,9,3,3,9,9,9,9
"0000001643","SWE_2022","Sweden",0.91,56,0,5,3,1,1,2,2,2,1,752,1,13,1,3,6,1,2,2,1,3,4,4,4,2,4,8,2,2,2,1,3,3,4,2,2,3,1,752004,0,1,2,1,0,999999,2,7,0,0,10,4,0,7,0,6,6,4,7,3,3,6,6,4,10,9,1,5,9,2,8,2,2,0,2,3,2,3,3,3,0
"0000001934","SWE_2022","Sweden",1,81,0,7,1,0,7,9,2,5,2,752,0,4,1,2,6,0,0,1,1,1,5,1,9,9,9,99,9,9,9,9,9,9,9,9,9,3,99,999999,999999,9,9,1,1,752003,4,5,99,9,0,7,8,99,6,8,9,9,4,7,9,1,6,0,10,10,0,3,9,0,7,8,2,1,2,2,1,3,1,3,1
"0000001053","SWE_2022","Sweden",1.1008,48,0,5,4,1,1,1,2,4,1,752,9,7,1,2,0,7,7,1,1,2,5,3,5,4,2,10,2,1,1,1,2,2,3,1,1,4,1,752001,1,1,1,1,1,752004,5,10,0,2,7,8,0,7,3,10,0,3,3,10,0,7,5,3,10,8,2,5,10,5,6,3,1,1,1,2,2,3,3,3,1
"0000000739","SWE_2022","Sweden",0.6234,66,0,6,1,1,1,1,4,5,4,752,0,5,2,1,7,7,1,1,1,5,5,5,5,5,5,10,1,1,1,1,1,1,4,1,1,4,1,752001,1,1,1,1,1,752001,5,10,0,1,7,5,1,5,2,10,0,1,7,6,0,5,1,0,10,10,0,6,10,5,9,1,1,1,1,2,1,1,1,3,1
"0000000559","SWE_2022","Sweden",0.7541,66,0,5,1,1,7,1,4,2,2,752,0,12,4,1,7,7,7,1,1,2,5,5,5,5,5,9,2,2,2,2,2,2,3,2,1,2,1,752001,1,1,1,1,1,752001,5,10,0,1,7,7,1,7,1,10,0,0,6,6,0,2,2,4,10,10,2,5,10,4,8,3,2,1,1,3,2,3,2,3,0
"0000000361","SWE_2022","Sweden",1.1063,36,0,9,4,0,2,4,2,2,1,752,0,12,2,2,0,3,6,2,5,2,3,2,2,1,4,8,3,3,2,1,3,2,3,3,2,4,0,999999,999999,9,5,2,1,752008,2,4,5,7,0,4,5,0,8,6,9,8,1,2,6,0,8,3,6,7,1,4,7,1,6,6,4,0,2,2,2,3,2,3,0
"0000001268","SWE_2022","Sweden",1.1901,42,1,5,1,1,5,2,1,2,3,900,9,3,1,3,2,7,0,3,1,2,1,3,5,3,3,3,4,4,4,4,4,4,4,3,4,5,1,752003,0,4,4,2,1,752003,1,4,5,8,8,8,5,4,5,5,5,5,5,5,5,5,5,3,10,7,3,3,7,3,6,5,5,0,3,3,3,4,5,3,1
"0000001072","SWE_2022","Sweden",1.6674,33,1,4,4,1,5,1,2,2,2,752,0,14,1,3,1,3,3,3,1,1,2,4,4,3,4,7,2,2,3,2,3,2,3,3,2,4,1,752003,0,4,4,2,1,752006,4,5,1,8,2,7,7,4,6,6,3,9,5,8,6,5,5,2,8,7,1,5,7,5,7,7,2,0,3,3,2,2,2,2,0
"0000002149","SWE_2022","Sweden",1.0396,76,1,4,3,1,7,2,2,1,1,752,9,18,2,2,4,3,6,2,1,2,3,1,5,2,2,7,3,3,2,2,2,3,3,2,2,3,1,752001,1,2,2,1,1,752004,5,9,1,2,7,7,3,5,5,9,1,3,6,6,2,5,5,99,10,10,0,3,10,3,8,0,2,0,2,3,2,2,3,3,1
"0000002419","SWE_2022","Sweden",1.1014,70,1,2,4,9,7,2,2,1,3,752,0,14,1,2,4,2,7,1,1,4,4,3,5,1,4,8,2,2,2,2,3,3,3,2,2,4,1,752001,1,1,2,2,1,752001,5,10,0,3,6,8,1,7,3,10,0,3,8,8,2,7,2,4,10,9,2,5,9,4,8,3,2,1,1,2,2,4,3,2,0
"0000001155","SWE_2022","Sweden",0.91,43,0,6,4,0,2,2,2,2,2,901,9,14,4,2,7,7,7,2,1,2,5,5,5,4,5,9,2,2,3,1,2,1,4,2,2,4,1,752007,0,2,4,2,1,752005,5,7,0,0,7,3,0,8,0,8,0,0,8,5,0,5,0,5,10,10,0,5,10,3,10,3,2,0,2,3,4,2,1,2,1
"0000002319","SWE_2022","Sweden",0.5283,80,0,7,1,0,7,1,1,5,1,752,0,1,3,2,7,2,5,1,1,1,3,4,4,4,4,9,2,2,2,1,2,2,2,3,2,2,1,752003,0,2,2,2,1,752003,4,2,5,9,1,3,8,1,8,5,5,8,3,2,7,0,7,1,8,9,0,5,9,1,6,9,2,1,2,2,3,2,3,3,0
"0000000954","SWE_2022","Sweden",1.1984,62,0,6,1,0,1,1,1,5,1,752,0,1,4,2,7,7,0,1,1,1,4,3,5,5,5,5,2,4,3,3,3,4,4,4,2,5,1,752002,0,1,1,1,1,752002,4,3,10,10,0,0,10,0,5,5,10,9,0,0,10,0,8,3,8,8,0,1,8,0,6,7,5,1,2,2,2,4,3,3,1
"0000002824","SWE_2022","Sweden",1.0396,80,1,2,1,0,7,2,2,1,3,752,0,14,2,2,7,0,0,2,3,5,5,3,5,5,9,5,3,3,2,1,4,3,4,3,3,3,1,752002,0,9,2,1,1,752002,3,5,10,10,5,0,10,5,5,5,10,10,7,0,10,0,7,99,99,99,0,99,99,99,99,99,5,1,9,4,4,3,3,5,0
"0000001188","SWE_2022","Sweden",1.0931,57,1,4,1,1,1,2,2,2,1,900,9,12,2,2,7,7,7,2,2,2,2,1,2,2,1,5,2,2,2,2,3,3,3,2,2,3,1,752001,1,9,4,2,1,752003,3,9,7,8,7,7,8,8,8,9,7,8,7,7,7,8,8,7,4,7,5,5,5,5,5,5,2,0,3,2,2,3,2,2,1
"0000000851","SWE_2022","Sweden",1.1008,62,0,3,1,0,7,1,2,5,1,752,0,1,3,2,7,4,7,2,1,1,4,3,3,2,4,8,3,3,4,2,3,2,3,4,2,4,1,752003,0,2,2,2,1,752003,3,3,6,8,0,5,3,0,5,7,7,8,0,5,6,0,5,3,10,8,0,5,8,0,5,8,2,1,2,2,3,3,3,3,1
"0000002097","SWE_2022","Sweden",0.7489,81,1,3,1,1,7,9,2,2,2,752,9,1,3,3,7,0,0,2,1,1,1,2,5,5,5,10,1,1,1,1,2,2,4,1,1,3,1,752001,1,1,2,1,1,752001,5,10,0,5,5,5,5,5,5,5,0,6,5,5,5,5,5,5,4,9,1,4,4,4,4,5,1,1,2,2,3,4,3,5,1
"0000001506","SWE_2022","Sweden",1.1008,46,0,4,1,0,5,4,2,3,1,752,1,1,3,3,1,99,99,2,2,9,9,9,5,9,9,6,2,2,2,3,3,3,2,2,2,9,1,999999,999999,9,4,3,1,752003,3,2,6,10,5,2,3,0,5,2,8,10,5,5,7,1,6,0,8,10,2,6,8,0,7,8,2,1,2,2,3,3,3,3,1
"0000000503","SWE_2022","Sweden",1.073,33,1,8,4,1,1,1,1,5,1,752,0,1,4,2,3,6,6,2,1,1,5,3,5,5,5,9,1,1,1,1,2,2,4,2,2,4,1,752001,1,2,2,1,1,752001,5,9,1,5,3,5,4,5,5,10,0,3,2,6,3,5,5,5,10,9,0,5,6,4,6,5,2,1,2,3,3,2,3,2,1
"0000000286","SWE_2022","Sweden",0.5247,73,1,9,4,0,7,1,1,1,1,752,0,13,2,1,7,0,0,1,1,4,4,5,5,5,5,10,1,1,1,1,2,1,2,1,1,4,1,752001,1,1,1,1,1,752001,5,10,0,2,8,8,1,10,5,10,0,1,9,9,1,10,5,1,10,10,0,5,9,1,7,0,1,1,1,2,2,2,1,3,1
"0000001123","SWE_2022","Sweden",1.1984,59,0,4,3,9,5,4,2,1,3,900,9,12,4,2,7,7,3,3,3,3,3,3,4,4,4,7,2,2,2,3,3,3,3,2,2,2,1,752006,0,2,2,3,1,752006,3,99,99,99,99,99,9,99,99,99,99,99,99,99,9,99,99,99,99,99,99,99,9,99,99,9,2,1,9,2,2,2,2,4,1
"0000001712","SWE_2022","Sweden",1.1008,64,0,3,4,1,5,2,2,4,1,752,0,4,2,2,7,4,0,3,3,3,1,3,4,4,4,5,2,2,2,1,3,2,3,3,2,3,1,752002,0,1,2,1,1,752002,3,6,8,7,3,5,5,2,5,6,8,7,2,5,6,2,5,0,10,10,2,1,7,1,7,8,4,0,9,3,2,2,2,3,1
"0000002066","SWE_2022","Sweden",0.7489,84,1,2,2,0,7,1,1,1,1,752,9,1,4,3,3,0,0,3,3,3,3,3,3,3,3,99,3,3,3,3,3,3,3,3,2,2,1,999999,999999,9,2,1,1,999999,5,99,99,99,99,99,99,99,99,99,99,99,99,99,99,99,99,99,99,99,99,99,99,99,99,99,2,0,2,2,2,4,4,4,0
"0000000042","SWE_2022","Sweden",0.7712,48,0,4,4,0,5,2,2,5,1,752,1,13,3,3,1,0,7,2,1,2,3,3,4,4,4,8,1,2,2,1,2,1,3,2,2,4,1,752001,1,2,2,1,99,999999,4,8,1,7,1,5,6,5,7,7,6,5,4,5,5,5,5,4,6,6,99,5,7,2,7,5,2,0,3,2,2,3,3,4,1
"0000001446","SWE_2022","Sweden",1.1008,55,0,5,1,1,1,3,2,2,3,752,0,18,1,1,7,5,7,1,1,1,2,4,2,2,5,8,2,2,1,2,2,1,3,3,2,4,1,752005,0,2,2,1,1,752005,4,4,1,10,3,10,9,2,7,5,6,6,5,10,9,3,7,4,5,8,1,7,9,1,6,7,2,1,2,2,2,3,3,3,0
"0000000377","SWE_2022","Sweden",1.073,27,1,8,4,1,1,2,1,2,2,752,0,12,1,2,6,0,5,2,1,1,4,3,5,2,5,10,1,1,1,1,1,1,1,2,2,5,1,752008,0,1,1,1,1,752003,5,5,3,7,4,5,5,3,9,8,4,4,7,5,5,4,8,3,6,9,0,3,8,1,6,7,1,0,2,2,3,4,3,3,1
"0000001558","SWE_2022","Sweden",0.7541,66,0,3,1,0,7,2,2,4,2,752,0,12,2,3,0,0,0,4,1,3,5,3,5,4,2,7,3,3,2,2,4,4,4,2,1,3,1,752003,0,2,2,1,1,752001,4,5,1,6,1,2,1,1,4,7,2,4,1,2,1,0,3,3,10,9,0,6,8,0,7,7,2,0,9,3,2,3,2,2,1
"0000001327","SWE_2022","Sweden",1.5316,37,1,3,2,1,1,2,1,1,2,901,9,21,1,2,7,2,7,1,2,2,2,2,5,1,4,4,3,3,3,1,4,1,4,4,4,5,1,999999,999999,9,2,1,99,999999,1,10,10,10,6,5,10,0,9,10,10,10,6,5,10,0,9,9,9,9,3,3,9,0,5,9,4,0,3,2,4,5,4,4,1
"0000001515","SWE_2022","Sweden",1.6791,33,0,4,4,0,1,2,2,2,1,752,0,22,2,3,0,1,1,2,2,2,2,3,5,4,4,5,3,3,4,2,3,4,4,4,3,4,1,752002,0,2,2,3,1,752002,4,0,8,5,0,0,5,0,4,0,9,1,1,0,6,0,5,2,5,8,0,1,7,0,6,5,4,1,2,2,3,3,3,3,1
"0000001599","SWE_2022","Sweden",1.1901,56,1,5,2,1,1,2,2,2,2,901,9,1,3,3,4,6,0,2,3,5,2,3,3,3,1,6,3,2,2,1,2,2,4,2,2,4,1,752001,1,4,4,3,1,999999,2,9,5,7,5,8,7,6,5,9,5,7,7,8,5,6,5,8,0,4,99,6,4,4,5,5,2,0,3,2,2,2,2,3,1
"0000000928","SWE_2022","Sweden",0.6234,69,0,5,1,0,7,9,1,2,1,752,0,13,1,3,1,99,99,1,1,1,3,3,3,3,3,8,2,2,2,3,3,2,4,3,2,4,1,752003,0,2,1,1,1,752003,4,6,8,9,0,2,8,0,5,6,8,8,0,2,8,0,5,3,10,9,0,3,8,0,6,8,2,0,2,2,2,3,3,3,1
"0000001701","SWE_2022","Sweden",1.6791,38,0,4,4,1,5,9,2,2,2,752,0,13,1,2,1,2,4,2,1,2,3,5,2,2,2,6,3,3,4,3,2,3,4,3,2,4,1,752002,0,2,2,2,1,752002,3,99,99,99,99,99,99,99,99,3,9,5,4,3,6,1,5,2,9,8,0,4,9,1,6,6,2,1,2,3,2,4,3,3,1
"0000002789","SWE_2022","Sweden",0.5247,74,1,8,1,0,7,1,1,3,1,752,9,12,1,1,7,3,0,1,1,3,5,3,5,5,5,7,2,2,2,2,2,2,9,3,2,4,1,752008,0,2,1,1,1,752008,4,4,1,9,0,4,8,0,9,3,3,9,0,4,9,0,7,2,8,9,0,4,9,2,5,7,2,1,2,2,3,2,3,3,0
"0000002689","SWE_2022","Sweden",0.7489,79,1,99,2,0,7,9,9,9,9,752,0,18,2,4,3,99,99,2,5,9,9,9,5,9,9,99,9,9,9,9,9,9,9,2,2,4,1,752002,0,4,4,1,1,752001,9,99,99,99,99,99,99,99,99,99,99,99,99,99,99,99,99,99,99,99,99,99,99,99,99,99,2,9,2,2,2,9,9,9,0
"0000002654","SWE_2022","Sweden",2.2763,18,0,6,4,0,6,9,9,1,1,752,0,12,1,2,4,4,4,2,2,2,1,2,2,2,2,8,2,2,3,2,2,3,3,3,3,5,1,999999,999999,9,2,1,99,999999,4,0,10,9,1,5,8,0,1,2,10,10,6,5,8,3,7,4,6,8,2,4,8,3,6,7,2,0,9,4,4,1,3,1,8
"0000001319","SWE_2022","Sweden",1.5316,40,1,5,4,1,1,2,1,4,3,752,0,14,1,2,5,4,7,2,1,1,2,2,4,2,2,8,2,2,4,2,2,2,3,3,3,9,1,752003,0,2,2,2,1,752003,4,0,9,9,5,5,0,0,5,1,9,8,1,0,1,5,5,0,7,9,0,8,3,1,8,8,2,0,2,3,4,4,3,3,1
"0000002449","SWE_2022","Sweden",0.7541,79,0,3,1,1,7,4,2,3,1,752,0,3,2,2,7,4,4,1,1,1,2,1,4,4,5,8,2,2,2,2,2,2,3,2,2,4,1,752001,1,1,2,1,1,752001,5,10,0,2,8,8,5,5,6,10,0,2,7,10,3,5,5,4,10,8,1,6,4,4,6,5,2,1,2,2,3,2,1,3,1
"0000001495","SWE_2022","Sweden",0.6234,79,0,3,2,0,7,1,1,1,3,752,9,24,1,2,0,3,0,2,1,5,2,5,5,3,1,9,2,2,3,3,2,3,4,2,2,3,99,752001,1,1,1,1,1,752001,4,10,7,0,9,8,4,0,5,10,7,0,8,8,1,0,5,0,10,10,0,3,10,3,99,0,1,1,1,2,3,2,2,3,0
"0000001286","SWE_2022","Sweden",0.9037,49,1,6,4,1,2,2,1,9,2,752,0,17,1,3,7,7,0,2,1,1,3,3,5,5,3,8,2,2,2,2,3,2,4,2,2,9,1,752001,1,1,1,1,1,752001,5,9,0,3,6,7,0,5,5,8,2,2,5,8,2,5,5,4,10,10,0,6,8,5,99,4,2,0,2,4,2,3,3,3,1
"0000000746","SWE_2022","Sweden",0.7712,47,0,8,1,1,1,4,2,5,1,752,0,23,1,2,3,7,0,2,1,1,4,3,1,1,2,10,4,3,2,1,4,1,4,2,2,5,1,752001,1,5,4,1,1,752005,1,6,0,2,0,4,0,0,0,9,3,0,0,3,0,0,3,4,10,7,0,6,10,2,8,4,2,1,2,2,4,3,2,3,1
"0000000143","SWE_2022","Sweden",1.1901,62,1,7,1,1,1,1,2,4,1,900,1,1,3,2,7,7,7,1,1,5,5,5,5,5,5,10,1,2,1,1,3,1,4,2,2,4,1,752005,0,2,1,1,1,752003,5,5,0,5,0,9,0,0,5,9,0,5,0,10,0,0,5,4,10,8,0,7,10,1,7,99,1,0,2,3,2,4,3,3,1
"0000002801","SWE_2022","Sweden",1.0805,27,0,8,4,0,5,9,9,1,1,752,0,5,2,3,0,2,7,2,1,1,5,3,5,2,4,7,3,3,2,1,3,3,4,2,2,4,1,752001,1,2,4,2,1,752003,3,5,0,4,3,4,0,3,3,7,0,4,3,3,3,5,5,4,8,7,1,6,8,3,7,3,2,0,3,2,2,4,3,4,0
"0000002548","SWE_2022","Sweden",0.6234,71,0,6,1,1,1,4,2,5,1,752,0,1,4,1,7,7,7,1,1,1,5,5,5,5,5,9,1,1,1,2,2,2,4,2,2,3,1,752001,1,1,1,1,1,752001,5,10,0,3,5,8,0,7,8,10,0,0,5,8,0,6,6,4,9,9,3,8,10,4,7,5,1,1,2,2,2,2,1,1,1
"0000000549","SWE_2022","Sweden",0.5247,68,1,7,1,1,7,1,1,2,4,752,0,14,1,2,7,2,7,2,2,1,2,3,3,3,3,8,2,2,2,1,2,2,3,2,2,3,1,999999,999999,9,1,1,1,999999,3,99,99,99,99,99,99,99,99,99,99,99,99,99,99,99,99,99,99,99,99,99,99,99,99,99,2,1,9,3,1,2,2,3,0
"0000000350","SWE_2022","Sweden",1.073,40,1,8,1,1,2,2,1,4,1,752,1,14,3,2,2,1,7,2,1,5,5,5,5,1,2,7,3,2,2,1,3,2,3,3,3,4,1,752007,0,2,4,1,1,752004,5,5,0,1,8,5,0,8,1,7,0,0,10,10,0,7,0,6,10,9,0,5,10,0,9,99,2,0,2,3,3,3,3,2,1
"0000000628","SWE_2022","Sweden",1.1984,48,0,7,1,1,1,4,2,4,1,752,0,21,1,1,1,3,0,1,2,1,5,1,2,2,2,7,1,2,2,2,3,3,4,4,4,4,1,752002,0,2,2,1,1,752002,4,4,9,8,0,0,8,0,6,5,9,8,0,0,9,0,6,4,6,8,0,1,8,0,6,9,2,1,1,1,2,4,3,4,1
"0000002322","SWE_2022","Sweden",0.8153,76,1,5,1,0,7,1,2,3,1,752,0,1,1,3,0,1,0,2,1,1,5,5,4,2,3,7,9,9,9,2,3,2,3,3,3,4,1,752008,0,9,2,1,1,752003,4,4,1,8,1,8,7,4,8,3,2,8,5,8,7,5,5,3,8,7,1,6,6,3,5,6,2,0,3,3,1,2,3,3,1
"0000001804","SWE_2022","Sweden",1.1014,84,1,2,1,1,7,9,9,2,2,752,0,7,1,3,7,99,0,3,9,9,1,9,4,9,9,10,3,9,9,9,9,9,9,1,2,3,1,752001,1,4,5,1,99,752001,3,10,99,99,99,99,99,99,99,10,99,99,99,99,99,99,99,99,99,99,99,99,99,99,99,99,2,1,9,4,1,2,9,9,0
"0000000767","SWE_2022","Sweden",0.91,60,0,4,1,1,1,1,2,3,1,752,0,19,2,2,4,1,0,1,1,3,3,2,4,4,4,7,2,2,2,2,2,2,3,3,2,5,1,752003,0,4,1,3,1,752002,4,7,8,9,1,1,1,1,1,7,7,8,1,1,1,1,1,5,8,9,0,5,7,4,6,8,2,1,2,2,3,4,2,3,8
"0000001108","SWE_2022","Sweden",1.6674,39,1,4,1,0,5,2,2,4,1,752,0,21,2,3,0,7,2,4,3,3,3,3,3,3,3,5,2,2,2,2,2,3,3,4,2,4,0,999999,999999,9,1,2,1,752002,5,5,5,5,5,5,5,5,5,5,5,5,5,5,5,5,5,5,5,5,5,5,5,5,5,5,4,0,9,2,2,3,3,3,1
"0000001685","SWE_2022","Sweden",0.7712,59,0,8,1,0,5,4,2,1,1,900,9,22,2,1,3,99,7,2,1,2,3,2,3,1,1,7,2,2,2,1,3,1,3,2,2,2,99,999999,999999,9,2,1,1,999999,5,5,5,10,5,0,9,5,8,6,5,10,6,99,9,99,9,2,10,10,1,3,8,3,6,10,2,1,9,2,1,3,2,2,1
"0000001724","SWE_2022","Sweden",1.1984,64,0,4,1,0,7,1,2,2,1,752,0,12,2,3,7,0,7,1,1,2,1,3,5,5,5,10,2,2,3,1,3,2,4,2,2,4,1,752002,0,1,1,1,1,752002,5,7,9,7,2,5,2,0,5,8,9,7,1,5,1,0,3,2,10,9,0,4,7,1,6,8,1,0,2,2,3,2,2,3,1
"0000002231","SWE_2022","Sweden",0.5247,77,1,7,1,0,7,1,1,3,1,752,0,1,3,2,7,0,0,2,1,3,2,5,5,3,5,9,1,1,2,2,3,2,4,2,2,3,1,752001,1,1,1,2,1,752005,5,10,0,1,4,6,2,5,5,10,0,0,5,6,1,1,5,3,10,9,1,6,8,5,5,3,2,0,2,4,4,3,2,3,1
"0000001257","SWE_2022","Sweden",0.9037,50,1,6,1,0,1,9,9,2,2,752,0,1,3,3,3,5,6,2,1,3,3,3,5,5,5,8,2,2,3,3,3,3,3,3,2,4,1,752006,0,2,1,3,1,752006,3,4,7,6,0,5,8,1,2,5,5,5,5,5,5,5,5,1,7,10,0,4,8,5,5,6,2,1,2,3,2,5,3,5,1
"0000000764","SWE_2022","Sweden",0.6234,66,0,6,4,1,1,1,2,4,3,752,0,21,2,1,5,7,3,1,1,1,3,2,4,5,2,8,2,3,3,3,3,3,4,4,3,4,1,999999,999999,9,2,1,1,999999,4,2,7,7,1,0,6,0,3,2,6,5,1,0,6,0,6,4,7,7,0,5,6,1,6,7,4,0,2,3,3,3,4,3,1
"0000001827","SWE_2022","Sweden",0.6191,77,1,6,1,0,7,1,1,2,2,752,0,13,2,1,7,7,7,2,1,3,1,5,5,5,5,10,1,1,2,2,2,2,3,3,2,4,1,752003,0,1,9,1,1,752003,5,2,5,10,0,2,9,0,8,2,5,10,0,2,9,0,9,0,9,10,0,5,10,0,10,10,2,1,1,3,3,2,1,3,0
"0000002192","SWE_2022","Sweden",1.5282,64,0,3,1,0,9,4,2,2,1,752,0,24,1,2,7,5,5,2,1,2,5,5,5,2,2,10,1,1,1,1,2,2,3,1,1,3,1,752001,1,1,1,1,1,752001,5,10,3,4,7,7,3,8,7,10,5,2,3,8,2,6,5,2,10,10,1,6,10,3,6,3,1,1,9,2,1,4,3,3,1
"0000000431","SWE_2022","Sweden",1.3555,22,0,4,4,1,6,1,1,1,2,752,1,12,4,3,0,99,7,3,1,1,4,4,5,4,2,7,3,3,3,2,4,3,4,2,1,5,1,752001,1,2,4,3,1,752001,3,9,0,1,4,8,1,2,1,9,0,1,6,5,1,1,1,99,10,99,1,4,9,3,7,4,2,0,3,3,3,3,3,1,1
"0000001249","SWE_2022","Sweden",1.6674,33,1,99,4,9,99,9,9,9,9,752,0,12,9,2,5,2,7,2,1,1,5,5,5,2,2,9,3,3,1,1,3,2,4,2,2,9,1,752004,0,2,4,9,1,752005,5,99,99,99,99,99,99,99,99,7,0,0,7,8,0,7,4,4,10,10,2,5,10,2,8,1,9,9,9,9,9,4,3,4,9
"0000000031","SWE_2022","Sweden",0.7712,45,0,8,4,1,1,1,1,3,2,752,0,1,2,2,2,99,99,1,4,1,2,3,5,5,2,7,2,3,1,1,3,1,3,1,1,3,1,752001,1,1,1,3,1,752001,3,8,0,5,0,3,0,0,0,7,5,0,0,0,0,0,1,3,6,8,0,7,10,0,6,4,2,1,2,2,3,2,2,1,1
"0000001429","SWE_2022","Sweden",1.6791,34,0,6,1,0,1,2,1,4,3,752,0,1,3,3,1,2,4,2,1,2,2,2,2,3,2,5,3,3,4,2,3,3,3,4,3,5,1,752003,0,2,2,2,1,752003,3,0,8,9,0,4,7,0,6,2,10,8,0,0,9,0,7,1,10,9,0,4,7,1,6,9,4,1,2,1,3,4,3,3,1
"0000001873","SWE_2022","Sweden",1.1014,87,1,2,3,0,7,2,2,9,9,752,9,14,2,2,2,0,0,2,1,2,1,3,5,5,5,8,2,3,4,2,3,4,4,4,3,5,0,752002,0,9,1,2,1,752002,5,1,10,6,0,0,9,0,6,1,10,9,0,0,9,0,4,0,10,10,0,3,10,0,9,10,4,1,2,2,3,5,3,3,1
"0000002087","SWE_2022","Sweden",1.1014,77,1,99,3,9,99,9,9,9,9,752,0,13,9,3,99,99,99,9,9,9,9,9,9,9,9,99,9,9,9,9,9,9,9,9,9,9,99,999999,999999,9,9,9,99,999999,9,99,99,99,99,99,99,99,99,99,99,99,99,99,99,99,99,99,99,99,99,99,99,99,99,99,9,9,9,9,9,9,9,9,9
"0000002594","SWE_2022","Sweden",0.7541,73,0,3,4,1,7,2,2,1,1,752,0,21,2,3,3,2,5,2,2,1,3,2,3,3,1,4,3,3,3,3,3,3,3,4,1,4,99,752001,1,1,1,2,1,752001,5,10,1,9,8,8,7,8,1,10,9,9,4,8,8,8,4,10,5,10,10,8,5,8,5,10,2,0,2,3,1,2,2,2,1
"0000002127","SWE_2022","Sweden",0.7489,68,1,3,4,1,7,2,1,2,2,752,0,24,1,1,2,7,7,1,1,5,5,5,5,5,2,9,2,2,2,2,2,2,3,1,2,5,1,752001,1,1,1,2,1,752001,5,10,0,1,7,3,1,8,2,10,0,0,7,7,0,7,1,2,10,10,0,7,10,4,9,1,2,1,1,2,2,4,3,3,0
"0000001339","SWE_2022","Sweden",1.0931,52,1,3,1,0,1,2,1,5,2,752,0,14,4,3,7,7,7,2,1,2,2,3,5,5,5,10,1,9,2,1,3,3,4,2,4,2,1,752003,0,2,2,1,1,752003,4,8,5,9,3,6,6,0,6,9,6,9,4,6,6,0,4,5,6,6,0,5,6,0,6,6,2,9,3,3,3,3,3,3,0
"0000002809","SWE_2022","Sweden",0.7541,79,0,2,1,0,7,2,1,1,1,752,9,22,1,2,7,3,5,2,1,2,1,1,9,9,1,7,2,2,2,2,2,3,3,2,1,1,1,752001,1,1,1,1,1,752001,5,10,3,8,8,9,6,7,7,10,8,8,8,9,8,9,8,0,10,10,0,0,10,0,10,0,2,1,2,2,2,1,2,3,1
"0000000168","SWE_2022","Sweden",0.91,63,0,6,4,1,1,1,2,4,1,752,0,12,2,2,2,4,0,1,1,1,4,5,5,3,2,7,2,2,3,2,3,2,4,3,2,4,1,752008,0,2,4,1,1,752001,2,3,3,3,5,0,0,2,6,7,3,5,6,0,0,0,5,5,7,7,3,5,8,4,6,99,2,1,2,2,3,3,3,3,1
"0000001189","SWE_2022","Sweden",1.275,35,0,5,4,1,1,2,2,2,1,752,0,20,2,2,0,1,7,5,1,5,5,3,2,1,5,8,3,3,4,2,4,4,4,4,4,5,99,752008,0,2,4,1,1,752003,5,0,0,99,0,10,5,0,9,0,0,10,0,9,10,0,9,99,10,9,0,8,7,0,99,9,2,1,1,2,3,2,2,3,1
"0000001074","SWE_2022","Sweden",0.7712,53,0,8,4,0,1,1,1,2,1,752,0,1,3,1,3,5,7,1,1,1,2,4,2,2,4,9,1,2,1,1,2,2,3,4,4,5,1,752002,0,1,1,1,1,752002,5,5,10,9,3,0,9,0,7,6,10,9,6,0,8,0,7,3,8,7,0,2,8,2,6,8,1,1,2,2,1,3,2,2,1
"0000002331","SWE_2022","Sweden",0.7489,68,1,5,4,0,7,1,1,2,1,752,0,1,3,1,7,0,0,1,2,1,4,5,5,4,2,9,1,2,2,2,2,2,4,3,2,4,1,752002,0,2,1,1,1,752002,4,5,9,9,2,4,8,0,4,3,9,8,5,3,8,0,3,4,9,9,3,4,9,3,4,8,2,0,3,3,4,4,3,4,0
"0000002493","SWE_2022","Sweden",0.5283,67,0,7,3,0,7,1,1,3,4,901,9,1,4,1,6,7,7,2,1,1,2,3,2,2,3,6,2,2,3,2,3,2,3,2,2,3,1,752006,0,2,2,1,1,752002,5,7,4,6,5,0,10,0,7,7,6,10,5,1,9,1,7,2,10,10,0,2,6,0,5,7,2,1,2,2,1,2,2,4,1
"0000001519","SWE_2022","Sweden",1.1008,48,0,3,3,0,1,4,2,3,3,901,9,1,3,2,7,7,7,1,1,2,2,1,9,9,1,3,4,4,4,3,4,3,3,4,3,4,1,752004,0,2,2,3,1,752007,2,6,0,0,8,0,0,6,0,5,0,0,9,1,0,5,5,10,10,10,2,5,9,2,10,0,4,0,9,4,2,3,3,3,1
"0000001912","SWE_2022","Sweden",0.7489,80,1,5,2,0,7,4,2,2,1,752,0,20,1,2,7,0,5,3,1,2,3,3,4,5,2,9,3,3,3,2,4,3,4,1,2,4,1,752001,1,1,4,1,1,752001,3,10,0,0,6,5,0,2,5,10,0,0,5,5,0,0,5,3,10,10,0,5,10,5,5,5,2,1,2,3,3,5,3,3,1
"0000000906","SWE_2022","Sweden",1.6791,33,0,4,1,1,1,2,1,5,1,752,0,1,3,1,6,7,7,1,1,1,5,5,5,5,4,9,1,2,1,1,2,1,3,2,2,4,1,752004,0,1,1,1,1,752004,4,8,0,1,10,3,0,9,2,9,0,1,7,3,0,6,2,3,9,10,0,8,10,3,8,0,1,1,1,4,3,3,3,2,1
"0000000986","SWE_2022","Sweden",1.1901,45,1,5,4,0,1,1,2,5,1,752,0,12,3,2,5,3,5,1,1,3,1,3,5,2,5,4,3,3,3,2,3,2,3,3,2,5,1,752002,0,2,2,2,1,752002,2,8,9,8,0,1,2,0,6,8,10,8,0,1,2,0,8,1,9,9,0,4,8,1,7,7,4,1,2,2,3,2,3,3,1
"0000000975","SWE_2022","Sweden",0.9037,43,1,6,1,0,1,4,2,3,1,752,0,14,4,2,3,1,0,1,1,1,3,3,9,9,2,4,2,2,2,1,3,2,3,3,3,4,1,752004,0,1,2,2,1,752004,2,7,0,0,10,6,0,7,0,7,0,0,7,7,0,4,0,3,10,8,1,5,7,3,7,0,4,1,2,3,3,4,4,4,1
"0000000483","SWE_2022","Sweden",0.9037,60,1,99,1,9,99,9,9,9,9,900,1,12,9,2,99,99,99,9,9,9,9,9,9,9,9,99,9,9,9,9,9,9,9,9,9,9,99,999999,999999,9,9,9,99,999999,9,99,99,99,99,99,99,99,99,99,99,99,99,99,99,99,99,99,99,99,99,99,99,99,99,99,9,9,9,9,9,9,9,9,9
"0000001852","SWE_2022","Sweden",1.1092,87,0,2,1,0,7,2,2,2,1,752,0,13,1,2,3,99,99,2,1,2,1,2,5,3,3,10,1,1,1,2,9,3,9,2,2,3,1,752001,1,2,2,2,1,752001,5,99,99,99,99,9,99,99,10,99,99,99,99,8,99,99,10,2,10,10,0,4,8,2,6,3,2,1,3,2,2,2,2,2,0
"0000002595","SWE_2022","Sweden",0.821,75,0,2,1,0,7,1,2,1,1,752,9,19,2,3,2,99,99,3,1,9,9,9,5,5,5,6,3,3,3,2,3,3,3,3,3,4,1,752001,1,4,4,3,1,752001,5,8,6,3,6,3,2,3,4,8,7,3,7,3,3,1,3,2,6,7,7,8,1,1,3,2,4,0,2,3,3,4,5,3,0
"0000001752","SWE_2022","Sweden",0.7658,45,1,4,4,1,5,2,1,1,6,900,1,1,2,3,99,99,99,3,9,9,2,9,9,9,2,10,3,9,9,9,9,9,9,2,2,2,1,752005,0,2,2,1,1,752001,5,8,4,6,6,9,8,8,7,9,7,8,10,99,9,8,99,9,5,4,7,99,99,7,4,4,2,1,3,2,2,9,9,9,1
"0000000299","SWE_2022","Sweden",0.7712,47,0,8,1,1,1,2,1,4,1,752,0,12,3,2,0,3,3,1,1,1,5,5,5,2,3,9,1,1,1,1,2,1,3,2,2,4,1,752007,0,2,4,1,1,752008,4,8,0,5,5,5,3,8,7,9,0,5,5,5,2,7,5,3,9,8,2,5,9,3,5,5,1,0,3,2,1,2,2,3,1
"0000001385","SWE_2022","Sweden",1.1901,63,1,5,3,1,2,2,1,2,2,752,1,12,2,2,5,7,0,1,1,1,3,1,5,2,2,7,3,3,3,2,3,2,4,3,2,5,1,752004,0,2,2,3,1,752004,4,9,5,2,9,2,2,5,3,10,5,2,99,2,2,5,3,2,9,9,1,8,8,7,9,1,2,1,2,3,3,3,3,4,1
"0000002557","SWE_2022","Sweden",0.8153,67,1,4,4,0,7,4,2,3,1,752,1,21,2,2,4,0,0,3,1,1,3,3,3,3,3,10,1,1,1,1,1,1,2,2,1,3,1,752003,0,4,1,1,1,752003,3,10,8,9,4,7,5,4,5,10,8,8,8,10,5,5,5,3,8,9,0,6,6,3,6,7,1,0,2,2,1,1,1,3,0
"0000002073","SWE_2022","Sweden",0.7489,74,1,2,4,0,7,2,1,2,6,752,0,6,1,3,6,0,0,2,1,3,5,3,5,5,5,8,2,2,2,2,3,2,4,3,2,4,1,752008,0,2,1,1,1,999999,3,3,2,6,0,7,7,0,7,9,4,8,3,8,7,4,9,1,10,9,0,6,6,0,5,6,2,0,9,2,2,3,3,3,0
"0000000550","SWE_2022","Sweden",0.9037,55,1,4,4,1,1,1,1,2,2,752,0,1,4,1,1,7,7,1,1,2,5,5,5,5,4,9,1,1,1,1,2,1,3,2,2,4,1,752007,0,2,2,2,1,752004,5,7,0,1,9,1,0,9,2,10,0,0,7,8,0,10,2,2,7,10,0,9,10,2,7,0,1,1,2,3,3,3,3,2,1
"0000001525","SWE_2022","Sweden",1.5282,60,0,3,4,0,1,4,2,4,1,752,0,12,2,2,1,99,99,2,1,2,3,2,2,2,3,9,1,2,2,2,3,2,3,2,1,4,1,752008,0,2,2,1,1,752008,4,7,8,7,8,5,7,4,9,8,9,7,8,3,8,4,8,4,10,8,1,3,8,2,5,6,2,0,9,3,2,2,2,3,9
"0000000033","SWE_2022","Sweden",0.9037,64,1,7,3,1,1,1,1,5,1,752,0,1,4,1,7,3,0,1,1,2,5,5,5,5,5,10,1,1,1,1,2,2,4,2,2,4,1,752001,1,2,2,1,1,752001,3,8,1,7,5,5,2,6,4,9,1,5,3,5,3,5,3,4,10,8,2,5,9,5,8,4,1,1,2,2,2,3,3,3,1
"0000001157","SWE_2022","Sweden",1.0931,60,1,4,1,1,1,4,2,5,2,752,0,12,3,3,0,0,7,3,1,3,1,3,2,2,3,8,3,3,3,2,3,3,3,4,2,4,1,752003,0,1,2,2,1,752003,3,2,9,10,6,2,7,0,6,5,9,8,5,2,6,0,7,2,8,10,0,3,5,0,6,8,2,1,3,4,1,5,3,4,1
"0000002301","SWE_2022","Sweden",1.1092,79,0,2,1,9,7,2,2,1,1,752,0,20,1,3,5,0,0,3,3,3,3,2,5,5,3,9,2,3,3,2,3,2,4,2,2,4,1,752002,0,9,4,1,1,752002,1,7,8,2,7,5,0,0,2,6,5,1,5,3,1,1,0,99,5,99,1,3,8,99,8,3,2,0,9,2,2,3,3,3,1
"0000001191","SWE_2022","Sweden",1.1901,53,1,5,3,0,1,2,2,2,2,752,0,12,2,2,7,7,7,2,1,1,2,3,5,4,2,7,2,2,2,2,2,1,2,2,2,5,1,752003,0,2,2,2,1,752001,4,6,3,7,5,5,5,4,5,5,4,6,5,5,5,3,5,3,9,8,2,4,6,4,7,5,2,0,9,3,3,4,3,3,1
"0000002503","SWE_2022","Sweden",0.5283,73,0,9,1,0,7,1,9,3,1,900,9,1,3,2,5,2,2,2,2,3,4,2,2,2,3,6,3,3,2,3,3,3,3,3,4,4,1,752003,0,2,4,2,1,752003,4,1,5,8,0,1,5,0,5,2,6,8,0,0,6,0,4,2,9,8,0,2,7,0,5,7,4,0,9,2,2,3,3,3,0
"0000000843","SWE_2022","Sweden",0.7658,47,1,8,1,1,1,1,2,5,2,752,0,18,2,3,0,7,6,2,1,1,5,5,5,5,5,7,2,2,1,1,2,2,3,2,2,5,1,752008,0,2,1,1,1,752006,5,4,8,9,1,1,8,1,9,3,4,9,3,1,6,1,9,6,10,9,0,6,8,4,7,7,1,1,2,2,2,3,2,2,1
"0000002485","SWE_2022","Sweden",0.821,78,0,5,2,0,7,1,2,2,3,752,0,8,2,2,7,4,2,2,1,1,3,2,2,2,4,8,2,2,2,1,3,3,3,3,3,3,1,752002,0,1,2,1,1,752002,4,3,9,8,1,4,7,0,3,6,10,8,1,2,7,0,6,2,10,9,1,3,8,0,7,8,2,0,3,2,2,3,2,3,1
"0000002375","SWE_2022","Sweden",2.2763,18,0,3,4,0,6,9,9,5,6,752,1,1,2,3,3,4,7,4,3,1,2,2,3,2,1,0,3,3,3,3,3,3,3,2,3,4,99,999999,999999,9,5,3,99,999999,1,5,5,5,0,99,5,0,0,5,5,5,5,5,5,0,0,5,5,5,5,5,5,5,5,5,4,0,9,2,2,3,3,3,1
"0000002384","SWE_2022","Sweden",0.91,47,0,6,4,1,6,2,2,2,1,752,0,21,2,3,3,7,7,2,1,1,5,5,5,5,5,8,2,2,2,2,2,2,3,3,3,4,1,752003,0,2,2,1,1,752003,4,5,0,8,2,5,5,0,5,6,4,5,6,5,2,0,5,5,7,8,0,3,7,0,5,6,2,0,9,2,3,3,3,3,1
"0000001695","SWE_2022","Sweden",1.1984,55,0,4,3,1,1,2,1,2,1,901,9,18,3,1,2,0,0,3,2,4,3,4,5,5,4,9,1,3,3,4,2,2,3,4,4,5,1,752004,0,1,1,2,1,752001,5,3,0,1,10,4,1,6,1,1,0,0,10,6,0,3,1,9,10,10,2,8,10,3,10,1,2,1,9,4,1,3,3,4,7
"0000001654","SWE_2022","Sweden",1.1008,54,0,6,1,1,1,2,2,5,1,752,0,22,1,2,1,0,0,1,1,3,4,3,5,5,5,10,2,2,2,9,2,2,3,1,1,4,1,752001,1,1,1,1,1,752001,5,10,0,0,6,4,0,4,1,10,0,1,5,5,0,3,1,3,10,10,0,6,10,2,9,2,1,1,2,2,1,2,2,3,1
"0000002377","SWE_2022","Sweden",0.5283,73,0,8,2,0,7,1,1,1,2,752,0,1,3,1,7,99,99,1,1,1,5,5,5,5,5,8,2,2,1,1,3,2,4,2,2,1,1,752001,1,2,1,1,1,752001,5,9,0,0,9,2,0,8,2,9,0,0,8,2,0,5,2,3,10,10,1,9,10,3,7,2,2,1,9,3,4,2,2,3,0
"0000001946","SWE_2022","Sweden",2.2604,24,1,4,4,0,5,9,9,2,2,752,0,18,2,3,1,2,6,2,1,1,5,3,9,9,9,99,9,9,9,9,9,9,9,9,9,3,99,999999,999999,9,9,1,1,752007,4,7,0,0,5,7,5,10,3,10,0,0,5,5,5,8,4,2,99,10,0,6,8,2,6,2,2,1,1,4,3,3,2,2,1
"0000002191","SWE_2022","Sweden",0.6191,68,1,7,1,1,7,1,2,3,2,752,0,12,1,2,6,5,7,1,1,2,5,5,5,4,2,8,2,3,2,2,2,9,3,2,2,5,1,752007,0,1,2,3,1,752004,5,7,0,1,9,2,0,9,1,9,0,0,9,4,0,9,1,3,10,10,1,6,10,4,8,1,2,1,2,3,2,3,4,4,1
"0000002669","SWE_2022","Sweden",0.7489,66,1,3,1,0,7,1,2,3,1,752,0,17,1,3,6,1,0,2,1,3,3,4,5,5,1,10,2,2,4,2,2,2,3,3,4,4,1,999999,999999,9,2,1,1,999999,4,99,99,99,99,99,99,99,99,99,99,99,99,99,99,99,99,99,99,99,99,99,99,99,99,99,2,9,9,3,3,3,3,3,1
"0000001849","SWE_2022","Sweden",0.6191,78,1,5,2,1,7,2,1,1,2,752,0,4,2,3,7,0,0,1,1,1,5,3,5,5,1,8,1,2,2,2,3,2,3,1,1,4,1,752001,1,1,2,1,1,999992,4,8,6,7,6,8,6,6,6,8,6,7,6,8,6,6,6,0,99,10,0,7,8,0,7,99,2,0,2,2,2,2,2,2,0
"0000001594","SWE_2022","Sweden",1.6791,33,0,4,4,0,5,2,2,3,1,752,0,17,1,3,3,0,2,3,2,2,2,1,5,1,1,4,2,1,3,1,3,3,4,2,2,3,1,752003,0,2,2,1,1,752002,5,8,9,10,7,5,5,5,7,8,9,10,6,4,5,7,5,0,10,10,0,10,10,0,10,8,2,1,2,4,4,2,2,4,1
"0000000094","SWE_2022","Sweden",1.073,28,1,7,4,1,1,1,2,2,1,752,0,3,2,1,1,7,7,1,1,1,5,5,5,3,4,9,1,2,1,2,2,1,3,2,2,5,1,752001,1,2,1,1,1,752004,3,9,0,0,10,4,0,7,2,9,2,2,7,4,0,3,5,2,6,9,0,5,9,1,5,2,1,1,2,4,2,2,3,3,1
"0000001576","SWE_2022","Sweden",1.1008,56,0,99,1,1,1,4,2,4,9,752,0,14,3,2,5,6,1,1,2,2,2,3,2,3,5,10,3,3,4,2,2,2,2,3,3,3,1,752003,0,2,1,2,1,752006,5,3,8,9,1,3,9,1,5,3,8,8,2,0,8,1,7,4,10,9,1,4,9,1,6,8,2,1,1,2,3,4,2,2,1
"0000001875","SWE_2022","Sweden",0.5247,80,1,7,2,0,7,1,2,2,2,752,0,6,2,2,7,0,0,2,1,1,5,5,5,5,4,8,2,2,1,1,2,2,4,2,2,5,1,752008,0,2,2,1,1,752003,4,7,5,9,0,2,8,0,9,8,7,7,0,2,7,0,7,4,10,10,0,5,8,3,7,6,2,0,2,2,3,4,3,4,7
"0000000893","SWE_2022","Sweden",1.073,35,1,8,4,1,1,1,2,5,2,752,0,14,4,2,7,7,7,2,1,1,4,4,4,2,5,10,2,2,1,1,2,1,3,2,1,4,1,752001,1,1,1,1,1,752008,5,9,0,4,3,8,2,6,7,10,0,5,5,8,0,6,4,5,10,8,2,6,9,3,7,5,2,0,2,2,1,4,3,1,1
"0000001975","SWE_2022","Sweden",0.821,76,0,6,1,1,7,1,1,2,1,752,0,14,9,2,7,0,0,2,1,1,3,3,5,4,2,8,2,2,1,2,2,2,2,2,2,3,1,752008,0,2,2,2,1,752008,3,8,4,6,7,6,6,7,7,8,5,5,6,6,6,5,6,4,8,7,2,4,7,3,6,5,2,0,3,2,2,3,3,3,0
"0000000765","SWE_2022","Sweden",1.1008,61,0,3,4,0,1,1,2,3,1,752,9,3,1,2,2,5,0,1,1,1,2,5,5,5,5,1,4,4,4,3,4,4,4,4,2,5,1,752002,0,2,4,4,1,752002,2,2,7,1,0,0,5,0,1,1,7,1,2,0,6,0,0,1,4,10,0,0,7,0,2,3,4,0,3,4,4,3,3,3,1
"0000000277","SWE_2022","Sweden",0.91,60,0,7,1,9,1,2,1,9,9,752,0,24,2,2,7,4,5,3,3,3,4,4,5,5,2,8,2,2,2,3,2,2,3,2,2,3,1,999999,999999,9,2,1,1,999999,5,99,99,99,99,99,99,99,99,99,99,99,99,99,99,99,99,4,8,9,3,6,8,3,8,99,2,1,2,3,3,3,3,3,1
"0000001938","SWE_2022","Sweden",0.5247,68,1,7,1,1,7,1,1,3,3,752,0,12,2,1,4,7,7,1,1,3,4,2,5,5,5,7,2,2,2,2,3,2,3,2,2,4,1,752001,1,1,4,2,1,752001,5,10,0,1,1,5,1,8,0,10,0,1,1,8,1,9,1,99,9,99,0,5,3,7,8,2,2,1,2,4,2,3,3,3,0
"0000001947","SWE_2022","Sweden",1.1014,84,1,2,4,0,7,1,1,2,1,900,1,22,2,3,0,0,0,3,1,2,2,3,9,9,9,99,9,9,9,9,9,9,9,9,9,4,99,999999,999999,9,9,3,1,752002,3,6,8,6,5,6,5,6,5,6,8,6,5,6,5,6,5,5,8,9,3,5,6,6,6,5,2,0,3,2,2,2,3,2,1
"0000002644","SWE_2022","Sweden",1.1014,100,1,2,2,0,7,9,9,1,1,752,9,14,1,3,0,0,0,3,1,1,1,2,3,3,3,5,3,3,3,2,3,4,4,4,3,4,1,752003,0,2,4,3,1,752003,5,0,10,10,0,0,10,0,8,0,10,10,0,0,10,0,10,0,10,10,0,3,9,0,8,10,4,1,1,2,3,3,3,9,1
"0000001580","SWE_2022","Sweden",1.1008,63,0,4,1,1,1,2,2,9,1,752,0,6,2,3,4,0,7,2,1,3,3,3,5,5,5,8,2,2,3,2,3,3,3,2,2,4,1,752001,1,1,1,2,1,752001,5,9,1,3,3,3,3,7,3,9,2,5,5,9,5,6,5,1,8,8,1,8,6,3,8,1,2,1,1,2,1,3,3,3,1
"0000000527","SWE_2022","Sweden",0.7712,63,0,4,1,1,1,1,2,4,1,752,0,10,2,1,5,6,6,1,1,1,5,5,5,4,5,9,1,1,2,2,2,2,3,3,2,5,1,752008,0,1,1,1,1,752008,4,5,2,7,1,1,7,0,9,5,5,7,5,2,7,1,9,4,6,10,0,5,10,4,7,7,1,1,2,1,1,2,3,3,0
"0000000859","SWE_2022","Sweden",1.275,36,0,7,1,0,1,1,2,5,1,752,0,1,3,1,0,7,7,1,1,1,3,3,3,2,4,8,2,2,2,2,3,3,3,3,3,2,1,752003,0,2,2,1,1,752003,4,4,4,6,0,3,3,0,4,3,6,6,3,3,2,1,5,6,9,8,2,7,9,0,7,8,2,0,2,2,2,2,3,2,1
"0000000491","SWE_2022","Sweden",1.073,31,1,7,4,0,1,1,2,4,1,752,0,20,2,3,0,1,7,3,1,1,2,3,3,3,3,10,3,3,3,1,3,3,3,3,2,5,1,752001,1,2,2,1,1,752001,4,7,5,5,5,5,5,8,5,4,6,5,5,6,5,4,5,0,10,10,0,5,10,0,10,5,2,0,3,3,2,4,3,3,1
"0000000691","SWE_2022","Sweden",0.7658,51,1,8,3,1,1,1,2,5,1,901,1,1,3,9,99,1,7,1,1,1,4,5,5,2,3,7,3,3,3,2,3,3,3,3,3,4,1,999999,999999,9,4,3,1,999999,3,2,7,9,0,0,8,0,8,99,9,9,0,0,8,0,8,2,10,9,0,4,9,0,5,8,4,0,2,3,3,3,3,3,1
"0000002711","SWE_2022","Sweden",1.7851,19,0,4,4,0,5,9,1,4,1,752,0,24,2,1,1,7,7,1,1,1,5,2,5,5,2,9,2,2,1,2,2,3,3,4,3,4,1,752002,0,1,2,2,99,999999,5,2,10,5,1,99,7,0,4,2,10,6,2,0,8,0,4,1,7,8,0,4,9,2,6,7,2,1,2,3,2,3,3,3,1
"0000002591","SWE_2022","Sweden",0.7541,74,0,3,1,0,7,2,2,1,1,752,0,24,2,2,7,7,0,2,1,2,2,4,5,5,5,9,2,2,2,3,3,3,4,2,2,3,1,752001,1,1,1,1,1,752001,4,10,0,0,6,5,0,7,1,10,0,0,5,6,0,6,0,1,10,10,1,5,10,2,8,1,2,1,2,2,2,4,2,1,1
"0000000932","SWE_2022","Sweden",1.073,33,1,99,4,9,99,9,9,9,9,752,0,17,9,2,6,5,7,9,9,9,9,9,9,9,9,99,9,9,9,9,9,9,9,9,9,9,99,999999,999999,9,9,9,99,999999,9,99,99,99,99,99,99,99,99,99,99,99,99,99,99,99,99,99,99,99,99,99,99,99,99,99,9,9,9,9,9,9,9,9,9
"0000002638","SWE_2022","Sweden",0.5283,82,0,8,1,0,3,9,2,5,1,752,0,1,4,2,7,7,0,1,1,1,5,4,5,4,4,10,2,2,1,3,2,2,3,2,2,4,1,752008,0,2,2,1,1,752003,4,5,5,8,1,6,6,1,8,7,4,5,5,7,6,3,7,2,7,8,1,5,9,1,7,8,2,1,2,2,3,3,3,3,1
"0000002089","SWE_2022","Sweden",1.5423,35,0,4,4,0,5,9,1,1,1,752,0,23,3,4,0,0,0,3,5,5,3,3,3,2,1,6,4,4,4,2,4,2,3,4,2,5,0,999999,999999,9,1,3,0,999999,1,0,0,0,0,0,0,0,0,0,0,0,0,0,0,0,0,6,10,9,5,5,10,99,8,0,5,0,9,2,4,3,3,3,1
"0000000806","SWE_2022","Sweden",0.7841,49,1,9,4,9,1,1,2,3,2,752,9,1,4,1,7,5,7,2,1,4,4,2,4,4,2,6,3,3,4,2,3,2,2,2,3,4,1,999999,999999,9,2,1,1,999999,4,5,5,6,3,2,6,3,5,5,5,6,1,2,5,5,5,3,4,6,1,3,5,2,5,7,4,1,9,3,1,4,3,4,1
"0000001670","SWE_2022","Sweden",0.7541,66,0,3,1,1,1,2,2,4,1,752,0,13,2,2,7,0,0,1,1,1,5,5,5,5,5,10,2,2,1,2,2,1,4,2,1,3,1,752004,0,1,1,1,1,752004,5,9,0,1,10,5,1,8,2,10,0,1,9,8,0,7,1,2,10,9,0,6,9,4,8,1,1,1,2,2,2,4,3,3,1
"0000000645","SWE_2022","Sweden",0.7712,41,0,8,1,1,1,4,2,5,1,752,0,14,3,2,1,7,7,2,1,1,5,3,5,4,5,9,2,3,1,2,3,2,3,3,2,4,1,752008,0,1,1,1,1,752005,5,3,0,6,0,8,6,2,9,6,3,7,5,8,5,2,8,3,5,9,0,6,9,2,6,6,1,0,2,1,1,4,3,3,1
"0000001114","SWE_2022","Sweden",1.1008,64,0,2,1,1,10,2,2,3,4,900,9,1,1,3,5,4,5,3,4,3,4,3,2,9,9,5,2,9,9,9,9,9,9,3,3,2,1,752001,1,4,4,2,1,752001,3,10,99,99,99,99,99,99,99,9,99,99,99,99,99,99,99,9,99,99,99,99,99,99,99,9,4,0,9,1,1,4,9,9,1
"0000001192","SWE_2022","Sweden",1.7726,23,1,99,4,9,99,9,9,9,9,900,1,14,9,3,2,7,7,2,9,9,9,9,9,9,9,99,9,9,9,9,9,9,9,9,9,9,99,999999,999999,9,9,9,99,999999,9,99,99,99,99,99,99,99,99,99,99,99,99,99,99,99,99,99,99,99,99,99,99,99,99,99,9,9,9,9,9,9,9,9,9
"0000000716","SWE_2022","Sweden",0.5283,67,0,7,1,1,1,1,1,4,1,752,0,14,4,2,0,0,0,1,1,1,5,3,5,4,3,8,2,2,2,2,3,2,4,2,2,5,1,752004,0,2,2,2,1,752001,5,8,0,2,8,6,0,8,3,8,0,2,8,6,0,8,2,5,10,8,2,6,10,3,7,2,2,1,2,3,2,2,2,3,1
"0000002227","SWE_2022","Sweden",0.6191,83,1,6,1,0,7,9,1,2,2,752,0,19,2,1,6,3,2,2,1,2,2,5,9,9,2,9,2,1,2,2,2,2,3,1,2,3,1,999999,999999,9,2,1,1,752001,5,10,0,3,9,5,1,6,2,10,0,1,8,7,0,8,2,0,7,10,0,4,9,2,7,1,1,1,1,2,2,2,1,3,0
"0000000946","SWE_2022","Sweden",0.5283,71,0,3,1,1,7,1,1,2,2,752,0,14,1,9,6,6,0,2,1,1,5,2,5,5,5,8,1,1,1,1,2,2,3,2,2,2,1,752001,1,2,1,1,1,752001,4,9,0,2,99,6,1,1,5,9,0,1,9,8,1,1,2,1,10,9,0,6,9,1,7,0,2,1,1,3,2,2,3,3,0
"0000000261","SWE_2022","Sweden",0.7712,55,0,8,1,1,2,2,1,4,2,752,0,18,2,1,7,5,0,1,1,1,5,5,5,5,4,10,1,1,1,1,1,1,4,2,2,3,1,752001,1,1,2,1,1,752004,5,9,2,1,8,1,1,2,2,6,6,4,6,99,4,5,4,3,7,9,0,8,9,4,8,3,1,0,2,3,2,3,3,3,0
"0000000001","SWE_2022","Sweden",0.7712,62,0,8,3,0,1,1,2,5,1,752,0,1,4,1,6,99,99,1,1,1,5,5,5,5,5,9,1,2,2,2,2,2,3,2,2,4,1,999999,999999,9,2,1,1,999999,5,4,7,8,0,5,8,5,7,7,9,7,5,5,9,4,8,3,10,9,0,4,8,2,6,9,2,1,2,2,2,3,2,2,1
"0000001892","SWE_2022","Sweden",0.5247,70,1,7,1,0,7,2,1,2,2,752,0,5,2,2,7,3,0,2,1,3,5,5,5,5,4,9,2,3,2,2,3,2,3,2,2,4,1,752001,1,2,2,1,1,752005,5,10,0,0,9,10,2,9,2,10,0,0,9,10,2,9,2,1,7,10,0,3,8,2,8,2,2,1,9,3,2,4,3,5,1
"0000002736","SWE_2022","Sweden",0.7489,76,1,4,1,0,7,1,1,2,1,752,0,12,1,2,7,0,0,2,1,1,3,3,5,5,5,7,3,3,3,3,3,4,4,3,2,5,1,999999,999999,9,2,2,1,999999,3,8,5,5,4,8,0,5,8,6,6,4,3,6,0,5,6,4,7,7,0,5,10,2,5,99,2,0,9,3,3,2,3,3,0
"0000000482","SWE_2022","Sweden",0.7658,57,1,7,4,1,1,1,1,2,3,752,0,8,1,1,7,99,7,2,1,1,5,5,5,3,3,9,1,1,2,1,2,2,3,2,2,2,1,752007,0,1,2,1,1,752007,5,9,0,1,9,8,0,10,5,10,0,0,10,10,0,10,5,2,9,9,0,5,10,1,5,1,1,1,1,3,3,2,2,3,0
"0000002572","SWE_2022","Sweden",0.7712,63,0,6,1,0,7,1,1,2,2,752,0,6,1,1,5,6,4,2,1,9,9,9,4,4,4,7,2,2,1,1,2,2,3,1,1,3,1,752001,1,2,2,1,1,752001,5,9,1,4,5,8,2,7,7,99,99,99,99,99,99,99,99,3,5,8,4,6,8,5,6,4,4,0,3,2,2,4,2,3,1
"0000000492","SWE_2022","Sweden",0.91,53,0,7,1,0,1,1,1,5,1,752,0,13,3,2,4,7,0,1,1,1,4,2,9,9,9,8,3,2,2,2,3,2,9,3,3,3,1,752003,0,2,2,1,1,752003,4,5,5,9,1,3,7,0,7,3,7,6,1,1,7,0,5,3,5,7,1,2,6,0,5,7,2,0,9,2,2,2,3,2,1
"0000000930","SWE_2022","Sweden",0.7658,41,1,7,1,1,1,1,1,3,1,752,0,24,2,3,2,7,7,4,1,2,4,5,4,2,2,9,1,1,1,1,2,1,3,2,2,5,1,752001,1,1,1,2,1,752001,5,10,0,2,6,99,5,0,5,10,0,2,2,8,9,0,2,3,10,8,0,7,6,0,6,2,2,1,2,4,3,1,3,2,1
"0000002173","SWE_2022","Sweden",1.3555,23,0,8,4,0,6,9,9,1,4,901,1,14,4,2,3,0,7,1,2,3,5,3,5,2,5,9,2,2,3,1,2,2,2,2,1,4,1,752001,1,4,4,2,1,752001,5,9,6,8,1,7,7,3,6,10,8,9,3,6,4,3,8,2,10,8,0,3,7,5,6,3,4,1,2,1,2,5,3,4,1
"0000000315","SWE_2022","Sweden",0.5283,65,0,8,1,0,7,2,1,3,1,901,9,1,3,2,7,1,3,1,1,2,3,2,5,5,3,9,2,2,2,2,3,2,3,2,2,3,1,752001,1,4,4,1,1,752001,4,8,0,3,4,7,1,8,4,8,0,2,4,8,1,5,4,4,9,8,5,5,9,4,7,3,2,1,2,2,1,3,3,3,0
"0000000075","SWE_2022","Sweden",0.91,56,0,7,1,1,1,1,2,5,1,752,0,1,4,1,3,4,7,1,1,1,5,5,5,5,4,8,1,1,1,2,2,1,3,2,2,4,1,999999,999999,9,4,1,1,999999,4,6,1,9,1,6,6,0,9,9,2,7,2,6,6,1,8,4,10,7,0,5,8,2,7,8,2,0,2,3,3,3,3,3,1
"0000000636","SWE_2022","Sweden",1.1008,61,0,6,1,1,1,1,1,5,1,752,0,1,3,2,7,0,2,1,1,1,3,3,5,5,3,8,2,2,2,2,3,3,4,2,1,3,1,752001,1,1,2,1,1,752001,5,8,0,3,3,7,0,2,3,9,0,3,2,3,0,5,3,3,10,8,0,4,9,1,5,4,2,0,2,2,3,4,3,2,1
"0000000092","SWE_2022","Sweden",1.1901,54,1,3,1,1,1,1,1,1,2,752,0,9,1,3,3,3,4,2,2,3,3,4,5,4,3,99,2,2,3,2,3,3,3,9,2,2,1,752006,0,1,2,3,1,752003,5,99,99,99,99,99,99,99,99,3,9,9,0,2,10,0,3,3,8,8,1,99,8,1,5,7,2,1,2,3,3,2,2,3,1
"0000001546","SWE_2022","Sweden",1.6791,32,0,4,4,0,1,2,2,4,1,752,0,4,2,2,2,7,7,2,1,2,2,4,1,3,2,8,3,3,3,3,3,4,3,4,4,5,1,999999,999999,9,2,4,1,999999,4,0,10,10,0,0,10,0,6,0,10,10,0,0,10,0,7,1,10,9,0,0,9,0,6,10,4,0,1,2,3,3,4,3,1
"0000001660","SWE_2022","Sweden",1.6791,37,0,4,4,0,1,2,2,2,1,752,0,10,1,2,99,0,0,2,1,3,1,2,4,5,4,6,2,2,3,2,3,2,3,3,3,5,1,752002,0,1,2,1,1,999999,4,5,7,7,2,3,4,2,5,7,9,9,1,1,4,1,5,3,7,8,0,3,6,4,5,99,4,0,3,2,2,3,4,3,1
"0000002635","SWE_2022","Sweden",0.7489,74,1,5,2,1,7,2,1,1,2,752,0,1,1,9,0,0,7,2,1,2,2,3,9,9,2,6,2,2,3,1,2,2,3,2,2,3,99,999999,999999,9,4,9,1,752001,3,8,0,99,99,99,0,99,99,8,4,6,6,7,6,8,6,3,5,8,3,3,5,3,99,5,2,1,2,3,2,3,3,3,0
"0000001677","SWE_2022","Sweden",0.91,42,0,8,4,1,6,3,2,9,6,901,9,24,2,4,1,1,3,2,9,9,1,9,9,1,9,9,2,2,3,2,3,3,4,1,1,3,1,752001,1,1,1,1,0,999999,4,9,2,6,8,8,6,6,6,99,4,6,8,7,7,6,8,10,0,3,8,7,4,4,5,99,2,1,2,1,1,4,1,5,1
"0000000914","SWE_2022","Sweden",1.2661,39,1,7,1,0,2,4,2,5,1,752,0,6,1,3,1,0,7,1,1,2,5,5,3,3,4,10,1,1,2,1,2,2,3,1,1,4,1,752001,1,1,1,1,1,999999,3,9,0,6,2,9,2,3,6,9,1,5,2,9,1,5,3,3,8,9,0,5,8,3,6,5,1,0,9,2,2,5,3,3,0
"0000000312","SWE_2022","Sweden",0.7658,62,1,7,1,1,1,9,1,4,2,752,0,6,1,3,7,2,99,1,1,3,5,5,5,5,5,6,2,2,2,2,3,2,4,2,2,5,1,999999,999999,9,1,3,1,999999,4,99,99,99,99,99,99,99,99,99,99,99,99,99,99,99,99,5,7,8,2,5,7,6,6,99,2,0,9,3,3,2,3,3,1
"0000000310","SWE_2022","Sweden",1.073,32,1,7,1,1,5,1,1,5,2,752,0,14,2,2,7,5,7,2,1,3,4,3,5,5,5,10,2,2,2,1,2,2,2,2,2,4,1,752001,1,1,2,2,1,752001,5,10,0,4,1,10,0,7,5,10,0,1,1,10,0,6,5,4,10,8,2,5,10,3,5,5,2,1,2,3,2,2,2,1,1
"0000000539","SWE_2022","Sweden",0.7658,51,1,8,3,1,1,1,2,5,1,752,1,1,3,9,99,99,99,9,9,9,9,9,2,2,4,9,1,2,1,1,2,2,3,3,3,5,1,752008,0,4,2,1,1,752003,4,2,0,9,0,3,7,3,10,9,0,8,7,7,4,5,10,3,10,8,0,4,9,2,6,7,2,1,1,2,2,2,2,3,0
"0000001137","SWE_2022","Sweden",1.1008,60,0,3,3,1,1,2,2,2,1,752,0,12,2,2,6,7,3,2,1,3,5,3,5,2,1,9,1,1,1,1,2,1,2,2,1,3,1,752001,1,2,1,1,1,752001,5,10,5,5,8,8,5,9,5,10,5,5,8,8,5,9,5,1,10,10,0,5,9,3,8,1,1,1,1,2,2,2,1,2,0
